city,station_id,date,mean_ugm3,n_hours,parameter,valid_day,value_ugm3,reference_station,year,temperature_2m_mean,relative_humidity_2m_mean,wind_speed_10m_mean,precipitation_sum,sin_doy,cos_doy,sin_week,cos_week,season,split
Atyrau,32,2022-01-01,80.01636805555555,24,pm2_5,True,80.01636805555555,True,2022,-1.2,96,3.7,0.0,0.017201575418260506,0.9998520419557735,-0.9749279121818236,-0.2225209339563146,Зима,train
Atyrau,32,2022-01-02,87.06934027777775,24,pm2_5,True,87.06934027777775,True,2022,-1.6,94,4.91,1.5,0.03439806061360801,0.9994082116062598,-0.7818314824680299,0.6234898018587334,Зима,train
Atyrau,32,2022-01-03,88.5395208333333,24,pm2_5,True,88.5395208333333,True,2022,-2.7,82,6.79,0.6,0.051584366869408364,0.9986686402879997,0.0,1.0,Зима,train
Atyrau,32,2022-01-04,75.43692028985504,23,pm2_5,True,75.43692028985504,True,2022,-2.9,86,6.74,3.8,0.06875540848113941,0.9976335468520451,0.7818314824680298,0.6234898018587336,Зима,train
Atyrau,32,2022-01-05,87.71497499999997,20,pm2_5,True,87.71497499999997,True,2022,-0.7,89,7.08,0.9,0.08590610426133272,0.9963032375991965,0.9749279121818236,-0.22252093395631434,Зима,train
Atyrau,32,2022-01-12,80.22448611111109,24,pm2_5,True,80.22448611111109,True,2022,-1.4,90,2.73,0.0,0.20496611396949532,0.9787690698649216,0.9749279121818236,-0.22252093395631434,Зима,train
Atyrau,32,2022-01-13,63.88089583333331,24,pm2_5,True,63.88089583333331,True,2022,-4.0,88,5.54,0.0,0.22177215755648186,0.975098513039961,0.43388373911755823,-0.900968867902419,Зима,train
Atyrau,32,2022-01-14,61.26811111111109,24,pm2_5,True,61.26811111111109,True,2022,-6.1,85,7.35,4.8,0.23851257519407648,0.9711394088771653,-0.433883739117558,-0.9009688679024191,Зима,train
Atyrau,32,2022-01-15,69.64344444444443,21,pm2_5,True,69.64344444444443,True,2022,0.9,87,11.19,2.5,0.2551824131233728,0.9668929289391521,-0.9749279121818236,-0.2225209339563146,Зима,train
Atyrau,32,2022-01-16,70.82370833333333,24,pm2_5,True,70.82370833333333,True,2022,-1.4,84,7.7,0.6,0.2717767384711357,0.9623603298276545,-0.7818314824680299,0.6234898018587334,Зима,train
Atyrau,32,2022-01-17,67.21063888888888,24,pm2_5,True,67.21063888888888,True,2022,-3.0,84,5.24,0.1,0.2882906407095177,0.9575429528116719,0.0,1.0,Зима,train
Atyrau,32,2022-01-18,76.35722463768114,23,pm2_5,True,76.35722463768114,True,2022,-3.4,89,5.75,0.0,0.3047192331091634,0.9524422234305676,0.7818314824680298,0.6234898018587336,Зима,train
Atyrau,32,2022-01-19,74.12068749999997,24,pm2_5,True,74.12068749999997,True,2022,-4.3,84,7.63,0.0,0.321057654185271,0.9470596510722283,0.9749279121818236,-0.22252093395631434,Зима,train
Atyrau,32,2022-01-20,58.049231481481456,18,pm2_5,True,58.049231481481456,True,2022,-4.0,90,4.43,1.5,0.3373010691361842,0.9413968285264122,0.43388373911755823,-0.900968867902419,Зима,train
Atyrau,32,2022-01-21,60.81605555555554,24,pm2_5,True,60.81605555555554,True,2022,-4.8,87,2.88,0.0,0.3534446712740877,0.9354554315134164,-0.433883739117558,-0.9009688679024191,Зима,train
Atyrau,32,2022-01-22,76.23218840579709,23,pm2_5,True,76.23218840579709,True,2022,-5.5,88,4.48,0.0,0.3694836834473831,0.9292372181882051,-0.9749279121818236,-0.2225209339563146,Зима,train
Atyrau,32,2022-01-23,78.9987847222222,24,pm2_5,True,78.9987847222222,True,2022,-7.5,80,7.75,0.0,0.38541335945432564,0.9227440286201427,-0.7818314824680299,0.6234898018587334,Зима,train
Atyrau,32,2022-01-24,83.24402777777775,24,pm2_5,True,83.24402777777775,True,2022,-6.8,82,9.23,0.0,0.4012289854475009,0.9159777842484877,0.0,1.0,Зима,train
Atyrau,32,2022-01-25,63.76247222222221,24,pm2_5,True,63.76247222222221,True,2022,-6.3,84,7.33,0.0,0.4169258813287287,0.908940487313808,0.7818314824680298,0.6234898018587336,Зима,train
Atyrau,32,2022-01-26,90.5976597222222,24,pm2_5,True,90.5976597222222,True,2022,-3.1,92,2.98,1.4,0.4324994021339788,0.901634220265486,0.9749279121818236,-0.22252093395631434,Зима,train
Atyrau,32,2022-01-27,85.67270138888887,24,pm2_5,True,85.67270138888887,True,2022,-3.8,86,5.25,0.0,0.44794493940789115,0.8940611451454876,0.43388373911755823,-0.900968867902419,Зима,train
Atyrau,32,2022-01-28,78.93062499999998,24,pm2_5,True,78.93062499999998,True,2022,-4.6,87,4.26,0.3,0.4632579225674917,0.88622350294858,-0.433883739117558,-0.9009688679024191,Зима,train
Atyrau,32,2022-01-29,69.53506944444443,24,pm2_5,True,69.53506944444443,True,2022,-5.8,85,5.83,0.2,0.4784338202547012,0.8781236129591848,-0.9749279121818236,-0.2225209339563146,Зима,train
Atyrau,32,2022-01-30,68.2698611111111,24,pm2_5,True,68.2698611111111,True,2022,-2.3,89,4.93,0.1,0.49346814167723735,0.8697638720650646,-0.7818314824680299,0.6234898018587334,Зима,train
Atyrau,32,2022-01-31,80.1543913043478,23,pm2_5,True,80.1543913043478,True,2022,-2.0,95,3.17,0.1,0.5083564379375122,0.8611467540480452,0.0,1.0,Зима,train
Atyrau,32,2022-02-01,72.43262499999999,24,pm2_5,True,72.43262499999999,True,2022,-0.6,94,3.23,0.0,0.5230943033491326,0.8522748088519838,0.7818314824680298,0.6234898018587336,Зима,train
Atyrau,32,2022-02-02,62.00770138888887,24,pm2_5,True,62.00770138888887,True,2022,-0.3,97,2.43,0.0,0.5376773767406141,0.8431506618282,0.9749279121818236,-0.22252093395631434,Зима,train
Atyrau,32,2022-02-03,67.80763194444444,24,pm2_5,True,67.80763194444444,True,2022,0.6,92,6.22,0.0,0.5521013427459208,0.8337770129585915,0.43388373911755823,-0.900968867902419,Зима,train
Atyrau,32,2022-02-04,58.07828472222221,24,pm2_5,True,58.07828472222221,True,2022,1.4,88,6.56,0.0,0.5663619330814524,0.8241566360566663,-0.433883739117558,-0.9009688679024191,Зима,train
Atyrau,32,2022-02-05,66.14312499999998,24,pm2_5,True,66.14312499999998,True,2022,-0.1,92,6.34,0.7,0.580454927809098,0.8142923779467267,-0.9749279121818236,-0.2225209339563146,Зима,train
Atyrau,32,2022-02-06,64.81819444444443,24,pm2_5,True,64.81819444444443,True,2022,-2.6,79,5.81,0.0,0.5943761565849831,0.804187157621448,-0.7818314824680299,0.6234898018587334,Зима,train
Atyrau,32,2022-02-07,80.62028472222221,24,pm2_5,True,80.62028472222221,True,2022,-2.8,82,2.51,0.0,0.6081214998935418,0.7938439653781019,0.0,1.0,Зима,train
Atyrau,32,2022-02-08,71.78757638888888,24,pm2_5,True,71.78757638888888,True,2022,-1.0,88,1.94,0.0,0.6216868902665479,0.7832658619336791,0.7818314824680298,0.6234898018587336,Зима,train
Atyrau,32,2022-02-09,88.0534722222222,24,pm2_5,True,88.0534722222222,True,2022,-1.7,86,6.35,0.1,0.6350683134867438,0.7724559775191742,0.9749279121818236,-0.22252093395631434,Зима,train
Atyrau,32,2022-02-10,72.35777777777776,24,pm2_5,True,72.35777777777776,True,2022,-0.9,89,5.25,2.5,0.6482618097757122,0.7614175109532997,0.43388373911755823,-0.900968867902419,Зима,train
Atyrau,32,2022-02-11,67.15084027777776,24,pm2_5,True,67.15084027777776,True,2022,0.6,88,5.55,0.1,0.6612634749656386,0.7501537286959042,-0.433883739117558,-0.9009688679024191,Зима,train
Atyrau,32,2022-02-12,77.45672916666663,24,pm2_5,True,77.45672916666663,True,2022,2.0,91,5.68,1.3,0.6740694616546161,0.7386679638813748,-0.9749279121818236,-0.2225209339563146,Зима,train
Atyrau,32,2022-02-13,82.56415277777775,24,pm2_5,True,82.56415277777775,True,2022,1.0,88,7.29,7.4,0.6866759803451553,0.726963615332308,-0.7818314824680299,0.6234898018587334,Зима,train
Atyrau,32,2022-02-14,83.8053611111111,24,pm2_5,True,83.8053611111111,True,2022,-2.1,82,4.62,0.0,0.6990793005655562,0.7150441465537444,0.0,1.0,Зима,train
Atyrau,32,2022-02-15,72.9116111111111,24,pm2_5,True,72.9116111111111,True,2022,-2.4,93,2.85,0.0,0.7112757519738152,0.7029130847082615,0.7818314824680298,0.6234898018587336,Зима,train
Atyrau,32,2022-02-17,75.90593749999998,24,pm2_5,True,75.90593749999998,True,2022,-1.7,86,3.77,0.0,0.7350336741329413,0.6780306024735382,0.43388373911755823,-0.900968867902419,Зима,train
Atyrau,32,2022-02-18,77.70063888888886,24,pm2_5,True,77.70063888888886,True,2022,-0.0,77,6.83,0.0,0.746588114532413,0.6652865452111116,-0.433883739117558,-0.9009688679024191,Зима,train
Atyrau,32,2022-02-19,69.11832638888887,24,pm2_5,True,69.11832638888887,True,2022,-1.1,84,3.99,0.0,0.7579216274973472,0.6523456189565257,-0.9749279121818236,-0.2225209339563146,Зима,train
Atyrau,32,2022-02-21,64.92106944444443,24,pm2_5,True,64.92106944444443,True,2022,3.1,89,2.62,1.8,0.7799125224167177,0.6258885343075018,0.0,1.0,Зима,train
Atyrau,32,2022-02-22,71.97917361111111,24,pm2_5,True,71.97917361111111,True,2022,3.0,89,3.16,0.0,0.7905633969115482,0.612380204990065,0.7818314824680298,0.6234898018587336,Зима,train
Atyrau,32,2022-02-23,67.38299305555553,24,pm2_5,True,67.38299305555553,True,2022,2.3,89,3.62,0.0,0.8009803309782905,0.5986906625177214,0.9749279121818236,-0.22252093395631434,Зима,train
Atyrau,32,2022-02-24,73.44045833333332,24,pm2_5,True,73.44045833333332,True,2022,2.5,91,2.03,0.0,0.8111602420785621,0.5848239578463322,0.43388373911755823,-0.900968867902419,Зима,train
Atyrau,32,2022-02-25,73.22611805555555,24,pm2_5,True,73.22611805555555,True,2022,4.2,81,4.78,0.0,0.8211001178128892,0.5707841943569036,-0.433883739117558,-0.9009688679024191,Зима,train
Atyrau,32,2022-02-26,84.16745138888889,24,pm2_5,True,84.16745138888889,True,2022,7.0,74,9.78,0.1,0.8307970168121247,0.5565755266413303,-0.9749279121818236,-0.2225209339563146,Зима,train
Atyrau,32,2022-02-27,86.03027777777775,24,pm2_5,True,86.03027777777775,True,2022,5.0,83,6.47,1.6,0.8402480696078469,0.5422021592729844,-0.7818314824680299,0.6234898018587334,Зима,train
Atyrau,32,2022-02-28,72.25187499999997,24,pm2_5,True,72.25187499999997,True,2022,4.7,93,2.04,1.1,0.8494504794814806,0.527668345562516,0.0,1.0,Зима,train
Atyrau,32,2022-03-02,70.94788888888887,24,pm2_5,True,70.94788888888887,True,2022,5.0,93,1.74,0.0,0.8670985522812081,0.4981366284784055,0.9749279121818236,-0.22252093395631434,Весна,train
Atyrau,32,2022-03-03,72.60661805555554,24,pm2_5,True,72.60661805555554,True,2022,6.1,81,7.15,0.4,0.8755389928586302,0.4831474640149687,0.43388373911755823,-0.900968867902419,Весна,train
Atyrau,32,2022-03-04,53.68856944444442,24,pm2_5,True,53.68856944444442,True,2022,7.1,84,9.6,6.8,0.8837203473619977,0.4680153284438345,-0.433883739117558,-0.9009688679024191,Весна,train
Atyrau,32,2022-03-05,82.2614861111111,24,pm2_5,True,82.2614861111111,True,2022,2.2,95,11.89,9.2,0.8916401947968874,0.45274469960737107,-0.9749279121818236,-0.2225209339563146,Весна,train
Atyrau,32,2022-03-06,64.41522916666665,24,pm2_5,True,64.41522916666665,True,2022,-0.1,81,10.72,1.7,0.8992961915530253,0.4373400963303323,-0.7818314824680299,0.6234898018587334,Весна,train
Atyrau,32,2022-03-07,83.82002272727271,22,pm2_5,True,83.82002272727271,True,2022,-2.5,75,6.02,0.0,0.9066860720977985,0.4218060770826634,0.0,1.0,Весна,train
Atyrau,32,2022-03-08,81.12734027777778,24,pm2_5,True,81.12734027777778,True,2022,0.9,79,4.58,0.0,0.9138076496466615,0.4061472386305789,0.7818314824680298,0.6234898018587336,Весна,train
Atyrau,32,2022-03-09,59.56073913043477,23,pm2_5,True,59.56073913043477,True,2022,3.6,82,3.8,1.1,0.9206588168102428,0.3903682146763026,0.9749279121818236,-0.22252093395631434,Весна,train
Atyrau,32,2022-03-10,52.117499999999986,24,pm2_5,True,52.117499999999986,True,2022,2.9,92,5.48,8.6,0.9272375462179537,0.374473674486883,0.43388373911755823,-0.900968867902419,Весна,train
Atyrau,32,2022-03-11,65.00962499999997,24,pm2_5,True,65.00962499999997,True,2022,1.4,91,3.65,0.0,0.9335418911179212,0.35846832151248087,-0.433883739117558,-0.9009688679024191,Весна,train
Atyrau,32,2022-03-12,71.19368055555553,24,pm2_5,True,71.19368055555553,True,2022,-1.6,89,4.63,1.2,0.9395699859530622,0.342356891994542,-0.9749279121818236,-0.2225209339563146,Весна,train
Atyrau,32,2022-03-13,66.83281249999999,24,pm2_5,True,66.83281249999999,True,2022,-5.2,81,4.27,1.3,0.945320046913132,0.3261441535642696,-0.7818314824680299,0.6234898018587334,Весна,train
Atyrau,32,2022-03-14,63.14149305555554,24,pm2_5,True,63.14149305555554,True,2022,-4.4,73,3.84,0.0,0.9507903724625832,0.3098349038318025,0.0,1.0,Весна,train
Atyrau,32,2022-03-15,84.53422222222221,24,pm2_5,True,84.53422222222221,True,2022,0.0,76,6.37,0.2,0.9559793438440766,0.2934339689665273,0.7818314824680298,0.6234898018587336,Весна,train
Atyrau,32,2022-03-16,73.39043055555554,24,pm2_5,True,73.39043055555554,True,2022,-1.6,87,3.23,1.0,0.9608854255574977,0.27694620226893646,0.9749279121818236,-0.22252093395631434,Весна,train
Atyrau,32,2022-03-17,62.06693749999999,24,pm2_5,True,62.06693749999999,True,2022,-2.1,88,3.48,1.1,0.9655071658143364,0.2603764827344581,0.43388373911755823,-0.900968867902419,Весна,train
Atyrau,32,2022-03-18,69.53722222222221,24,pm2_5,True,69.53722222222221,True,2022,-4.7,71,4.15,0.0,0.969843196967294,0.24372971360968387,-0.433883739117558,-0.9009688679024191,Весна,train
Atyrau,32,2022-03-19,70.45589583333333,24,pm2_5,True,70.45589583333333,True,2022,-5.2,57,4.57,0.0,0.9738922359149924,0.22701082094141847,-0.9749279121818236,-0.2225209339563146,Весна,train
Atyrau,32,2022-03-20,48.24576388888888,24,pm2_5,True,48.24576388888888,True,2022,-4.8,66,3.58,0.0,0.9776530844816641,0.2102247521189836,-0.7818314824680299,0.6234898018587334,Весна,train
Atyrau,32,2022-03-21,59.825791666666646,24,pm2_5,True,59.825791666666646,True,2022,1.2,71,7.84,0.0,0.981124629771712,0.19337647441020586,0.0,1.0,Весна,train
Atyrau,32,2022-03-22,72.19220833333333,24,pm2_5,True,72.19220833333333,True,2022,1.6,75,6.91,1.2,0.984305844499033,0.17647097349152166,0.7818314824680298,0.6234898018587336,Весна,train
Atyrau,32,2022-03-23,64.67013888888887,24,pm2_5,True,64.67013888888887,True,2022,0.3,75,3.78,0.0,0.9871957872910085,0.15951325197263655,0.9749279121818236,-0.22252093395631434,Весна,train
Atyrau,32,2022-03-24,66.0476111111111,24,pm2_5,True,66.0476111111111,True,2022,2.5,71,3.71,0.0,0.9897936029670716,0.14250832791617088,0.43388373911755823,-0.900968867902419,Весна,train
Atyrau,32,2022-03-25,63.92844444444444,24,pm2_5,True,63.92844444444444,True,2022,3.9,72,5.01,0.6,0.992098522791769,0.12546123335273648,-0.433883739117558,-0.9009688679024191,Весна,train
Atyrau,32,2022-03-26,79.69263194444443,24,pm2_5,True,79.69263194444443,True,2022,3.8,78,4.11,0.3,0.9941098647022418,0.10837701279187609,-0.9749279121818236,-0.2225209339563146,Весна,train
Atyrau,32,2022-03-27,57.515236111111086,24,pm2_5,True,57.515236111111086,True,2022,5.3,82,8.2,0.0,0.9958270335100595,0.09126072172931188,-0.7818314824680299,0.6234898018587334,Весна,train
Atyrau,32,2022-03-28,69.20304166666666,24,pm2_5,True,69.20304166666666,True,2022,2.8,75,10.12,1.9,0.9972495210773451,0.07411742515094437,0.0,1.0,Весна,train
Atyrau,32,2022-03-30,79.41918055555554,24,pm2_5,True,79.41918055555554,True,2022,6.9,82,6.6,0.0,0.9992088560679753,0.03977011384605572,0.9749279121818236,-0.22252093395631434,Весна,train
Atyrau,32,2022-03-31,80.19181249999998,24,pm2_5,True,80.19181249999998,True,2022,9.5,73,2.28,0.0,0.9997451236925734,0.022576263041545485,0.43388373911755823,-0.900968867902419,Весна,train
Atyrau,32,2022-04-01,58.37181884057969,23,pm2_5,True,58.37181884057969,True,2022,10.7,71,2.38,0.0,0.9999855506507186,0.005375731557583884,-0.433883739117558,-0.9009688679024191,Весна,train
Atyrau,32,2022-04-02,71.30968749999998,24,pm2_5,True,71.30968749999998,True,2022,12.5,66,5.53,0.0,0.9999300657962057,-0.011826390691832589,-0.9749279121818236,-0.2225209339563146,Весна,train
Atyrau,32,2022-04-03,67.82665277777777,24,pm2_5,True,67.82665277777777,True,2022,14.1,61,4.03,0.0,0.9995786855478958,-0.029025013321975237,-0.7818314824680299,0.6234898018587334,Весна,train
Atyrau,32,2022-04-04,83.76743749999999,24,pm2_5,True,83.76743749999999,True,2022,12.6,72,6.12,0.2,0.9989315138848577,-0.046215046983708354,0.0,1.0,Весна,train
Atyrau,32,2022-04-05,60.85947916666665,24,pm2_5,True,60.85947916666665,True,2022,8.7,66,5.17,2.2,0.9979887423155984,-0.06339140486951038,0.7818314824680298,0.6234898018587336,Весна,train
Atyrau,32,2022-04-06,60.12289393939393,22,pm2_5,True,60.12289393939393,True,2022,10.7,71,5.45,1.2,0.9967506498213929,-0.08054900421874167,0.9749279121818236,-0.22252093395631434,Весна,train
Atyrau,32,2022-04-07,57.40679710144927,23,pm2_5,True,57.40679710144927,True,2022,12.0,61,5.0,0.0,0.9952176027737294,-0.09768276782171598,0.43388373911755823,-0.900968867902419,Весна,train
Atyrau,32,2022-04-08,68.18349305555553,24,pm2_5,True,68.18349305555553,True,2022,11.3,68,8.02,2.5,0.9933900548258936,-0.11478762552212701,-0.433883739117558,-0.9009688679024191,Весна,train
Atyrau,32,2022-04-09,71.33746527777777,24,pm2_5,True,71.33746527777777,True,2022,13.2,71,5.6,0.0,0.9912685467787256,-0.13185851571739118,-0.9749279121818236,-0.2225209339563146,Весна,train
Atyrau,32,2022-04-10,61.94574305555554,24,pm2_5,True,61.94574305555554,True,2022,13.7,78,4.19,0.3,0.9888537064205885,-0.1488903868564548,-0.7818314824680299,0.6234898018587334,Весна,train
Atyrau,32,2022-04-11,68.10906249999998,24,pm2_5,True,68.10906249999998,True,2022,14.4,74,2.39,0.0,0.986146248341595,-0.16587819893463143,0.0,1.0,Весна,train
Atyrau,32,2022-04-12,68.04204166666665,24,pm2_5,True,68.04204166666665,True,2022,17.1,62,5.06,0.0,0.9831469737221499,-0.1828169249850199,0.7818314824680298,0.6234898018587336,Весна,train
Atyrau,32,2022-04-13,68.12857638888887,24,pm2_5,True,68.12857638888887,True,2022,16.9,60,7.72,0.0,0.9798567700958665,-0.1997015525660636,0.9749279121818236,-0.22252093395631434,Весна,train
Atyrau,32,2022-04-14,74.47163194444444,24,pm2_5,True,74.47163194444444,True,2022,12.0,56,5.34,0.0,0.9762766110869321,-0.21652708524481437,0.43388373911755823,-0.900968867902419,Весна,train
Atyrau,32,2022-04-15,73.5670972222222,24,pm2_5,True,73.5670972222222,True,2022,12.4,62,3.18,0.3,0.9724075561219968,-0.23328854407545518,-0.433883739117558,-0.9009688679024191,Весна,train
Atyrau,32,2022-04-16,74.25478472222221,24,pm2_5,True,74.25478472222221,True,2022,12.8,66,3.16,0.1,0.9682507501166718,-0.2499809690726521,-0.9749279121818236,-0.2225209339563146,Весна,train
Atyrau,32,2022-04-17,72.81102083333332,24,pm2_5,True,72.81102083333332,True,2022,14.5,66,1.63,0.0,0.9638074231367307,-0.26659942067929354,-0.7818314824680299,0.6234898018587334,Весна,train
Atyrau,32,2022-04-18,79.28699305555556,24,pm2_5,True,79.28699305555556,True,2022,16.2,61,2.34,0.0,0.9590788900341131,-0.28313898122818354,0.0,1.0,Весна,train
Atyrau,32,2022-04-19,56.77852083333332,24,pm2_5,True,56.77852083333332,True,2022,19.4,45,5.43,0.0,0.9540665500578387,-0.2995947563972602,0.7818314824680298,0.6234898018587336,Весна,train
Atyrau,32,2022-04-20,88.27030434782606,23,pm2_5,True,88.27030434782606,True,2022,20.1,43,6.56,0.0,0.9487718864399473,-0.31596187665790293,0.9749279121818236,-0.22252093395631434,Весна,train
Atyrau,32,2022-04-21,67.43722916666665,24,pm2_5,True,67.43722916666665,True,2022,19.6,56,4.45,0.7,0.9431964659565866,-0.33223549871590435,0.43388373911755823,-0.900968867902419,Весна,train
Atyrau,32,2022-04-22,53.12245454545453,22,pm2_5,True,53.12245454545453,True,2022,16.6,63,6.17,0.0,0.9373419384643772,-0.3484108069446808,-0.433883739117558,-0.9009688679024191,Весна,train
Atyrau,32,2022-04-23,64.76340277777776,24,pm2_5,True,64.76340277777776,True,2022,13.2,64,5.71,2.3,0.9312100364121947,-0.3644830148102912,-0.9749279121818236,-0.2225209339563146,Весна,train
Atyrau,32,2022-04-24,81.74397101449274,23,pm2_5,True,81.74397101449274,True,2022,13.5,68,1.85,0.1,0.9248025743285089,-0.38044736628785164,-0.7818314824680299,0.6234898018587334,Весна,train
Atyrau,32,2022-04-25,86.15361666666665,20,pm2_5,True,86.15361666666665,True,2022,16.3,60,4.11,0.0,0.9181214482844364,-0.39629913726891813,0.0,1.0,Весна,train
Atyrau,32,2022-04-26,61.65052898550723,23,pm2_5,True,61.65052898550723,True,2022,18.7,50,5.25,0.0,0.9111686353326631,-0.41203363695942635,0.7818314824680298,0.6234898018587336,Весна,train
Atyrau,32,2022-04-27,63.37992361111108,24,pm2_5,True,63.37992361111108,True,2022,20.1,50,6.29,0.0,0.9039461929224011,-0.42764620926777464,0.9749279121818236,-0.22252093395631434,Весна,train
Atyrau,32,2022-04-28,81.26989583333331,24,pm2_5,True,81.26989583333331,True,2022,21.3,48,3.75,0.0,0.8964562582905575,-0.44313223418263453,0.43388373911755823,-0.900968867902419,Весна,train
Atyrau,32,2022-04-30,76.48384027777776,24,pm2_5,True,76.48384027777776,True,2022,16.3,55,9.94,0.1,0.8806828564301475,-0.47370635037968,-0.9749279121818236,-0.2225209339563146,Весна,train
Atyrau,32,2022-05-01,87.78194444444443,24,pm2_5,True,87.78194444444443,True,2022,14.8,59,8.32,0.0,0.8724040568049612,-0.48878539428899265,-0.7818314824680299,0.6234898018587334,Весна,train
Atyrau,32,2022-05-02,78.82649999999998,24,pm2_5,True,78.82649999999998,True,2022,13.8,43,6.63,0.0,0.8638670987837349,-0.503719798736334,0.0,1.0,Весна,train
Atyrau,32,2022-05-03,63.35840277777776,24,pm2_5,True,63.35840277777776,True,2022,14.6,41,5.13,0.0,0.8550745085896932,-0.518505144391157,0.7818314824680298,0.6234898018587336,Весна,train
Atyrau,32,2022-05-04,71.03947916666665,24,pm2_5,True,71.03947916666665,True,2022,14.9,43,4.44,0.0,0.8460288880917339,-0.533137056031809,0.9749279121818236,-0.22252093395631434,Весна,train
Atyrau,32,2022-05-05,70.49405072463766,23,pm2_5,True,70.49405072463766,True,2022,17.0,42,2.73,0.0,0.8367329140344921,-0.5476112038402312,0.43388373911755823,-0.900968867902419,Весна,train
Atyrau,32,2022-05-06,69.41139855072461,23,pm2_5,True,69.41139855072461,True,2022,12.6,52,9.31,2.8,0.8271893372462497,-0.5619233046832195,-0.433883739117558,-0.9009688679024191,Весна,train
Atyrau,32,2022-05-07,55.45502083333332,24,pm2_5,True,55.45502083333332,True,2022,13.6,54,8.52,3.8,0.8174009818249189,-0.5760691233798758,-0.9749279121818236,-0.2225209339563146,Весна,train
Atyrau,32,2022-05-08,58.371527777777764,24,pm2_5,True,58.371527777777764,True,2022,12.8,73,7.64,8.4,0.8073707443023492,-0.5900444739548627,-0.7818314824680299,0.6234898018587334,Весна,train
Atyrau,32,2022-05-09,62.605402777777776,24,pm2_5,True,62.605402777777776,True,2022,11.8,87,4.66,5.6,0.7971015927871943,-0.6038452208771035,0.0,1.0,Весна,train
Atyrau,32,2022-05-10,54.024861111111086,24,pm2_5,True,54.024861111111086,True,2022,12.6,76,9.44,11.3,0.7865965660866021,-0.6174672802835514,0.7818314824680298,0.6234898018587336,Весна,train
Atyrau,32,2022-05-11,67.7886111111111,24,pm2_5,True,67.7886111111111,True,2022,12.5,64,4.72,0.0,0.7758587728069828,-0.6309066211876704,0.9749279121818236,-0.22252093395631434,Весна,train
Atyrau,32,2022-05-12,75.75354166666665,24,pm2_5,True,75.75354166666665,True,2022,14.3,71,7.03,0.0,0.7648913904341225,-0.6441592666722685,0.43388373911755823,-0.900968867902419,Весна,train
Atyrau,32,2022-05-13,65.58483333333332,24,pm2_5,True,65.58483333333332,True,2022,16.6,67,8.35,0.0,0.753697664392914,-0.6572212950663319,-0.433883739117558,-0.9009688679024191,Весна,train
Atyrau,32,2022-05-14,54.68674305555553,24,pm2_5,True,54.68674305555553,True,2022,18.4,69,7.07,0.0,0.742280907086982,-0.6700888411055113,-0.9749279121818236,-0.2225209339563146,Весна,train
Atyrau,32,2022-05-15,64.6742847222222,24,pm2_5,True,64.6742847222222,True,2022,18.5,77,7.0,1.2,0.7306444969184916,-0.6827580970759147,-0.7818314824680299,0.6234898018587334,Весна,train
Atyrau,32,2022-05-16,66.2346597222222,24,pm2_5,True,66.2346597222222,True,2022,18.8,62,5.16,0.0,0.7187918772884232,-0.6952253139408722,0.0,1.0,Весна,train
Atyrau,32,2022-05-17,72.38437499999996,24,pm2_5,True,72.38437499999996,True,2022,17.4,53,6.2,0.1,0.7067265555776158,-0.7074868024503348,0.7818314824680298,0.6234898018587336,Весна,train
Atyrau,32,2022-05-18,71.51481944444441,24,pm2_5,True,71.51481944444441,True,2022,17.4,54,7.05,0.8,0.6944521021088763,-0.719538934232584,0.9749279121818236,-0.22252093395631434,Весна,train
Atyrau,32,2022-05-19,66.3968472222222,24,pm2_5,True,66.3968472222222,True,2022,19.2,63,3.64,0.0,0.6819721490904629,-0.7313781428679254,0.43388373911755823,-0.900968867902419,Весна,train
Atyrau,32,2022-05-20,64.57514583333331,24,pm2_5,True,64.57514583333331,True,2022,16.5,76,5.05,5.6,0.6692903895412567,-0.7430009249440493,-0.433883739117558,-0.9009688679024191,Весна,train
Atyrau,32,2022-05-21,56.36461111111108,24,pm2_5,True,56.36461111111108,True,2022,13.2,61,8.14,0.3,0.6564105761979381,-0.7544038410927472,-0.9749279121818236,-0.2225209339563146,Весна,train
Atyrau,32,2022-05-22,82.34733333333331,24,pm2_5,True,82.34733333333331,True,2022,14.0,73,6.24,3.5,0.6433365204044917,-0.765583517007675,-0.7818314824680299,0.6234898018587334,Весна,train
Atyrau,32,2022-05-23,67.83270833333331,24,pm2_5,True,67.83270833333331,True,2022,18.1,69,4.46,0.0,0.6300720909843687,-0.7765366444428655,0.0,1.0,Весна,train
Atyrau,32,2022-05-24,52.83279166666663,24,pm2_5,True,52.83279166666663,True,2022,16.4,79,5.77,5.0,0.6166212130956382,-0.7872599821916922,0.7818314824680298,0.6234898018587336,Весна,train
Atyrau,32,2022-05-25,65.81456944444442,24,pm2_5,True,65.81456944444442,True,2022,16.3,60,5.01,0.0,0.6029878670694714,-0.7977503570459932,0.9749279121818236,-0.22252093395631434,Весна,train
Atyrau,32,2022-05-26,53.48866666666665,24,pm2_5,True,53.48866666666665,True,2022,17.7,61,4.51,0.0,0.5891760872322963,-0.8080046647350754,0.43388373911755823,-0.900968867902419,Весна,train
Atyrau,32,2022-05-27,69.09572916666666,24,pm2_5,True,69.09572916666666,True,2022,18.1,67,4.95,0.0,0.5751899607119775,-0.8180198708443174,-0.433883739117558,-0.9009688679024191,Весна,train
Atyrau,32,2022-05-28,67.8635347222222,24,pm2_5,True,67.8635347222222,True,2022,19.6,71,6.09,0.0,0.5610336262283677,-0.8277930117131022,-0.9749279121818236,-0.2225209339563146,Весна,train
Atyrau,32,2022-05-30,66.55646527777776,24,pm2_5,True,66.55646527777776,True,2022,26.1,38,5.07,0.0,0.5322271388474397,-0.8466016020976267,0.0,1.0,Весна,train
Atyrau,32,2022-05-31,51.191521739130415,23,pm2_5,True,51.191521739130415,True,2022,26.7,43,2.91,0.0,0.5175855102531889,-0.8556314858488706,0.7818314824680298,0.6234898018587336,Весна,train
Atyrau,32,2022-06-01,93.47180555555553,24,pm2_5,True,93.47180555555553,True,2022,25.0,34,6.94,0.0,0.5027907197793043,-0.8644081744776648,0.9749279121818236,-0.22252093395631434,Лето,train
Atyrau,32,2022-06-02,67.96579861111111,24,pm2_5,True,67.96579861111111,True,2022,24.5,36,5.88,0.0,0.4878471454423119,-0.8729290708206411,0.43388373911755823,-0.900968867902419,Лето,train
Atyrau,32,2022-06-03,60.05943055555554,24,pm2_5,True,60.05943055555554,True,2022,25.0,37,4.53,0.0,0.47275920928627757,-0.881191653407483,-0.433883739117558,-0.9009688679024191,Лето,train
Atyrau,32,2022-06-04,74.74369444444442,24,pm2_5,True,74.74369444444442,True,2022,25.5,37,3.06,0.0,0.4575313760742512,-0.8891934772070711,-0.9749279121818236,-0.2225209339563146,Лето,train
Atyrau,32,2022-06-05,72.93328472222221,24,pm2_5,True,72.93328472222221,True,2022,26.7,36,2.66,0.0,0.44216815196707204,-0.8969321743510065,-0.7818314824680299,0.6234898018587334,Лето,train
Atyrau,32,2022-06-06,57.7666111111111,24,pm2_5,True,57.7666111111111,True,2022,26.9,47,4.9,0.2,0.42667408318992467,-0.9044054548343001,0.0,1.0,Лето,train
Atyrau,32,2022-06-07,77.47010416666666,24,pm2_5,True,77.47010416666666,True,2022,22.4,47,6.94,0.0,0.4110537546870351,-0.9116111071930239,0.7818314824680298,0.6234898018587336,Лето,train
Atyrau,32,2022-06-13,57.762543478260845,23,pm2_5,True,57.762543478260845,True,2022,24.3,37,6.3,0.0,0.31494162072895193,-0.9491110448902284,0.0,1.0,Лето,train
Atyrau,32,2022-06-14,76.27766666666665,24,pm2_5,True,76.27766666666665,True,2022,23.7,37,6.31,0.0,0.2985688173637202,-0.9543881083175908,0.7818314824680298,0.6234898018587336,Лето,train
Atyrau,32,2022-06-15,64.32731944444441,24,pm2_5,True,64.32731944444441,True,2022,26.1,31,4.43,0.0,0.2821076626819194,-0.9593827529490743,0.9749279121818236,-0.22252093395631434,Лето,train
Atyrau,32,2022-06-16,65.82153472222221,24,pm2_5,True,65.82153472222221,True,2022,27.0,41,4.76,0.0,0.26556302780405594,-0.9640935007889755,0.43388373911755823,-0.900968867902419,Лето,train
Atyrau,32,2022-06-17,57.68634782608694,23,pm2_5,True,57.68634782608694,True,2022,26.9,50,5.14,0.5,0.24893980855376657,-0.9685189578512204,-0.433883739117558,-0.9009688679024191,Лето,train
Atyrau,32,2022-06-18,45.19500757575755,22,pm2_5,True,45.19500757575755,True,2022,24.6,51,4.25,0.6,0.23224292400907015,-0.9726578145718654,-0.9749279121818236,-0.2225209339563146,Лето,train
Atyrau,32,2022-06-19,67.70464583333333,24,pm2_5,True,67.70464583333333,True,2022,26.0,37,4.6,0.0,0.21547731504673012,-0.976508846196619,-0.7818314824680299,0.6234898018587334,Лето,train
Atyrau,32,2022-06-20,65.19263888888888,24,pm2_5,True,65.19263888888888,True,2022,26.8,43,5.19,0.0,0.19864794288017112,-0.9800709131432666,0.0,1.0,Лето,train
Atyrau,32,2022-06-21,81.07561111111109,24,pm2_5,True,81.07561111111109,True,2022,27.9,47,6.0,0.0,0.18175978759137534,-0.9833429613388902,0.7818314824680298,0.6234898018587336,Лето,train
Atyrau,32,2022-06-22,65.95749999999998,21,pm2_5,True,65.95749999999998,True,2022,28.4,44,4.0,0.0,0.16481784665719793,-0.9863240225317866,0.9749279121818236,-0.22252093395631434,Лето,train
Atyrau,32,2022-06-23,80.77734999999998,20,pm2_5,True,80.77734999999998,True,2022,30.9,37,5.95,0.0,0.14782713347053048,-0.9890132145779883,0.43388373911755823,-0.900968867902419,Лето,train
Atyrau,32,2022-06-24,62.147284722222196,24,pm2_5,True,62.147284722222196,True,2022,28.7,43,7.01,0.0,0.13079267585675922,-0.9914097417023038,-0.433883739117558,-0.9009688679024191,Лето,train
Atyrau,32,2022-06-25,66.05547916666666,24,pm2_5,True,66.05547916666666,True,2022,27.6,40,4.17,0.0,0.11371951458594969,-0.9935128947338007,-0.9749279121818236,-0.2225209339563146,Лето,train
Atyrau,32,2022-06-26,55.97915277777776,24,pm2_5,True,55.97915277777776,True,2022,29.8,40,3.22,0.0,0.0966127018812031,-0.9953220513156602,-0.7818314824680299,0.6234898018587334,Лето,train
Atyrau,32,2022-06-27,68.76593749999998,24,pm2_5,True,68.76593749999998,True,2022,28.4,29,6.79,0.0,0.07947729992362097,-0.9968366760893436,0.0,1.0,Лето,train
Atyrau,32,2022-06-28,55.50429166666665,24,pm2_5,True,55.50429166666665,True,2022,26.4,32,4.7,0.7,0.062318379354325076,-0.998056320853012,0.7818314824680298,0.6234898018587336,Лето,train
Atyrau,32,2022-06-30,100.42246527777775,24,pm2_5,True,100.42246527777775,True,2022,21.1,36,4.16,0.0,0.02795029824021032,-0.999609314096404,0.43388373911755823,-0.900968867902419,Лето,train
Atyrau,32,2022-07-01,78.69640277777778,24,pm2_5,True,78.69640277777778,True,2022,23.6,40,3.84,0.0,0.01075130776352193,-0.9999422030204416,-0.433883739117558,-0.9009688679024191,Лето,train
Atyrau,32,2022-07-02,106.94863888888888,24,pm2_5,True,106.94863888888888,True,2022,22.7,64,4.13,1.9,-0.00645086419810515,-0.9999791929590823,-0.9749279121818236,-0.2225209339563146,Лето,train
Atyrau,32,2022-07-03,81.67306249999999,24,pm2_5,True,81.67306249999999,True,2022,17.6,67,5.67,3.4,-0.023651127245231586,-0.9997202729664083,-0.7818314824680299,0.6234898018587334,Лето,train
Atyrau,32,2022-07-04,88.81540151515149,22,pm2_5,True,88.81540151515149,True,2022,20.7,63,7.06,0.1,-0.04084439154329611,-0.9991655196610109,0.0,1.0,Лето,train
Atyrau,32,2022-07-05,85.0105486111111,24,pm2_5,True,85.0105486111111,True,2022,21.4,59,5.82,0.1,-0.05802556932878035,-0.9983150972033183,0.7818314824680298,0.6234898018587336,Лето,train
Atyrau,32,2022-07-06,78.67671527777776,24,pm2_5,True,78.67671527777776,True,2022,21.7,49,6.5,0.0,-0.07518957641475855,-0.9971692572470178,0.9749279121818236,-0.22252093395631434,Лето,train
Atyrau,32,2022-07-07,100.67768749999999,24,pm2_5,True,100.67768749999999,True,2022,24.6,42,3.3,0.0,-0.09233133369539122,-0.9957283388645872,0.43388373911755823,-0.900968867902419,Лето,train
Atyrau,32,2022-07-08,83.3003472222222,24,pm2_5,True,83.3003472222222,True,2022,27.4,38,2.68,0.0,-0.10944576864891556,-0.993992768446958,-0.433883739117558,-0.9009688679024191,Лето,train
Atyrau,32,2022-07-09,90.76652777777775,24,pm2_5,True,90.76652777777775,True,2022,28.2,31,4.24,0.0,-0.12652781683868314,-0.9919630595773397,-0.9749279121818236,-0.2225209339563146,Лето,train
Atyrau,32,2022-07-10,83.25464583333333,24,pm2_5,True,83.25464583333333,True,2022,29.5,34,3.97,0.0,-0.1435724234118113,-0.9896398128792412,-0.7818314824680299,0.6234898018587334,Лето,train
Atyrau,32,2022-07-11,72.0013194444444,24,pm2_5,True,72.0013194444444,True,2022,30.8,32,4.66,0.0,-0.16057454459499376,-0.9870237158387383,0.0,1.0,Лето,train
Atyrau,32,2022-07-12,93.9904236111111,24,pm2_5,True,93.9904236111111,True,2022,31.5,32,3.82,0.0,-0.17752914918703497,-0.984115542601034,0.7818314824680298,0.6234898018587336,Лето,train
Atyrau,32,2022-07-13,60.19363194444443,24,pm2_5,True,60.19363194444443,True,2022,32.6,31,3.98,0.0,-0.19443122004766195,-0.9809161537413774,0.9749279121818236,-0.22252093395631434,Лето,train
Atyrau,32,2022-07-14,60.50595138888887,24,pm2_5,True,60.50595138888887,True,2022,32.6,34,5.85,0.0,-0.2112757555821793,-0.9774264960104055,0.43388373911755823,-0.900968867902419,Лето,train
Atyrau,32,2022-07-15,75.06900694444444,24,pm2_5,True,75.06900694444444,True,2022,29.3,41,5.56,0.0,-0.2280577712215198,-0.9736476020539838,-0.433883739117558,-0.9009688679024191,Лето,train
Atyrau,32,2022-07-16,87.68854166666665,24,pm2_5,True,87.68854166666665,True,2022,29.3,32,3.51,0.0,-0.24477230089725957,-0.9695805901076308,-0.9749279121818236,-0.2225209339563146,Лето,train
Atyrau,32,2022-07-17,74.21827777777777,24,pm2_5,True,74.21827777777777,True,2022,32.8,29,5.27,0.0,-0.2614143985111562,-0.965226663665613,-0.7818314824680299,0.6234898018587334,Лето,train
Atyrau,32,2022-07-18,81.79784722222219,24,pm2_5,True,81.79784722222219,True,2022,32.0,46,4.52,0.0,-0.2779791393987801,-0.9605871111248129,0.0,1.0,Лето,train
Atyrau,32,2022-07-19,87.13220833333331,24,pm2_5,True,87.13220833333331,True,2022,29.8,42,7.27,0.0,-0.2944616217868012,-0.9556633054034704,0.7818314824680298,0.6234898018587336,Лето,train
Atyrau,32,2022-07-21,80.46391666666663,24,pm2_5,True,80.46391666666663,True,2022,25.3,47,2.69,0.4,-0.3271603271220951,-0.9449688462364056,0.43388373911755823,-0.900968867902419,Лето,train
Atyrau,32,2022-07-22,84.53289855072461,23,pm2_5,True,84.53289855072461,True,2022,26.2,64,2.48,2.1,-0.34336687399638804,-0.939201357453208,-0.433883739117558,-0.9009688679024191,Лето,train
Atyrau,32,2022-07-23,92.0356875,24,pm2_5,True,92.0356875,True,2022,26.6,55,4.14,0.2,-0.3594718130884232,-0.9331559438780432,-0.9749279121818236,-0.2225209339563146,Лето,train
Atyrau,32,2022-07-24,88.61924637681157,23,pm2_5,True,88.61924637681157,True,2022,24.3,61,4.97,0.1,-0.3754703786876202,-0.9268343944460494,-0.7818314824680299,0.6234898018587334,Лето,train
Atyrau,32,2022-07-25,67.29009722222222,24,pm2_5,True,67.29009722222222,True,2022,23.3,71,5.73,0.8,-0.3913578365610259,-0.9202385798054075,0.0,1.0,Лето,train
Atyrau,32,2022-07-26,86.74057638888887,24,pm2_5,True,86.74057638888887,True,2022,25.7,59,5.45,0.1,-0.4071294853542516,-0.9133704517637858,0.7818314824680298,0.6234898018587336,Лето,train
Atyrau,32,2022-07-27,82.04188888888886,24,pm2_5,True,82.04188888888886,True,2022,27.8,57,3.73,0.2,-0.4227806579826773,-0.9062320427107697,0.9749279121818236,-0.22252093395631434,Лето,train
Atyrau,32,2022-07-28,70.24752777777776,24,pm2_5,True,70.24752777777776,True,2022,25.6,65,3.5,7.2,-0.4383067230125192,-0.898825465016444,0.43388373911755823,-0.900968867902419,Лето,train
Atyrau,32,2022-07-30,80.70981944444442,24,pm2_5,True,80.70981944444442,True,2022,29.6,44,3.28,0.0,-0.46896519100763184,-0.8832166493127127,-0.9749279121818236,-0.2225209339563146,Лето,train
Atyrau,32,2022-07-31,69.8600347222222,24,pm2_5,True,69.8600347222222,True,2022,29.0,36,3.68,0.0,-0.48408852163897587,-0.8750190302029955,-0.7818314824680299,0.6234898018587334,Лето,train
Atyrau,32,2022-08-01,78.36160416666665,24,pm2_5,True,78.36160416666665,True,2022,29.6,36,2.44,0.2,-0.4990686026885319,-0.8665624788845385,0.0,1.0,Лето,train
Atyrau,32,2022-08-02,79.26990277777776,24,pm2_5,True,79.26990277777776,True,2022,29.1,39,2.91,0.0,-0.5139010013093103,-0.8578494977869301,0.7818314824680298,0.6234898018587336,Лето,train
Atyrau,32,2022-08-03,83.05353472222221,24,pm2_5,True,83.05353472222221,True,2022,29.3,32,3.31,0.0,-0.5285813283559292,-0.8488826652214553,0.9749279121818236,-0.22252093395631434,Лето,train
Atyrau,32,2022-08-04,72.53305797101449,23,pm2_5,True,72.53305797101449,True,2022,29.5,37,3.46,0.0,-0.5431052396834317,-0.8396646346181327,0.43388373911755823,-0.900968867902419,Лето,train
Atyrau,32,2022-08-05,83.25481249999997,24,pm2_5,True,83.25481249999997,True,2022,29.6,32,4.33,0.0,-0.5574684374327892,-0.8301981337405212,-0.433883739117558,-0.9009688679024191,Лето,train
Atyrau,32,2022-08-06,89.84276388888888,24,pm2_5,True,89.84276388888888,True,2022,28.9,29,4.77,0.0,-0.5716666713027052,-0.8204859638785327,-0.9749279121818236,-0.2225209339563146,Лето,train
Atyrau,32,2022-08-07,87.8480486111111,24,pm2_5,True,87.8480486111111,True,2022,28.8,27,5.03,0.0,-0.5856957398073508,-0.8105309990194823,-0.7818314824680299,0.6234898018587334,Лето,train
Atyrau,32,2022-08-08,95.17424999999999,24,pm2_5,True,95.17424999999999,True,2022,29.0,30,3.81,0.0,-0.5995514915196489,-0.8003361849976323,0.0,1.0,Лето,train
Atyrau,32,2022-08-09,72.35511363636361,22,pm2_5,True,72.35511363636361,True,2022,29.4,36,3.09,0.0,-0.6132298262997502,-0.7899045386224707,0.7818314824680298,0.6234898018587336,Лето,train
Atyrau,32,2022-08-10,87.39943749999998,24,pm2_5,True,87.39943749999998,True,2022,30.1,36,3.1,0.0,-0.6267266965083301,-0.7792391467859886,0.9749279121818236,-0.22252093395631434,Лето,train
Atyrau,32,2022-08-11,82.07162499999998,24,pm2_5,True,82.07162499999998,True,2022,29.9,39,3.43,0.0,-0.6400381082043503,-0.7683431655492202,0.43388373911755823,-0.900968867902419,Лето,train
Atyrau,32,2022-08-12,74.49504166666665,24,pm2_5,True,74.49504166666665,True,2022,30.8,40,2.19,0.0,-0.65316012232693,-0.7572198192083127,-0.433883739117558,-0.9009688679024191,Лето,train
Atyrau,32,2022-08-13,71.20148611111108,24,pm2_5,True,71.20148611111108,True,2022,31.5,32,4.55,0.0,-0.666088855860977,-0.7458723993404063,-0.9749279121818236,-0.2225209339563146,Лето,train
Atyrau,32,2022-08-14,75.31262499999998,24,pm2_5,True,75.31262499999998,True,2022,31.2,25,4.61,0.0,-0.6788204829862355,-0.734304263829602,-0.7818314824680299,0.6234898018587334,Лето,train
Atyrau,32,2022-08-15,66.77836956521737,23,pm2_5,True,66.77836956521737,True,2022,30.2,30,3.57,0.0,-0.6913512362094071,-0.722518835873311,0.0,1.0,Лето,train
Atyrau,32,2022-08-16,77.99662499999998,24,pm2_5,True,77.99662499999998,True,2022,30.8,31,2.72,0.0,-0.7036774074790128,-0.7105196029692745,0.7818314824680298,0.6234898018587336,Лето,train
Atyrau,32,2022-08-17,79.53572916666666,24,pm2_5,True,79.53572916666666,True,2022,29.8,49,3.65,0.0,-0.7157953492826642,-0.6983101158835584,0.9749279121818236,-0.22252093395631434,Лето,train
Atyrau,32,2022-08-18,79.95466666666665,24,pm2_5,True,79.95466666666665,True,2022,29.1,39,5.87,0.0,-0.7277014757264236,-0.6858939875998223,0.43388373911755823,-0.900968867902419,Лето,train
Atyrau,32,2022-08-19,68.16052083333332,24,pm2_5,True,68.16052083333332,True,2022,26.7,33,7.47,0.0,-0.7393922635959241,-0.673274892250183,-0.433883739117558,-0.9009688679024191,Лето,train
Atyrau,32,2022-08-20,78.95848611111107,24,pm2_5,True,78.95848611111107,True,2022,24.2,25,8.7,0.0,-0.7508642533989489,-0.6604565640279754,-0.9749279121818236,-0.2225209339563146,Лето,train
Atyrau,32,2022-08-21,78.50684057971013,23,pm2_5,True,78.50684057971013,True,2022,25.3,33,3.98,0.0,-0.7621140503891487,-0.6474427960827475,-0.7818314824680299,0.6234898018587334,Лето,train
Atyrau,32,2022-08-22,87.5957847222222,24,pm2_5,True,87.5957847222222,True,2022,27.4,35,4.77,0.0,-0.7731383255706026,-0.6342374393978054,0.0,1.0,Лето,train
Atyrau,32,2022-08-23,86.28569444444442,24,pm2_5,True,86.28569444444442,True,2022,25.3,29,6.82,0.0,-0.7839338166829201,-0.620844401650647,0.7818314824680298,0.6234898018587336,Лето,train
Atyrau,32,2022-08-24,54.06987962962961,18,pm2_5,True,54.06987962962961,True,2022,25.8,36,3.5,0.0,-0.7944973291665992,-0.6072676460566135,0.9749279121818236,-0.22252093395631434,Лето,train
Atyrau,32,2022-08-25,78.7145144927536,23,pm2_5,True,78.7145144927536,True,2022,26.4,34,3.22,0.0,-0.8048257371083452,-0.593511190196115,0.43388373911755823,-0.900968867902419,Лето,train
Atyrau,32,2022-08-26,80.58972916666666,24,pm2_5,True,80.58972916666666,True,2022,26.0,28,3.91,0.0,-0.8149159841660791,-0.5795791048257612,-0.433883739117558,-0.9009688679024191,Лето,train
Atyrau,32,2022-08-27,76.2994375,24,pm2_5,True,76.2994375,True,2022,27.2,33,3.52,0.0,-0.8247650844733614,-0.5654755126737576,-0.9749279121818236,-0.2225209339563146,Лето,train
Atyrau,32,2022-08-28,83.43177777777775,24,pm2_5,True,83.43177777777775,True,2022,28.2,37,3.54,0.0,-0.8343701235229538,-0.5512045872199277,-0.7818314824680299,0.6234898018587334,Лето,train
Atyrau,32,2022-08-30,70.7440486111111,24,pm2_5,True,70.7440486111111,True,2022,28.3,40,4.32,0.0,-0.8528367217694595,-0.522177676659508,0.7818314824680298,0.6234898018587336,Лето,train
Atyrau,32,2022-08-31,71.32021527777776,24,pm2_5,True,71.32021527777776,True,2022,27.7,45,3.31,0.0,-0.8616928164028522,-0.5074302810827518,0.9749279121818236,-0.22252093395631434,Лето,train
Atyrau,32,2022-09-01,66.81493055555552,24,pm2_5,True,66.81493055555552,True,2022,28.4,50,4.16,0.0,-0.8702939222685674,-0.49253272872205434,0.43388373911755823,-0.900968867902419,Осень,train
Atyrau,32,2022-09-02,61.666590277777765,24,pm2_5,True,61.666590277777765,True,2022,28.6,59,4.56,0.0,-0.8786374941610001,-0.4774894280028391,-0.433883739117558,-0.9009688679024191,Осень,train
Atyrau,32,2022-09-03,69.97454166666664,24,pm2_5,True,69.97454166666664,True,2022,27.7,51,4.98,0.0,-0.886721063082993,-0.46230483047981086,-0.9749279121818236,-0.2225209339563146,Осень,train
Atyrau,32,2022-09-04,79.9822847222222,24,pm2_5,True,79.9822847222222,True,2022,28.1,39,5.24,0.0,-0.8945422369764496,-0.4469834295196741,-0.7818314824680299,0.6234898018587334,Осень,train
Atyrau,32,2022-09-05,93.22795138888888,24,pm2_5,True,93.22795138888888,True,2022,22.3,50,7.21,0.0,-0.9020987014301837,-0.43152975897147144,0.0,1.0,Осень,train
Atyrau,32,2022-09-06,64.17939583333332,24,pm2_5,True,64.17939583333332,True,2022,17.2,42,6.32,0.0,-0.9093882203647925,-0.4159483918249421,0.7818314824680298,0.6234898018587336,Осень,train
Atyrau,32,2022-09-07,97.10210416666665,24,pm2_5,True,97.10210416666665,True,2022,17.1,40,3.87,0.0,-0.9164086366943458,-0.4002439388573056,0.9749279121818236,-0.22252093395631434,Осень,train
Atyrau,32,2022-09-08,81.39270833333332,24,pm2_5,True,81.39270833333332,True,2022,17.8,41,3.25,0.0,-0.9231578729647039,-0.38442104726885545,0.43388373911755823,-0.900968867902419,Осень,train
Atyrau,32,2022-09-09,80.58942028985506,23,pm2_5,True,80.58942028985506,True,2022,17.6,72,4.19,9.1,-0.9296339319682695,-0.3684843993077793,-0.433883739117558,-0.9009688679024191,Осень,train
Atyrau,32,2022-09-10,65.17124305555552,24,pm2_5,True,65.17124305555552,True,2022,13.9,60,7.38,0.0,-0.9358348973349941,-0.35243871088460327,-0.9749279121818236,-0.2225209339563146,Осень,train
Atyrau,32,2022-09-11,71.56611805555553,24,pm2_5,True,71.56611805555553,True,2022,12.8,54,2.79,0.0,-0.9417589340994617,-0.33628873017668287,-0.7818314824680299,0.6234898018587334,Осень,train
Atyrau,32,2022-09-12,80.47735416666666,24,pm2_5,True,80.47735416666666,True,2022,15.7,51,4.63,0.0,-0.9474042892438845,-0.32003923622313857,0.0,1.0,Осень,train
Atyrau,32,2022-09-13,82.8499097222222,24,pm2_5,True,82.8499097222222,True,2022,18.8,46,8.01,0.0,-0.9527692922168511,-0.30369503751065885,0.7818314824680298,0.6234898018587336,Осень,train
Atyrau,32,2022-09-14,89.41016666666665,24,pm2_5,True,89.41016666666665,True,2022,19.9,42,9.16,0.0,-0.9578523554276669,-0.28726097055059635,0.9749279121818236,-0.22252093395631434,Осень,train
Atyrau,32,2022-09-15,68.87765972222219,24,pm2_5,True,68.87765972222219,True,2022,18.4,61,5.7,0.0,-0.9626519747161487,-0.2707418984477642,0.43388373911755823,-0.900968867902419,Осень,train
Atyrau,32,2022-09-16,75.13416666666664,24,pm2_5,True,75.13416666666664,True,2022,18.4,76,4.69,1.3,-0.9671667297977312,-0.2541427094613622,-0.433883739117558,-0.9009688679024191,Осень,train
Atyrau,32,2022-09-17,74.998375,24,pm2_5,True,74.998375,True,2022,21.2,63,5.5,0.5,-0.97139528468375,-0.23746831555846842,-0.9749279121818236,-0.2225209339563146,Осень,train
Atyrau,32,2022-09-18,73.12539583333331,24,pm2_5,True,73.12539583333331,True,2022,23.2,60,4.26,0.0,-0.9753363880767837,-0.2207236509605022,-0.7818314824680299,0.6234898018587334,Осень,train
Atyrau,32,2022-09-19,72.09202898550723,23,pm2_5,True,72.09202898550723,True,2022,23.5,41,6.45,0.0,-0.9789888737409319,-0.20391367068311472,0.0,1.0,Осень,train
Atyrau,32,2022-09-20,81.24818749999999,24,pm2_5,True,81.24818749999999,True,2022,22.5,38,5.77,0.0,-0.9823516608469237,-0.18704334906991657,0.7818314824680298,0.6234898018587336,Осень,train
Atyrau,32,2022-09-21,86.35205555555554,24,pm2_5,True,86.35205555555554,True,2022,22.2,37,4.61,0.0,-0.9854237542919524,-0.17011767832049052,0.9749279121818236,-0.22252093395631434,Осень,train
Atyrau,32,2022-09-22,81.91794444444442,24,pm2_5,True,81.91794444444442,True,2022,23.6,35,6.24,0.0,-0.9882042449941422,-0.15314166701312007,0.43388373911755823,-0.900968867902419,Осень,train
Atyrau,32,2022-09-23,107.63400793650793,21,pm2_5,True,107.63400793650793,True,2022,23.8,47,6.99,0.3,-0.9906923101615609,-0.13612033862266704,-0.433883739117558,-0.9009688679024191,Осень,train
Atyrau,32,2022-09-24,80.49220833333332,24,pm2_5,True,80.49220833333332,True,2022,21.5,62,5.14,0.1,-0.9928872135356962,-0.11905873003404988,-0.9749279121818236,-0.2225209339563146,Осень,train
Atyrau,32,2022-09-25,64.3700972222222,24,pm2_5,True,64.3700972222222,True,2022,15.9,62,8.32,2.9,-0.994788305609327,-0.10196189005174576,-0.7818314824680299,0.6234898018587334,Осень,train
Atyrau,32,2022-09-26,80.0931111111111,24,pm2_5,True,80.0931111111111,True,2022,15.2,60,7.2,0.0,-0.9963950238187231,-0.08483487790576538,0.0,1.0,Осень,train
Atyrau,32,2022-09-27,80.50974305555555,24,pm2_5,True,80.50974305555555,True,2022,17.2,66,3.38,0.0,-0.9977068927101168,-0.06768276175455162,0.7818314824680298,0.6234898018587336,Осень,train
Atyrau,32,2022-09-30,62.67751388888888,24,pm2_5,True,62.67751388888888,True,2022,19.1,62,3.8,0.0,-0.9998699583618592,-0.016126573270657762,-0.433883739117558,-0.9009688679024191,Осень,train
Atyrau,32,2022-10-01,76.90824999999998,24,pm2_5,True,76.90824999999998,True,2022,17.3,50,5.39,0.0,-0.9999994220246925,0.001075151282798226,-0.9749279121818236,-0.2225209339563146,Осень,train
Atyrau,32,2022-10-02,96.88711805555552,24,pm2_5,True,96.88711805555552,True,2022,17.2,50,7.55,0.0,-0.999832969770105,0.018276557681691223,-0.7818314824680299,0.6234898018587334,Осень,train
Atyrau,32,2022-10-03,85.06413888888886,24,pm2_5,True,85.06413888888886,True,2022,14.8,39,9.25,0.0,-0.9993706508539969,0.03547255575312556,0.0,1.0,Осень,train
Atyrau,32,2022-10-04,72.2603472222222,24,pm2_5,True,72.2603472222222,True,2022,14.8,37,8.5,0.0,-0.9986126020839734,0.052658056924614005,0.7818314824680298,0.6234898018587336,Осень,train
Atyrau,32,2022-10-05,66.20713194444444,24,pm2_5,True,66.20713194444444,True,2022,15.5,40,8.12,0.0,-0.9975590477788613,0.06982797572987089,0.9749279121818236,-0.22252093395631434,Осень,train
Atyrau,32,2022-10-06,82.27771527777774,24,pm2_5,True,82.27771527777774,True,2022,15.5,64,4.54,2.1,-0.9962102997023297,0.0869772313136861,0.43388373911755823,-0.900968867902419,Осень,train
Atyrau,32,2022-10-07,65.68484027777777,24,pm2_5,True,65.68484027777777,True,2022,12.8,66,4.37,0.0,-0.9945667569706337,0.1041007489354256,-0.433883739117558,-0.9009688679024191,Осень,train
Atyrau,32,2022-10-08,77.7098260869565,23,pm2_5,True,77.7098260869565,True,2022,15.1,64,2.35,0.0,-0.9926289059345095,0.121193461470736,-0.9749279121818236,-0.2225209339563146,Осень,train
Atyrau,32,2022-10-09,70.92985416666666,24,pm2_5,True,70.92985416666666,True,2022,14.7,59,4.83,0.0,-0.9903973200352558,0.1382503109109819,-0.7818314824680299,0.6234898018587334,Осень,train
Atyrau,32,2022-10-10,73.60125694444442,24,pm2_5,True,73.60125694444442,True,2022,15.1,50,9.55,0.7,-0.9878726596350429,0.15526624985999563,0.0,1.0,Осень,train
Atyrau,32,2022-10-11,73.01654166666664,24,pm2_5,True,73.01654166666664,True,2022,16.4,61,4.84,2.5,-0.9850556718215013,0.172236243027682,0.7818314824680298,0.6234898018587336,Осень,train
Atyrau,32,2022-10-12,78.71881249999998,24,pm2_5,True,78.71881249999998,True,2022,13.9,75,5.93,0.0,-0.981947190186646,0.18915526872004093,0.9749279121818236,-0.22252093395631434,Осень,train
Atyrau,32,2022-10-13,63.84115277777775,24,pm2_5,True,63.84115277777775,True,2022,12.8,73,5.79,0.1,-0.9785481345802031,0.20601832032517084,0.43388373911755823,-0.900968867902419,Осень,train
Atyrau,32,2022-10-14,68.37122916666662,24,pm2_5,True,68.37122916666662,True,2022,10.6,72,1.92,0.0,-0.9748595108374125,0.22282040779479959,-0.433883739117558,-0.9009688679024191,Осень,train
Atyrau,32,2022-10-16,64.24975694444443,24,pm2_5,True,64.24975694444443,True,2022,9.0,70,5.49,0.0,-0.9666180104000972,0.2562218218071163,-0.7818314824680299,0.6234898018587334,Осень,train
Atyrau,32,2022-10-17,52.7436111111111,21,pm2_5,True,52.7436111111111,True,2022,9.1,68,4.06,0.0,-0.9620675724981452,0.27281126433401914,0.0,1.0,Осень,train
Atyrau,32,2022-10-18,81.96195614035086,19,pm2_5,True,81.96195614035086,True,2022,9.2,64,3.26,0.0,-0.957232443323312,0.28931997761869527,0.7818314824680298,0.6234898018587336,Осень,train
Atyrau,32,2022-10-19,76.54783333333332,24,pm2_5,True,76.54783333333332,True,2022,12.1,72,7.03,0.0,-0.9521140536681102,0.3057430764672831,0.9749279121818236,-0.22252093395631434,Осень,train
Atyrau,32,2022-10-20,75.58294444444442,24,pm2_5,True,75.58294444444442,True,2022,12.9,78,4.19,0.0,-0.9467139181463862,0.3220757010206104,0.43388373911755823,-0.900968867902419,Осень,train
Atyrau,32,2022-10-21,64.64941304347825,23,pm2_5,True,64.64941304347825,True,2022,11.4,83,4.76,4.0,-0.9410336347451197,0.3383130181923076,-0.433883739117558,-0.9009688679024191,Осень,train
Atyrau,32,2022-10-22,70.30062499999998,24,pm2_5,True,70.30062499999998,True,2022,7.2,75,8.96,0.4,-0.9350748843515574,0.3544502230989869,-0.9749279121818236,-0.2225209339563146,Осень,train
Atyrau,32,2022-10-23,68.96871527777776,24,pm2_5,True,68.96871527777776,True,2022,5.9,78,3.03,0.0,-0.9288394302558068,0.3704825404820963,-0.7818314824680299,0.6234898018587334,Осень,train
Atyrau,32,2022-10-24,79.22242361111108,24,pm2_5,True,79.22242361111108,True,2022,7.9,80,4.77,0.5,-0.9223291176290545,0.3864052261209853,0.0,1.0,Осень,train
Atyrau,32,2022-10-25,72.27729710144926,23,pm2_5,True,72.27729710144926,True,2022,9.8,89,7.67,4.9,-0.9155458729775467,0.40221356823680365,0.7818314824680298,0.6234898018587336,Осень,train
Atyrau,32,2022-10-26,73.73134722222221,24,pm2_5,True,73.73134722222221,True,2022,4.4,72,5.05,0.0,-0.9084917035725082,0.41790288888678667,0.9749279121818236,-0.22252093395631434,Осень,train
Atyrau,32,2022-10-27,61.73072222222222,24,pm2_5,True,61.73072222222222,True,2022,3.7,68,6.92,0.0,-0.9011686968561569,0.4334685453485363,0.43388373911755823,-0.900968867902419,Осень,train
Atyrau,32,2022-10-28,78.24071527777777,24,pm2_5,True,78.24071527777777,True,2022,4.7,83,7.15,15.9,-0.8935790198239952,0.4489059314938798,-0.433883739117558,-0.9009688679024191,Осень,train
Atyrau,32,2022-10-29,82.48227083333332,24,pm2_5,True,82.48227083333332,True,2022,3.7,89,4.57,0.0,-0.8857249183835637,0.4642104791518923,-0.9749279121818236,-0.2225209339563146,Осень,train
Atyrau,32,2022-10-30,80.46222916666663,24,pm2_5,True,80.46222916666663,True,2022,5.4,90,4.51,0.2,-0.8776087166898392,0.4793776594606945,-0.7818314824680299,0.6234898018587334,Осень,train
Atyrau,32,2022-11-01,60.53195833333333,24,pm2_5,True,60.53195833333333,True,2022,4.6,84,9.83,4.1,-0.8605996962501181,0.5092820071573356,0.7818314824680298,0.6234898018587336,Осень,train
Atyrau,32,2022-11-02,78.97221527777776,24,pm2_5,True,78.97221527777776,True,2022,3.6,80,8.5,0.7,-0.8517119107469189,0.5240103253675756,0.9749279121818236,-0.22252093395631434,Осень,train
Atyrau,32,2022-11-03,69.99252777777777,24,pm2_5,True,69.99252777777777,True,2022,3.0,75,6.83,0.0,-0.8425720899866032,0.5385835804920232,0.43388373911755823,-0.900968867902419,Осень,train
Atyrau,32,2022-11-04,80.39264583333332,24,pm2_5,True,80.39264583333332,True,2022,3.3,80,4.39,0.1,-0.8331829385891785,0.5529974600700271,-0.433883739117558,-0.9009688679024191,Осень,train
Atyrau,32,2022-11-05,72.78138888888888,24,pm2_5,True,72.78138888888888,True,2022,3.7,87,2.15,1.1,-0.8235472349556007,0.5672476988027229,-0.9749279121818236,-0.2225209339563146,Осень,train
Atyrau,32,2022-11-06,76.83792063492062,21,pm2_5,True,76.83792063492062,True,2022,3.3,85,4.78,0.5,-0.8136678304455991,0.5813300798152042,-0.7818314824680299,0.6234898018587334,Осень,train
Atyrau,32,2022-11-07,82.86615277777777,24,pm2_5,True,82.86615277777777,True,2022,2.1,79,4.8,0.0,-0.8035476485339116,0.5952404359043674,0.0,1.0,Осень,train
Atyrau,32,2022-11-08,82.00804861111108,24,pm2_5,True,82.00804861111108,True,2022,2.6,69,1.69,0.0,-0.7931896839451843,0.6089746507720486,0.7818314824680298,0.6234898018587336,Осень,train
Atyrau,32,2022-11-09,72.38202898550723,23,pm2_5,True,72.38202898550723,True,2022,2.4,82,3.58,0.0,-0.7825970017677834,0.6225286602431057,0.9749279121818236,-0.22252093395631434,Осень,train
Atyrau,32,2022-11-10,91.81890277777775,24,pm2_5,True,91.81890277777775,True,2022,4.0,94,2.6,0.0,-0.7717727365467836,0.6358984534680745,0.43388373911755823,-0.900968867902419,Осень,train
Atyrau,32,2022-11-11,59.59661805555553,24,pm2_5,True,59.59661805555553,True,2022,3.0,97,1.3,0.0,-0.7607200913564104,0.6490800741100398,-0.433883739117558,-0.9009688679024191,Осень,train
Atyrau,32,2022-11-12,59.6581736111111,24,pm2_5,True,59.6581736111111,True,2022,4.1,91,3.31,0.0,-0.7494423368521954,0.6620696215153815,-0.9749279121818236,-0.2225209339563146,Осень,train
Atyrau,32,2022-11-13,66.79688194444442,24,pm2_5,True,66.79688194444442,True,2022,7.2,90,10.26,0.9,-0.7379428103031386,0.6748632518680403,-0.7818314824680299,0.6234898018587334,Осень,train
Atyrau,32,2022-11-14,60.279499999999985,24,pm2_5,True,60.279499999999985,True,2022,5.8,79,10.56,0.8,-0.7262249146041543,0.6874571793269664,0.0,1.0,Осень,train
Atyrau,32,2022-11-15,70.50963888888886,24,pm2_5,True,70.50963888888886,True,2022,0.7,67,8.39,0.2,-0.7142921172691032,0.699847677146407,0.7818314824680298,0.6234898018587336,Осень,train
Atyrau,32,2022-11-16,79.77568749999998,24,pm2_5,True,79.77568749999998,True,2022,0.0,71,4.75,0.0,-0.7021479494046978,0.7120310787787131,0.9749279121818236,-0.22252093395631434,Осень,train
Atyrau,32,2022-11-17,79.1367847222222,24,pm2_5,True,79.1367847222222,True,2022,2.4,82,6.69,1.3,-0.6897960046655887,0.7240037789593305,0.43388373911755823,-0.900968867902419,Осень,train
Atyrau,32,2022-11-18,96.0841111111111,24,pm2_5,True,96.0841111111111,True,2022,3.8,83,5.11,0.0,-0.6772399381909491,0.7357622347736527,-0.433883739117558,-0.9009688679024191,Осень,train
Atyrau,32,2022-11-19,74.10947222222221,24,pm2_5,True,74.10947222222221,True,2022,4.4,90,3.98,0.0,-0.6644834655228552,0.7473029667054296,-0.9749279121818236,-0.2225209339563146,Осень,train
Atyrau,32,2022-11-20,74.23320138888887,24,pm2_5,True,74.23320138888887,True,2022,4.1,95,4.49,4.6,-0.6515303615068021,0.75862255966641,-0.7818314824680299,0.6234898018587334,Осень,train
Atyrau,32,2022-11-21,59.6012222222222,24,pm2_5,True,59.6012222222222,True,2022,5.1,92,2.81,1.9,-0.6383844591746642,0.7697176640069211,0.0,1.0,Осень,train
Atyrau,32,2022-11-22,57.366902777777774,24,pm2_5,True,57.366902777777774,True,2022,6.8,96,2.9,0.0,-0.6250496486104377,0.7805849965070866,0.7818314824680298,0.6234898018587336,Осень,train
Atyrau,32,2022-11-23,69.52110416666666,24,pm2_5,True,69.52110416666666,True,2022,7.2,93,4.05,0.0,-0.6115298757991053,0.7912213413483807,0.9749279121818236,-0.22252093395631434,Осень,train
Atyrau,32,2022-11-24,63.74932638888887,24,pm2_5,True,63.74932638888887,True,2022,4.3,87,4.55,0.0,-0.5978291414589552,0.801623551065242,0.43388373911755823,-0.900968867902419,Осень,train
Atyrau,32,2022-11-25,67.74318749999999,24,pm2_5,True,67.74318749999999,True,2022,3.2,91,4.91,0.0,-0.5839514998576998,0.8117885474764613,-0.433883739117558,-0.9009688679024191,Осень,train
Atyrau,32,2022-11-26,84.41075,24,pm2_5,True,84.41075,True,2022,2.3,87,9.68,0.0,-0.5699010576127624,0.8217133225960589,-0.9749279121818236,-0.2225209339563146,Осень,train
Atyrau,32,2022-11-27,80.60109420289854,23,pm2_5,True,80.60109420289854,True,2022,0.6,76,8.64,0.0,-0.5556819724760489,0.8313949395234058,-0.7818314824680299,0.6234898018587334,Осень,train
Atyrau,32,2022-11-28,63.52939583333332,24,pm2_5,True,63.52939583333332,True,2022,-2.1,57,6.07,0.0,-0.5412984521036173,0.8408305333122887,0.0,1.0,Осень,train
Atyrau,32,2022-11-29,83.67805555555553,24,pm2_5,True,83.67805555555553,True,2022,-3.8,52,5.74,0.0,-0.5267547528105542,0.8500173118187018,0.7818314824680298,0.6234898018587336,Осень,train
Atyrau,32,2022-11-30,93.30044202898549,23,pm2_5,True,93.30044202898549,True,2022,-6.1,51,5.37,0.0,-0.5120551783114646,0.8589525565270845,0.9749279121818236,-0.22252093395631434,Осень,train
Atyrau,32,2022-12-02,76.25069444444442,24,pm2_5,True,76.25069444444442,True,2022,-6.1,66,4.61,0.0,-0.4822058478963526,0.8760579434344281,-0.433883739117558,-0.9009688679024191,Зима,train
Atyrau,32,2022-12-03,90.29168055555554,24,pm2_5,True,90.29168055555554,True,2022,-9.8,66,7.23,0.0,-0.46706492487743034,0.8842230238742036,-0.9749279121818236,-0.2225209339563146,Зима,train
Atyrau,32,2022-12-04,94.1583333333333,24,pm2_5,True,94.1583333333333,True,2022,-10.1,67,5.57,0.0,-0.451785789832884,0.8921264484954345,-0.7818314824680299,0.6234898018587334,Зима,train
Atyrau,32,2022-12-05,83.95760869565216,23,pm2_5,True,83.95760869565216,True,2022,-9.2,67,4.86,0.3,-0.4363729641045924,0.8997658785476209,0.0,1.0,Зима,train
Atyrau,32,2022-12-06,85.83799999999998,24,pm2_5,True,85.83799999999998,True,2022,-9.8,75,4.56,0.0,-0.42083100859565564,0.9071390534005044,0.7818314824680298,0.6234898018587336,Зима,train
Atyrau,32,2022-12-07,83.5348611111111,24,pm2_5,True,83.5348611111111,True,2022,-11.0,77,5.0,0.0,-0.4051645224207563,0.9142437912130223,0.9749279121818236,-0.22252093395631434,Зима,train
Atyrau,32,2022-12-08,79.12845833333331,24,pm2_5,True,79.12845833333331,True,2022,-10.8,80,4.93,0.0,-0.3893781415452015,0.9210779895789526,0.43388373911755823,-0.900968867902419,Зима,train
Atyrau,32,2022-12-09,76.66114583333332,24,pm2_5,True,76.66114583333332,True,2022,-11.1,80,5.46,0.0,-0.37347653741307074,0.9276396261490467,-0.433883739117558,-0.9009688679024191,Зима,train
Atyrau,32,2022-12-10,87.99316666666664,24,pm2_5,True,87.99316666666664,True,2022,-9.1,78,7.23,0.0,-0.3574644155648614,0.9339267592294762,-0.9749279121818236,-0.2225209339563146,Зима,train
Atyrau,32,2022-12-11,70.77444444444441,24,pm2_5,True,70.77444444444441,True,2022,-7.4,74,7.62,0.0,-0.34134651424503615,0.9399375283564133,-0.7818314824680299,0.6234898018587334,Зима,train
Atyrau,32,2022-12-12,68.77832638888884,24,pm2_5,True,68.77832638888884,True,2022,-8.5,78,7.02,0.0,-0.3251276029999093,0.9456701548465688,0.0,1.0,Зима,train
Atyrau,32,2022-12-13,73.18270833333331,24,pm2_5,True,73.18270833333331,True,2022,-7.6,73,7.25,0.0,-0.30881248126625377,0.9511229423235357,0.7818314824680298,0.6234898018587336,Зима,train
Atyrau,32,2022-12-14,67.42306249999997,24,pm2_5,True,67.42306249999997,True,2022,-5.9,75,6.66,0.0,-0.29240597695107734,0.9562942772197719,0.9749279121818236,-0.22252093395631434,Зима,train
Atyrau,32,2022-12-15,70.13512499999996,24,pm2_5,True,70.13512499999996,True,2022,-4.8,75,3.95,0.0,-0.27591294500296043,0.9611826292540837,0.43388373911755823,-0.900968867902419,Зима,train
Atyrau,32,2022-12-16,66.38100694444441,24,pm2_5,True,66.38100694444441,True,2022,-2.8,67,5.55,0.0,-0.2593382659754056,0.9657865518844574,-0.433883739117558,-0.9009688679024191,Зима,train
Atyrau,32,2022-12-17,80.5961458333333,24,pm2_5,True,80.5961458333333,True,2022,-2.1,78,4.84,0.0,-0.2426868445825954,0.9701046827361175,-0.9749279121818236,-0.2225209339563146,Зима,train
Atyrau,32,2022-12-18,84.91572222222219,24,pm2_5,True,84.91572222222219,True,2022,-1.5,83,4.8,0.0,-0.22596360824801906,0.974135744004672,-0.7818314824680299,0.6234898018587334,Зима,train
Atyrau,32,2022-12-19,80.97331249999996,24,pm2_5,True,80.97331249999996,True,2022,1.2,90,4.52,0.3,-0.20917350564635637,0.9778785428342386,0.0,1.0,Зима,train
Atyrau,32,2022-12-20,67.67611666666663,20,pm2_5,True,67.67611666666663,True,2022,-2.3,83,6.43,0.7,-0.19232150523909483,0.9813319716704275,0.7818314824680298,0.6234898018587336,Зима,train
Atyrau,32,2022-12-21,78.07879861111107,24,pm2_5,True,78.07879861111107,True,2022,-3.5,87,5.65,0.0,-0.17541259380427843,0.9844950085880858,0.9749279121818236,-0.22252093395631434,Зима,train
Atyrau,32,2022-12-22,58.51991666666664,24,pm2_5,True,58.51991666666664,True,2022,-2.8,86,4.21,0.0,-0.15845177496083632,0.9873667175937016,0.43388373911755823,-0.900968867902419,Зима,train
Atyrau,32,2022-12-23,52.90973611111108,24,pm2_5,True,52.90973611111108,True,2022,-4.4,83,5.09,0.0,-0.14144406768794202,0.9899462489023779,-0.433883739117558,-0.9009688679024191,Зима,train
Atyrau,32,2022-12-24,68.31885416666664,24,pm2_5,True,68.31885416666664,True,2022,-4.3,76,7.06,0.0,-0.12439450483979998,0.9922328391893008,-0.9749279121818236,-0.2225209339563146,Зима,train
Atyrau,32,2022-12-25,63.56236805555554,24,pm2_5,True,63.56236805555554,True,2022,-6.4,81,5.01,0.0,-0.10730813165636247,0.9942258118156161,-0.7818314824680299,0.6234898018587334,Зима,train
Atyrau,32,2022-12-26,72.05015972222219,24,pm2_5,True,72.05015972222219,True,2022,-7.0,80,2.59,0.0,-0.09019000427034513,0.9959245770286599,0.0,1.0,Зима,train
Atyrau,32,2022-12-27,85.59648611111108,24,pm2_5,True,85.59648611111108,True,2022,-8.7,80,2.05,0.0,-0.07304518821104743,0.9973286321364752,0.7818314824680298,0.6234898018587336,Зима,train
Atyrau,32,2022-12-28,51.060159420289814,23,pm2_5,True,51.060159420289814,True,2022,-8.1,84,1.82,0.0,-0.05587875690537313,0.9984375616565666,0.9749279121818236,-0.22252093395631434,Зима,train
Atyrau,32,2022-12-29,79.99227083333331,24,pm2_5,True,79.99227083333331,True,2022,-1.8,90,4.97,1.7,-0.03869579017652689,0.9992510374388481,0.43388373911755823,-0.900968867902419,Зима,train
Atyrau,32,2022-12-30,84.81965972222218,24,pm2_5,True,84.81965972222218,True,2022,-1.3,88,4.55,0.0,-0.021501372740813793,0.999768818762748,-0.433883739117558,-0.9009688679024191,Зима,train
Atyrau,32,2023-01-01,62.15508695652171,23,pm2_5,True,62.15508695652171,True,2023,2.0,91,6.35,2.0,0.017201575418260506,0.9998520419557735,-0.7818314824680299,0.6234898018587334,Зима,train
Atyrau,32,2023-01-02,50.318173611111085,24,pm2_5,True,50.318173611111085,True,2023,4.1,94,8.4,6.5,0.03439806061360801,0.9994082116062598,0.0,1.0,Зима,train
Atyrau,32,2023-01-03,47.21402083333331,24,pm2_5,True,47.21402083333331,True,2023,2.0,84,6.37,0.0,0.051584366869408364,0.9986686402879997,0.7818314824680298,0.6234898018587336,Зима,train
Atyrau,32,2023-01-04,52.1658958333333,24,pm2_5,True,52.1658958333333,True,2023,3.0,94,7.02,0.0,0.06875540848113941,0.9976335468520451,0.9749279121818236,-0.22252093395631434,Зима,train
Atyrau,32,2023-01-05,57.63847222222219,24,pm2_5,True,57.63847222222219,True,2023,2.0,88,4.94,0.2,0.08590610426133272,0.9963032375991965,0.43388373911755823,-0.900968867902419,Зима,train
Atyrau,32,2023-01-06,62.60385416666663,24,pm2_5,True,62.60385416666663,True,2023,0.6,92,6.41,0.2,0.10303137904317879,0.9946781061893646,-0.433883739117558,-0.9009688679024191,Зима,train
Atyrau,32,2023-01-07,58.78497916666663,24,pm2_5,True,58.78497916666663,True,2023,-2.7,88,8.31,0.7,0.1201261651823505,0.9927586335250793,-0.9749279121818236,-0.2225209339563146,Зима,train
Atyrau,32,2023-01-08,54.80627083333329,24,pm2_5,True,54.80627083333329,True,2023,-17.2,65,6.23,0.0,0.13718540405660057,0.9905453876091833,-0.7818314824680299,0.6234898018587334,Зима,train
Atyrau,32,2023-01-09,65.95443749999997,24,pm2_5,True,65.95443749999997,True,2023,-16.8,71,4.43,0.0,0.1542040475626894,0.988039023376751,0.0,1.0,Зима,train
Atyrau,32,2023-01-10,81.26773611111108,24,pm2_5,True,81.26773611111108,True,2023,-21.8,61,5.03,0.0,0.17117705961019986,0.985240282501282,0.7818314824680298,0.6234898018587336,Зима,train
Atyrau,32,2023-01-11,77.88760416666663,24,pm2_5,True,77.88760416666663,True,2023,-20.0,61,4.14,0.0,0.18809941761179758,0.9821499931752291,0.9749279121818236,-0.22252093395631434,Зима,train
Atyrau,32,2023-01-12,80.90022222222218,24,pm2_5,True,80.90022222222218,True,2023,-14.2,67,7.12,0.0,0.20496611396949532,0.9787690698649216,0.43388373911755823,-0.900968867902419,Зима,train
Atyrau,32,2023-01-13,81.19775694444442,24,pm2_5,True,81.19775694444442,True,2023,-11.1,65,8.76,0.0,0.22177215755648186,0.975098513039961,-0.433883739117558,-0.9009688679024191,Зима,train
Atyrau,32,2023-01-14,68.22213888888886,24,pm2_5,True,68.22213888888886,True,2023,-9.2,60,8.64,0.0,0.23851257519407648,0.9711394088771653,-0.9749279121818236,-0.2225209339563146,Зима,train
Atyrau,32,2023-01-15,77.5129097222222,24,pm2_5,True,77.5129097222222,True,2023,-7.7,58,8.62,0.0,0.2551824131233728,0.9668929289391521,-0.7818314824680299,0.6234898018587334,Зима,train
Atyrau,32,2023-01-16,62.61265972222218,24,pm2_5,True,62.61265972222218,True,2023,-7.6,61,7.18,0.0,0.2717767384711357,0.9623603298276545,0.0,1.0,Зима,train
Atyrau,32,2023-01-17,69.62662318840577,23,pm2_5,True,69.62662318840577,True,2023,-6.9,62,6.21,0.0,0.2882906407095177,0.9575429528116719,0.7818314824680298,0.6234898018587336,Зима,train
Atyrau,32,2023-01-18,76.21665277777775,24,pm2_5,True,76.21665277777775,True,2023,-6.8,66,5.73,0.0,0.3047192331091634,0.9524422234305676,0.9749279121818236,-0.22252093395631434,Зима,train
Atyrau,32,2023-01-19,68.95988194444442,24,pm2_5,True,68.95988194444442,True,2023,-7.4,61,4.64,0.0,0.321057654185271,0.9470596510722283,0.43388373911755823,-0.900968867902419,Зима,train
Atyrau,32,2023-01-20,73.59561805555553,24,pm2_5,True,73.59561805555553,True,2023,-8.9,77,4.53,0.0,0.3373010691361842,0.9413968285264122,-0.433883739117558,-0.9009688679024191,Зима,train
Atyrau,32,2023-01-21,59.81661805555552,24,pm2_5,True,59.81661805555552,True,2023,-6.9,63,6.13,0.0,0.3534446712740877,0.9354554315134164,-0.9749279121818236,-0.2225209339563146,Зима,train
Atyrau,32,2023-01-22,75.50094444444441,24,pm2_5,True,75.50094444444441,True,2023,-4.6,60,5.92,0.0,0.3694836834473831,0.9292372181882051,-0.7818314824680299,0.6234898018587334,Зима,train
Atyrau,32,2023-01-23,74.02365277777774,24,pm2_5,True,74.02365277777774,True,2023,-4.8,55,4.47,0.0,0.38541335945432564,0.9227440286201427,0.0,1.0,Зима,train
Atyrau,32,2023-01-24,74.43136111111109,24,pm2_5,True,74.43136111111109,True,2023,-5.6,55,4.02,0.0,0.4012289854475009,0.9159777842484877,0.7818314824680298,0.6234898018587336,Зима,train
Atyrau,32,2023-01-25,75.83809722222219,24,pm2_5,True,75.83809722222219,True,2023,-7.9,72,3.72,0.0,0.4169258813287287,0.908940487313808,0.9749279121818236,-0.22252093395631434,Зима,train
Atyrau,32,2023-01-26,78.4685208333333,24,pm2_5,True,78.4685208333333,True,2023,-8.3,75,2.24,0.0,0.4324994021339788,0.901634220265486,0.43388373911755823,-0.900968867902419,Зима,train
Atyrau,32,2023-01-27,72.9795208333333,24,pm2_5,True,72.9795208333333,True,2023,-7.7,71,3.28,0.0,0.44794493940789115,0.8940611451454876,-0.433883739117558,-0.9009688679024191,Зима,train
Atyrau,32,2023-01-28,76.09831944444441,24,pm2_5,True,76.09831944444441,True,2023,-6.4,72,4.08,0.0,0.4632579225674917,0.88622350294858,-0.9749279121818236,-0.2225209339563146,Зима,train
Atyrau,32,2023-01-29,66.38951388888887,24,pm2_5,True,66.38951388888887,True,2023,-5.6,77,4.26,0.0,0.4784338202547012,0.8781236129591848,-0.7818314824680299,0.6234898018587334,Зима,train
Atyrau,32,2023-01-30,72.52126388888885,24,pm2_5,True,72.52126388888885,True,2023,-6.0,73,4.29,0.0,0.49346814167723735,0.8697638720650646,0.0,1.0,Зима,train
Atyrau,32,2023-01-31,62.107591666666636,20,pm2_5,True,62.107591666666636,True,2023,-5.7,69,5.33,0.0,0.5083564379375122,0.8611467540480452,0.7818314824680298,0.6234898018587336,Зима,train
Atyrau,32,2023-02-01,69.33599305555552,24,pm2_5,True,69.33599305555552,True,2023,-4.6,72,4.11,0.0,0.5230943033491326,0.8522748088519838,0.9749279121818236,-0.22252093395631434,Зима,train
Atyrau,32,2023-02-02,77.32407638888886,24,pm2_5,True,77.32407638888886,True,2023,-1.7,83,3.7,0.4,0.5376773767406141,0.8431506618282,0.43388373911755823,-0.900968867902419,Зима,train
Atyrau,32,2023-02-03,65.31460416666664,24,pm2_5,True,65.31460416666664,True,2023,-2.3,83,4.92,3.4,0.5521013427459208,0.8337770129585915,-0.433883739117558,-0.9009688679024191,Зима,train
Atyrau,32,2023-02-04,50.22888194444442,24,pm2_5,True,50.22888194444442,True,2023,-3.2,94,4.45,13.6,0.5663619330814524,0.8241566360566663,-0.9749279121818236,-0.2225209339563146,Зима,train
Atyrau,32,2023-02-05,53.75875694444443,24,pm2_5,True,53.75875694444443,True,2023,-10.6,91,2.98,0.0,0.580454927809098,0.8142923779467267,-0.7818314824680299,0.6234898018587334,Зима,train
Atyrau,32,2023-02-06,61.51518055555553,24,pm2_5,True,61.51518055555553,True,2023,-9.0,91,3.83,0.0,0.5943761565849831,0.804187157621448,0.0,1.0,Зима,train
Atyrau,32,2023-02-07,67.04393055555553,24,pm2_5,True,67.04393055555553,True,2023,-3.4,92,9.67,6.2,0.6081214998935418,0.7938439653781019,0.7818314824680298,0.6234898018587336,Зима,train
Atyrau,32,2023-02-08,59.218027777777756,24,pm2_5,True,59.218027777777756,True,2023,-7.4,82,9.12,0.0,0.6216868902665479,0.7832658619336791,0.9749279121818236,-0.22252093395631434,Зима,train
Atyrau,32,2023-02-09,68.63080555555553,24,pm2_5,True,68.63080555555553,True,2023,-12.4,87,4.61,0.0,0.6350683134867438,0.7724559775191742,0.43388373911755823,-0.900968867902419,Зима,train
Atyrau,32,2023-02-10,67.83416666666663,24,pm2_5,True,67.83416666666663,True,2023,-11.0,88,2.94,0.0,0.6482618097757122,0.7614175109532997,-0.433883739117558,-0.9009688679024191,Зима,train
Atyrau,32,2023-02-11,77.14881249999996,24,pm2_5,True,77.14881249999996,True,2023,-8.4,89,2.96,0.0,0.6612634749656386,0.7501537286959042,-0.9749279121818236,-0.2225209339563146,Зима,train
Atyrau,32,2023-02-12,61.65611111111108,24,pm2_5,True,61.65611111111108,True,2023,-7.3,89,5.2,0.0,0.6740694616546161,0.7386679638813748,-0.7818314824680299,0.6234898018587334,Зима,train
Atyrau,32,2023-02-13,76.23981944444442,24,pm2_5,True,76.23981944444442,True,2023,-3.4,89,5.41,0.2,0.6866759803451553,0.726963615332308,0.0,1.0,Зима,train
Atyrau,32,2023-02-14,84.59088194444442,24,pm2_5,True,84.59088194444442,True,2023,-3.9,92,5.88,4.2,0.6990793005655562,0.7150441465537444,0.7818314824680298,0.6234898018587336,Зима,train
Atyrau,32,2023-02-15,58.00520833333331,24,pm2_5,True,58.00520833333331,True,2023,0.3,90,6.92,1.1,0.7112757519738152,0.7029130847082615,0.9749279121818236,-0.22252093395631434,Зима,train
Atyrau,32,2023-02-16,48.667409722222196,24,pm2_5,True,48.667409722222196,True,2023,-1.7,93,5.21,6.1,0.7232617254437388,0.6905740195722293,0.43388373911755823,-0.900968867902419,Зима,train
Atyrau,32,2023-02-17,59.431770833333296,24,pm2_5,True,59.431770833333296,True,2023,-7.8,85,6.8,0.3,0.7350336741329413,0.6780306024735382,-0.433883739117558,-0.9009688679024191,Зима,train
Atyrau,32,2023-02-18,56.314715277777736,24,pm2_5,True,56.314715277777736,True,2023,-9.5,92,3.53,0.0,0.746588114532413,0.6652865452111116,-0.9749279121818236,-0.2225209339563146,Зима,train
Atyrau,32,2023-02-19,80.08790972222218,24,pm2_5,True,80.08790972222218,True,2023,-3.1,92,6.27,2.9,0.7579216274973472,0.6523456189565257,-0.7818314824680299,0.6234898018587334,Зима,train
Atyrau,32,2023-02-20,73.97310416666663,24,pm2_5,True,73.97310416666663,True,2023,0.7,94,5.15,1.8,0.7690308592589181,0.6392116531380588,0.0,1.0,Зима,train
Atyrau,32,2023-02-21,53.944034722222206,24,pm2_5,True,53.944034722222206,True,2023,0.2,90,5.54,2.6,0.7799125224167177,0.6258885343075018,0.7818314824680298,0.6234898018587336,Зима,train
Atyrau,32,2023-02-22,52.45776388888887,24,pm2_5,True,52.45776388888887,True,2023,0.9,91,8.63,3.5,0.7905633969115482,0.612380204990065,0.9749279121818236,-0.22252093395631434,Зима,train
Atyrau,32,2023-02-23,58.78695138888886,24,pm2_5,True,58.78695138888886,True,2023,-7.7,77,8.55,0.0,0.8009803309782905,0.5986906625177214,0.43388373911755823,-0.900968867902419,Зима,train
Atyrau,32,2023-02-24,59.430881944444415,24,pm2_5,True,59.430881944444415,True,2023,-9.7,77,5.84,0.0,0.8111602420785621,0.5848239578463322,-0.433883739117558,-0.9009688679024191,Зима,train
Atyrau,32,2023-02-25,81.36135416666663,24,pm2_5,True,81.36135416666663,True,2023,-5.8,80,6.34,0.0,0.8211001178128892,0.5707841943569036,-0.9749279121818236,-0.2225209339563146,Зима,train
Atyrau,32,2023-02-26,72.61217361111107,24,pm2_5,True,72.61217361111107,True,2023,-1.2,75,6.68,0.0,0.8307970168121247,0.5565755266413303,-0.7818314824680299,0.6234898018587334,Зима,train
Atyrau,32,2023-02-27,66.29181249999996,24,pm2_5,True,66.29181249999996,True,2023,0.4,85,3.91,0.0,0.8402480696078469,0.5422021592729844,0.0,1.0,Зима,train
Atyrau,32,2023-02-28,72.30404166666663,24,pm2_5,True,72.30404166666663,True,2023,1.1,96,4.26,0.0,0.8494504794814806,0.527668345562516,0.7818314824680298,0.6234898018587336,Зима,train
Atyrau,32,2023-03-01,60.91650694444439,24,pm2_5,True,60.91650694444439,True,2023,1.9,87,6.58,0.0,0.8584015232918917,0.512978386299228,0.9749279121818236,-0.22252093395631434,Весна,train
Atyrau,32,2023-03-02,49.84650694444441,24,pm2_5,True,49.84650694444441,True,2023,-0.2,76,5.22,0.0,0.8670985522812081,0.4981366284784055,0.43388373911755823,-0.900968867902419,Весна,train
Atyrau,32,2023-03-03,54.397472222222184,24,pm2_5,True,54.397472222222184,True,2023,-1.5,74,5.83,0.0,0.8755389928586302,0.4831474640149687,-0.433883739117558,-0.9009688679024191,Весна,train
Atyrau,32,2023-03-04,59.45265972222219,24,pm2_5,True,59.45265972222219,True,2023,-0.0,79,3.0,0.0,0.8837203473619977,0.4680153284438345,-0.9749279121818236,-0.2225209339563146,Весна,train
Atyrau,32,2023-03-05,49.5577708333333,24,pm2_5,True,49.5577708333333,True,2023,2.3,85,6.12,0.0,0.8916401947968874,0.45274469960737107,-0.7818314824680299,0.6234898018587334,Весна,train
Atyrau,32,2023-03-06,62.071368055555524,24,pm2_5,True,62.071368055555524,True,2023,4.3,87,4.38,1.2,0.8992961915530253,0.4373400963303323,0.0,1.0,Весна,train
Atyrau,32,2023-03-07,52.00190277777775,24,pm2_5,True,52.00190277777775,True,2023,3.7,79,5.75,1.9,0.9066860720977985,0.4218060770826634,0.7818314824680298,0.6234898018587336,Весна,train
Atyrau,32,2023-03-08,59.58756249999997,24,pm2_5,True,59.58756249999997,True,2023,1.0,76,4.78,0.0,0.9138076496466615,0.4061472386305789,0.9749279121818236,-0.22252093395631434,Весна,train
Atyrau,32,2023-03-09,66.7157222222222,24,pm2_5,True,66.7157222222222,True,2023,3.8,80,5.49,0.0,0.9206588168102428,0.3903682146763026,0.43388373911755823,-0.900968867902419,Весна,train
Atyrau,32,2023-03-10,49.70706249999996,24,pm2_5,True,49.70706249999996,True,2023,6.3,84,3.68,0.8,0.9272375462179537,0.374473674486883,-0.433883739117558,-0.9009688679024191,Весна,train
Atyrau,32,2023-03-11,72.01532638888887,24,pm2_5,True,72.01532638888887,True,2023,2.9,94,3.41,0.0,0.9335418911179212,0.35846832151248087,-0.9749279121818236,-0.2225209339563146,Весна,train
Atyrau,32,2023-03-15,70.48724999999996,24,pm2_5,True,70.48724999999996,True,2023,3.3,61,7.88,0.0,0.9559793438440766,0.2934339689665273,0.9749279121818236,-0.22252093395631434,Весна,train
Atyrau,32,2023-03-16,78.16445138888885,24,pm2_5,True,78.16445138888885,True,2023,6.4,55,9.38,0.0,0.9608854255574977,0.27694620226893646,0.43388373911755823,-0.900968867902419,Весна,train
Atyrau,32,2023-03-17,53.56190277777775,24,pm2_5,True,53.56190277777775,True,2023,8.2,57,7.87,0.0,0.9655071658143364,0.2603764827344581,-0.433883739117558,-0.9009688679024191,Весна,train
Atyrau,32,2023-03-18,73.12745833333331,24,pm2_5,True,73.12745833333331,True,2023,9.1,58,5.75,0.0,0.969843196967294,0.24372971360968387,-0.9749279121818236,-0.2225209339563146,Весна,train
Atyrau,32,2023-03-19,65.03716666666664,24,pm2_5,True,65.03716666666664,True,2023,9.1,56,5.86,0.0,0.9738922359149924,0.22701082094141847,-0.7818314824680299,0.6234898018587334,Весна,train
Atyrau,32,2023-03-20,64.43216666666663,24,pm2_5,True,64.43216666666663,True,2023,7.9,62,6.5,0.0,0.9776530844816641,0.2102247521189836,0.0,1.0,Весна,train
Atyrau,32,2023-03-21,65.8846597222222,24,pm2_5,True,65.8846597222222,True,2023,8.4,63,5.38,0.0,0.981124629771712,0.19337647441020586,0.7818314824680298,0.6234898018587336,Весна,train
Atyrau,32,2023-03-22,62.07526388888886,24,pm2_5,True,62.07526388888886,True,2023,9.0,61,4.22,0.0,0.984305844499033,0.17647097349152166,0.9749279121818236,-0.22252093395631434,Весна,train
Atyrau,32,2023-03-23,74.29160416666663,24,pm2_5,True,74.29160416666663,True,2023,9.9,55,3.43,0.0,0.9871957872910085,0.15951325197263655,0.43388373911755823,-0.900968867902419,Весна,train
Atyrau,32,2023-03-24,57.229548611111085,24,pm2_5,True,57.229548611111085,True,2023,10.3,54,4.14,0.0,0.9897936029670716,0.14250832791617088,-0.433883739117558,-0.9009688679024191,Весна,train
Atyrau,32,2023-03-25,71.19243749999997,24,pm2_5,True,71.19243749999997,True,2023,10.8,70,2.83,0.0,0.992098522791769,0.12546123335273648,-0.9749279121818236,-0.2225209339563146,Весна,train
Atyrau,32,2023-03-26,44.903326388888864,24,pm2_5,True,44.903326388888864,True,2023,12.2,58,4.1,0.0,0.9941098647022418,0.10837701279187609,-0.7818314824680299,0.6234898018587334,Весна,train
Atyrau,32,2023-03-27,58.29521527777775,24,pm2_5,True,58.29521527777775,True,2023,15.1,44,6.0,0.0,0.9958270335100595,0.09126072172931188,0.0,1.0,Весна,train
Atyrau,32,2023-03-28,62.81148611111109,24,pm2_5,True,62.81148611111109,True,2023,13.0,67,5.27,0.5,0.9972495210773451,0.07411742515094437,0.7818314824680298,0.6234898018587336,Весна,train
Atyrau,32,2023-03-29,69.17456944444442,24,pm2_5,True,69.17456944444442,True,2023,11.1,80,2.27,0.0,0.998376906467142,0.056952196034039754,0.9749279121818236,-0.22252093395631434,Весна,train
Atyrau,32,2023-03-30,51.55048550724635,23,pm2_5,True,51.55048550724635,True,2023,13.8,67,5.47,0.0,0.9992088560679753,0.03977011384605572,0.43388373911755823,-0.900968867902419,Весна,train
Atyrau,32,2023-03-31,57.63870833333329,24,pm2_5,True,57.63870833333329,True,2023,8.8,53,7.22,1.3,0.9997451236925734,0.022576263041545485,-0.433883739117558,-0.9009688679024191,Весна,train
Atyrau,32,2023-04-01,66.17029166666664,24,pm2_5,True,66.17029166666664,True,2023,10.3,60,9.12,3.2,0.9999855506507186,0.005375731557583884,-0.9749279121818236,-0.2225209339563146,Весна,train
Atyrau,32,2023-04-02,51.871826388888856,24,pm2_5,True,51.871826388888856,True,2023,11.0,56,4.87,0.0,0.9999300657962057,-0.011826390691832589,-0.7818314824680299,0.6234898018587334,Весна,train
Atyrau,32,2023-04-03,71.50345138888885,24,pm2_5,True,71.50345138888885,True,2023,10.2,78,3.27,0.0,0.9995786855478958,-0.029025013321975237,0.0,1.0,Весна,train
Atyrau,32,2023-04-04,53.50309027777775,24,pm2_5,True,53.50309027777775,True,2023,13.1,60,5.29,0.0,0.9989315138848577,-0.046215046983708354,0.7818314824680298,0.6234898018587336,Весна,train
Atyrau,32,2023-04-05,73.27935416666665,24,pm2_5,True,73.27935416666665,True,2023,13.6,53,2.83,0.0,0.9979887423155984,-0.06339140486951038,0.9749279121818236,-0.22252093395631434,Весна,train
Atyrau,32,2023-04-06,61.299951388888864,24,pm2_5,True,61.299951388888864,True,2023,14.1,53,3.0,0.0,0.9967506498213929,-0.08054900421874167,0.43388373911755823,-0.900968867902419,Весна,train
Atyrau,32,2023-04-07,66.41563194444443,24,pm2_5,True,66.41563194444443,True,2023,14.8,63,2.82,0.0,0.9952176027737294,-0.09768276782171598,-0.433883739117558,-0.9009688679024191,Весна,train
Atyrau,32,2023-04-08,54.006784722222186,24,pm2_5,True,54.006784722222186,True,2023,14.7,60,2.65,0.9,0.9933900548258936,-0.11478762552212701,-0.9749279121818236,-0.2225209339563146,Весна,train
Atyrau,32,2023-04-09,56.57861805555553,24,pm2_5,True,56.57861805555553,True,2023,14.5,62,4.22,0.4,0.9912685467787256,-0.13185851571739118,-0.7818314824680299,0.6234898018587334,Весна,train
Atyrau,32,2023-04-10,55.73082638888886,24,pm2_5,True,55.73082638888886,True,2023,14.1,57,4.19,0.0,0.9888537064205885,-0.1488903868564548,0.0,1.0,Весна,train
Atyrau,32,2023-04-11,64.61971527777776,24,pm2_5,True,64.61971527777776,True,2023,13.8,52,4.11,0.0,0.986146248341595,-0.16587819893463143,0.7818314824680298,0.6234898018587336,Весна,train
Atyrau,32,2023-04-12,59.5105347222222,24,pm2_5,True,59.5105347222222,True,2023,17.5,39,9.35,0.8,0.9831469737221499,-0.1828169249850199,0.9749279121818236,-0.22252093395631434,Весна,train
Atyrau,32,2023-04-13,54.5968194444444,24,pm2_5,True,54.5968194444444,True,2023,18.9,50,7.94,0.3,0.9798567700958665,-0.1997015525660636,0.43388373911755823,-0.900968867902419,Весна,train
Atyrau,32,2023-04-14,54.72815277777775,24,pm2_5,True,54.72815277777775,True,2023,13.1,83,8.9,7.3,0.9762766110869321,-0.21652708524481437,-0.433883739117558,-0.9009688679024191,Весна,train
Atyrau,32,2023-04-15,50.32830555555552,24,pm2_5,True,50.32830555555552,True,2023,7.7,83,9.22,4.9,0.9724075561219968,-0.23328854407545518,-0.9749279121818236,-0.2225209339563146,Весна,train
Atyrau,32,2023-04-16,48.47326388888887,24,pm2_5,True,48.47326388888887,True,2023,4.7,51,8.27,0.0,0.9682507501166718,-0.2499809690726521,-0.7818314824680299,0.6234898018587334,Весна,train
Atyrau,32,2023-04-17,63.20597222222219,24,pm2_5,True,63.20597222222219,True,2023,8.5,53,4.08,0.0,0.9638074231367307,-0.26659942067929354,0.0,1.0,Весна,train
Atyrau,32,2023-04-18,67.79410416666664,24,pm2_5,True,67.79410416666664,True,2023,10.4,51,4.28,0.0,0.9590788900341131,-0.28313898122818354,0.7818314824680298,0.6234898018587336,Весна,train
Atyrau,32,2023-04-19,66.33679166666664,24,pm2_5,True,66.33679166666664,True,2023,12.1,45,6.46,0.0,0.9540665500578387,-0.2995947563972602,0.9749279121818236,-0.22252093395631434,Весна,train
Atyrau,32,2023-04-21,51.969493055555525,24,pm2_5,True,51.969493055555525,True,2023,15.9,37,9.75,0.0,0.9431964659565866,-0.33223549871590435,-0.433883739117558,-0.9009688679024191,Весна,train
Atyrau,32,2023-04-22,75.44331944444441,24,pm2_5,True,75.44331944444441,True,2023,15.1,68,6.42,0.0,0.9373419384643772,-0.3484108069446808,-0.9749279121818236,-0.2225209339563146,Весна,train
Atyrau,32,2023-04-23,47.032881944444426,24,pm2_5,True,47.032881944444426,True,2023,15.5,63,5.61,0.0,0.9312100364121947,-0.3644830148102912,-0.7818314824680299,0.6234898018587334,Весна,train
Atyrau,32,2023-04-24,56.86613194444441,24,pm2_5,True,56.86613194444441,True,2023,17.9,54,5.72,0.3,0.9248025743285089,-0.38044736628785164,0.0,1.0,Весна,train
Atyrau,32,2023-04-25,54.91234027777774,24,pm2_5,True,54.91234027777774,True,2023,20.3,41,10.34,0.6,0.9181214482844364,-0.39629913726891813,0.7818314824680298,0.6234898018587336,Весна,train
Atyrau,32,2023-04-26,67.29868749999996,24,pm2_5,True,67.29868749999996,True,2023,16.0,80,4.96,15.5,0.9111686353326631,-0.41203363695942635,0.9749279121818236,-0.22252093395631434,Весна,train
Atyrau,32,2023-04-27,52.06511111111109,24,pm2_5,True,52.06511111111109,True,2023,17.5,71,4.69,0.0,0.9039461929224011,-0.42764620926777464,0.43388373911755823,-0.900968867902419,Весна,train
Atyrau,32,2023-04-28,46.71323611111109,24,pm2_5,True,46.71323611111109,True,2023,19.0,64,2.49,0.0,0.8964562582905575,-0.44313223418263453,-0.433883739117558,-0.9009688679024191,Весна,train
Atyrau,32,2023-04-29,47.1361458333333,24,pm2_5,True,47.1361458333333,True,2023,22.1,48,4.97,0.0,0.8887010478292915,-0.45848712914008766,-0.9749279121818236,-0.2225209339563146,Весна,train
Atyrau,32,2023-04-30,50.021069444444414,24,pm2_5,True,50.021069444444414,True,2023,24.6,40,7.52,0.0,0.8806828564301475,-0.47370635037968,-0.7818314824680299,0.6234898018587334,Весна,train
Atyrau,32,2023-05-02,46.890903508771906,19,pm2_5,True,46.890903508771906,True,2023,22.6,39,3.97,0.0,0.8638670987837349,-0.503719798736334,0.7818314824680298,0.6234898018587336,Весна,train
Atyrau,32,2023-05-03,42.397805555555514,24,pm2_5,True,42.397805555555514,True,2023,19.5,62,7.96,5.2,0.8550745085896932,-0.518505144391157,0.9749279121818236,-0.22252093395631434,Весна,train
Atyrau,32,2023-05-04,56.83460416666663,24,pm2_5,True,56.83460416666663,True,2023,16.4,77,7.8,0.3,0.8460288880917339,-0.533137056031809,0.43388373911755823,-0.900968867902419,Весна,train
Atyrau,32,2023-05-05,52.97738888888886,24,pm2_5,True,52.97738888888886,True,2023,17.2,55,4.83,0.0,0.8367329140344921,-0.5476112038402312,-0.433883739117558,-0.9009688679024191,Весна,train
Atyrau,32,2023-05-06,45.25949999999997,24,pm2_5,True,45.25949999999997,True,2023,18.7,39,3.13,0.0,0.8271893372462497,-0.5619233046832195,-0.9749279121818236,-0.2225209339563146,Весна,train
Atyrau,32,2023-05-07,63.2980833333333,24,pm2_5,True,63.2980833333333,True,2023,19.9,39,3.36,0.0,0.8174009818249189,-0.5760691233798758,-0.7818314824680299,0.6234898018587334,Весна,train
Atyrau,32,2023-05-08,69.45876388888885,24,pm2_5,True,69.45876388888885,True,2023,18.9,48,5.37,0.1,0.8073707443023492,-0.5900444739548627,0.0,1.0,Весна,train
Atyrau,32,2023-05-09,53.41445833333329,24,pm2_5,True,53.41445833333329,True,2023,21.1,50,6.81,0.0,0.7971015927871943,-0.6038452208771035,0.7818314824680298,0.6234898018587336,Весна,train
Atyrau,32,2023-05-10,61.13510416666664,24,pm2_5,True,61.13510416666664,True,2023,19.4,56,5.46,0.0,0.7865965660866021,-0.6174672802835514,0.9749279121818236,-0.22252093395631434,Весна,train
Atyrau,32,2023-05-11,59.079722222222195,24,pm2_5,True,59.079722222222195,True,2023,19.1,58,4.02,2.9,0.7758587728069828,-0.6309066211876704,0.43388373911755823,-0.900968867902419,Весна,train
Atyrau,32,2023-05-12,54.783333333333296,24,pm2_5,True,54.783333333333296,True,2023,15.4,62,7.02,1.5,0.7648913904341225,-0.6441592666722685,-0.433883739117558,-0.9009688679024191,Весна,train
Atyrau,32,2023-05-13,64.82290972222218,24,pm2_5,True,64.82290972222218,True,2023,16.5,51,5.43,0.0,0.753697664392914,-0.6572212950663319,-0.9749279121818236,-0.2225209339563146,Весна,train
Atyrau,32,2023-05-14,55.61285416666663,24,pm2_5,True,55.61285416666663,True,2023,17.4,52,1.48,0.0,0.742280907086982,-0.6700888411055113,-0.7818314824680299,0.6234898018587334,Весна,train
Atyrau,32,2023-05-15,71.16095833333331,24,pm2_5,True,71.16095833333331,True,2023,19.0,55,2.65,0.0,0.7306444969184916,-0.6827580970759147,0.0,1.0,Весна,train
Atyrau,32,2023-05-16,60.4600972222222,24,pm2_5,True,60.4600972222222,True,2023,19.0,41,5.16,0.0,0.7187918772884232,-0.6952253139408722,0.7818314824680298,0.6234898018587336,Весна,train
Atyrau,32,2023-05-17,53.57209027777776,24,pm2_5,True,53.57209027777776,True,2023,15.6,70,5.88,5.2,0.7067265555776158,-0.7074868024503348,0.9749279121818236,-0.22252093395631434,Весна,train
Atyrau,32,2023-05-18,61.551673611111084,24,pm2_5,True,61.551673611111084,True,2023,17.3,71,5.26,1.0,0.6944521021088763,-0.719538934232584,0.43388373911755823,-0.900968867902419,Весна,train
Atyrau,32,2023-05-19,49.37894444444441,24,pm2_5,True,49.37894444444441,True,2023,18.3,66,3.35,0.1,0.6819721490904629,-0.7313781428679254,-0.433883739117558,-0.9009688679024191,Весна,train
Atyrau,32,2023-05-20,50.79944444444441,24,pm2_5,True,50.79944444444441,True,2023,20.1,53,2.84,0.0,0.6692903895412567,-0.7430009249440493,-0.9749279121818236,-0.2225209339563146,Весна,train
Atyrau,32,2023-05-21,53.42026388888885,24,pm2_5,True,53.42026388888885,True,2023,20.7,50,4.39,0.0,0.6564105761979381,-0.7544038410927472,-0.7818314824680299,0.6234898018587334,Весна,train
Atyrau,32,2023-05-22,52.10584027777775,24,pm2_5,True,52.10584027777775,True,2023,21.4,55,6.89,1.8,0.6433365204044917,-0.765583517007675,0.0,1.0,Весна,train
Atyrau,32,2023-05-23,57.123902777777744,24,pm2_5,True,57.123902777777744,True,2023,23.9,45,7.7,0.3,0.6300720909843687,-0.7765366444428655,0.7818314824680298,0.6234898018587336,Весна,train
Atyrau,32,2023-05-24,51.04845138888885,24,pm2_5,True,51.04845138888885,True,2023,26.2,31,9.06,0.0,0.6166212130956382,-0.7872599821916922,0.9749279121818236,-0.22252093395631434,Весна,train
Atyrau,32,2023-05-25,55.85038194444442,24,pm2_5,True,55.85038194444442,True,2023,26.8,28,9.13,0.0,0.6029878670694714,-0.7977503570459932,0.43388373911755823,-0.900968867902419,Весна,train
Atyrau,32,2023-05-26,67.70507407407405,18,pm2_5,True,67.70507407407405,True,2023,26.6,30,7.54,0.0,0.5891760872322963,-0.8080046647350754,-0.433883739117558,-0.9009688679024191,Весна,train
Atyrau,32,2023-05-27,68.05119444444442,24,pm2_5,True,68.05119444444442,True,2023,27.2,31,4.88,0.0,0.5751899607119775,-0.8180198708443174,-0.9749279121818236,-0.2225209339563146,Весна,train
Atyrau,32,2023-05-28,69.56974305555552,24,pm2_5,True,69.56974305555552,True,2023,28.1,31,5.0,0.0,0.5610336262283677,-0.8277930117131022,-0.7818314824680299,0.6234898018587334,Весна,train
Atyrau,32,2023-05-29,65.58998611111109,24,pm2_5,True,65.58998611111109,True,2023,27.1,36,5.92,0.0,0.5467112728685939,-0.8373211953118121,0.0,1.0,Весна,train
Atyrau,32,2023-05-30,63.31474305555552,24,pm2_5,True,63.31474305555552,True,2023,28.7,31,8.84,0.0,0.5322271388474397,-0.8466016020976267,0.7818314824680298,0.6234898018587336,Весна,train
Atyrau,32,2023-05-31,66.74520833333331,24,pm2_5,True,66.74520833333331,True,2023,28.8,29,6.62,0.0,0.5175855102531889,-0.8556314858488706,0.9749279121818236,-0.22252093395631434,Весна,train
Atyrau,32,2023-06-01,61.156138888888854,24,pm2_5,True,61.156138888888854,True,2023,26.9,47,5.8,0.0,0.5027907197793043,-0.8644081744776648,0.43388373911755823,-0.900968867902419,Лето,train
Atyrau,32,2023-06-02,56.46789583333331,24,pm2_5,True,56.46789583333331,True,2023,22.9,67,7.62,0.0,0.4878471454423119,-0.8729290708206411,-0.433883739117558,-0.9009688679024191,Лето,train
Atyrau,32,2023-06-03,63.467083333333306,24,pm2_5,True,63.467083333333306,True,2023,25.0,59,3.06,0.5,0.47275920928627757,-0.881191653407483,-0.9749279121818236,-0.2225209339563146,Лето,train
Atyrau,32,2023-06-04,46.138749999999966,24,pm2_5,True,46.138749999999966,True,2023,27.3,44,2.71,0.0,0.4575313760742512,-0.8891934772070711,-0.7818314824680299,0.6234898018587334,Лето,train
Atyrau,32,2023-06-05,59.25081249999996,24,pm2_5,True,59.25081249999996,True,2023,29.2,39,3.64,0.1,0.44216815196707204,-0.8969321743510065,0.0,1.0,Лето,train
Atyrau,32,2023-06-06,55.102381944444424,24,pm2_5,True,55.102381944444424,True,2023,26.6,47,7.46,0.0,0.42667408318992467,-0.9044054548343001,0.7818314824680298,0.6234898018587336,Лето,train
Atyrau,32,2023-06-07,54.14731249999997,24,pm2_5,True,54.14731249999997,True,2023,21.5,39,6.69,0.0,0.4110537546870351,-0.9116111071930239,0.9749279121818236,-0.22252093395631434,Лето,train
Atyrau,32,2023-06-08,66.48500694444441,24,pm2_5,True,66.48500694444441,True,2023,23.2,33,3.92,0.0,0.3953117887649151,-0.9185469991587165,0.43388373911755823,-0.900968867902419,Лето,train
Atyrau,32,2023-06-09,74.81334027777774,24,pm2_5,True,74.81334027777774,True,2023,24.2,40,3.51,0.0,0.37945284372454435,-0.925211078289358,-0.433883739117558,-0.9009688679024191,Лето,train
Atyrau,32,2023-06-10,65.4720208333333,24,pm2_5,True,65.4720208333333,True,2023,25.8,34,3.38,0.0,0.36348161248290634,-0.9316013725767187,-0.9749279121818236,-0.2225209339563146,Лето,train
Atyrau,32,2023-06-11,52.998486111111085,24,pm2_5,True,52.998486111111085,True,2023,28.1,30,5.34,0.0,0.3474028211842774,-0.9377159910299093,-0.7818314824680299,0.6234898018587334,Лето,train
Atyrau,32,2023-06-12,49.072958333333304,24,pm2_5,True,49.072958333333304,True,2023,29.7,28,5.08,0.0,0.3312212278016865,-0.9435531242349544,0.0,1.0,Лето,train
Atyrau,32,2023-06-13,67.44024305555551,24,pm2_5,True,67.44024305555551,True,2023,30.7,26,3.94,0.0,0.31494162072895193,-0.9491110448902284,0.7818314824680298,0.6234898018587336,Лето,train
Atyrau,32,2023-06-14,54.1355833333333,24,pm2_5,True,54.1355833333333,True,2023,30.6,27,5.3,0.0,0.2985688173637202,-0.9543881083175908,0.9749279121818236,-0.22252093395631434,Лето,train
Atyrau,32,2023-06-15,42.98243749999998,24,pm2_5,True,42.98243749999998,True,2023,30.3,27,6.86,0.0,0.2821076626819194,-0.9593827529490743,0.43388373911755823,-0.900968867902419,Лето,train
Atyrau,32,2023-06-16,69.4875833333333,24,pm2_5,True,69.4875833333333,True,2023,28.8,37,6.07,0.0,0.26556302780405594,-0.9640935007889755,-0.433883739117558,-0.9009688679024191,Лето,train
Atyrau,32,2023-06-17,53.85527083333329,24,pm2_5,True,53.85527083333329,True,2023,27.8,53,4.94,1.1,0.24893980855376657,-0.9685189578512204,-0.9749279121818236,-0.2225209339563146,Лето,train
Atyrau,32,2023-06-18,56.26445138888886,24,pm2_5,True,56.26445138888886,True,2023,25.3,60,5.81,3.2,0.23224292400907015,-0.9726578145718654,-0.7818314824680299,0.6234898018587334,Лето,train
Atyrau,32,2023-06-19,30.252534722222197,24,pm2_5,True,30.252534722222197,True,2023,20.6,38,7.63,0.0,0.21547731504673012,-0.976508846196619,0.0,1.0,Лето,train
Atyrau,32,2023-06-20,70.61163888888885,24,pm2_5,True,70.61163888888885,True,2023,19.2,34,4.31,0.0,0.19864794288017112,-0.9800709131432666,0.7818314824680298,0.6234898018587336,Лето,train
Atyrau,32,2023-06-21,63.136361111111086,24,pm2_5,True,63.136361111111086,True,2023,22.6,48,7.83,0.8,0.18175978759137534,-0.9833429613388902,0.9749279121818236,-0.22252093395631434,Лето,train
Atyrau,32,2023-06-22,77.05732638888887,24,pm2_5,True,77.05732638888887,True,2023,20.8,43,4.85,0.0,0.16481784665719793,-0.9863240225317866,0.43388373911755823,-0.900968867902419,Лето,train
Atyrau,32,2023-06-23,63.2913958333333,24,pm2_5,True,63.2913958333333,True,2023,19.6,38,5.1,0.0,0.14782713347053048,-0.9890132145779883,-0.433883739117558,-0.9009688679024191,Лето,train
Atyrau,32,2023-06-24,57.403548611111084,24,pm2_5,True,57.403548611111084,True,2023,22.9,55,5.86,0.0,0.13079267585675922,-0.9914097417023038,-0.9749279121818236,-0.2225209339563146,Лето,train
Atyrau,32,2023-06-25,58.36002777777773,24,pm2_5,True,58.36002777777773,True,2023,23.6,68,8.23,0.1,0.11371951458594969,-0.9935128947338007,-0.7818314824680299,0.6234898018587334,Лето,train
Atyrau,32,2023-06-26,60.478499999999976,24,pm2_5,True,60.478499999999976,True,2023,21.9,45,4.84,0.0,0.0966127018812031,-0.9953220513156602,0.0,1.0,Лето,train
Atyrau,32,2023-06-27,56.70247916666663,24,pm2_5,True,56.70247916666663,True,2023,23.6,33,3.86,0.0,0.07947729992362097,-0.9968366760893436,0.7818314824680298,0.6234898018587336,Лето,train
Atyrau,32,2023-06-28,69.20339583333329,24,pm2_5,True,69.20339583333329,True,2023,25.2,37,3.7,0.0,0.062318379354325076,-0.998056320853012,0.9749279121818236,-0.22252093395631434,Лето,train
Atyrau,32,2023-06-29,59.48909722222219,24,pm2_5,True,59.48909722222219,True,2023,26.3,45,3.64,0.0,0.04514101777397193,-0.9989806246941579,0.43388373911755823,-0.900968867902419,Лето,train
Atyrau,32,2023-06-30,60.37535416666665,24,pm2_5,True,60.37535416666665,True,2023,27.6,48,4.02,0.0,0.02795029824021032,-0.999609314096404,-0.433883739117558,-0.9009688679024191,Лето,train
Atyrau,32,2023-07-01,60.42011805555552,24,pm2_5,True,60.42011805555552,True,2023,22.4,62,7.06,3.9,0.01075130776352193,-0.9999422030204416,-0.9749279121818236,-0.2225209339563146,Лето,train
Atyrau,32,2023-07-02,57.72480555555552,24,pm2_5,True,57.72480555555552,True,2023,23.5,60,6.87,0.0,-0.00645086419810515,-0.9999791929590823,-0.7818314824680299,0.6234898018587334,Лето,train
Atyrau,32,2023-07-03,45.98829166666664,24,pm2_5,True,45.98829166666664,True,2023,26.8,57,5.89,0.0,-0.023651127245231586,-0.9997202729664083,0.0,1.0,Лето,train
Atyrau,32,2023-07-04,46.28706944444442,24,pm2_5,True,46.28706944444442,True,2023,28.9,47,4.29,0.0,-0.04084439154329611,-0.9991655196610109,0.7818314824680298,0.6234898018587336,Лето,train
Atyrau,32,2023-07-05,57.50620833333331,24,pm2_5,True,57.50620833333331,True,2023,29.2,46,4.42,0.2,-0.05802556932878035,-0.9983150972033183,0.9749279121818236,-0.22252093395631434,Лето,train
Atyrau,32,2023-07-06,53.422284722222194,24,pm2_5,True,53.422284722222194,True,2023,31.4,38,3.68,0.0,-0.07518957641475855,-0.9971692572470178,0.43388373911755823,-0.900968867902419,Лето,train
Atyrau,32,2023-07-07,56.98390277777775,24,pm2_5,True,56.98390277777775,True,2023,32.8,33,3.5,0.0,-0.09233133369539122,-0.9957283388645872,-0.433883739117558,-0.9009688679024191,Лето,train
Atyrau,32,2023-07-08,53.763111111111094,24,pm2_5,True,53.763111111111094,True,2023,33.7,32,4.42,0.0,-0.10944576864891556,-0.993992768446958,-0.9749279121818236,-0.2225209339563146,Лето,train
Atyrau,32,2023-07-09,55.36693749999997,24,pm2_5,True,55.36693749999997,True,2023,34.1,31,6.47,0.0,-0.12652781683868314,-0.9919630595773397,-0.7818314824680299,0.6234898018587334,Лето,train
Atyrau,32,2023-07-10,58.82516666666664,23,pm2_5,True,58.82516666666664,True,2023,33.7,31,8.55,0.0,-0.1435724234118113,-0.9896398128792412,0.0,1.0,Лето,train
Atyrau,32,2023-07-11,52.740013888888846,24,pm2_5,True,52.740013888888846,True,2023,29.1,48,7.15,0.0,-0.16057454459499376,-0.9870237158387383,0.7818314824680298,0.6234898018587336,Лето,train
Atyrau,32,2023-07-12,67.14151754385962,19,pm2_5,True,67.14151754385962,True,2023,26.3,45,6.68,1.0,-0.17752914918703497,-0.984115542601034,0.9749279121818236,-0.22252093395631434,Лето,train
Atyrau,32,2023-07-13,45.73670138888886,24,pm2_5,True,45.73670138888886,True,2023,23.8,55,7.4,0.2,-0.19443122004766195,-0.9809161537413774,0.43388373911755823,-0.900968867902419,Лето,train
Atyrau,32,2023-07-14,61.848618055555534,24,pm2_5,True,61.848618055555534,True,2023,23.2,46,6.61,0.0,-0.2112757555821793,-0.9774264960104055,-0.433883739117558,-0.9009688679024191,Лето,train
Atyrau,32,2023-07-15,55.69160416666665,24,pm2_5,True,55.69160416666665,True,2023,25.9,65,8.25,0.1,-0.2280577712215198,-0.9736476020539838,-0.9749279121818236,-0.2225209339563146,Лето,train
Atyrau,32,2023-07-16,45.76084722222217,24,pm2_5,True,45.76084722222217,True,2023,23.1,52,8.79,0.0,-0.24477230089725957,-0.9695805901076308,-0.7818314824680299,0.6234898018587334,Лето,train
Atyrau,32,2023-07-17,57.47018055555552,24,pm2_5,True,57.47018055555552,True,2023,23.1,57,5.63,1.8,-0.2614143985111562,-0.965226663665613,0.0,1.0,Лето,train
Atyrau,32,2023-07-18,67.47105555555552,24,pm2_5,True,67.47105555555552,True,2023,24.2,55,6.3,0.1,-0.2779791393987801,-0.9605871111248129,0.7818314824680298,0.6234898018587336,Лето,train
Atyrau,32,2023-07-19,65.13482638888884,24,pm2_5,True,65.13482638888884,True,2023,26.7,50,6.7,0.0,-0.2944616217868012,-0.9556633054034704,0.9749279121818236,-0.22252093395631434,Лето,train
Atyrau,32,2023-07-20,64.13293055555552,24,pm2_5,True,64.13293055555552,True,2023,27.3,56,6.0,0.0,-0.3108569682435036,-0.9504567035349151,0.43388373911755823,-0.900968867902419,Лето,train
Atyrau,32,2023-07-21,60.137458333333306,24,pm2_5,True,60.137458333333306,True,2023,27.3,38,2.78,0.0,-0.3271603271220951,-0.9449688462364056,-0.433883739117558,-0.9009688679024191,Лето,train
Atyrau,32,2023-07-22,73.47428260869562,23,pm2_5,True,73.47428260869562,True,2023,29.4,44,3.29,0.0,-0.34336687399638804,-0.939201357453208,-0.9749279121818236,-0.2225209339563146,Лето,train
Atyrau,32,2023-07-23,58.45269565217389,23,pm2_5,True,58.45269565217389,True,2023,29.2,38,3.65,0.0,-0.3594718130884232,-0.9331559438780432,-0.7818314824680299,0.6234898018587334,Лето,train
Atyrau,32,2023-07-24,69.2698819444444,24,pm2_5,True,69.2698819444444,True,2023,29.1,39,4.26,0.0,-0.3754703786876202,-0.9268343944460494,0.0,1.0,Лето,train
Atyrau,32,2023-07-25,62.69506944444441,24,pm2_5,True,62.69506944444441,True,2023,25.1,62,3.48,8.2,-0.3913578365610259,-0.9202385798054075,0.7818314824680298,0.6234898018587336,Лето,train
Atyrau,32,2023-07-26,60.35356249999996,24,pm2_5,True,60.35356249999996,True,2023,26.0,59,3.62,0.0,-0.4071294853542516,-0.9133704517637858,0.9749279121818236,-0.22252093395631434,Лето,train
Atyrau,32,2023-07-27,53.48608333333329,24,pm2_5,True,53.48608333333329,True,2023,29.2,50,1.73,0.0,-0.4227806579826773,-0.9062320427107697,0.43388373911755823,-0.900968867902419,Лето,train
Atyrau,32,2023-07-28,74.64547916666665,24,pm2_5,True,74.64547916666665,True,2023,31.6,35,4.23,0.0,-0.4383067230125192,-0.898825465016444,-0.433883739117558,-0.9009688679024191,Лето,train
Atyrau,32,2023-07-29,59.21184027777775,24,pm2_5,True,59.21184027777775,True,2023,29.3,46,5.4,0.0,-0.45370308603134424,-0.8911529104063088,-0.9749279121818236,-0.2225209339563146,Лето,train
Atyrau,32,2023-07-30,75.61380555555552,24,pm2_5,True,75.61380555555552,True,2023,26.4,50,5.69,0.0,-0.46896519100763184,-0.8832166493127127,-0.7818314824680299,0.6234898018587334,Лето,train
Atyrau,32,2023-07-31,43.90411805555553,24,pm2_5,True,43.90411805555553,True,2023,27.2,40,4.03,0.0,-0.48408852163897587,-0.8750190302029955,0.0,1.0,Лето,train
Atyrau,32,2023-08-01,66.8663333333333,24,pm2_5,True,66.8663333333333,True,2023,28.1,37,2.83,0.0,-0.4990686026885319,-0.8665624788845385,0.7818314824680298,0.6234898018587336,Лето,train
Atyrau,32,2023-08-02,60.23926388888885,24,pm2_5,True,60.23926388888885,True,2023,29.8,37,3.2,0.0,-0.5139010013093103,-0.8578494977869301,0.9749279121818236,-0.22252093395631434,Лето,train
Atyrau,32,2023-08-03,59.252013888888854,24,pm2_5,True,59.252013888888854,True,2023,30.8,31,4.38,0.0,-0.5285813283559292,-0.8488826652214553,0.43388373911755823,-0.900968867902419,Лето,train
Atyrau,32,2023-08-04,47.40116666666663,20,pm2_5,True,47.40116666666663,True,2023,31.1,33,3.98,0.0,-0.5431052396834317,-0.8396646346181327,-0.433883739117558,-0.9009688679024191,Лето,train
Atyrau,32,2023-08-05,60.68605555555553,24,pm2_5,True,60.68605555555553,True,2023,32.2,33,3.32,0.0,-0.5574684374327892,-0.8301981337405212,-0.9749279121818236,-0.2225209339563146,Лето,train
Atyrau,32,2023-08-06,69.63541666666664,24,pm2_5,True,69.63541666666664,True,2023,31.9,37,3.6,0.0,-0.5716666713027052,-0.8204859638785327,-0.7818314824680299,0.6234898018587334,Лето,train
Atyrau,32,2023-08-07,72.0339583333333,24,pm2_5,True,72.0339583333333,True,2023,31.0,34,4.78,0.0,-0.5856957398073508,-0.8105309990194823,0.0,1.0,Лето,train
Atyrau,32,2023-08-08,68.72103472222219,24,pm2_5,True,68.72103472222219,True,2023,30.1,35,3.57,0.0,-0.5995514915196489,-0.8003361849976323,0.7818314824680298,0.6234898018587336,Лето,train
Atyrau,32,2023-08-09,75.0304722222222,24,pm2_5,True,75.0304722222222,True,2023,31.0,41,3.22,0.0,-0.6132298262997502,-0.7899045386224707,0.9749279121818236,-0.22252093395631434,Лето,train
Atyrau,32,2023-08-10,56.40120833333331,24,pm2_5,True,56.40120833333331,True,2023,28.9,34,4.04,0.0,-0.6267266965083301,-0.7792391467859886,0.43388373911755823,-0.900968867902419,Лето,train
Atyrau,32,2023-08-11,65.74398611111107,24,pm2_5,True,65.74398611111107,True,2023,29.7,32,3.06,0.0,-0.6400381082043503,-0.7683431655492202,-0.433883739117558,-0.9009688679024191,Лето,train
Atyrau,32,2023-08-12,67.03399305555551,24,pm2_5,True,67.03399305555551,True,2023,29.4,35,5.14,0.0,-0.65316012232693,-0.7572198192083127,-0.9749279121818236,-0.2225209339563146,Лето,train
Atyrau,32,2023-08-13,53.15140972222218,24,pm2_5,True,53.15140972222218,True,2023,28.4,30,4.69,0.0,-0.666088855860977,-0.7458723993404063,-0.7818314824680299,0.6234898018587334,Лето,train
Atyrau,32,2023-08-14,61.49963194444441,24,pm2_5,True,61.49963194444441,True,2023,28.3,38,5.1,0.0,-0.6788204829862355,-0.734304263829602,0.0,1.0,Лето,train
Atyrau,32,2023-08-15,69.07454861111107,24,pm2_5,True,69.07454861111107,True,2023,28.0,51,5.79,0.0,-0.6913512362094071,-0.722518835873311,0.7818314824680298,0.6234898018587336,Лето,train
Atyrau,32,2023-08-16,63.52513194444441,24,pm2_5,True,63.52513194444441,True,2023,28.3,52,4.53,0.0,-0.7036774074790128,-0.7105196029692745,0.9749279121818236,-0.22252093395631434,Лето,train
Atyrau,32,2023-08-17,57.73487499999996,24,pm2_5,True,57.73487499999996,True,2023,28.0,37,3.46,0.0,-0.7157953492826642,-0.6983101158835584,0.43388373911755823,-0.900968867902419,Лето,train
Atyrau,32,2023-08-18,45.15374166666663,20,pm2_5,True,45.15374166666663,True,2023,27.4,46,2.82,1.6,-0.7277014757264236,-0.6858939875998223,-0.433883739117558,-0.9009688679024191,Лето,train
Atyrau,32,2023-08-19,50.042326388888874,24,pm2_5,True,50.042326388888874,True,2023,29.1,38,5.06,0.0,-0.7393922635959241,-0.673274892250183,-0.9749279121818236,-0.2225209339563146,Лето,train
Atyrau,32,2023-08-20,59.2200069444444,24,pm2_5,True,59.2200069444444,True,2023,30.4,31,5.31,0.2,-0.7508642533989489,-0.6604565640279754,-0.7818314824680299,0.6234898018587334,Лето,train
Atyrau,32,2023-08-21,54.452020833333286,24,pm2_5,True,54.452020833333286,True,2023,30.5,34,3.41,0.0,-0.7621140503891487,-0.6474427960827475,0.0,1.0,Лето,train
Atyrau,32,2023-08-22,54.49101388888886,24,pm2_5,True,54.49101388888886,True,2023,30.1,52,4.55,0.5,-0.7731383255706026,-0.6342374393978054,0.7818314824680298,0.6234898018587336,Лето,train
Atyrau,32,2023-08-23,55.47715972222219,24,pm2_5,True,55.47715972222219,True,2023,26.3,55,5.32,0.0,-0.7839338166829201,-0.620844401650647,0.9749279121818236,-0.22252093395631434,Лето,train
Atyrau,32,2023-08-24,47.96711805555552,24,pm2_5,True,47.96711805555552,True,2023,23.1,58,3.77,7.2,-0.7944973291665992,-0.6072676460566135,0.43388373911755823,-0.900968867902419,Лето,train
Atyrau,32,2023-08-25,57.50221527777774,24,pm2_5,True,57.50221527777774,True,2023,22.5,52,5.02,0.0,-0.8048257371083452,-0.593511190196115,-0.433883739117558,-0.9009688679024191,Лето,train
Atyrau,32,2023-08-26,42.28810416666664,24,pm2_5,True,42.28810416666664,True,2023,20.6,52,5.92,0.5,-0.8149159841660791,-0.5795791048257612,-0.9749279121818236,-0.2225209339563146,Лето,train
Atyrau,32,2023-08-27,73.5532083333333,24,pm2_5,True,73.5532083333333,True,2023,19.2,41,5.11,0.0,-0.8247650844733614,-0.5654755126737576,-0.7818314824680299,0.6234898018587334,Лето,train
Atyrau,32,2023-08-28,58.53979166666662,24,pm2_5,True,58.53979166666662,True,2023,22.1,57,7.92,0.5,-0.8343701235229538,-0.5512045872199277,0.0,1.0,Лето,train
Atyrau,32,2023-08-29,70.77962499999995,24,pm2_5,True,70.77962499999995,True,2023,17.0,52,7.96,0.2,-0.8437282590292712,-0.5367705514607103,0.7818314824680298,0.6234898018587336,Лето,train
Atyrau,32,2023-08-30,65.34135416666663,24,pm2_5,True,65.34135416666663,True,2023,18.4,49,6.29,0.0,-0.8528367217694595,-0.522177676659508,0.9749279121818236,-0.22252093395631434,Лето,train
Atyrau,32,2023-08-31,73.65919696969695,22,pm2_5,True,73.65919696969695,True,2023,19.9,46,4.37,0.0,-0.8616928164028522,-0.5074302810827518,0.43388373911755823,-0.900968867902419,Лето,train
Atyrau,32,2023-09-01,60.6820833333333,24,pm2_5,True,60.6820833333333,True,2023,21.2,45,3.43,0.0,-0.8702939222685674,-0.49253272872205434,-0.433883739117558,-0.9009688679024191,Осень,train
Atyrau,32,2023-09-02,45.97607638888886,24,pm2_5,True,45.97607638888886,True,2023,22.7,42,3.42,0.0,-0.8786374941610001,-0.4774894280028391,-0.9749279121818236,-0.2225209339563146,Осень,train
Atyrau,32,2023-09-03,66.01697222222221,24,pm2_5,True,66.01697222222221,True,2023,21.9,37,3.3,0.0,-0.886721063082993,-0.46230483047981086,-0.7818314824680299,0.6234898018587334,Осень,train
Atyrau,32,2023-09-04,57.71086111111108,24,pm2_5,True,57.71086111111108,True,2023,21.5,40,3.2,0.0,-0.8945422369764496,-0.4469834295196741,0.0,1.0,Осень,train
Atyrau,32,2023-09-05,62.89410416666663,24,pm2_5,True,62.89410416666663,True,2023,22.7,45,2.65,0.4,-0.9020987014301837,-0.43152975897147144,0.7818314824680298,0.6234898018587336,Осень,train
Atyrau,32,2023-09-07,37.8167083333333,24,pm2_5,True,37.8167083333333,True,2023,20.3,66,3.28,0.7,-0.9164086366943458,-0.4002439388573056,0.43388373911755823,-0.900968867902419,Осень,train
Atyrau,32,2023-09-08,59.70649305555553,24,pm2_5,True,59.70649305555553,True,2023,18.1,57,5.73,0.0,-0.9231578729647039,-0.38442104726885545,-0.433883739117558,-0.9009688679024191,Осень,train
Atyrau,32,2023-09-09,51.051404761904735,21,pm2_5,True,51.051404761904735,True,2023,17.2,47,3.46,0.0,-0.9296339319682695,-0.3684843993077793,-0.9749279121818236,-0.2225209339563146,Осень,train
Atyrau,32,2023-09-10,73.53930555555553,24,pm2_5,True,73.53930555555553,True,2023,15.3,75,2.71,15.3,-0.9358348973349941,-0.35243871088460327,-0.7818314824680299,0.6234898018587334,Осень,train
Atyrau,32,2023-09-11,62.97593055555552,24,pm2_5,True,62.97593055555552,True,2023,16.0,66,5.83,0.0,-0.9417589340994617,-0.33628873017668287,0.0,1.0,Осень,train
Atyrau,32,2023-09-12,51.15411805555552,24,pm2_5,True,51.15411805555552,True,2023,17.8,63,3.6,0.0,-0.9474042892438845,-0.32003923622313857,0.7818314824680298,0.6234898018587336,Осень,train
Atyrau,32,2023-09-13,61.13455555555552,24,pm2_5,True,61.13455555555552,True,2023,18.6,77,3.27,0.5,-0.9527692922168511,-0.30369503751065885,0.9749279121818236,-0.22252093395631434,Осень,train
Atyrau,32,2023-09-14,54.82016666666664,24,pm2_5,True,54.82016666666664,True,2023,18.2,74,2.26,4.5,-0.9578523554276669,-0.28726097055059635,0.43388373911755823,-0.900968867902419,Осень,train
Atyrau,32,2023-09-15,75.37336805555553,24,pm2_5,True,75.37336805555553,True,2023,18.8,76,4.09,8.3,-0.9626519747161487,-0.2707418984477642,-0.433883739117558,-0.9009688679024191,Осень,train
Atyrau,32,2023-09-16,52.47211805555552,24,pm2_5,True,52.47211805555552,True,2023,16.9,77,2.51,0.0,-0.9671667297977312,-0.2541427094613622,-0.9749279121818236,-0.2225209339563146,Осень,train
Atyrau,32,2023-09-17,55.12653472222218,24,pm2_5,True,55.12653472222218,True,2023,17.2,73,2.93,0.7,-0.97139528468375,-0.23746831555846842,-0.7818314824680299,0.6234898018587334,Осень,train
Atyrau,32,2023-09-18,62.46002777777773,24,pm2_5,True,62.46002777777773,True,2023,16.9,76,2.59,2.2,-0.9753363880767837,-0.2207236509605022,0.0,1.0,Осень,train
Atyrau,32,2023-09-19,48.9184583333333,24,pm2_5,True,48.9184583333333,True,2023,18.1,67,3.21,0.0,-0.9789888737409319,-0.20391367068311472,0.7818314824680298,0.6234898018587336,Осень,train
Atyrau,32,2023-09-20,67.36622916666663,24,pm2_5,True,67.36622916666663,True,2023,19.3,61,3.05,0.0,-0.9823516608469237,-0.18704334906991657,0.9749279121818236,-0.22252093395631434,Осень,train
Atyrau,32,2023-09-21,60.692979166666625,24,pm2_5,True,60.692979166666625,True,2023,17.0,58,2.93,0.0,-0.9854237542919524,-0.17011767832049052,0.43388373911755823,-0.900968867902419,Осень,train
Atyrau,32,2023-09-22,74.31181249999997,24,pm2_5,True,74.31181249999997,True,2023,18.0,68,2.98,0.0,-0.9882042449941422,-0.15314166701312007,-0.433883739117558,-0.9009688679024191,Осень,train
Atyrau,32,2023-09-23,58.071576388888865,24,pm2_5,True,58.071576388888865,True,2023,18.6,64,3.63,0.0,-0.9906923101615609,-0.13612033862266704,-0.9749279121818236,-0.2225209339563146,Осень,train
Atyrau,32,2023-09-24,63.23974305555553,24,pm2_5,True,63.23974305555553,True,2023,19.2,62,2.64,0.0,-0.9928872135356962,-0.11905873003404988,-0.7818314824680299,0.6234898018587334,Осень,train
Atyrau,32,2023-09-25,61.45270138888886,24,pm2_5,True,61.45270138888886,True,2023,19.2,61,3.83,0.0,-0.994788305609327,-0.10196189005174576,0.0,1.0,Осень,train
Atyrau,32,2023-09-26,56.595624999999984,24,pm2_5,True,56.595624999999984,True,2023,18.5,55,3.26,0.0,-0.9963950238187231,-0.08483487790576538,0.7818314824680298,0.6234898018587336,Осень,train
Atyrau,32,2023-09-27,57.07650694444442,24,pm2_5,True,57.07650694444442,True,2023,20.7,48,4.0,0.0,-0.9977068927101168,-0.06768276175455162,0.9749279121818236,-0.22252093395631434,Осень,train
Atyrau,32,2023-09-28,48.208263888888865,24,pm2_5,True,48.208263888888865,True,2023,17.9,52,4.3,0.0,-0.9987235240803972,-0.050510617185222886,0.43388373911755823,-0.900968867902419,Осень,train
Atyrau,32,2023-09-29,63.23390972222219,24,pm2_5,True,63.23390972222219,True,2023,15.8,55,3.59,0.0,-0.9994446170919858,-0.033323525711631344,-0.433883739117558,-0.9009688679024191,Осень,train
Atyrau,32,2023-09-30,62.11006944444441,24,pm2_5,True,62.11006944444441,True,2023,17.8,60,3.26,0.0,-0.9998699583618592,-0.016126573270657762,-0.9749279121818236,-0.2225209339563146,Осень,train
Atyrau,32,2023-10-01,56.70690277777776,24,pm2_5,True,56.70690277777776,True,2023,15.8,57,3.17,0.0,-0.9999994220246925,0.001075151282798226,-0.7818314824680299,0.6234898018587334,Осень,train
Atyrau,32,2023-10-02,55.943645833333306,24,pm2_5,True,55.943645833333306,True,2023,16.3,64,3.05,0.0,-0.999832969770105,0.018276557681691223,0.0,1.0,Осень,train
Atyrau,32,2023-10-03,86.37913888888886,24,pm2_5,True,86.37913888888886,True,2023,17.6,63,5.75,0.2,-0.9993706508539969,0.03547255575312556,0.7818314824680298,0.6234898018587336,Осень,train
Atyrau,32,2023-10-04,71.42013888888884,24,pm2_5,True,71.42013888888884,True,2023,16.7,62,5.15,0.0,-0.9986126020839734,0.052658056924614005,0.9749279121818236,-0.22252093395631434,Осень,train
Atyrau,32,2023-10-05,59.28088194444442,24,pm2_5,True,59.28088194444442,True,2023,16.4,65,2.19,0.0,-0.9975590477788613,0.06982797572987089,0.43388373911755823,-0.900968867902419,Осень,train
Atyrau,32,2023-10-06,70.4466597222222,24,pm2_5,True,70.4466597222222,True,2023,16.3,75,3.95,0.0,-0.9962102997023297,0.0869772313136861,-0.433883739117558,-0.9009688679024191,Осень,train
Atyrau,32,2023-10-07,58.24550694444442,24,pm2_5,True,58.24550694444442,True,2023,13.7,78,5.44,4.2,-0.9945667569706337,0.1041007489354256,-0.9749279121818236,-0.2225209339563146,Осень,train
Atyrau,32,2023-10-08,68.28122916666665,24,pm2_5,True,68.28122916666665,True,2023,14.4,72,8.84,0.0,-0.9926289059345095,0.121193461470736,-0.7818314824680299,0.6234898018587334,Осень,train
Atyrau,32,2023-10-09,53.08332638888885,24,pm2_5,True,53.08332638888885,True,2023,14.0,79,6.97,0.3,-0.9903973200352558,0.1382503109109819,0.0,1.0,Осень,train
Atyrau,32,2023-10-10,47.693034722222194,24,pm2_5,True,47.693034722222194,True,2023,9.0,59,6.96,0.0,-0.9878726596350429,0.15526624985999563,0.7818314824680298,0.6234898018587336,Осень,train
Atyrau,32,2023-10-11,61.67754861111109,24,pm2_5,True,61.67754861111109,True,2023,9.4,67,3.08,4.8,-0.9850556718215013,0.172236243027682,0.9749279121818236,-0.22252093395631434,Осень,train
Atyrau,32,2023-10-12,59.76752083333329,24,pm2_5,True,59.76752083333329,True,2023,8.1,76,5.57,1.2,-0.981947190186646,0.18915526872004093,0.43388373911755823,-0.900968867902419,Осень,train
Atyrau,32,2023-10-13,64.71445138888886,24,pm2_5,True,64.71445138888886,True,2023,9.1,80,4.89,0.0,-0.9785481345802031,0.20601832032517084,-0.433883739117558,-0.9009688679024191,Осень,train
Atyrau,32,2023-10-14,62.81770138888885,24,pm2_5,True,62.81770138888885,True,2023,12.6,80,4.02,0.0,-0.9748595108374125,0.22282040779479959,-0.9749279121818236,-0.2225209339563146,Осень,train
Atyrau,32,2023-10-15,73.60905555555553,24,pm2_5,True,73.60905555555553,True,2023,12.4,79,3.73,0.0,-0.9708824104813836,0.23955655912092708,-0.7818314824680299,0.6234898018587334,Осень,train
Atyrau,32,2023-10-16,54.52221527777775,24,pm2_5,True,54.52221527777775,True,2023,11.8,68,7.72,0.0,-0.9666180104000972,0.2562218218071163,0.0,1.0,Осень,train
Atyrau,32,2023-10-17,62.23622916666664,24,pm2_5,True,62.23622916666664,True,2023,10.5,71,6.5,0.0,-0.9620675724981452,0.27281126433401914,0.7818314824680298,0.6234898018587336,Осень,train
Atyrau,32,2023-10-18,70.34029861111107,24,pm2_5,True,70.34029861111107,True,2023,8.2,68,2.78,0.0,-0.957232443323312,0.28931997761869527,0.9749279121818236,-0.22252093395631434,Осень,train
Atyrau,32,2023-10-19,60.51561111111108,24,pm2_5,True,60.51561111111108,True,2023,8.1,79,4.2,3.2,-0.9521140536681102,0.3057430764672831,0.43388373911755823,-0.900968867902419,Осень,train
Atyrau,32,2023-10-20,64.22904166666663,24,pm2_5,True,64.22904166666663,True,2023,6.3,89,2.86,0.0,-0.9467139181463862,0.3220757010206104,-0.433883739117558,-0.9009688679024191,Осень,train
Atyrau,32,2023-10-21,58.12003472222219,24,pm2_5,True,58.12003472222219,True,2023,9.7,85,7.49,0.3,-0.9410336347451197,0.3383130181923076,-0.9749279121818236,-0.2225209339563146,Осень,train
Atyrau,32,2023-10-22,66.96932638888886,24,pm2_5,True,66.96932638888886,True,2023,6.7,72,7.64,3.1,-0.9350748843515574,0.3544502230989869,-0.7818314824680299,0.6234898018587334,Осень,train
Atyrau,32,2023-10-23,69.86897916666663,24,pm2_5,True,69.86897916666663,True,2023,5.7,77,3.72,0.0,-0.9288394302558068,0.3704825404820963,0.0,1.0,Осень,train
Atyrau,32,2023-10-24,73.46534027777776,24,pm2_5,True,73.46534027777776,True,2023,9.8,86,6.14,0.9,-0.9223291176290545,0.3864052261209853,0.7818314824680298,0.6234898018587336,Осень,train
Atyrau,32,2023-10-25,57.51413888888886,24,pm2_5,True,57.51413888888886,True,2023,7.8,78,6.96,0.0,-0.9155458729775467,0.40221356823680365,0.9749279121818236,-0.22252093395631434,Осень,train
Atyrau,32,2023-10-26,65.5602083333333,24,pm2_5,True,65.5602083333333,True,2023,3.4,73,5.18,1.9,-0.9084917035725082,0.41790288888678667,0.43388373911755823,-0.900968867902419,Осень,train
Atyrau,32,2023-10-27,66.93418055555553,24,pm2_5,True,66.93418055555553,True,2023,9.1,94,6.04,9.9,-0.9011686968561569,0.4334685453485363,-0.433883739117558,-0.9009688679024191,Осень,train
Atyrau,32,2023-10-28,68.36815277777775,24,pm2_5,True,68.36815277777775,True,2023,12.1,98,5.6,3.8,-0.8935790198239952,0.4489059314938798,-0.9749279121818236,-0.2225209339563146,Осень,train
Atyrau,32,2023-10-29,41.472270833333305,24,pm2_5,True,41.472270833333305,True,2023,13.5,86,6.99,0.3,-0.8857249183835637,0.4642104791518923,-0.7818314824680299,0.6234898018587334,Осень,train
Atyrau,32,2023-10-30,46.02769444444444,24,pm2_5,True,46.02769444444444,True,2023,9.0,81,5.91,0.0,-0.8776087166898392,0.4793776594606945,0.0,1.0,Осень,train
Atyrau,32,2023-10-31,61.09427777777777,24,pm2_5,True,61.09427777777777,True,2023,8.2,87,3.41,0.0,-0.8692328164574792,0.49440298420761813,0.7818314824680298,0.6234898018587336,Осень,train
Atyrau,32,2023-11-01,64.9616875,24,pm2_5,True,64.9616875,True,2023,11.3,78,5.11,0.0,-0.8605996962501181,0.5092820071573356,0.9749279121818236,-0.22252093395631434,Осень,train
Atyrau,32,2023-11-02,56.59195833333334,24,pm2_5,True,56.59195833333334,True,2023,10.8,71,6.73,0.0,-0.8517119107469189,0.5240103253675756,0.43388373911755823,-0.900968867902419,Осень,train
Atyrau,32,2023-11-03,58.315756944444445,24,pm2_5,True,58.315756944444445,True,2023,11.2,78,3.12,0.0,-0.8425720899866032,0.5385835804920232,-0.433883739117558,-0.9009688679024191,Осень,train
Atyrau,32,2023-11-04,60.888868055555555,24,pm2_5,True,60.888868055555555,True,2023,10.2,79,4.93,0.0,-0.8331829385891785,0.5529974600700271,-0.9749279121818236,-0.2225209339563146,Осень,train
Atyrau,32,2023-11-05,68.79359027777778,24,pm2_5,True,68.79359027777778,True,2023,10.1,81,5.37,0.0,-0.8235472349556007,0.5672476988027229,-0.7818314824680299,0.6234898018587334,Осень,train
Atyrau,32,2023-11-06,69.32016666666667,24,pm2_5,True,69.32016666666667,True,2023,9.3,83,6.43,0.0,-0.8136678304455991,0.5813300798152042,0.0,1.0,Осень,train
Atyrau,32,2023-11-07,76.18778472222222,24,pm2_5,True,76.18778472222222,True,2023,10.3,85,5.99,1.6,-0.8035476485339116,0.5952404359043674,0.7818314824680298,0.6234898018587336,Осень,train
Atyrau,32,2023-11-08,50.57816666666667,24,pm2_5,True,50.57816666666667,True,2023,10.4,82,6.65,0.0,-0.7931896839451843,0.6089746507720486,0.9749279121818236,-0.22252093395631434,Осень,train
Atyrau,32,2023-11-09,65.695375,24,pm2_5,True,65.695375,True,2023,9.3,84,5.18,0.0,-0.7825970017677834,0.6225286602431057,0.43388373911755823,-0.900968867902419,Осень,train
Atyrau,32,2023-11-10,62.55757638888889,24,pm2_5,True,62.55757638888889,True,2023,10.3,79,7.31,2.7,-0.7717727365467836,0.6358984534680745,-0.433883739117558,-0.9009688679024191,Осень,train
Atyrau,32,2023-11-11,62.594854166666664,24,pm2_5,True,62.594854166666664,True,2023,6.9,76,6.71,0.0,-0.7607200913564104,0.6490800741100398,-0.9749279121818236,-0.2225209339563146,Осень,train
Atyrau,32,2023-11-12,60.86445138888888,24,pm2_5,True,60.86445138888888,True,2023,5.5,87,4.91,0.0,-0.7494423368521954,0.6620696215153815,-0.7818314824680299,0.6234898018587334,Осень,train
Atyrau,32,2023-11-13,72.42796527777777,24,pm2_5,True,72.42796527777777,True,2023,7.9,78,7.3,0.0,-0.7379428103031386,0.6748632518680403,0.0,1.0,Осень,train
Atyrau,32,2023-11-14,64.31684722222222,24,pm2_5,True,64.31684722222222,True,2023,8.0,84,4.25,0.0,-0.7262249146041543,0.6874571793269664,0.7818314824680298,0.6234898018587336,Осень,train
Atyrau,32,2023-11-15,70.15867361111111,24,pm2_5,True,70.15867361111111,True,2023,7.5,87,4.73,0.0,-0.7142921172691032,0.699847677146407,0.9749279121818236,-0.22252093395631434,Осень,train
Atyrau,32,2023-11-16,80.63706944444445,24,pm2_5,True,80.63706944444445,True,2023,7.6,89,4.38,0.6,-0.7021479494046978,0.7120310787787131,0.43388373911755823,-0.900968867902419,Осень,train
Atyrau,32,2023-11-17,66.12236111111112,24,pm2_5,True,66.12236111111112,True,2023,6.4,94,4.11,8.6,-0.6897960046655887,0.7240037789593305,-0.433883739117558,-0.9009688679024191,Осень,train
Atyrau,32,2023-11-18,80.06386805555555,24,pm2_5,True,80.06386805555555,True,2023,5.2,88,2.92,0.1,-0.6772399381909491,0.7357622347736527,-0.9749279121818236,-0.2225209339563146,Осень,train
Atyrau,32,2023-11-19,68.30750694444446,24,pm2_5,True,68.30750694444446,True,2023,4.8,86,7.7,0.1,-0.6644834655228552,0.7473029667054296,-0.7818314824680299,0.6234898018587334,Осень,train
Atyrau,32,2023-11-20,51.923187500000004,24,pm2_5,True,51.923187500000004,True,2023,7.4,79,11.78,0.1,-0.6515303615068021,0.75862255966641,0.0,1.0,Осень,train
Atyrau,32,2023-11-21,66.06484027777778,24,pm2_5,True,66.06484027777778,True,2023,6.5,88,6.36,9.0,-0.6383844591746642,0.7697176640069211,0.7818314824680298,0.6234898018587336,Осень,train
Atyrau,32,2023-11-22,64.85263194444444,24,pm2_5,True,64.85263194444444,True,2023,0.7,86,12.51,5.5,-0.6250496486104377,0.7805849965070866,0.9749279121818236,-0.22252093395631434,Осень,train
Atyrau,32,2023-11-23,57.60344444444444,24,pm2_5,True,57.60344444444444,True,2023,-2.4,86,4.46,3.1,-0.6115298757991053,0.7912213413483807,0.43388373911755823,-0.900968867902419,Осень,train
Atyrau,32,2023-11-24,56.07884027777778,24,pm2_5,True,56.07884027777778,True,2023,-0.7,83,7.08,0.0,-0.5978291414589552,0.801623551065242,-0.433883739117558,-0.9009688679024191,Осень,train
Atyrau,32,2023-11-25,52.172958333333334,24,pm2_5,True,52.172958333333334,True,2023,6.8,88,7.0,0.1,-0.5839514998576998,0.8117885474764613,-0.9749279121818236,-0.2225209339563146,Осень,train
Atyrau,32,2023-11-26,63.477875000000004,24,pm2_5,True,63.477875000000004,True,2023,6.5,84,7.81,0.0,-0.5699010576127624,0.8217133225960589,-0.7818314824680299,0.6234898018587334,Осень,train
Atyrau,32,2023-11-27,61.81007638888889,24,pm2_5,True,61.81007638888889,True,2023,5.1,95,5.0,0.5,-0.5556819724760489,0.8313949395234058,0.0,1.0,Осень,train
Atyrau,32,2023-11-28,56.467597222222224,24,pm2_5,True,56.467597222222224,True,2023,3.9,81,6.7,0.6,-0.5412984521036173,0.8408305333122887,0.7818314824680298,0.6234898018587336,Осень,train
Atyrau,32,2023-11-29,57.98379166666666,24,pm2_5,True,57.98379166666666,True,2023,2.0,83,3.78,0.0,-0.5267547528105542,0.8500173118187018,0.9749279121818236,-0.22252093395631434,Осень,train
Atyrau,32,2023-11-30,49.28819444444445,24,pm2_5,True,49.28819444444445,True,2023,3.4,82,6.71,0.0,-0.5120551783114646,0.8589525565270845,0.43388373911755823,-0.900968867902419,Осень,train
Atyrau,32,2023-12-01,57.540708333333335,24,pm2_5,True,57.540708333333335,True,2023,5.0,92,4.07,0.0,-0.4972040784469378,0.8676336233547726,-0.433883739117558,-0.9009688679024191,Зима,train
Atyrau,32,2023-12-02,70.42689583333333,24,pm2_5,True,70.42689583333333,True,2023,6.5,93,7.67,0.3,-0.4822058478963526,0.8760579434344281,-0.9749279121818236,-0.2225209339563146,Зима,train
Atyrau,32,2023-12-03,63.347590277777776,24,pm2_5,True,63.347590277777776,True,2023,6.3,95,4.07,0.0,-0.46706492487743034,0.8842230238742036,-0.7818314824680299,0.6234898018587334,Зима,train
Atyrau,32,2023-12-04,61.82820833333333,24,pm2_5,True,61.82820833333333,True,2023,6.9,96,3.73,0.0,-0.451785789832884,0.8921264484954345,0.0,1.0,Зима,train
Atyrau,32,2023-12-05,54.378951388888886,24,pm2_5,True,54.378951388888886,True,2023,3.3,89,5.89,0.5,-0.4363729641045924,0.8997658785476209,0.7818314824680298,0.6234898018587336,Зима,train
Atyrau,32,2023-12-06,61.788375,24,pm2_5,True,61.788375,True,2023,-2.7,76,4.71,0.0,-0.42083100859565564,0.9071390534005044,0.9749279121818236,-0.22252093395631434,Зима,train
Atyrau,32,2023-12-07,49.23815277777778,24,pm2_5,True,49.23815277777778,True,2023,-3.1,76,7.48,0.0,-0.4051645224207563,0.9142437912130223,0.43388373911755823,-0.900968867902419,Зима,train
Atyrau,32,2023-12-08,50.92966666666666,24,pm2_5,True,50.92966666666666,True,2023,-3.7,72,5.48,0.0,-0.3893781415452015,0.9210779895789526,-0.433883739117558,-0.9009688679024191,Зима,train
Atyrau,32,2023-12-12,43.40427777777777,24,pm2_5,True,43.40427777777777,True,2023,-14.6,63,11.98,0.0,-0.3251276029999093,0.9456701548465688,0.7818314824680298,0.6234898018587336,Зима,train
Atyrau,32,2023-12-13,43.548673611111106,24,pm2_5,True,43.548673611111106,True,2023,-11.2,62,12.67,0.0,-0.30881248126625377,0.9511229423235357,0.9749279121818236,-0.22252093395631434,Зима,train
Atyrau,32,2023-12-14,36.1679375,24,pm2_5,True,36.1679375,True,2023,-7.2,48,9.23,0.0,-0.29240597695107734,0.9562942772197719,0.43388373911755823,-0.900968867902419,Зима,train
Atyrau,32,2023-12-15,41.27504166666667,24,pm2_5,True,41.27504166666667,True,2023,-7.4,48,5.9,0.0,-0.27591294500296043,0.9611826292540837,-0.433883739117558,-0.9009688679024191,Зима,train
Atyrau,32,2023-12-16,40.189256944444445,24,pm2_5,True,40.189256944444445,True,2023,-5.5,77,3.76,0.1,-0.2593382659754056,0.9657865518844574,-0.9749279121818236,-0.2225209339563146,Зима,train
Atyrau,32,2023-12-17,40.947340277777776,24,pm2_5,True,40.947340277777776,True,2023,-3.7,94,3.91,7.1,-0.2426868445825954,0.9701046827361175,-0.7818314824680299,0.6234898018587334,Зима,train
Atyrau,32,2023-12-18,43.70775694444444,24,pm2_5,True,43.70775694444444,True,2023,-3.0,89,6.82,1.0,-0.22596360824801906,0.974135744004672,0.0,1.0,Зима,train
Atyrau,32,2023-12-19,46.39739583333334,24,pm2_5,True,46.39739583333334,True,2023,1.2,94,6.5,1.0,-0.20917350564635637,0.9778785428342386,0.7818314824680298,0.6234898018587336,Зима,train
Atyrau,32,2023-12-20,46.18058333333334,24,pm2_5,True,46.18058333333334,True,2023,2.2,94,5.54,0.0,-0.19232150523909483,0.9813319716704275,0.9749279121818236,-0.22252093395631434,Зима,train
Atyrau,32,2023-12-21,49.26639583333333,24,pm2_5,True,49.26639583333333,True,2023,3.5,85,7.38,0.0,-0.17541259380427843,0.9844950085880858,0.43388373911755823,-0.900968867902419,Зима,train
Atyrau,32,2023-12-22,50.911368055555556,24,pm2_5,True,50.911368055555556,True,2023,2.4,89,8.06,0.0,-0.15845177496083632,0.9873667175937016,-0.433883739117558,-0.9009688679024191,Зима,train
Atyrau,32,2023-12-23,44.21409027777778,24,pm2_5,True,44.21409027777778,True,2023,2.9,94,3.2,0.0,-0.14144406768794202,0.9899462489023779,-0.9749279121818236,-0.2225209339563146,Зима,train
Atyrau,32,2023-12-24,48.893631944444444,24,pm2_5,True,48.893631944444444,True,2023,1.7,96,4.83,2.2,-0.12439450483979998,0.9922328391893008,-0.7818314824680299,0.6234898018587334,Зима,train
Atyrau,32,2023-12-25,48.98995138888889,24,pm2_5,True,48.98995138888889,True,2023,0.3,87,6.42,1.1,-0.10730813165636247,0.9942258118156161,0.0,1.0,Зима,train
Atyrau,32,2023-12-26,45.532472222222225,24,pm2_5,True,45.532472222222225,True,2023,1.1,92,7.55,3.7,-0.09019000427034513,0.9959245770286599,0.7818314824680298,0.6234898018587336,Зима,train
Atyrau,32,2023-12-27,54.11600694444445,24,pm2_5,True,54.11600694444445,True,2023,3.2,89,8.43,3.3,-0.07304518821104743,0.9973286321364752,0.9749279121818236,-0.22252093395631434,Зима,train
Atyrau,32,2023-12-28,56.025395833333334,24,pm2_5,True,56.025395833333334,True,2023,2.5,87,11.13,4.0,-0.05587875690537313,0.9984375616565666,0.43388373911755823,-0.900968867902419,Зима,train
Atyrau,32,2023-12-29,52.66676388888889,24,pm2_5,True,52.66676388888889,True,2023,-0.7,84,8.61,0.3,-0.03869579017652689,0.9992510374388481,-0.433883739117558,-0.9009688679024191,Зима,train
Atyrau,32,2023-12-30,45.10525694444445,24,pm2_5,True,45.10525694444445,True,2023,2.5,86,6.66,0.1,-0.021501372740813793,0.999768818762748,-0.9749279121818236,-0.2225209339563146,Зима,train
Atyrau,32,2023-12-31,48.524951388888894,24,pm2_5,True,48.524951388888894,True,2023,2.2,93,4.8,0.0,-0.004300592702981974,0.9999907524084426,-0.7818314824680299,0.6234898018587334,Зима,train
Atyrau,32,2024-01-01,49.919999999999995,24,pm2_5,True,49.919999999999995,True,2024,3.0,87,6.86,0.0,0.017201575418260506,0.9998520419557735,0.0,1.0,Зима,validation
Atyrau,32,2024-01-02,51.04911805555556,24,pm2_5,True,51.04911805555556,True,2024,0.8,91,4.75,0.0,0.03439806061360801,0.9994082116062598,0.7818314824680298,0.6234898018587336,Зима,validation
Atyrau,32,2024-01-03,48.38211111111111,24,pm2_5,True,48.38211111111111,True,2024,1.0,90,6.2,0.4,0.051584366869408364,0.9986686402879997,0.9749279121818236,-0.22252093395631434,Зима,validation
Atyrau,32,2024-01-04,43.50060416666667,24,pm2_5,True,43.50060416666667,True,2024,0.4,87,4.89,0.2,0.06875540848113941,0.9976335468520451,0.43388373911755823,-0.900968867902419,Зима,validation
Atyrau,32,2024-01-05,55.01701388888889,24,pm2_5,True,55.01701388888889,True,2024,1.7,95,4.09,2.1,0.08590610426133272,0.9963032375991965,-0.433883739117558,-0.9009688679024191,Зима,validation
Atyrau,32,2024-01-06,51.68548611111111,24,pm2_5,True,51.68548611111111,True,2024,1.4,96,4.76,1.2,0.10303137904317879,0.9946781061893646,-0.9749279121818236,-0.2225209339563146,Зима,validation
Atyrau,32,2024-01-07,50.51647916666667,24,pm2_5,True,50.51647916666667,True,2024,-0.2,90,6.11,0.0,0.1201261651823505,0.9927586335250793,-0.7818314824680299,0.6234898018587334,Зима,validation
Atyrau,32,2024-01-08,44.31118055555555,24,pm2_5,True,44.31118055555555,True,2024,-6.2,72,6.53,0.0,0.13718540405660057,0.9905453876091833,0.0,1.0,Зима,validation
Atyrau,32,2024-01-09,46.86479166666667,24,pm2_5,True,46.86479166666667,True,2024,-5.9,77,5.19,3.6,0.1542040475626894,0.988039023376751,0.7818314824680298,0.6234898018587336,Зима,validation
Atyrau,32,2024-01-10,45.674125000000004,24,pm2_5,True,45.674125000000004,True,2024,-11.0,82,8.21,2.3,0.17117705961019986,0.985240282501282,0.9749279121818236,-0.22252093395631434,Зима,validation
Atyrau,32,2024-01-11,44.81751388888889,24,pm2_5,True,44.81751388888889,True,2024,-11.6,82,5.89,0.4,0.18809941761179758,0.9821499931752291,0.43388373911755823,-0.900968867902419,Зима,validation
Atyrau,32,2024-01-12,42.45556944444444,24,pm2_5,True,42.45556944444444,True,2024,-0.2,91,7.9,0.9,0.20496611396949532,0.9787690698649216,-0.433883739117558,-0.9009688679024191,Зима,validation
Atyrau,32,2024-01-13,49.14844444444444,24,pm2_5,True,49.14844444444444,True,2024,-10.5,75,7.61,1.9,0.22177215755648186,0.975098513039961,-0.9749279121818236,-0.2225209339563146,Зима,validation
Atyrau,32,2024-01-14,43.029090277777776,24,pm2_5,True,43.029090277777776,True,2024,-14.1,71,3.8,0.0,0.23851257519407648,0.9711394088771653,-0.7818314824680299,0.6234898018587334,Зима,validation
Atyrau,32,2024-01-15,43.041500000000006,24,pm2_5,True,43.041500000000006,True,2024,-10.9,81,6.59,0.0,0.2551824131233728,0.9668929289391521,0.0,1.0,Зима,validation
Atyrau,32,2024-01-16,42.91845138888889,24,pm2_5,True,42.91845138888889,True,2024,-8.4,80,7.57,0.0,0.2717767384711357,0.9623603298276545,0.7818314824680298,0.6234898018587336,Зима,validation
Atyrau,32,2024-01-17,42.78336805555555,24,pm2_5,True,42.78336805555555,True,2024,-4.6,85,6.42,0.4,0.2882906407095177,0.9575429528116719,0.9749279121818236,-0.22252093395631434,Зима,validation
Atyrau,32,2024-01-18,49.21700694444444,24,pm2_5,True,49.21700694444444,True,2024,-5.4,88,2.48,0.0,0.3047192331091634,0.9524422234305676,0.43388373911755823,-0.900968867902419,Зима,validation
Atyrau,32,2024-01-19,46.180618055555556,24,pm2_5,True,46.180618055555556,True,2024,-4.7,87,7.29,0.0,0.321057654185271,0.9470596510722283,-0.433883739117558,-0.9009688679024191,Зима,validation
Atyrau,32,2024-01-20,46.572965277777776,24,pm2_5,True,46.572965277777776,True,2024,-2.4,81,8.42,0.0,0.3373010691361842,0.9413968285264122,-0.9749279121818236,-0.2225209339563146,Зима,validation
Atyrau,32,2024-01-21,42.14339583333334,24,pm2_5,True,42.14339583333334,True,2024,-0.6,85,4.26,0.1,0.3534446712740877,0.9354554315134164,-0.7818314824680299,0.6234898018587334,Зима,validation
Atyrau,32,2024-01-22,43.76519444444444,24,pm2_5,True,43.76519444444444,True,2024,-4.8,83,8.53,1.8,0.3694836834473831,0.9292372181882051,0.0,1.0,Зима,validation
Atyrau,32,2024-01-23,49.63199305555556,24,pm2_5,True,49.63199305555556,True,2024,-13.9,77,6.68,0.0,0.38541335945432564,0.9227440286201427,0.7818314824680298,0.6234898018587336,Зима,validation
Atyrau,32,2024-01-24,40.162909722222224,24,pm2_5,True,40.162909722222224,True,2024,-12.3,77,3.69,0.0,0.4012289854475009,0.9159777842484877,0.9749279121818236,-0.22252093395631434,Зима,validation
Atyrau,32,2024-01-25,44.08634722222222,24,pm2_5,True,44.08634722222222,True,2024,-11.5,85,2.69,0.0,0.4169258813287287,0.908940487313808,0.43388373911755823,-0.900968867902419,Зима,validation
Atyrau,32,2024-01-26,41.71447916666667,24,pm2_5,True,41.71447916666667,True,2024,-8.5,80,6.07,0.0,0.4324994021339788,0.901634220265486,-0.433883739117558,-0.9009688679024191,Зима,validation
Atyrau,32,2024-01-27,42.26818055555555,24,pm2_5,True,42.26818055555555,True,2024,-6.5,80,5.64,0.0,0.44794493940789115,0.8940611451454876,-0.9749279121818236,-0.2225209339563146,Зима,validation
Atyrau,32,2024-01-28,41.74720138888889,24,pm2_5,True,41.74720138888889,True,2024,-6.1,71,5.42,0.0,0.4632579225674917,0.88622350294858,-0.7818314824680299,0.6234898018587334,Зима,validation
Atyrau,32,2024-01-29,38.381166666666665,24,pm2_5,True,38.381166666666665,True,2024,-9.0,76,4.69,0.0,0.4784338202547012,0.8781236129591848,0.0,1.0,Зима,validation
Atyrau,32,2024-01-30,40.263375,24,pm2_5,True,40.263375,True,2024,-9.6,77,4.69,0.0,0.49346814167723735,0.8697638720650646,0.7818314824680298,0.6234898018587336,Зима,validation
Atyrau,32,2024-01-31,40.79096527777778,24,pm2_5,True,40.79096527777778,True,2024,-2.7,84,6.75,0.9,0.5083564379375122,0.8611467540480452,0.9749279121818236,-0.22252093395631434,Зима,validation
Atyrau,32,2024-02-01,50.677305555555556,24,pm2_5,True,50.677305555555556,True,2024,-4.1,90,5.05,0.0,0.5230943033491326,0.8522748088519838,0.43388373911755823,-0.900968867902419,Зима,validation
Atyrau,32,2024-02-02,51.170812500000004,24,pm2_5,True,51.170812500000004,True,2024,-1.3,91,6.0,0.0,0.5376773767406141,0.8431506618282,-0.433883739117558,-0.9009688679024191,Зима,validation
Atyrau,32,2024-02-03,51.29277083333333,24,pm2_5,True,51.29277083333333,True,2024,0.3,90,6.03,0.1,0.5521013427459208,0.8337770129585915,-0.9749279121818236,-0.2225209339563146,Зима,validation
Atyrau,32,2024-02-04,50.63570138888889,24,pm2_5,True,50.63570138888889,True,2024,-0.5,88,7.67,1.6,0.5663619330814524,0.8241566360566663,-0.7818314824680299,0.6234898018587334,Зима,validation
Atyrau,32,2024-02-05,46.72552083333334,24,pm2_5,True,46.72552083333334,True,2024,1.9,90,8.02,1.3,0.580454927809098,0.8142923779467267,0.0,1.0,Зима,validation
Atyrau,32,2024-02-06,51.02957638888889,24,pm2_5,True,51.02957638888889,True,2024,0.5,90,9.11,5.7,0.5943761565849831,0.804187157621448,0.7818314824680298,0.6234898018587336,Зима,validation
Atyrau,32,2024-02-07,53.05086111111111,24,pm2_5,True,53.05086111111111,True,2024,-0.8,80,9.4,0.1,0.6081214998935418,0.7938439653781019,0.9749279121818236,-0.22252093395631434,Зима,validation
Atyrau,32,2024-02-08,53.11801388888889,24,pm2_5,True,53.11801388888889,True,2024,3.5,84,8.48,0.2,0.6216868902665479,0.7832658619336791,0.43388373911755823,-0.900968867902419,Зима,validation
Atyrau,32,2024-02-09,48.42903472222222,24,pm2_5,True,48.42903472222222,True,2024,2.1,84,4.94,1.0,0.6350683134867438,0.7724559775191742,-0.433883739117558,-0.9009688679024191,Зима,validation
Atyrau,32,2024-02-10,54.54728472222222,24,pm2_5,True,54.54728472222222,True,2024,-1.9,91,5.11,8.5,0.6482618097757122,0.7614175109532997,-0.9749279121818236,-0.2225209339563146,Зима,validation
Atyrau,32,2024-02-11,47.13509027777778,24,pm2_5,True,47.13509027777778,True,2024,-3.9,89,6.23,8.0,0.6612634749656386,0.7501537286959042,-0.7818314824680299,0.6234898018587334,Зима,validation
Atyrau,32,2024-02-12,46.90754861111111,24,pm2_5,True,46.90754861111111,True,2024,-0.4,95,5.7,0.7,0.6740694616546161,0.7386679638813748,0.0,1.0,Зима,validation
Atyrau,32,2024-02-13,57.98197916666667,24,pm2_5,True,57.98197916666667,True,2024,1.3,90,4.54,0.0,0.6866759803451553,0.726963615332308,0.7818314824680298,0.6234898018587336,Зима,validation
Atyrau,32,2024-02-14,52.514006944444446,24,pm2_5,True,52.514006944444446,True,2024,2.7,91,5.68,0.0,0.6990793005655562,0.7150441465537444,0.9749279121818236,-0.22252093395631434,Зима,validation
Atyrau,32,2024-02-15,53.14130555555556,24,pm2_5,True,53.14130555555556,True,2024,-3.2,79,8.79,0.0,0.7112757519738152,0.7029130847082615,0.43388373911755823,-0.900968867902419,Зима,validation
Atyrau,32,2024-02-16,41.049104166666666,24,pm2_5,True,41.049104166666666,True,2024,-12.0,54,9.7,0.0,0.7232617254437388,0.6905740195722293,-0.433883739117558,-0.9009688679024191,Зима,validation
Atyrau,32,2024-02-17,38.61163888888889,24,pm2_5,True,38.61163888888889,True,2024,-9.4,56,8.53,0.0,0.7350336741329413,0.6780306024735382,-0.9749279121818236,-0.2225209339563146,Зима,validation
Atyrau,32,2024-02-18,41.08402777777778,24,pm2_5,True,41.08402777777778,True,2024,-8.1,58,5.82,0.0,0.746588114532413,0.6652865452111116,-0.7818314824680299,0.6234898018587334,Зима,validation
Atyrau,32,2024-02-19,37.775284722222224,24,pm2_5,True,37.775284722222224,True,2024,-8.4,65,5.04,0.0,0.7579216274973472,0.6523456189565257,0.0,1.0,Зима,validation
Atyrau,32,2024-02-20,42.03380555555555,24,pm2_5,True,42.03380555555555,True,2024,-5.7,69,4.98,0.6,0.7690308592589181,0.6392116531380588,0.7818314824680298,0.6234898018587336,Зима,validation
Atyrau,32,2024-02-21,39.75577777777778,24,pm2_5,True,39.75577777777778,True,2024,-6.8,65,3.48,0.0,0.7799125224167177,0.6258885343075018,0.9749279121818236,-0.22252093395631434,Зима,validation
Atyrau,32,2024-02-22,44.25525694444445,24,pm2_5,True,44.25525694444445,True,2024,-8.3,73,3.1,0.0,0.7905633969115482,0.612380204990065,0.43388373911755823,-0.900968867902419,Зима,validation
Atyrau,32,2024-02-23,41.05661111111112,24,pm2_5,True,41.05661111111112,True,2024,-7.7,59,3.83,0.0,0.8009803309782905,0.5986906625177214,-0.433883739117558,-0.9009688679024191,Зима,validation
Atyrau,32,2024-02-24,46.06571527777778,24,pm2_5,True,46.06571527777778,True,2024,-7.5,66,3.82,0.0,0.8111602420785621,0.5848239578463322,-0.9749279121818236,-0.2225209339563146,Зима,validation
Atyrau,32,2024-02-25,41.58433333333333,24,pm2_5,True,41.58433333333333,True,2024,-7.4,68,3.68,0.0,0.8211001178128892,0.5707841943569036,-0.7818314824680299,0.6234898018587334,Зима,validation
Atyrau,32,2024-02-26,41.8945625,24,pm2_5,True,41.8945625,True,2024,-6.2,62,3.31,0.0,0.8307970168121247,0.5565755266413303,0.0,1.0,Зима,validation
Atyrau,32,2024-02-27,51.88013194444445,24,pm2_5,True,51.88013194444445,True,2024,-4.8,65,3.75,0.0,0.8402480696078469,0.5422021592729844,0.7818314824680298,0.6234898018587336,Зима,validation
Atyrau,32,2024-02-28,51.139180555555555,24,pm2_5,True,51.139180555555555,True,2024,-2.3,75,4.2,0.0,0.8494504794814806,0.527668345562516,0.9749279121818236,-0.22252093395631434,Зима,validation
Atyrau,32,2024-02-29,52.542319444444445,24,pm2_5,True,52.542319444444445,True,2024,-0.4,70,3.04,0.0,0.8584015232918917,0.512978386299228,0.43388373911755823,-0.900968867902419,Зима,validation
Atyrau,32,2024-03-01,55.9793611111111,24,pm2_5,True,55.9793611111111,True,2024,1.1,71,2.18,0.0,0.8670985522812081,0.4981366284784055,-0.433883739117558,-0.9009688679024191,Весна,validation
Atyrau,32,2024-03-02,53.722361111111105,24,pm2_5,True,53.722361111111105,True,2024,0.1,74,4.26,0.0,0.8755389928586302,0.4831474640149687,-0.9749279121818236,-0.2225209339563146,Весна,validation
Atyrau,32,2024-03-03,52.738395833333335,24,pm2_5,True,52.738395833333335,True,2024,-1.3,79,5.83,0.0,0.8837203473619977,0.4680153284438345,-0.7818314824680299,0.6234898018587334,Весна,validation
Atyrau,32,2024-03-04,50.08159722222222,24,pm2_5,True,50.08159722222222,True,2024,-2.0,77,4.06,0.0,0.8916401947968874,0.45274469960737107,0.0,1.0,Весна,validation
Atyrau,32,2024-03-05,47.13831944444445,24,pm2_5,True,47.13831944444445,True,2024,-1.0,75,3.21,0.0,0.8992961915530253,0.4373400963303323,0.7818314824680298,0.6234898018587336,Весна,validation
Atyrau,32,2024-03-06,53.62114583333334,24,pm2_5,True,53.62114583333334,True,2024,0.6,76,3.38,0.0,0.9066860720977985,0.4218060770826634,0.9749279121818236,-0.22252093395631434,Весна,validation
Atyrau,32,2024-03-07,58.08998611111111,24,pm2_5,True,58.08998611111111,True,2024,-1.3,81,5.81,0.0,0.9138076496466615,0.4061472386305789,0.43388373911755823,-0.900968867902419,Весна,validation
Atyrau,32,2024-03-08,55.9915,24,pm2_5,True,55.9915,True,2024,-2.7,76,4.91,0.0,0.9206588168102428,0.3903682146763026,-0.433883739117558,-0.9009688679024191,Весна,validation
Atyrau,32,2024-03-09,48.66824305555556,24,pm2_5,True,48.66824305555556,True,2024,-3.3,82,3.7,0.0,0.9272375462179537,0.374473674486883,-0.9749279121818236,-0.2225209339563146,Весна,validation
Atyrau,32,2024-03-10,48.76188194444445,24,pm2_5,True,48.76188194444445,True,2024,-0.6,82,4.53,0.0,0.9335418911179212,0.35846832151248087,-0.7818314824680299,0.6234898018587334,Весна,validation
Atyrau,32,2024-03-11,54.75871527777778,24,pm2_5,True,54.75871527777778,True,2024,-0.1,82,6.77,0.8,0.9395699859530622,0.342356891994542,0.0,1.0,Весна,validation
Atyrau,32,2024-03-12,56.414861111111115,24,pm2_5,True,56.414861111111115,True,2024,-3.0,72,5.95,0.0,0.945320046913132,0.3261441535642696,0.7818314824680298,0.6234898018587336,Весна,validation
Atyrau,32,2024-03-13,56.09480555555555,24,pm2_5,True,56.09480555555555,True,2024,-1.2,72,3.82,0.0,0.9507903724625832,0.3098349038318025,0.9749279121818236,-0.22252093395631434,Весна,validation
Atyrau,32,2024-03-14,43.32570138888889,24,pm2_5,True,43.32570138888889,True,2024,-0.2,76,4.64,0.0,0.9559793438440766,0.2934339689665273,0.43388373911755823,-0.900968867902419,Весна,validation
Atyrau,32,2024-03-15,50.14736805555555,24,pm2_5,True,50.14736805555555,True,2024,1.9,67,8.28,0.0,0.9608854255574977,0.27694620226893646,-0.433883739117558,-0.9009688679024191,Весна,validation
Atyrau,32,2024-03-16,46.93083333333334,24,pm2_5,True,46.93083333333334,True,2024,3.2,66,8.94,0.7,0.9655071658143364,0.2603764827344581,-0.9749279121818236,-0.2225209339563146,Весна,validation
Atyrau,32,2024-03-17,50.118340277777776,24,pm2_5,True,50.118340277777776,True,2024,2.5,85,6.67,4.0,0.969843196967294,0.24372971360968387,-0.7818314824680299,0.6234898018587334,Весна,validation
Atyrau,32,2024-03-18,47.12770833333334,24,pm2_5,True,47.12770833333334,True,2024,1.8,94,6.55,1.2,0.9738922359149924,0.22701082094141847,0.0,1.0,Весна,validation
Atyrau,32,2024-03-19,45.885416666666664,24,pm2_5,True,45.885416666666664,True,2024,2.1,90,2.87,0.0,0.9776530844816641,0.2102247521189836,0.7818314824680298,0.6234898018587336,Весна,validation
Atyrau,32,2024-03-20,42.16919444444444,24,pm2_5,True,42.16919444444444,True,2024,2.9,85,5.71,0.0,0.981124629771712,0.19337647441020586,0.9749279121818236,-0.22252093395631434,Весна,validation
Atyrau,32,2024-03-21,48.01991666666667,24,pm2_5,True,48.01991666666667,True,2024,1.2,87,3.7,0.0,0.984305844499033,0.17647097349152166,0.43388373911755823,-0.900968867902419,Весна,validation
Atyrau,32,2024-03-22,54.46423611111111,24,pm2_5,True,54.46423611111111,True,2024,2.1,93,2.24,0.0,0.9871957872910085,0.15951325197263655,-0.433883739117558,-0.9009688679024191,Весна,validation
Atyrau,32,2024-03-23,41.57028472222222,24,pm2_5,True,41.57028472222222,True,2024,3.1,90,2.22,0.6,0.9897936029670716,0.14250832791617088,-0.9749279121818236,-0.2225209339563146,Весна,validation
Atyrau,32,2024-03-24,46.680993055555554,24,pm2_5,True,46.680993055555554,True,2024,6.0,86,3.64,0.3,0.992098522791769,0.12546123335273648,-0.7818314824680299,0.6234898018587334,Весна,validation
Atyrau,32,2024-03-25,41.83904861111111,24,pm2_5,True,41.83904861111111,True,2024,7.4,86,3.99,0.5,0.9941098647022418,0.10837701279187609,0.0,1.0,Весна,validation
Atyrau,32,2024-03-26,48.27964583333334,24,pm2_5,True,48.27964583333334,True,2024,7.9,95,5.99,11.6,0.9958270335100595,0.09126072172931188,0.7818314824680298,0.6234898018587336,Весна,validation
Atyrau,32,2024-03-27,42.29430555555555,24,pm2_5,True,42.29430555555555,True,2024,6.3,85,10.06,6.0,0.9972495210773451,0.07411742515094437,0.9749279121818236,-0.22252093395631434,Весна,validation
Atyrau,32,2024-03-28,38.29815277777778,24,pm2_5,True,38.29815277777778,True,2024,5.0,71,9.27,0.3,0.998376906467142,0.056952196034039754,0.43388373911755823,-0.900968867902419,Весна,validation
Atyrau,32,2024-03-29,45.73963888888889,24,pm2_5,True,45.73963888888889,True,2024,4.9,67,5.89,0.0,0.9992088560679753,0.03977011384605572,-0.433883739117558,-0.9009688679024191,Весна,validation
Atyrau,32,2024-03-30,51.299368055555554,24,pm2_5,True,51.299368055555554,True,2024,5.9,73,3.34,0.0,0.9997451236925734,0.022576263041545485,-0.9749279121818236,-0.2225209339563146,Весна,validation
Atyrau,32,2024-03-31,55.59022222222222,24,pm2_5,True,55.59022222222222,True,2024,8.4,73,3.86,0.0,0.9999855506507186,0.005375731557583884,-0.7818314824680299,0.6234898018587334,Весна,validation
Atyrau,32,2024-04-01,55.479659722222216,24,pm2_5,True,55.479659722222216,True,2024,10.0,70,2.24,0.0,0.9999300657962057,-0.011826390691832589,0.0,1.0,Весна,validation
Atyrau,32,2024-04-02,56.05231944444444,24,pm2_5,True,56.05231944444444,True,2024,10.9,65,3.02,0.0,0.9995786855478958,-0.029025013321975237,0.7818314824680298,0.6234898018587336,Весна,validation
Atyrau,32,2024-04-03,43.15752777777777,24,pm2_5,True,43.15752777777777,True,2024,11.7,64,5.85,0.0,0.9989315138848577,-0.046215046983708354,0.9749279121818236,-0.22252093395631434,Весна,validation
Atyrau,32,2024-04-04,64.13220833333334,24,pm2_5,True,64.13220833333334,True,2024,12.1,67,6.51,0.0,0.9979887423155984,-0.06339140486951038,0.43388373911755823,-0.900968867902419,Весна,validation
Atyrau,32,2024-04-05,61.3130625,24,pm2_5,True,61.3130625,True,2024,10.5,87,2.22,0.0,0.9967506498213929,-0.08054900421874167,-0.433883739117558,-0.9009688679024191,Весна,validation
Atyrau,32,2024-04-06,41.33855555555555,24,pm2_5,True,41.33855555555555,True,2024,10.6,89,3.08,0.0,0.9952176027737294,-0.09768276782171598,-0.9749279121818236,-0.2225209339563146,Весна,validation
Atyrau,32,2024-04-07,38.52213888888889,24,pm2_5,True,38.52213888888889,True,2024,10.4,75,4.52,0.0,0.9933900548258936,-0.11478762552212701,-0.7818314824680299,0.6234898018587334,Весна,validation
Atyrau,32,2024-04-08,65.62597916666667,24,pm2_5,True,65.62597916666667,True,2024,10.5,74,3.77,0.0,0.9912685467787256,-0.13185851571739118,0.0,1.0,Весна,validation
Atyrau,32,2024-04-09,47.4515625,24,pm2_5,True,47.4515625,True,2024,12.6,75,4.88,0.0,0.9888537064205885,-0.1488903868564548,0.7818314824680298,0.6234898018587336,Весна,validation
Atyrau,32,2024-04-10,40.5423125,24,pm2_5,True,40.5423125,True,2024,14.8,68,3.01,0.0,0.986146248341595,-0.16587819893463143,0.9749279121818236,-0.22252093395631434,Весна,validation
Atyrau,32,2024-04-11,23.22378472222222,24,pm2_5,True,23.22378472222222,True,2024,16.0,61,5.1,0.0,0.9831469737221499,-0.1828169249850199,0.43388373911755823,-0.900968867902419,Весна,validation
Atyrau,32,2024-04-12,45.85748611111111,24,pm2_5,True,45.85748611111111,True,2024,13.5,66,5.4,0.0,0.9798567700958665,-0.1997015525660636,-0.433883739117558,-0.9009688679024191,Весна,validation
Atyrau,32,2024-04-13,48.58761111111111,24,pm2_5,True,48.58761111111111,True,2024,16.2,71,7.23,0.0,0.9762766110869321,-0.21652708524481437,-0.9749279121818236,-0.2225209339563146,Весна,validation
Atyrau,32,2024-04-14,22.62226388888889,24,pm2_5,True,22.62226388888889,True,2024,15.3,66,2.3,0.1,0.9724075561219968,-0.23328854407545518,-0.7818314824680299,0.6234898018587334,Весна,validation
Atyrau,32,2024-04-15,23.34872916666667,24,pm2_5,True,23.34872916666667,True,2024,15.7,82,5.61,8.7,0.9682507501166718,-0.2499809690726521,0.0,1.0,Весна,validation
Atyrau,32,2024-04-16,30.908243055555555,24,pm2_5,True,30.908243055555555,True,2024,16.7,76,8.37,0.4,0.9638074231367307,-0.26659942067929354,0.7818314824680298,0.6234898018587336,Весна,validation
Atyrau,32,2024-04-17,22.742951388888887,24,pm2_5,True,22.742951388888887,True,2024,18.3,65,6.39,0.0,0.9590788900341131,-0.28313898122818354,0.9749279121818236,-0.22252093395631434,Весна,validation
Atyrau,32,2024-04-18,9.366430555555555,24,pm2_5,True,9.366430555555555,True,2024,21.2,54,6.68,0.0,0.9540665500578387,-0.2995947563972602,0.43388373911755823,-0.900968867902419,Весна,validation
Atyrau,32,2024-04-19,1.0981458333333334,24,pm2_5,True,1.0981458333333334,True,2024,22.1,52,7.44,0.0,0.9487718864399473,-0.31596187665790293,-0.433883739117558,-0.9009688679024191,Весна,validation
Atyrau,32,2024-04-20,1.1741527777777778,24,pm2_5,True,1.1741527777777778,True,2024,23.7,45,6.1,0.0,0.9431964659565866,-0.33223549871590435,-0.9749279121818236,-0.2225209339563146,Весна,validation
Atyrau,32,2024-04-21,1.2812222222222223,24,pm2_5,True,1.2812222222222223,True,2024,23.6,45,6.16,0.0,0.9373419384643772,-0.3484108069446808,-0.7818314824680299,0.6234898018587334,Весна,validation
Atyrau,32,2024-04-22,1.1164722222222223,24,pm2_5,True,1.1164722222222223,True,2024,23.3,39,4.49,0.0,0.9312100364121947,-0.3644830148102912,0.0,1.0,Весна,validation
Atyrau,32,2024-04-23,1.334701388888889,24,pm2_5,True,1.334701388888889,True,2024,21.3,47,5.49,1.3,0.9248025743285089,-0.38044736628785164,0.7818314824680298,0.6234898018587336,Весна,validation
Atyrau,32,2024-04-24,3.7557152777777776,24,pm2_5,True,3.7557152777777776,True,2024,19.4,51,6.54,0.0,0.9181214482844364,-0.39629913726891813,0.9749279121818236,-0.22252093395631434,Весна,validation
Atyrau,32,2024-04-25,15.757263888888888,24,pm2_5,True,15.757263888888888,True,2024,18.7,53,5.23,0.0,0.9111686353326631,-0.41203363695942635,0.43388373911755823,-0.900968867902419,Весна,validation
Atyrau,32,2024-04-26,3.6648680555555555,24,pm2_5,True,3.6648680555555555,True,2024,20.7,56,4.78,0.0,0.9039461929224011,-0.42764620926777464,-0.433883739117558,-0.9009688679024191,Весна,validation
Atyrau,32,2024-04-27,1.4493958333333332,24,pm2_5,True,1.4493958333333332,True,2024,20.3,47,6.03,0.0,0.8964562582905575,-0.44313223418263453,-0.9749279121818236,-0.2225209339563146,Весна,validation
Atyrau,32,2024-04-28,15.827506944444444,24,pm2_5,True,15.827506944444444,True,2024,19.6,44,5.43,0.0,0.8887010478292915,-0.45848712914008766,-0.7818314824680299,0.6234898018587334,Весна,validation
Atyrau,32,2024-04-29,12.306409722222222,24,pm2_5,True,12.306409722222222,True,2024,20.9,45,4.35,0.0,0.8806828564301475,-0.47370635037968,0.0,1.0,Весна,validation
Atyrau,32,2024-04-30,5.417131944444445,24,pm2_5,True,5.417131944444445,True,2024,18.2,61,5.58,0.0,0.8724040568049612,-0.48878539428899265,0.7818314824680298,0.6234898018587336,Весна,validation
Atyrau,32,2024-05-01,31.18427777777778,24,pm2_5,True,31.18427777777778,True,2024,15.8,47,3.2,0.0,0.8638670987837349,-0.503719798736334,0.9749279121818236,-0.22252093395631434,Весна,validation
Atyrau,32,2024-05-02,13.349104166666665,24,pm2_5,True,13.349104166666665,True,2024,18.4,45,3.4,0.0,0.8550745085896932,-0.518505144391157,0.43388373911755823,-0.900968867902419,Весна,validation
Atyrau,32,2024-05-03,16.46409027777778,24,pm2_5,True,16.46409027777778,True,2024,17.0,39,3.2,0.0,0.8460288880917339,-0.533137056031809,-0.433883739117558,-0.9009688679024191,Весна,validation
Atyrau,32,2024-05-04,39.675104166666664,24,pm2_5,True,39.675104166666664,True,2024,11.7,45,6.29,0.0,0.8367329140344921,-0.5476112038402312,-0.9749279121818236,-0.2225209339563146,Весна,validation
Atyrau,32,2024-05-05,45.66064583333334,24,pm2_5,True,45.66064583333334,True,2024,10.5,38,4.64,0.0,0.8271893372462497,-0.5619233046832195,-0.7818314824680299,0.6234898018587334,Весна,validation
Atyrau,32,2024-05-06,32.782784722222225,24,pm2_5,True,32.782784722222225,True,2024,13.8,39,2.47,0.0,0.8174009818249189,-0.5760691233798758,0.0,1.0,Весна,validation
Atyrau,32,2024-05-07,20.766111111111112,24,pm2_5,True,20.766111111111112,True,2024,16.8,50,3.54,0.4,0.8073707443023492,-0.5900444739548627,0.7818314824680298,0.6234898018587336,Весна,validation
Atyrau,32,2024-05-08,34.18052083333333,24,pm2_5,True,34.18052083333333,True,2024,14.1,86,7.4,30.3,0.7971015927871943,-0.6038452208771035,0.9749279121818236,-0.22252093395631434,Весна,validation
Atyrau,32,2024-05-09,56.40122222222222,24,pm2_5,True,56.40122222222222,True,2024,12.1,56,6.24,0.0,0.7865965660866021,-0.6174672802835514,0.43388373911755823,-0.900968867902419,Весна,validation
Atyrau,32,2024-05-10,51.33880555555555,24,pm2_5,True,51.33880555555555,True,2024,11.4,67,3.7,1.4,0.7758587728069828,-0.6309066211876704,-0.433883739117558,-0.9009688679024191,Весна,validation
Atyrau,32,2024-05-11,33.61995833333334,24,pm2_5,True,33.61995833333334,True,2024,15.1,61,3.67,0.0,0.7648913904341225,-0.6441592666722685,-0.9749279121818236,-0.2225209339563146,Весна,validation
Atyrau,32,2024-05-12,21.41385416666665,24,pm2_5,True,21.41385416666665,True,2024,18.6,68,4.65,0.0,0.753697664392914,-0.6572212950663319,-0.7818314824680299,0.6234898018587334,Весна,validation
Atyrau,32,2024-05-13,22.4216458333333,24,pm2_5,True,22.4216458333333,True,2024,12.8,73,6.68,0.0,0.742280907086982,-0.6700888411055113,0.0,1.0,Весна,validation
Atyrau,32,2024-05-14,51.50555555555553,24,pm2_5,True,51.50555555555553,True,2024,14.3,58,4.67,0.0,0.7306444969184916,-0.6827580970759147,0.7818314824680298,0.6234898018587336,Весна,validation
Atyrau,32,2024-05-15,34.27068749999999,24,pm2_5,True,34.27068749999999,True,2024,13.0,67,5.07,1.7,0.7187918772884232,-0.6952253139408722,0.9749279121818236,-0.22252093395631434,Весна,validation
Atyrau,32,2024-05-16,34.980576388888885,24,pm2_5,True,34.980576388888885,True,2024,14.5,68,4.83,0.0,0.7067265555776158,-0.7074868024503348,0.43388373911755823,-0.900968867902419,Весна,validation
Atyrau,32,2024-05-17,28.24304861111111,24,pm2_5,True,28.24304861111111,True,2024,14.1,59,3.07,0.0,0.6944521021088763,-0.719538934232584,-0.433883739117558,-0.9009688679024191,Весна,validation
Atyrau,32,2024-05-18,33.47655555555556,24,pm2_5,True,33.47655555555556,True,2024,15.8,57,5.2,1.0,0.6819721490904629,-0.7313781428679254,-0.9749279121818236,-0.2225209339563146,Весна,validation
Atyrau,32,2024-05-19,21.845625,24,pm2_5,True,21.845625,True,2024,16.9,51,5.36,0.1,0.6692903895412567,-0.7430009249440493,-0.7818314824680299,0.6234898018587334,Весна,validation
Atyrau,32,2024-05-20,16.861868055555558,24,pm2_5,True,16.861868055555558,True,2024,17.5,50,3.75,0.0,0.6564105761979381,-0.7544038410927472,0.0,1.0,Весна,validation
Atyrau,32,2024-05-21,21.792694444444447,24,pm2_5,True,21.792694444444447,True,2024,18.0,44,3.76,0.0,0.6433365204044917,-0.765583517007675,0.7818314824680298,0.6234898018587336,Весна,validation
Atyrau,32,2024-05-22,2.5893819444444444,24,pm2_5,True,2.5893819444444444,True,2024,20.2,43,2.96,0.0,0.6300720909843687,-0.7765366444428655,0.9749279121818236,-0.22252093395631434,Весна,validation
Atyrau,32,2024-05-23,1.1228749999999998,24,pm2_5,True,1.1228749999999998,True,2024,22.1,43,2.72,0.0,0.6166212130956382,-0.7872599821916922,0.43388373911755823,-0.900968867902419,Весна,validation
Atyrau,32,2024-05-24,9.35838095238094,21,pm2_5,True,9.35838095238094,True,2024,18.4,41,8.76,0.6,0.6029878670694714,-0.7977503570459932,-0.433883739117558,-0.9009688679024191,Весна,validation
Atyrau,32,2024-05-25,38.70144444444444,24,pm2_5,True,38.70144444444444,True,2024,15.3,37,3.97,0.0,0.5891760872322963,-0.8080046647350754,-0.9749279121818236,-0.2225209339563146,Весна,validation
Atyrau,32,2024-05-26,14.384055555555555,24,pm2_5,True,14.384055555555555,True,2024,17.9,44,2.62,0.0,0.5751899607119775,-0.8180198708443174,-0.7818314824680299,0.6234898018587334,Весна,validation
Atyrau,32,2024-05-27,1.1276666666666666,24,pm2_5,True,1.1276666666666666,True,2024,21.0,38,2.97,0.0,0.5610336262283677,-0.8277930117131022,0.0,1.0,Весна,validation
Atyrau,32,2024-05-28,1.2664236111111111,24,pm2_5,True,1.2664236111111111,True,2024,20.9,38,4.45,0.0,0.5467112728685939,-0.8373211953118121,0.7818314824680298,0.6234898018587336,Весна,validation
Atyrau,32,2024-05-29,1.1116458333333334,24,pm2_5,True,1.1116458333333334,True,2024,22.7,39,5.24,0.0,0.5322271388474397,-0.8466016020976267,0.9749279121818236,-0.22252093395631434,Весна,validation
Atyrau,32,2024-05-30,0.9746458333333333,24,pm2_5,True,0.9746458333333333,True,2024,25.0,34,4.88,0.0,0.5175855102531889,-0.8556314858488706,0.43388373911755823,-0.900968867902419,Весна,validation
Atyrau,32,2024-05-31,0.7630277777777777,24,pm2_5,True,0.7630277777777777,True,2024,26.9,29,5.83,0.0,0.5027907197793043,-0.8644081744776648,-0.433883739117558,-0.9009688679024191,Весна,validation
Atyrau,32,2024-06-01,0.7637291666666667,24,pm2_5,True,0.7637291666666667,True,2024,25.7,41,5.32,0.0,0.4878471454423119,-0.8729290708206411,-0.9749279121818236,-0.2225209339563146,Лето,validation
Atyrau,32,2024-06-02,0.9495833333333333,24,pm2_5,True,0.9495833333333333,True,2024,27.6,40,4.73,0.0,0.47275920928627757,-0.881191653407483,-0.7818314824680299,0.6234898018587334,Лето,validation
Atyrau,32,2024-06-03,18.09126388888889,24,pm2_5,True,18.09126388888889,True,2024,26.7,60,3.77,0.4,0.4575313760742512,-0.8891934772070711,0.0,1.0,Лето,validation
Atyrau,32,2024-06-04,48.21122916666667,24,pm2_5,True,48.21122916666667,True,2024,26.8,63,3.79,0.3,0.44216815196707204,-0.8969321743510065,0.7818314824680298,0.6234898018587336,Лето,validation
Atyrau,32,2024-06-05,36.19600694444444,24,pm2_5,True,36.19600694444444,True,2024,27.9,54,5.71,0.0,0.42667408318992467,-0.9044054548343001,0.9749279121818236,-0.22252093395631434,Лето,validation
Atyrau,32,2024-06-06,35.32310416666667,24,pm2_5,True,35.32310416666667,True,2024,28.5,52,4.93,0.0,0.4110537546870351,-0.9116111071930239,0.43388373911755823,-0.900968867902419,Лето,validation
Atyrau,32,2024-06-07,37.316069444444445,24,pm2_5,True,37.316069444444445,True,2024,28.3,56,6.14,0.1,0.3953117887649151,-0.9185469991587165,-0.433883739117558,-0.9009688679024191,Лето,validation
Atyrau,32,2024-06-08,31.86972222222222,24,pm2_5,True,31.86972222222222,True,2024,26.9,49,7.14,0.0,0.37945284372454435,-0.925211078289358,-0.9749279121818236,-0.2225209339563146,Лето,validation
Atyrau,32,2024-08-19,45.68482638888889,24,pm2_5,True,45.68482638888889,True,2024,25.3,54,3.9,0.0,-0.7508642533989489,-0.6604565640279754,0.0,1.0,Лето,validation
Atyrau,32,2024-08-20,41.74272916666667,24,pm2_5,True,41.74272916666667,True,2024,26.7,45,2.69,0.0,-0.7621140503891487,-0.6474427960827475,0.7818314824680298,0.6234898018587336,Лето,validation
Atyrau,32,2024-08-21,44.58132638888889,24,pm2_5,True,44.58132638888889,True,2024,27.1,43,4.55,0.0,-0.7731383255706026,-0.6342374393978054,0.9749279121818236,-0.22252093395631434,Лето,validation
Atyrau,32,2024-08-22,42.60033333333333,24,pm2_5,True,42.60033333333333,True,2024,27.2,46,3.46,0.0,-0.7839338166829201,-0.620844401650647,0.43388373911755823,-0.900968867902419,Лето,validation
Atyrau,32,2024-08-23,50.087375,24,pm2_5,True,50.087375,True,2024,23.3,40,5.14,0.0,-0.7944973291665992,-0.6072676460566135,-0.433883739117558,-0.9009688679024191,Лето,validation
Atyrau,32,2024-08-24,44.60527777777778,24,pm2_5,True,44.60527777777778,True,2024,23.6,41,3.49,0.0,-0.8048257371083452,-0.593511190196115,-0.9749279121818236,-0.2225209339563146,Лето,validation
Atyrau,32,2024-08-25,54.670298611111114,24,pm2_5,True,54.670298611111114,True,2024,24.0,39,3.1,0.0,-0.8149159841660791,-0.5795791048257612,-0.7818314824680299,0.6234898018587334,Лето,validation
Atyrau,32,2024-08-26,47.05335416666667,24,pm2_5,True,47.05335416666667,True,2024,25.7,43,2.45,0.0,-0.8247650844733614,-0.5654755126737576,0.0,1.0,Лето,validation
Atyrau,32,2024-08-27,53.31002083333333,24,pm2_5,True,53.31002083333333,True,2024,25.5,41,5.66,0.0,-0.8343701235229538,-0.5512045872199277,0.7818314824680298,0.6234898018587336,Лето,validation
Atyrau,32,2024-08-28,42.56622222222222,24,pm2_5,True,42.56622222222222,True,2024,24.2,37,4.59,0.0,-0.8437282590292712,-0.5367705514607103,0.9749279121818236,-0.22252093395631434,Лето,validation
Atyrau,32,2024-08-29,51.3503125,24,pm2_5,True,51.3503125,True,2024,24.2,40,3.16,0.0,-0.8528367217694595,-0.522177676659508,0.43388373911755823,-0.900968867902419,Лето,validation
Atyrau,32,2024-08-30,48.014097222222226,24,pm2_5,True,48.014097222222226,True,2024,25.9,40,2.84,0.0,-0.8616928164028522,-0.5074302810827518,-0.433883739117558,-0.9009688679024191,Лето,validation
Atyrau,32,2024-08-31,58.073187499999996,24,pm2_5,True,58.073187499999996,True,2024,25.7,36,6.47,0.0,-0.8702939222685674,-0.49253272872205434,-0.9749279121818236,-0.2225209339563146,Лето,validation
Atyrau,32,2024-09-01,55.407354166666664,24,pm2_5,True,55.407354166666664,True,2024,23.7,35,7.46,0.0,-0.8786374941610001,-0.4774894280028391,-0.7818314824680299,0.6234898018587334,Осень,validation
Atyrau,32,2024-09-02,46.255409722222225,24,pm2_5,True,46.255409722222225,True,2024,22.0,35,8.0,0.0,-0.886721063082993,-0.46230483047981086,0.0,1.0,Осень,validation
Atyrau,32,2024-09-03,50.991736111111116,24,pm2_5,True,50.991736111111116,True,2024,21.7,34,6.74,0.0,-0.8945422369764496,-0.4469834295196741,0.7818314824680298,0.6234898018587336,Осень,validation
Atyrau,32,2024-09-04,51.601215277777776,24,pm2_5,True,51.601215277777776,True,2024,23.8,27,4.4,0.0,-0.9020987014301837,-0.43152975897147144,0.9749279121818236,-0.22252093395631434,Осень,validation
Atyrau,32,2024-09-05,46.26743055555554,24,pm2_5,True,46.26743055555554,True,2024,21.6,40,7.77,0.0,-0.9093882203647925,-0.4159483918249421,0.43388373911755823,-0.900968867902419,Осень,validation
Atyrau,32,2024-09-06,58.03938888888889,24,pm2_5,True,58.03938888888889,True,2024,17.3,40,4.92,0.0,-0.9164086366943458,-0.4002439388573056,-0.433883739117558,-0.9009688679024191,Осень,validation
Atyrau,32,2024-09-07,44.59229861111111,24,pm2_5,True,44.59229861111111,True,2024,18.5,40,1.81,0.0,-0.9231578729647039,-0.38442104726885545,-0.9749279121818236,-0.2225209339563146,Осень,validation
Atyrau,32,2024-09-08,49.25819444444445,24,pm2_5,True,49.25819444444445,True,2024,19.7,45,2.79,0.0,-0.9296339319682695,-0.3684843993077793,-0.7818314824680299,0.6234898018587334,Осень,validation
Atyrau,32,2024-09-09,55.29152777777778,24,pm2_5,True,55.29152777777778,True,2024,21.1,48,4.66,0.0,-0.9358348973349941,-0.35243871088460327,0.0,1.0,Осень,validation
Atyrau,32,2024-09-10,56.13885416666667,24,pm2_5,True,56.13885416666667,True,2024,20.7,47,5.84,0.0,-0.9417589340994617,-0.33628873017668287,0.7818314824680298,0.6234898018587336,Осень,validation
Atyrau,32,2024-09-11,49.68264583333333,24,pm2_5,True,49.68264583333333,True,2024,22.9,38,7.04,0.0,-0.9474042892438845,-0.32003923622313857,0.9749279121818236,-0.22252093395631434,Осень,validation
Atyrau,32,2024-09-12,57.468333333333334,24,pm2_5,True,57.468333333333334,True,2024,22.3,38,6.94,0.0,-0.9527692922168511,-0.30369503751065885,0.43388373911755823,-0.900968867902419,Осень,validation
Atyrau,32,2024-09-13,58.85165972222222,24,pm2_5,True,58.85165972222222,True,2024,22.1,37,7.24,0.0,-0.9578523554276669,-0.28726097055059635,-0.433883739117558,-0.9009688679024191,Осень,validation
Atyrau,32,2024-09-14,51.74957638888889,24,pm2_5,True,51.74957638888889,True,2024,21.2,38,7.06,0.0,-0.9626519747161487,-0.2707418984477642,-0.9749279121818236,-0.2225209339563146,Осень,validation
Atyrau,32,2024-09-15,53.57918055555555,24,pm2_5,True,53.57918055555555,True,2024,21.3,41,5.17,0.0,-0.9671667297977312,-0.2541427094613622,-0.7818314824680299,0.6234898018587334,Осень,validation
Atyrau,32,2024-09-16,54.9128125,24,pm2_5,True,54.9128125,True,2024,21.4,37,5.51,0.0,-0.97139528468375,-0.23746831555846842,0.0,1.0,Осень,validation
Atyrau,32,2024-09-17,46.02504861111111,24,pm2_5,True,46.02504861111111,True,2024,18.2,37,7.31,0.0,-0.9753363880767837,-0.2207236509605022,0.7818314824680298,0.6234898018587336,Осень,validation
Atyrau,32,2024-09-18,46.80942361111111,24,pm2_5,True,46.80942361111111,True,2024,16.0,33,5.76,0.0,-0.9789888737409319,-0.20391367068311472,0.9749279121818236,-0.22252093395631434,Осень,validation
Atyrau,32,2024-09-19,47.995666666666665,24,pm2_5,True,47.995666666666665,True,2024,16.4,32,3.95,0.0,-0.9823516608469237,-0.18704334906991657,0.43388373911755823,-0.900968867902419,Осень,validation
Atyrau,32,2024-09-20,44.5506875,24,pm2_5,True,44.5506875,True,2024,17.0,34,2.43,0.0,-0.9854237542919524,-0.17011767832049052,-0.433883739117558,-0.9009688679024191,Осень,validation
Atyrau,32,2024-09-21,46.340694444444445,24,pm2_5,True,46.340694444444445,True,2024,18.2,47,2.75,0.0,-0.9882042449941422,-0.15314166701312007,-0.9749279121818236,-0.2225209339563146,Осень,validation
Atyrau,32,2024-09-22,53.60415277777778,24,pm2_5,True,53.60415277777778,True,2024,18.1,53,2.7,0.0,-0.9906923101615609,-0.13612033862266704,-0.7818314824680299,0.6234898018587334,Осень,validation
Atyrau,32,2024-09-23,51.95779166666667,24,pm2_5,True,51.95779166666667,True,2024,19.4,59,3.61,0.0,-0.9928872135356962,-0.11905873003404988,0.0,1.0,Осень,validation
Atyrau,32,2024-09-24,50.55714583333333,24,pm2_5,True,50.55714583333333,True,2024,17.6,57,7.9,1.2,-0.994788305609327,-0.10196189005174576,0.7818314824680298,0.6234898018587336,Осень,validation
Atyrau,32,2024-09-25,44.913868055555554,24,pm2_5,True,44.913868055555554,True,2024,17.0,53,5.45,2.2,-0.9963950238187231,-0.08483487790576538,0.9749279121818236,-0.22252093395631434,Осень,validation
Atyrau,32,2024-09-26,37.88633333333333,24,pm2_5,True,37.88633333333333,True,2024,14.5,40,5.17,0.0,-0.9977068927101168,-0.06768276175455162,0.43388373911755823,-0.900968867902419,Осень,validation
Atyrau,32,2024-09-27,43.215631944444446,24,pm2_5,True,43.215631944444446,True,2024,14.5,42,5.32,0.0,-0.9987235240803972,-0.050510617185222886,-0.433883739117558,-0.9009688679024191,Осень,validation
Atyrau,32,2024-09-28,43.98434027777778,24,pm2_5,True,43.98434027777778,True,2024,14.8,42,5.1,0.0,-0.9994446170919858,-0.033323525711631344,-0.9749279121818236,-0.2225209339563146,Осень,validation
Atyrau,32,2024-09-29,44.16777083333333,24,pm2_5,True,44.16777083333333,True,2024,17.2,40,5.87,0.0,-0.9998699583618592,-0.016126573270657762,-0.7818314824680299,0.6234898018587334,Осень,validation
Atyrau,32,2024-09-30,49.16572222222222,24,pm2_5,True,49.16572222222222,True,2024,19.1,34,6.29,0.0,-0.9999994220246925,0.001075151282798226,0.0,1.0,Осень,validation
Atyrau,32,2024-10-01,56.388125,24,pm2_5,True,56.388125,True,2024,17.4,35,5.42,0.0,-0.999832969770105,0.018276557681691223,0.7818314824680298,0.6234898018587336,Осень,validation
Atyrau,32,2024-10-02,38.56804861111111,24,pm2_5,True,38.56804861111111,True,2024,17.1,33,5.21,0.0,-0.9993706508539969,0.03547255575312556,0.9749279121818236,-0.22252093395631434,Осень,validation
Atyrau,32,2024-10-03,47.455937500000005,24,pm2_5,True,47.455937500000005,True,2024,16.7,41,6.42,0.0,-0.9986126020839734,0.052658056924614005,0.43388373911755823,-0.900968867902419,Осень,validation
Atyrau,32,2024-10-04,43.18877777777777,24,pm2_5,True,43.18877777777777,True,2024,16.8,40,3.95,0.0,-0.9975590477788613,0.06982797572987089,-0.433883739117558,-0.9009688679024191,Осень,validation
Atyrau,32,2024-10-05,42.32021527777778,24,pm2_5,True,42.32021527777778,True,2024,16.8,37,3.03,0.0,-0.9962102997023297,0.0869772313136861,-0.9749279121818236,-0.2225209339563146,Осень,validation
Atyrau,32,2024-10-06,48.870652777777785,24,pm2_5,True,48.870652777777785,True,2024,16.6,45,2.03,0.0,-0.9945667569706337,0.1041007489354256,-0.7818314824680299,0.6234898018587334,Осень,validation
Atyrau,32,2024-10-07,49.24904166666666,24,pm2_5,True,49.24904166666666,True,2024,17.3,54,4.34,0.0,-0.9926289059345095,0.121193461470736,0.0,1.0,Осень,validation
Atyrau,32,2024-10-08,42.01497222222222,24,pm2_5,True,42.01497222222222,True,2024,17.1,51,5.86,0.0,-0.9903973200352558,0.1382503109109819,0.7818314824680298,0.6234898018587336,Осень,validation
Atyrau,32,2025-01-14,33.61495138888889,24,pm2_5,True,33.61495138888889,True,2025,-0.4,94,2.56,0.6,0.23851257519407648,0.9711394088771653,0.7818314824680298,0.6234898018587336,Зима,test
Atyrau,32,2025-01-15,33.267152777777774,24,pm2_5,True,33.267152777777774,True,2025,-4.0,85,4.69,0.0,0.2551824131233728,0.9668929289391521,0.9749279121818236,-0.22252093395631434,Зима,test
Atyrau,32,2025-01-16,30.545354166666666,24,pm2_5,True,30.545354166666666,True,2025,-1.7,90,6.34,1.1,0.2717767384711357,0.9623603298276545,0.43388373911755823,-0.900968867902419,Зима,test
Atyrau,32,2025-01-17,33.91014583333334,24,pm2_5,True,33.91014583333334,True,2025,-0.9,93,4.56,0.4,0.2882906407095177,0.9575429528116719,-0.433883739117558,-0.9009688679024191,Зима,test
Atyrau,32,2025-01-18,40.949555555555555,24,pm2_5,True,40.949555555555555,True,2025,0.3,97,4.4,3.9,0.3047192331091634,0.9524422234305676,-0.9749279121818236,-0.2225209339563146,Зима,test
Atyrau,32,2025-01-19,42.15452777777778,24,pm2_5,True,42.15452777777778,True,2025,0.2,96,2.71,0.1,0.321057654185271,0.9470596510722283,-0.7818314824680299,0.6234898018587334,Зима,test
Atyrau,32,2025-01-20,40.738930555555555,24,pm2_5,True,40.738930555555555,True,2025,0.4,96,5.03,0.9,0.3373010691361842,0.9413968285264122,0.0,1.0,Зима,test
Atyrau,32,2025-01-21,49.203743055555556,24,pm2_5,True,49.203743055555556,True,2025,-1.1,77,8.52,0.6,0.3534446712740877,0.9354554315134164,0.7818314824680298,0.6234898018587336,Зима,test
Atyrau,32,2025-01-22,41.895208333333336,24,pm2_5,True,41.895208333333336,True,2025,-7.3,64,5.82,0.0,0.3694836834473831,0.9292372181882051,0.9749279121818236,-0.22252093395631434,Зима,test
Atyrau,32,2025-01-23,42.88848611111111,24,pm2_5,True,42.88848611111111,True,2025,-11.2,67,8.5,0.0,0.38541335945432564,0.9227440286201427,0.43388373911755823,-0.900968867902419,Зима,test
Atyrau,32,2025-01-24,38.350763888888885,24,pm2_5,True,38.350763888888885,True,2025,-7.5,73,8.99,0.0,0.4012289854475009,0.9159777842484877,-0.433883739117558,-0.9009688679024191,Зима,test
Atyrau,32,2025-01-25,35.425104166666664,24,pm2_5,True,35.425104166666664,True,2025,-3.1,88,2.09,0.0,0.4169258813287287,0.908940487313808,-0.9749279121818236,-0.2225209339563146,Зима,test
Atyrau,32,2025-01-26,38.56772916666667,24,pm2_5,True,38.56772916666667,True,2025,-3.7,83,2.63,0.0,0.4324994021339788,0.901634220265486,-0.7818314824680299,0.6234898018587334,Зима,test
Atyrau,32,2025-01-27,44.54617361111111,24,pm2_5,True,44.54617361111111,True,2025,-2.7,84,2.13,0.0,0.44794493940789115,0.8940611451454876,0.0,1.0,Зима,test
Atyrau,32,2025-01-28,40.39670833333333,24,pm2_5,True,40.39670833333333,True,2025,-3.4,96,3.49,0.0,0.4632579225674917,0.88622350294858,0.7818314824680298,0.6234898018587336,Зима,test
Atyrau,32,2025-01-29,40.02838888888889,24,pm2_5,True,40.02838888888889,True,2025,-1.9,91,2.26,0.0,0.4784338202547012,0.8781236129591848,0.9749279121818236,-0.22252093395631434,Зима,test
Atyrau,32,2025-01-30,39.224243055555554,24,pm2_5,True,39.224243055555554,True,2025,-2.9,90,1.92,0.0,0.49346814167723735,0.8697638720650646,0.43388373911755823,-0.900968867902419,Зима,test
Atyrau,32,2025-01-31,43.03959722222223,24,pm2_5,True,43.03959722222223,True,2025,-2.2,91,1.93,0.0,0.5083564379375122,0.8611467540480452,-0.433883739117558,-0.9009688679024191,Зима,test
Atyrau,32,2025-02-01,41.33575694444445,24,pm2_5,True,41.33575694444445,True,2025,-1.6,90,3.89,0.0,0.5230943033491326,0.8522748088519838,-0.9749279121818236,-0.2225209339563146,Зима,test
Atyrau,32,2025-02-02,43.00575,24,pm2_5,True,43.00575,True,2025,-1.7,89,5.78,0.0,0.5376773767406141,0.8431506618282,-0.7818314824680299,0.6234898018587334,Зима,test
Atyrau,32,2025-02-03,42.746048611111114,24,pm2_5,True,42.746048611111114,True,2025,-1.1,91,4.53,0.0,0.5521013427459208,0.8337770129585915,0.0,1.0,Зима,test
Atyrau,32,2025-02-04,38.02025,24,pm2_5,True,38.02025,True,2025,-0.5,85,5.28,0.0,0.5663619330814524,0.8241566360566663,0.7818314824680298,0.6234898018587336,Зима,test
Atyrau,32,2025-02-05,40.46826388888889,24,pm2_5,True,40.46826388888889,True,2025,-4.2,81,4.6,0.0,0.580454927809098,0.8142923779467267,0.9749279121818236,-0.22252093395631434,Зима,test
Atyrau,32,2025-02-06,39.868604166666664,24,pm2_5,True,39.868604166666664,True,2025,-3.7,78,6.24,0.0,0.5943761565849831,0.804187157621448,0.43388373911755823,-0.900968867902419,Зима,test
Atyrau,32,2025-02-07,38.24559722222222,24,pm2_5,True,38.24559722222222,True,2025,-5.7,71,7.89,0.0,0.6081214998935418,0.7938439653781019,-0.433883739117558,-0.9009688679024191,Зима,test
Atyrau,32,2025-02-08,40.14910416666667,24,pm2_5,True,40.14910416666667,True,2025,-7.8,68,6.99,0.0,0.6216868902665479,0.7832658619336791,-0.9749279121818236,-0.2225209339563146,Зима,test
Atyrau,32,2025-02-09,34.343069444444446,24,pm2_5,True,34.343069444444446,True,2025,-7.6,73,4.69,0.0,0.6350683134867438,0.7724559775191742,-0.7818314824680299,0.6234898018587334,Зима,test
Atyrau,32,2025-02-10,34.60159027777778,24,pm2_5,True,34.60159027777778,True,2025,-6.5,74,3.95,0.0,0.6482618097757122,0.7614175109532997,0.0,1.0,Зима,test
Atyrau,32,2025-02-11,35.73320833333333,24,pm2_5,True,35.73320833333333,True,2025,-4.3,77,3.8,0.0,0.6612634749656386,0.7501537286959042,0.7818314824680298,0.6234898018587336,Зима,test
Atyrau,32,2025-02-12,37.391243055555556,24,pm2_5,True,37.391243055555556,True,2025,-3.8,79,2.7,0.0,0.6740694616546161,0.7386679638813748,0.9749279121818236,-0.22252093395631434,Зима,test
Atyrau,32,2025-02-13,35.560972222222226,24,pm2_5,True,35.560972222222226,True,2025,-4.2,86,1.31,0.0,0.6866759803451553,0.726963615332308,0.43388373911755823,-0.900968867902419,Зима,test
Atyrau,32,2025-02-14,34.8006875,24,pm2_5,True,34.8006875,True,2025,-2.8,89,1.87,0.0,0.6990793005655562,0.7150441465537444,-0.433883739117558,-0.9009688679024191,Зима,test
Atyrau,32,2025-02-15,34.95902777777778,24,pm2_5,True,34.95902777777778,True,2025,-2.5,84,2.39,0.0,0.7112757519738152,0.7029130847082615,-0.9749279121818236,-0.2225209339563146,Зима,test
Atyrau,32,2025-02-16,33.55698611111111,24,pm2_5,True,33.55698611111111,True,2025,-0.3,93,5.47,0.2,0.7232617254437388,0.6905740195722293,-0.7818314824680299,0.6234898018587334,Зима,test
Atyrau,32,2025-02-17,36.04038888888889,24,pm2_5,True,36.04038888888889,True,2025,-4.1,82,4.14,2.2,0.7350336741329413,0.6780306024735382,0.0,1.0,Зима,test
Atyrau,32,2025-02-18,35.12155555555555,24,pm2_5,True,35.12155555555555,True,2025,-7.2,74,5.66,0.3,0.746588114532413,0.6652865452111116,0.7818314824680298,0.6234898018587336,Зима,test
Atyrau,32,2025-02-19,32.48875694444445,24,pm2_5,True,32.48875694444445,True,2025,-9.4,79,6.6,3.9,0.7579216274973472,0.6523456189565257,0.9749279121818236,-0.22252093395631434,Зима,test
Atyrau,32,2025-02-20,30.79336111111111,24,pm2_5,True,30.79336111111111,True,2025,-8.8,88,6.53,1.5,0.7690308592589181,0.6392116531380588,0.43388373911755823,-0.900968867902419,Зима,test
Atyrau,32,2025-02-21,31.49607638888889,24,pm2_5,True,31.49607638888889,True,2025,-6.3,94,7.22,8.3,0.7799125224167177,0.6258885343075018,-0.433883739117558,-0.9009688679024191,Зима,test
Atyrau,32,2025-02-22,30.070888888888888,24,pm2_5,True,30.070888888888888,True,2025,-7.9,86,7.19,2.4,0.7905633969115482,0.612380204990065,-0.9749279121818236,-0.2225209339563146,Зима,test
Atyrau,32,2025-02-23,30.61747916666667,24,pm2_5,True,30.61747916666667,True,2025,-8.9,82,5.75,0.0,0.8009803309782905,0.5986906625177214,-0.7818314824680299,0.6234898018587334,Зима,test
Atyrau,32,2025-02-24,29.96755555555556,24,pm2_5,True,29.96755555555556,True,2025,-9.5,91,4.5,0.0,0.8111602420785621,0.5848239578463322,0.0,1.0,Зима,test
Atyrau,32,2025-02-25,30.45573611111111,24,pm2_5,True,30.45573611111111,True,2025,-9.2,82,3.06,0.0,0.8211001178128892,0.5707841943569036,0.7818314824680298,0.6234898018587336,Зима,test
Atyrau,32,2025-02-26,31.121604166666668,24,pm2_5,True,31.121604166666668,True,2025,-9.8,82,2.42,0.0,0.8307970168121247,0.5565755266413303,0.9749279121818236,-0.22252093395631434,Зима,test
Atyrau,32,2025-02-27,29.386916666666664,24,pm2_5,True,29.386916666666664,True,2025,-10.2,83,3.1,0.3,0.8402480696078469,0.5422021592729844,0.43388373911755823,-0.900968867902419,Зима,test
Atyrau,32,2025-02-28,31.971652777777777,24,pm2_5,True,31.971652777777777,True,2025,-10.5,86,5.54,0.7,0.8494504794814806,0.527668345562516,-0.433883739117558,-0.9009688679024191,Зима,test
Atyrau,32,2025-03-01,30.129958333333335,24,pm2_5,True,30.129958333333335,True,2025,-10.1,86,4.78,1.3,0.8584015232918917,0.512978386299228,-0.9749279121818236,-0.2225209339563146,Весна,test
Atyrau,32,2025-03-02,31.599722222222223,24,pm2_5,True,31.599722222222223,True,2025,-9.9,88,5.6,2.8,0.8670985522812081,0.4981366284784055,-0.7818314824680299,0.6234898018587334,Весна,test
Atyrau,32,2025-03-03,31.933666666666667,24,pm2_5,True,31.933666666666667,True,2025,-10.4,85,2.76,0.0,0.8755389928586302,0.4831474640149687,0.0,1.0,Весна,test
Atyrau,32,2025-03-04,31.95067361111111,24,pm2_5,True,31.95067361111111,True,2025,-4.8,90,4.07,0.0,0.8837203473619977,0.4680153284438345,0.7818314824680298,0.6234898018587336,Весна,test
Atyrau,32,2025-03-05,33.05685416666667,24,pm2_5,True,33.05685416666667,True,2025,-0.1,92,10.33,5.4,0.8916401947968874,0.45274469960737107,0.9749279121818236,-0.22252093395631434,Весна,test
Atyrau,32,2025-03-06,35.06113194444445,24,pm2_5,True,35.06113194444445,True,2025,1.1,90,8.79,3.5,0.8992961915530253,0.4373400963303323,0.43388373911755823,-0.900968867902419,Весна,test
Atyrau,32,2025-03-07,40.050270833333336,24,pm2_5,True,40.050270833333336,True,2025,3.5,88,7.17,0.0,0.9066860720977985,0.4218060770826634,-0.433883739117558,-0.9009688679024191,Весна,test
Atyrau,32,2025-03-08,37.96836805555555,24,pm2_5,True,37.96836805555555,True,2025,4.1,82,5.73,0.0,0.9138076496466615,0.4061472386305789,-0.9749279121818236,-0.2225209339563146,Весна,test
Atyrau,32,2025-03-09,37.911520833333334,24,pm2_5,True,37.911520833333334,True,2025,1.0,82,2.94,0.0,0.9206588168102428,0.3903682146763026,-0.7818314824680299,0.6234898018587334,Весна,test
Atyrau,32,2025-03-10,36.14125694444444,24,pm2_5,True,36.14125694444444,True,2025,0.7,84,2.94,0.0,0.9272375462179537,0.374473674486883,0.0,1.0,Весна,test
Atyrau,32,2025-03-11,42.63284027777778,24,pm2_5,True,42.63284027777778,True,2025,2.5,86,4.74,0.0,0.9335418911179212,0.35846832151248087,0.7818314824680298,0.6234898018587336,Весна,test
Atyrau,32,2025-03-12,43.80821527777778,24,pm2_5,True,43.80821527777778,True,2025,4.8,84,5.05,0.0,0.9395699859530622,0.342356891994542,0.9749279121818236,-0.22252093395631434,Весна,test
Atyrau,32,2025-03-13,42.50963194444444,24,pm2_5,True,42.50963194444444,True,2025,5.9,82,5.43,0.1,0.945320046913132,0.3261441535642696,0.43388373911755823,-0.900968867902419,Весна,test
Atyrau,32,2025-03-14,39.56410416666667,24,pm2_5,True,39.56410416666667,True,2025,7.7,76,3.93,0.0,0.9507903724625832,0.3098349038318025,-0.433883739117558,-0.9009688679024191,Весна,test
Atyrau,32,2025-03-15,38.744277777777775,24,pm2_5,True,38.744277777777775,True,2025,7.6,72,4.1,0.0,0.9559793438440766,0.2934339689665273,-0.9749279121818236,-0.2225209339563146,Весна,test
Atyrau,32,2025-03-16,45.86579166666667,24,pm2_5,True,45.86579166666667,True,2025,9.1,74,5.49,0.0,0.9608854255574977,0.27694620226893646,-0.7818314824680299,0.6234898018587334,Весна,test
Atyrau,32,2025-03-17,43.329729166666674,24,pm2_5,True,43.329729166666674,True,2025,9.5,70,4.76,0.0,0.9655071658143364,0.2603764827344581,0.0,1.0,Весна,test
Atyrau,32,2025-03-18,57.86420138888889,24,pm2_5,True,57.86420138888889,True,2025,10.7,74,2.59,0.0,0.969843196967294,0.24372971360968387,0.7818314824680298,0.6234898018587336,Весна,test
Atyrau,32,2025-03-19,48.470756944444446,24,pm2_5,True,48.470756944444446,True,2025,9.9,79,6.3,0.0,0.9738922359149924,0.22701082094141847,0.9749279121818236,-0.22252093395631434,Весна,test
Atyrau,32,2025-03-20,49.147638888888885,24,pm2_5,True,49.147638888888885,True,2025,6.8,71,5.83,0.2,0.9776530844816641,0.2102247521189836,0.43388373911755823,-0.900968867902419,Весна,test
Atyrau,32,2025-03-21,48.74397916666667,24,pm2_5,True,48.74397916666667,True,2025,6.0,66,3.06,0.0,0.981124629771712,0.19337647441020586,-0.433883739117558,-0.9009688679024191,Весна,test
Atyrau,32,2025-03-22,46.01580555555555,24,pm2_5,True,46.01580555555555,True,2025,7.1,71,5.08,2.1,0.984305844499033,0.17647097349152166,-0.9749279121818236,-0.2225209339563146,Весна,test
Atyrau,32,2025-03-23,43.67008333333333,24,pm2_5,True,43.67008333333333,True,2025,7.3,68,6.66,0.9,0.9871957872910085,0.15951325197263655,-0.7818314824680299,0.6234898018587334,Весна,test
Atyrau,32,2025-03-24,42.88023611111111,24,pm2_5,True,42.88023611111111,True,2025,7.2,61,5.89,0.6,0.9897936029670716,0.14250832791617088,0.0,1.0,Весна,test
Atyrau,32,2025-03-25,44.12459722222223,24,pm2_5,True,44.12459722222223,True,2025,5.9,66,3.26,0.0,0.992098522791769,0.12546123335273648,0.7818314824680298,0.6234898018587336,Весна,test
Atyrau,32,2025-03-26,44.574284722222224,24,pm2_5,True,44.574284722222224,True,2025,6.1,64,4.17,0.0,0.9941098647022418,0.10837701279187609,0.9749279121818236,-0.22252093395631434,Весна,test
Atyrau,32,2025-03-27,38.062916666666666,24,pm2_5,True,38.062916666666666,True,2025,5.8,68,3.1,0.0,0.9958270335100595,0.09126072172931188,0.43388373911755823,-0.900968867902419,Весна,test
Atyrau,32,2025-03-28,43.69940277777778,24,pm2_5,True,43.69940277777778,True,2025,6.8,71,2.32,0.0,0.9972495210773451,0.07411742515094437,-0.433883739117558,-0.9009688679024191,Весна,test
Atyrau,32,2025-03-29,53.76174305555556,24,pm2_5,True,53.76174305555556,True,2025,9.4,70,3.31,0.0,0.998376906467142,0.056952196034039754,-0.9749279121818236,-0.2225209339563146,Весна,test
Atyrau,32,2025-03-30,55.064902777777775,24,pm2_5,True,55.064902777777775,True,2025,13.5,60,6.29,0.2,0.9992088560679753,0.03977011384605572,-0.7818314824680299,0.6234898018587334,Весна,test
Atyrau,32,2025-03-31,48.548680555555556,24,pm2_5,True,48.548680555555556,True,2025,15.4,55,8.73,0.0,0.9997451236925734,0.022576263041545485,0.0,1.0,Весна,test
Atyrau,32,2025-04-01,58.24863194444444,24,pm2_5,True,58.24863194444444,True,2025,13.5,64,8.9,0.0,0.9999855506507186,0.005375731557583884,0.7818314824680298,0.6234898018587336,Весна,test
Atyrau,32,2025-04-02,64.54597222222222,24,pm2_5,True,64.54597222222222,True,2025,14.3,76,6.97,0.0,0.9999300657962057,-0.011826390691832589,0.9749279121818236,-0.22252093395631434,Весна,test
Atyrau,32,2025-04-03,38.36870138888889,24,pm2_5,True,38.36870138888889,True,2025,14.7,77,4.43,4.4,0.9995786855478958,-0.029025013321975237,0.43388373911755823,-0.900968867902419,Весна,test
Atyrau,32,2025-04-04,51.726756944444446,24,pm2_5,True,51.726756944444446,True,2025,13.8,68,4.2,0.0,0.9989315138848577,-0.046215046983708354,-0.433883739117558,-0.9009688679024191,Весна,test
Atyrau,32,2025-04-05,47.36183333333333,24,pm2_5,True,47.36183333333333,True,2025,14.4,75,4.9,0.0,0.9979887423155984,-0.06339140486951038,-0.9749279121818236,-0.2225209339563146,Весна,test
Atyrau,32,2025-04-06,56.62146527777778,24,pm2_5,True,56.62146527777778,True,2025,12.4,87,5.7,23.0,0.9967506498213929,-0.08054900421874167,-0.7818314824680299,0.6234898018587334,Весна,test
Atyrau,32,2025-04-07,45.46279166666667,24,pm2_5,True,45.46279166666667,True,2025,13.6,81,4.85,0.0,0.9952176027737294,-0.09768276782171598,0.0,1.0,Весна,test
Atyrau,32,2025-04-08,45.84388888888889,24,pm2_5,True,45.84388888888889,True,2025,15.4,75,5.23,0.0,0.9933900548258936,-0.11478762552212701,0.7818314824680298,0.6234898018587336,Весна,test
Atyrau,32,2025-04-09,39.07938888888889,24,pm2_5,True,39.07938888888889,True,2025,12.1,67,7.73,0.0,0.9912685467787256,-0.13185851571739118,0.9749279121818236,-0.22252093395631434,Весна,test
Atyrau,32,2025-04-10,34.61958333333333,24,pm2_5,True,34.61958333333333,True,2025,8.5,70,6.09,1.5,0.9888537064205885,-0.1488903868564548,0.43388373911755823,-0.900968867902419,Весна,test
Atyrau,32,2025-04-11,37.67055555555556,24,pm2_5,True,37.67055555555556,True,2025,6.4,74,5.98,1.8,0.986146248341595,-0.16587819893463143,-0.433883739117558,-0.9009688679024191,Весна,test
Atyrau,32,2025-04-12,33.40906944444445,24,pm2_5,True,33.40906944444445,True,2025,7.6,60,3.77,0.0,0.9831469737221499,-0.1828169249850199,-0.9749279121818236,-0.2225209339563146,Весна,test
Atyrau,32,2025-04-13,39.64902777777778,24,pm2_5,True,39.64902777777778,True,2025,11.1,62,3.71,0.0,0.9798567700958665,-0.1997015525660636,-0.7818314824680299,0.6234898018587334,Весна,test
Atyrau,32,2025-04-14,43.18907142857142,21,pm2_5,True,43.18907142857142,True,2025,13.0,63,2.56,0.0,0.9762766110869321,-0.21652708524481437,0.0,1.0,Весна,test
Atyrau,32,2025-04-16,40.469,24,pm2_5,True,40.469,True,2025,11.7,51,4.96,0.0,0.9682507501166718,-0.2499809690726521,0.9749279121818236,-0.22252093395631434,Весна,test
Atyrau,32,2025-04-17,45.64927083333333,24,pm2_5,True,45.64927083333333,True,2025,14.3,49,3.59,0.0,0.9638074231367307,-0.26659942067929354,0.43388373911755823,-0.900968867902419,Весна,test
Atyrau,32,2025-04-18,45.484659722222226,24,pm2_5,True,45.484659722222226,True,2025,15.7,49,2.94,0.0,0.9590788900341131,-0.28313898122818354,-0.433883739117558,-0.9009688679024191,Весна,test
Atyrau,32,2025-04-19,42.128062500000006,24,pm2_5,True,42.128062500000006,True,2025,16.9,53,3.7,0.0,0.9540665500578387,-0.2995947563972602,-0.9749279121818236,-0.2225209339563146,Весна,test
Atyrau,32,2025-04-20,46.85902777777778,24,pm2_5,True,46.85902777777778,True,2025,17.5,54,3.27,0.0,0.9487718864399473,-0.31596187665790293,-0.7818314824680299,0.6234898018587334,Весна,test
Atyrau,32,2025-04-21,49.16858333333334,24,pm2_5,True,49.16858333333334,True,2025,19.6,37,5.56,0.0,0.9431964659565866,-0.33223549871590435,0.0,1.0,Весна,test
Atyrau,32,2025-04-22,39.66606818181817,22,pm2_5,True,39.66606818181817,True,2025,20.0,47,6.62,0.2,0.9373419384643772,-0.3484108069446808,0.7818314824680298,0.6234898018587336,Весна,test
Atyrau,32,2025-04-23,50.85078472222222,24,pm2_5,True,50.85078472222222,True,2025,20.1,49,6.42,1.6,0.9312100364121947,-0.3644830148102912,0.9749279121818236,-0.22252093395631434,Весна,test
Atyrau,32,2025-04-24,44.62147916666667,24,pm2_5,True,44.62147916666667,True,2025,19.4,59,6.3,0.1,0.9248025743285089,-0.38044736628785164,0.43388373911755823,-0.900968867902419,Весна,test
Atyrau,32,2025-04-25,50.772687499999996,24,pm2_5,True,50.772687499999996,True,2025,18.9,61,3.18,0.0,0.9181214482844364,-0.39629913726891813,-0.433883739117558,-0.9009688679024191,Весна,test
Atyrau,32,2025-04-26,55.03540277777778,24,pm2_5,True,55.03540277777778,True,2025,20.0,64,3.65,0.5,0.9111686353326631,-0.41203363695942635,-0.9749279121818236,-0.2225209339563146,Весна,test
Atyrau,32,2025-04-27,44.68770138888889,24,pm2_5,True,44.68770138888889,True,2025,17.9,77,5.42,2.3,0.9039461929224011,-0.42764620926777464,-0.7818314824680299,0.6234898018587334,Весна,test
Atyrau,32,2025-04-28,48.18553472222222,24,pm2_5,True,48.18553472222222,True,2025,9.7,50,8.79,0.0,0.8964562582905575,-0.44313223418263453,0.0,1.0,Весна,test
Atyrau,32,2025-04-29,44.96534027777778,24,pm2_5,True,44.96534027777778,True,2025,8.0,41,3.92,0.0,0.8887010478292915,-0.45848712914008766,0.7818314824680298,0.6234898018587336,Весна,test
Atyrau,32,2025-04-30,44.22403472222222,24,pm2_5,True,44.22403472222222,True,2025,10.7,47,4.09,0.3,0.8806828564301475,-0.47370635037968,0.9749279121818236,-0.22252093395631434,Весна,test
Atyrau,32,2025-05-01,46.62359027777777,24,pm2_5,True,46.62359027777777,True,2025,14.7,49,2.88,0.0,0.8724040568049612,-0.48878539428899265,0.43388373911755823,-0.900968867902419,Весна,test
Atyrau,32,2025-05-02,42.588631944444444,24,pm2_5,True,42.588631944444444,True,2025,17.4,50,6.86,0.0,0.8638670987837349,-0.503719798736334,-0.433883739117558,-0.9009688679024191,Весна,test
Atyrau,32,2025-05-03,50.14093055555555,24,pm2_5,True,50.14093055555555,True,2025,18.0,59,5.09,0.7,0.8550745085896932,-0.518505144391157,-0.9749279121818236,-0.2225209339563146,Весна,test
Atyrau,32,2025-05-04,41.047979166666664,24,pm2_5,True,41.047979166666664,True,2025,15.8,44,2.71,0.0,0.8460288880917339,-0.533137056031809,-0.7818314824680299,0.6234898018587334,Весна,test
Atyrau,32,2025-05-05,46.55034027777777,24,pm2_5,True,46.55034027777777,True,2025,16.4,55,6.6,1.8,0.8367329140344921,-0.5476112038402312,0.0,1.0,Весна,test
Atyrau,32,2025-05-06,46.43434722222222,24,pm2_5,True,46.43434722222222,True,2025,18.9,62,3.34,0.3,0.8271893372462497,-0.5619233046832195,0.7818314824680298,0.6234898018587336,Весна,test
Atyrau,32,2025-05-07,44.64101388888889,24,pm2_5,True,44.64101388888889,True,2025,20.9,57,4.98,0.0,0.8174009818249189,-0.5760691233798758,0.9749279121818236,-0.22252093395631434,Весна,test
Atyrau,32,2025-05-08,42.31013194444444,24,pm2_5,True,42.31013194444444,True,2025,20.4,49,4.6,0.0,0.8073707443023492,-0.5900444739548627,0.43388373911755823,-0.900968867902419,Весна,test
Atyrau,32,2025-05-09,47.68579166666667,24,pm2_5,True,47.68579166666667,True,2025,20.2,65,6.05,0.1,0.7971015927871943,-0.6038452208771035,-0.433883739117558,-0.9009688679024191,Весна,test
Atyrau,32,2025-05-10,37.45968055555556,24,pm2_5,True,37.45968055555556,True,2025,20.1,60,3.52,0.7,0.7865965660866021,-0.6174672802835514,-0.9749279121818236,-0.2225209339563146,Весна,test
Atyrau,32,2025-05-11,45.27079166666667,24,pm2_5,True,45.27079166666667,True,2025,23.9,57,2.86,0.0,0.7758587728069828,-0.6309066211876704,-0.7818314824680299,0.6234898018587334,Весна,test
Atyrau,32,2025-05-12,41.631236111111114,24,pm2_5,True,41.631236111111114,True,2025,21.1,57,8.0,0.3,0.7648913904341225,-0.6441592666722685,0.0,1.0,Весна,test
Atyrau,32,2025-05-13,44.72463888888888,24,pm2_5,True,44.72463888888888,True,2025,21.9,52,4.07,0.2,0.753697664392914,-0.6572212950663319,0.7818314824680298,0.6234898018587336,Весна,test
Atyrau,32,2025-05-14,41.54054861111111,24,pm2_5,True,41.54054861111111,True,2025,22.8,55,6.69,0.2,0.742280907086982,-0.6700888411055113,0.9749279121818236,-0.22252093395631434,Весна,test
Atyrau,32,2025-05-15,40.67013194444444,24,pm2_5,True,40.67013194444444,True,2025,19.6,51,3.64,0.0,0.7306444969184916,-0.6827580970759147,0.43388373911755823,-0.900968867902419,Весна,test
Atyrau,32,2025-05-16,46.615208333333335,24,pm2_5,True,46.615208333333335,True,2025,19.7,40,7.01,0.5,0.7187918772884232,-0.6952253139408722,-0.433883739117558,-0.9009688679024191,Весна,test
Atyrau,32,2025-05-17,44.70516666666666,24,pm2_5,True,44.70516666666666,True,2025,20.3,36,4.56,0.0,0.7067265555776158,-0.7074868024503348,-0.9749279121818236,-0.2225209339563146,Весна,test
Atyrau,32,2025-05-18,44.61158333333333,24,pm2_5,True,44.61158333333333,True,2025,21.4,34,3.74,0.0,0.6944521021088763,-0.719538934232584,-0.7818314824680299,0.6234898018587334,Весна,test
Atyrau,32,2025-05-19,41.73867361111111,24,pm2_5,True,41.73867361111111,True,2025,21.6,56,6.09,0.3,0.6819721490904629,-0.7313781428679254,0.0,1.0,Весна,test
Atyrau,32,2025-05-20,48.564506944444446,24,pm2_5,True,48.564506944444446,True,2025,18.4,58,6.91,0.0,0.6692903895412567,-0.7430009249440493,0.7818314824680298,0.6234898018587336,Весна,test
Atyrau,32,2025-05-21,42.07696527777777,24,pm2_5,True,42.07696527777777,True,2025,19.0,61,4.45,0.8,0.6564105761979381,-0.7544038410927472,0.9749279121818236,-0.22252093395631434,Весна,test
Atyrau,32,2025-05-22,47.73141666666667,24,pm2_5,True,47.73141666666667,True,2025,18.9,55,7.66,0.0,0.6433365204044917,-0.765583517007675,0.43388373911755823,-0.900968867902419,Весна,test
Atyrau,32,2025-05-23,43.82485416666666,24,pm2_5,True,43.82485416666666,True,2025,21.5,49,5.2,0.0,0.6300720909843687,-0.7765366444428655,-0.433883739117558,-0.9009688679024191,Весна,test
Atyrau,32,2025-05-24,51.751798611111106,24,pm2_5,True,51.751798611111106,True,2025,22.4,37,4.35,0.0,0.6166212130956382,-0.7872599821916922,-0.9749279121818236,-0.2225209339563146,Весна,test
Atyrau,32,2025-05-25,42.073006944444444,24,pm2_5,True,42.073006944444444,True,2025,21.8,29,4.96,0.0,0.6029878670694714,-0.7977503570459932,-0.7818314824680299,0.6234898018587334,Весна,test
Atyrau,32,2025-05-26,45.64190277777777,24,pm2_5,True,45.64190277777777,True,2025,19.8,29,6.65,0.0,0.5891760872322963,-0.8080046647350754,0.0,1.0,Весна,test
Atyrau,32,2025-05-27,41.34551388888889,24,pm2_5,True,41.34551388888889,True,2025,20.2,32,5.86,0.0,0.5751899607119775,-0.8180198708443174,0.7818314824680298,0.6234898018587336,Весна,test
Atyrau,32,2025-05-28,30.907611111111112,24,pm2_5,True,30.907611111111112,True,2025,24.1,31,6.1,0.0,0.5610336262283677,-0.8277930117131022,0.9749279121818236,-0.22252093395631434,Весна,test
Atyrau,32,2025-05-29,43.942145833333335,24,pm2_5,True,43.942145833333335,True,2025,26.3,31,4.63,0.0,0.5467112728685939,-0.8373211953118121,0.43388373911755823,-0.900968867902419,Весна,test
Atyrau,32,2025-05-30,48.24654166666667,24,pm2_5,True,48.24654166666667,True,2025,27.1,29,5.28,0.0,0.5322271388474397,-0.8466016020976267,-0.433883739117558,-0.9009688679024191,Весна,test
Atyrau,32,2025-05-31,44.826249999999995,24,pm2_5,True,44.826249999999995,True,2025,27.7,32,6.9,0.0,0.5175855102531889,-0.8556314858488706,-0.9749279121818236,-0.2225209339563146,Весна,test
Atyrau,32,2025-06-01,45.867875,24,pm2_5,True,45.867875,True,2025,27.5,44,5.28,0.0,0.5027907197793043,-0.8644081744776648,-0.7818314824680299,0.6234898018587334,Лето,test
Atyrau,32,2025-06-02,42.17228472222222,24,pm2_5,True,42.17228472222222,True,2025,26.1,41,4.24,0.0,0.4878471454423119,-0.8729290708206411,0.0,1.0,Лето,test
Atyrau,32,2025-06-03,44.194590277777785,24,pm2_5,True,44.194590277777785,True,2025,24.7,30,5.63,0.0,0.47275920928627757,-0.881191653407483,0.7818314824680298,0.6234898018587336,Лето,test
Atyrau,32,2025-06-04,44.058548611111114,24,pm2_5,True,44.058548611111114,True,2025,23.7,31,3.78,0.0,0.4575313760742512,-0.8891934772070711,0.9749279121818236,-0.22252093395631434,Лето,test
Atyrau,32,2025-06-05,45.96208333333333,24,pm2_5,True,45.96208333333333,True,2025,25.8,50,6.56,0.0,0.44216815196707204,-0.8969321743510065,0.43388373911755823,-0.900968867902419,Лето,test
Atyrau,32,2025-06-06,47.55336805555555,24,pm2_5,True,47.55336805555555,True,2025,20.9,59,3.89,0.1,0.42667408318992467,-0.9044054548343001,-0.433883739117558,-0.9009688679024191,Лето,test
Atyrau,32,2025-06-07,45.17966666666666,24,pm2_5,True,45.17966666666666,True,2025,24.3,56,2.15,0.9,0.4110537546870351,-0.9116111071930239,-0.9749279121818236,-0.2225209339563146,Лето,test
Atyrau,32,2025-06-08,36.09916666666667,24,pm2_5,True,36.09916666666667,True,2025,25.7,57,1.87,1.7,0.3953117887649151,-0.9185469991587165,-0.7818314824680299,0.6234898018587334,Лето,test
Atyrau,32,2025-06-09,37.43391666666667,24,pm2_5,True,37.43391666666667,True,2025,25.4,60,3.32,0.6,0.37945284372454435,-0.925211078289358,0.0,1.0,Лето,test
Atyrau,32,2025-06-10,43.23492361111111,24,pm2_5,True,43.23492361111111,True,2025,26.1,57,3.3,0.0,0.36348161248290634,-0.9316013725767187,0.7818314824680298,0.6234898018587336,Лето,test
Atyrau,32,2025-06-11,44.88638888888889,24,pm2_5,True,44.88638888888889,True,2025,25.4,61,5.25,0.1,0.3474028211842774,-0.9377159910299093,0.9749279121818236,-0.22252093395631434,Лето,test
Atyrau,32,2025-06-12,41.31164583333333,24,pm2_5,True,41.31164583333333,True,2025,25.6,60,6.18,0.0,0.3312212278016865,-0.9435531242349544,0.43388373911755823,-0.900968867902419,Лето,test
Atyrau,32,2025-06-13,39.27398611111111,24,pm2_5,True,39.27398611111111,True,2025,26.5,64,5.82,0.0,0.31494162072895193,-0.9491110448902284,-0.433883739117558,-0.9009688679024191,Лето,test
Atyrau,32,2025-06-14,40.10754861111111,24,pm2_5,True,40.10754861111111,True,2025,28.3,46,2.59,0.0,0.2985688173637202,-0.9543881083175908,-0.9749279121818236,-0.2225209339563146,Лето,test
Atyrau,32,2025-06-15,41.0541984126984,21,pm2_5,True,41.0541984126984,True,2025,26.1,50,4.76,0.4,0.2821076626819194,-0.9593827529490743,-0.7818314824680299,0.6234898018587334,Лето,test
Atyrau,32,2025-06-16,41.73088405797102,23,pm2_5,True,41.73088405797102,True,2025,22.7,65,2.9,3.8,0.26556302780405594,-0.9640935007889755,0.0,1.0,Лето,test
Atyrau,32,2025-06-17,38.025194444444445,24,pm2_5,True,38.025194444444445,True,2025,23.0,55,6.17,0.0,0.24893980855376657,-0.9685189578512204,0.7818314824680298,0.6234898018587336,Лето,test
Atyrau,32,2025-06-18,41.18595833333333,24,pm2_5,True,41.18595833333333,True,2025,22.2,61,7.1,0.1,0.23224292400907015,-0.9726578145718654,0.9749279121818236,-0.22252093395631434,Лето,test
Atyrau,32,2025-06-19,37.65265277777778,24,pm2_5,True,37.65265277777778,True,2025,21.5,65,8.05,1.6,0.21547731504673012,-0.976508846196619,0.43388373911755823,-0.900968867902419,Лето,test
Atyrau,32,2025-06-20,36.47757971014492,23,pm2_5,True,36.47757971014492,True,2025,22.8,64,8.97,0.7,0.19864794288017112,-0.9800709131432666,-0.433883739117558,-0.9009688679024191,Лето,test
Atyrau,32,2025-06-21,32.546194444444446,24,pm2_5,True,32.546194444444446,True,2025,22.8,55,6.22,1.7,0.18175978759137534,-0.9833429613388902,-0.9749279121818236,-0.2225209339563146,Лето,test
Atyrau,32,2025-06-22,39.372479166666665,24,pm2_5,True,39.372479166666665,True,2025,22.1,45,6.27,0.0,0.16481784665719793,-0.9863240225317866,-0.7818314824680299,0.6234898018587334,Лето,test
Atyrau,32,2025-06-23,40.60418055555556,24,pm2_5,True,40.60418055555556,True,2025,21.9,51,5.28,0.0,0.14782713347053048,-0.9890132145779883,0.0,1.0,Лето,test
Atyrau,32,2025-06-24,41.92545833333333,24,pm2_5,True,41.92545833333333,True,2025,20.0,71,3.82,6.3,0.13079267585675922,-0.9914097417023038,0.7818314824680298,0.6234898018587336,Лето,test
Atyrau,32,2025-06-25,40.046395833333335,24,pm2_5,True,40.046395833333335,True,2025,20.7,66,5.0,0.2,0.11371951458594969,-0.9935128947338007,0.9749279121818236,-0.22252093395631434,Лето,test
Atyrau,32,2025-06-26,37.34149305555555,24,pm2_5,True,37.34149305555555,True,2025,23.4,70,7.03,1.1,0.0966127018812031,-0.9953220513156602,0.43388373911755823,-0.900968867902419,Лето,test
Atyrau,32,2025-06-27,35.784868055555556,24,pm2_5,True,35.784868055555556,True,2025,22.9,61,8.96,1.8,0.07947729992362097,-0.9968366760893436,-0.433883739117558,-0.9009688679024191,Лето,test
Atyrau,32,2025-06-28,38.69956944444444,24,pm2_5,True,38.69956944444444,True,2025,20.6,53,9.13,0.0,0.062318379354325076,-0.998056320853012,-0.9749279121818236,-0.2225209339563146,Лето,test
Atyrau,32,2025-06-29,39.201548611111114,24,pm2_5,True,39.201548611111114,True,2025,22.6,46,3.12,0.0,0.04514101777397193,-0.9989806246941579,-0.7818314824680299,0.6234898018587334,Лето,test
Atyrau,32,2025-06-30,38.95416666666667,24,pm2_5,True,38.95416666666667,True,2025,25.5,50,4.26,0.0,0.02795029824021032,-0.999609314096404,0.0,1.0,Лето,test
Atyrau,32,2025-07-01,35.4433125,24,pm2_5,True,35.4433125,True,2025,26.2,52,6.01,0.0,0.01075130776352193,-0.9999422030204416,0.7818314824680298,0.6234898018587336,Лето,test
Atyrau,32,2025-07-02,33.01836111111111,24,pm2_5,True,33.01836111111111,True,2025,24.5,44,4.64,0.5,-0.00645086419810515,-0.9999791929590823,0.9749279121818236,-0.22252093395631434,Лето,test
Atyrau,32,2025-07-03,34.30195833333333,24,pm2_5,True,34.30195833333333,True,2025,25.0,45,4.92,0.0,-0.023651127245231586,-0.9997202729664083,0.43388373911755823,-0.900968867902419,Лето,test
Atyrau,32,2025-07-04,41.819493055555554,24,pm2_5,True,41.819493055555554,True,2025,26.1,39,4.9,0.0,-0.04084439154329611,-0.9991655196610109,-0.433883739117558,-0.9009688679024191,Лето,test
Atyrau,32,2025-07-05,35.948819444444446,24,pm2_5,True,35.948819444444446,True,2025,26.8,45,4.37,0.0,-0.05802556932878035,-0.9983150972033183,-0.9749279121818236,-0.2225209339563146,Лето,test
Atyrau,32,2025-07-06,40.23052777777777,24,pm2_5,True,40.23052777777777,True,2025,28.2,44,5.36,0.0,-0.07518957641475855,-0.9971692572470178,-0.7818314824680299,0.6234898018587334,Лето,test
Atyrau,32,2025-07-07,37.221805555555555,24,pm2_5,True,37.221805555555555,True,2025,27.1,31,5.1,0.0,-0.09233133369539122,-0.9957283388645872,0.0,1.0,Лето,test
Atyrau,32,2025-07-08,39.79136805555556,24,pm2_5,True,39.79136805555556,True,2025,26.6,30,6.24,0.0,-0.10944576864891556,-0.993992768446958,0.7818314824680298,0.6234898018587336,Лето,test
Atyrau,32,2025-07-09,36.230444444444444,24,pm2_5,True,36.230444444444444,True,2025,28.8,29,5.28,0.0,-0.12652781683868314,-0.9919630595773397,0.9749279121818236,-0.22252093395631434,Лето,test
Atyrau,32,2025-07-10,42.123625,24,pm2_5,True,42.123625,True,2025,29.8,33,3.79,0.0,-0.1435724234118113,-0.9896398128792412,0.43388373911755823,-0.900968867902419,Лето,test
Atyrau,32,2025-07-11,35.06813888888889,24,pm2_5,True,35.06813888888889,True,2025,31.2,33,4.31,0.0,-0.16057454459499376,-0.9870237158387383,-0.433883739117558,-0.9009688679024191,Лето,test
Atyrau,32,2025-07-12,42.12931944444444,24,pm2_5,True,42.12931944444444,True,2025,32.8,33,3.41,0.0,-0.17752914918703497,-0.984115542601034,-0.9749279121818236,-0.2225209339563146,Лето,test
Atyrau,32,2025-07-13,28.561736111111106,24,pm2_5,True,28.561736111111106,True,2025,32.4,34,3.27,0.0,-0.19443122004766195,-0.9809161537413774,-0.7818314824680299,0.6234898018587334,Лето,test
Atyrau,32,2025-07-14,38.93438888888889,24,pm2_5,True,38.93438888888889,True,2025,30.5,31,3.07,0.0,-0.2112757555821793,-0.9774264960104055,0.0,1.0,Лето,test
Atyrau,32,2025-07-15,35.06216666666666,24,pm2_5,True,35.06216666666666,True,2025,29.7,52,2.85,0.0,-0.2280577712215198,-0.9736476020539838,0.7818314824680298,0.6234898018587336,Лето,test
Atyrau,32,2025-07-16,35.07091666666667,24,pm2_5,True,35.07091666666667,True,2025,29.3,48,2.4,0.0,-0.24477230089725957,-0.9695805901076308,0.9749279121818236,-0.22252093395631434,Лето,test
Atyrau,32,2025-07-17,34.23309027777778,24,pm2_5,True,34.23309027777778,True,2025,28.8,50,2.42,0.7,-0.2614143985111562,-0.965226663665613,0.43388373911755823,-0.900968867902419,Лето,test
Atyrau,32,2025-07-18,29.601875000000003,24,pm2_5,True,29.601875000000003,True,2025,29.0,53,4.5,0.0,-0.2779791393987801,-0.9605871111248129,-0.433883739117558,-0.9009688679024191,Лето,test
Atyrau,32,2025-07-19,31.37715972222222,24,pm2_5,True,31.37715972222222,True,2025,30.8,40,2.69,0.0,-0.2944616217868012,-0.9556633054034704,-0.9749279121818236,-0.2225209339563146,Лето,test
Atyrau,32,2025-07-20,38.45440277777778,24,pm2_5,True,38.45440277777778,True,2025,31.4,29,4.1,0.0,-0.3108569682435036,-0.9504567035349151,-0.7818314824680299,0.6234898018587334,Лето,test
Atyrau,32,2025-07-21,33.146166666666666,24,pm2_5,True,33.146166666666666,True,2025,31.3,35,8.22,0.0,-0.3271603271220951,-0.9449688462364056,0.0,1.0,Лето,test
Atyrau,32,2025-07-22,39.45071527777778,24,pm2_5,True,39.45071527777778,True,2025,30.3,54,4.55,0.0,-0.34336687399638804,-0.939201357453208,0.7818314824680298,0.6234898018587336,Лето,test
Atyrau,32,2025-07-23,36.42313888888889,24,pm2_5,True,36.42313888888889,True,2025,27.4,58,5.35,0.0,-0.3594718130884232,-0.9331559438780432,0.9749279121818236,-0.22252093395631434,Лето,test
Atyrau,32,2025-07-24,36.99023611111111,24,pm2_5,True,36.99023611111111,True,2025,28.8,54,6.08,1.4,-0.3754703786876202,-0.9268343944460494,0.43388373911755823,-0.900968867902419,Лето,test
Atyrau,32,2025-07-25,32.663000000000004,24,pm2_5,True,32.663000000000004,True,2025,27.6,52,5.87,0.1,-0.3913578365610259,-0.9202385798054075,-0.433883739117558,-0.9009688679024191,Лето,test
Atyrau,32,2025-07-26,34.849944444444446,24,pm2_5,True,34.849944444444446,True,2025,26.9,48,6.72,0.0,-0.4071294853542516,-0.9133704517637858,-0.9749279121818236,-0.2225209339563146,Лето,test
Atyrau,32,2025-07-27,40.94779166666667,24,pm2_5,True,40.94779166666667,True,2025,23.4,36,3.8,0.0,-0.4227806579826773,-0.9062320427107697,-0.7818314824680299,0.6234898018587334,Лето,test
Atyrau,32,2025-07-28,38.024791666666665,24,pm2_5,True,38.024791666666665,True,2025,24.3,39,4.47,0.0,-0.4383067230125192,-0.898825465016444,0.0,1.0,Лето,test
Atyrau,32,2025-07-29,46.114784722222225,24,pm2_5,True,46.114784722222225,True,2025,26.3,39,4.37,0.0,-0.45370308603134424,-0.8911529104063088,0.7818314824680298,0.6234898018587336,Лето,test
Atyrau,32,2025-07-30,40.58850694444445,24,pm2_5,True,40.58850694444445,True,2025,27.8,41,4.44,0.0,-0.46896519100763184,-0.8832166493127127,0.9749279121818236,-0.22252093395631434,Лето,test
Atyrau,32,2025-07-31,40.408145833333336,24,pm2_5,True,40.408145833333336,True,2025,28.5,38,4.09,0.0,-0.48408852163897587,-0.8750190302029955,0.43388373911755823,-0.900968867902419,Лето,test
Atyrau,32,2025-08-01,41.301291666666664,24,pm2_5,True,41.301291666666664,True,2025,27.6,38,3.29,0.0,-0.4990686026885319,-0.8665624788845385,-0.433883739117558,-0.9009688679024191,Лето,test
Atyrau,32,2025-08-02,33.85126388888889,24,pm2_5,True,33.85126388888889,True,2025,29.1,49,2.13,0.0,-0.5139010013093103,-0.8578494977869301,-0.9749279121818236,-0.2225209339563146,Лето,test
Atyrau,32,2025-08-03,38.15197916666666,24,pm2_5,True,38.15197916666666,True,2025,31.3,36,3.51,0.0,-0.5285813283559292,-0.8488826652214553,-0.7818314824680299,0.6234898018587334,Лето,test
Atyrau,32,2025-08-04,38.761673611111114,24,pm2_5,True,38.761673611111114,True,2025,30.7,43,5.13,0.0,-0.5431052396834317,-0.8396646346181327,0.0,1.0,Лето,test
Atyrau,32,2025-08-05,36.19520833333333,24,pm2_5,True,36.19520833333333,True,2025,28.7,43,5.98,0.0,-0.5574684374327892,-0.8301981337405212,0.7818314824680298,0.6234898018587336,Лето,test
Atyrau,32,2025-08-06,33.09315277777778,24,pm2_5,True,33.09315277777778,True,2025,28.5,52,4.69,0.0,-0.5716666713027052,-0.8204859638785327,0.9749279121818236,-0.22252093395631434,Лето,test
Atyrau,32,2025-08-07,28.761687500000004,24,pm2_5,True,28.761687500000004,True,2025,29.1,44,3.64,0.0,-0.5856957398073508,-0.8105309990194823,0.43388373911755823,-0.900968867902419,Лето,test
Atyrau,32,2025-08-08,37.25566666666666,24,pm2_5,True,37.25566666666666,True,2025,29.4,41,4.01,0.0,-0.5995514915196489,-0.8003361849976323,-0.433883739117558,-0.9009688679024191,Лето,test
Atyrau,32,2025-08-09,34.416534722222224,24,pm2_5,True,34.416534722222224,True,2025,28.8,42,4.71,0.0,-0.6132298262997502,-0.7899045386224707,-0.9749279121818236,-0.2225209339563146,Лето,test
Atyrau,32,2025-08-10,32.05014583333333,24,pm2_5,True,32.05014583333333,True,2025,25.8,41,4.86,0.0,-0.6267266965083301,-0.7792391467859886,-0.7818314824680299,0.6234898018587334,Лето,test
Atyrau,32,2025-08-11,40.07734027777778,24,pm2_5,True,40.07734027777778,True,2025,25.4,42,5.6,0.0,-0.6400381082043503,-0.7683431655492202,0.0,1.0,Лето,test
Atyrau,32,2025-08-12,39.348284722222225,24,pm2_5,True,39.348284722222225,True,2025,24.1,60,4.86,0.6,-0.65316012232693,-0.7572198192083127,0.7818314824680298,0.6234898018587336,Лето,test
Atyrau,32,2025-08-13,36.426541666666665,24,pm2_5,True,36.426541666666665,True,2025,22.8,50,7.11,0.0,-0.666088855860977,-0.7458723993404063,0.9749279121818236,-0.22252093395631434,Лето,test
Atyrau,32,2025-08-14,40.140499999999996,24,pm2_5,True,40.140499999999996,True,2025,23.1,53,7.67,0.0,-0.6788204829862355,-0.734304263829602,0.43388373911755823,-0.900968867902419,Лето,test
Atyrau,32,2025-08-15,36.066916666666664,24,pm2_5,True,36.066916666666664,True,2025,22.8,44,5.76,0.4,-0.6913512362094071,-0.722518835873311,-0.433883739117558,-0.9009688679024191,Лето,test
Atyrau,32,2025-08-16,37.20747222222222,24,pm2_5,True,37.20747222222222,True,2025,22.8,51,5.54,0.0,-0.7036774074790128,-0.7105196029692745,-0.9749279121818236,-0.2225209339563146,Лето,test
Atyrau,32,2025-08-17,41.311819444444446,24,pm2_5,True,41.311819444444446,True,2025,24.4,43,4.05,0.0,-0.7157953492826642,-0.6983101158835584,-0.7818314824680299,0.6234898018587334,Лето,test
Atyrau,32,2025-08-18,37.84723611111111,24,pm2_5,True,37.84723611111111,True,2025,24.9,55,3.63,0.0,-0.7277014757264236,-0.6858939875998223,0.0,1.0,Лето,test
Atyrau,32,2025-08-19,39.34922916666667,24,pm2_5,True,39.34922916666667,True,2025,25.2,61,5.7,0.0,-0.7393922635959241,-0.673274892250183,0.7818314824680298,0.6234898018587336,Лето,test
Atyrau,32,2025-08-20,32.889208333333336,24,pm2_5,True,32.889208333333336,True,2025,22.5,46,4.07,0.0,-0.7508642533989489,-0.6604565640279754,0.9749279121818236,-0.22252093395631434,Лето,test
Atyrau,32,2025-08-21,37.47250694444444,24,pm2_5,True,37.47250694444444,True,2025,23.4,58,3.16,1.1,-0.7621140503891487,-0.6474427960827475,0.43388373911755823,-0.900968867902419,Лето,test
Atyrau,32,2025-08-22,35.62661805555556,24,pm2_5,True,35.62661805555556,True,2025,24.5,52,3.49,1.9,-0.7731383255706026,-0.6342374393978054,-0.433883739117558,-0.9009688679024191,Лето,test
Atyrau,32,2025-08-23,35.264125,24,pm2_5,True,35.264125,True,2025,25.3,51,3.65,0.0,-0.7839338166829201,-0.620844401650647,-0.9749279121818236,-0.2225209339563146,Лето,test
Atyrau,32,2025-08-24,38.51373611111111,24,pm2_5,True,38.51373611111111,True,2025,26.3,44,5.91,0.0,-0.7944973291665992,-0.6072676460566135,-0.7818314824680299,0.6234898018587334,Лето,test
Atyrau,32,2025-08-25,38.09504166666667,24,pm2_5,True,38.09504166666667,True,2025,25.8,56,3.62,0.0,-0.8048257371083452,-0.593511190196115,0.0,1.0,Лето,test
Atyrau,32,2025-08-26,31.450784722222224,24,pm2_5,True,31.450784722222224,True,2025,26.7,53,4.67,0.0,-0.8149159841660791,-0.5795791048257612,0.7818314824680298,0.6234898018587336,Лето,test
Atyrau,32,2025-08-27,37.963875,24,pm2_5,True,37.963875,True,2025,24.9,43,6.39,0.0,-0.8247650844733614,-0.5654755126737576,0.9749279121818236,-0.22252093395631434,Лето,test
Atyrau,32,2025-08-28,36.54396527777778,24,pm2_5,True,36.54396527777778,True,2025,24.5,31,5.9,0.5,-0.8343701235229538,-0.5512045872199277,0.43388373911755823,-0.900968867902419,Лето,test
Atyrau,32,2025-08-29,28.738637681159418,23,pm2_5,True,28.738637681159418,True,2025,24.9,30,5.04,0.0,-0.8437282590292712,-0.5367705514607103,-0.433883739117558,-0.9009688679024191,Лето,test
Atyrau,32,2025-08-30,33.2090625,24,pm2_5,True,33.2090625,True,2025,24.6,33,3.86,0.0,-0.8528367217694595,-0.522177676659508,-0.9749279121818236,-0.2225209339563146,Лето,test
Atyrau,32,2025-08-31,30.906625000000002,24,pm2_5,True,30.906625000000002,True,2025,25.7,33,6.6,0.0,-0.8616928164028522,-0.5074302810827518,-0.7818314824680299,0.6234898018587334,Лето,test
Atyrau,32,2025-09-01,35.14240972222222,24,pm2_5,True,35.14240972222222,True,2025,25.4,42,5.63,0.0,-0.8702939222685674,-0.49253272872205434,0.0,1.0,Осень,test
Atyrau,32,2025-09-02,33.37927083333333,24,pm2_5,True,33.37927083333333,True,2025,26.4,43,5.61,0.0,-0.8786374941610001,-0.4774894280028391,0.7818314824680298,0.6234898018587336,Осень,test
Atyrau,32,2025-09-03,37.24574305555555,24,pm2_5,True,37.24574305555555,True,2025,26.5,45,7.29,0.0,-0.886721063082993,-0.46230483047981086,0.9749279121818236,-0.22252093395631434,Осень,test
Atyrau,32,2025-09-04,41.68736805555556,24,pm2_5,True,41.68736805555556,True,2025,24.8,59,4.9,0.4,-0.8945422369764496,-0.4469834295196741,0.43388373911755823,-0.900968867902419,Осень,test
Atyrau,32,2025-09-05,34.97529166666666,24,pm2_5,True,34.97529166666666,True,2025,20.6,55,6.32,0.1,-0.9020987014301837,-0.43152975897147144,-0.433883739117558,-0.9009688679024191,Осень,test
Atyrau,32,2025-09-06,43.004875,24,pm2_5,True,43.004875,True,2025,19.9,60,5.7,0.0,-0.9093882203647925,-0.4159483918249421,-0.9749279121818236,-0.2225209339563146,Осень,test
Atyrau,32,2025-09-07,34.04457638888889,24,pm2_5,True,34.04457638888889,True,2025,22.3,56,4.83,0.0,-0.9164086366943458,-0.4002439388573056,-0.7818314824680299,0.6234898018587334,Осень,test
Atyrau,32,2025-09-08,35.84013888888889,24,pm2_5,True,35.84013888888889,True,2025,22.4,49,4.2,0.0,-0.9231578729647039,-0.38442104726885545,0.0,1.0,Осень,test
Atyrau,32,2025-09-09,37.679270833333334,24,pm2_5,True,37.679270833333334,True,2025,22.6,43,2.35,0.0,-0.9296339319682695,-0.3684843993077793,0.7818314824680298,0.6234898018587336,Осень,test
Atyrau,32,2025-09-10,35.147576388888886,24,pm2_5,True,35.147576388888886,True,2025,20.1,42,6.51,0.0,-0.9358348973349941,-0.35243871088460327,0.9749279121818236,-0.22252093395631434,Осень,test
Atyrau,32,2025-09-11,30.20297222222222,24,pm2_5,True,30.20297222222222,True,2025,19.2,41,5.07,0.0,-0.9417589340994617,-0.33628873017668287,0.43388373911755823,-0.900968867902419,Осень,test
Atyrau,32,2025-09-12,31.764131944444443,24,pm2_5,True,31.764131944444443,True,2025,18.3,53,2.92,0.6,-0.9474042892438845,-0.32003923622313857,-0.433883739117558,-0.9009688679024191,Осень,test
Atyrau,32,2025-09-13,34.9420625,24,pm2_5,True,34.9420625,True,2025,17.5,61,5.26,0.2,-0.9527692922168511,-0.30369503751065885,-0.9749279121818236,-0.2225209339563146,Осень,test
Atyrau,32,2025-09-19,31.4679375,24,pm2_5,True,31.4679375,True,2025,19.0,42,5.69,0.0,-0.9789888737409319,-0.20391367068311472,-0.433883739117558,-0.9009688679024191,Осень,test
Atyrau,32,2025-09-20,33.81693055555555,24,pm2_5,True,33.81693055555555,True,2025,17.5,55,5.04,0.8,-0.9823516608469237,-0.18704334906991657,-0.9749279121818236,-0.2225209339563146,Осень,test
Atyrau,32,2025-09-21,38.67936111111111,24,pm2_5,True,38.67936111111111,True,2025,16.9,65,4.05,0.7,-0.9854237542919524,-0.17011767832049052,-0.7818314824680299,0.6234898018587334,Осень,test
Atyrau,32,2025-09-22,36.95858333333333,24,pm2_5,True,36.95858333333333,True,2025,18.3,58,3.95,0.0,-0.9882042449941422,-0.15314166701312007,0.0,1.0,Осень,test
Atyrau,32,2025-09-23,41.50633333333333,24,pm2_5,True,41.50633333333333,True,2025,19.6,58,3.34,0.0,-0.9906923101615609,-0.13612033862266704,0.7818314824680298,0.6234898018587336,Осень,test
Atyrau,32,2025-09-24,37.52940972222222,24,pm2_5,True,37.52940972222222,True,2025,20.0,62,3.75,0.0,-0.9928872135356962,-0.11905873003404988,0.9749279121818236,-0.22252093395631434,Осень,test
Atyrau,32,2025-09-25,39.85888888888889,24,pm2_5,True,39.85888888888889,True,2025,19.7,68,2.65,0.0,-0.994788305609327,-0.10196189005174576,0.43388373911755823,-0.900968867902419,Осень,test
Atyrau,32,2025-09-26,36.27064583333333,24,pm2_5,True,36.27064583333333,True,2025,15.2,64,6.43,0.0,-0.9963950238187231,-0.08483487790576538,-0.433883739117558,-0.9009688679024191,Осень,test
Atyrau,32,2025-09-27,36.313972222222226,24,pm2_5,True,36.313972222222226,True,2025,10.7,49,5.14,0.0,-0.9977068927101168,-0.06768276175455162,-0.9749279121818236,-0.2225209339563146,Осень,test
Atyrau,32,2025-09-28,33.33965972222222,24,pm2_5,True,33.33965972222222,True,2025,11.3,46,1.35,0.0,-0.9987235240803972,-0.050510617185222886,-0.7818314824680299,0.6234898018587334,Осень,test
Atyrau,32,2025-09-29,28.868805555555554,24,pm2_5,True,28.868805555555554,True,2025,12.6,45,4.11,0.0,-0.9994446170919858,-0.033323525711631344,0.0,1.0,Осень,test
Atyrau,32,2025-09-30,27.38445138888889,24,pm2_5,True,27.38445138888889,True,2025,9.9,49,8.37,0.0,-0.9998699583618592,-0.016126573270657762,0.7818314824680298,0.6234898018587336,Осень,test
Atyrau,32,2025-10-01,24.624277777777774,24,pm2_5,True,24.624277777777774,True,2025,8.3,51,4.96,0.0,-0.9999994220246925,0.001075151282798226,0.9749279121818236,-0.22252093395631434,Осень,test
Atyrau,32,2025-10-16,31.1549375,24,pm2_5,True,31.1549375,True,2025,10.8,62,4.05,0.0,-0.9666180104000972,0.2562218218071163,0.43388373911755823,-0.900968867902419,Осень,test
Atyrau,32,2025-10-17,31.69209027777778,24,pm2_5,True,31.69209027777778,True,2025,9.1,65,4.18,0.0,-0.9620675724981452,0.27281126433401914,-0.433883739117558,-0.9009688679024191,Осень,test
Atyrau,32,2025-10-18,26.303319444444444,24,pm2_5,True,26.303319444444444,True,2025,9.8,66,2.53,0.0,-0.957232443323312,0.28931997761869527,-0.9749279121818236,-0.2225209339563146,Осень,test
Atyrau,32,2025-10-19,26.492979166666668,24,pm2_5,True,26.492979166666668,True,2025,10.6,61,5.44,0.0,-0.9521140536681102,0.3057430764672831,-0.7818314824680299,0.6234898018587334,Осень,test
Atyrau,32,2025-10-20,24.70561111111111,24,pm2_5,True,24.70561111111111,True,2025,11.3,56,8.46,2.6,-0.9467139181463862,0.3220757010206104,0.0,1.0,Осень,test
Atyrau,32,2025-10-23,28.949951388888888,24,pm2_5,True,28.949951388888888,True,2025,9.4,73,3.36,0.0,-0.9288394302558068,0.3704825404820963,0.43388373911755823,-0.900968867902419,Осень,test
Atyrau,32,2025-10-24,30.573229166666664,24,pm2_5,True,30.573229166666664,True,2025,11.3,66,3.19,0.1,-0.9223291176290545,0.3864052261209853,-0.433883739117558,-0.9009688679024191,Осень,test
Atyrau,32,2025-10-25,27.111125,24,pm2_5,True,27.111125,True,2025,10.9,63,3.62,0.0,-0.9155458729775467,0.40221356823680365,-0.9749279121818236,-0.2225209339563146,Осень,test
Atyrau,32,2025-10-26,28.905013888888888,24,pm2_5,True,28.905013888888888,True,2025,12.2,60,5.69,0.0,-0.9084917035725082,0.41790288888678667,-0.7818314824680299,0.6234898018587334,Осень,test
Atyrau,32,2025-10-27,33.797645833333334,24,pm2_5,True,33.797645833333334,True,2025,11.5,76,5.13,4.0,-0.9011686968561569,0.4334685453485363,0.0,1.0,Осень,test
Atyrau,32,2025-10-28,34.09263888888889,24,pm2_5,True,34.09263888888889,True,2025,10.0,93,2.79,0.0,-0.8935790198239952,0.4489059314938798,0.7818314824680298,0.6234898018587336,Осень,test
Atyrau,32,2025-10-29,35.97329166666667,24,pm2_5,True,35.97329166666667,True,2025,11.2,86,4.82,0.8,-0.8857249183835637,0.4642104791518923,0.9749279121818236,-0.22252093395631434,Осень,test
Atyrau,32,2025-10-30,32.80019444444444,24,pm2_5,True,32.80019444444444,True,2025,10.7,82,6.05,0.1,-0.8776087166898392,0.4793776594606945,0.43388373911755823,-0.900968867902419,Осень,test
Atyrau,32,2025-10-31,28.37427083333333,24,pm2_5,True,28.37427083333333,True,2025,9.0,84,4.14,0.2,-0.8692328164574792,0.49440298420761813,-0.433883739117558,-0.9009688679024191,Осень,test
Atyrau,32,2025-11-01,32.049701388888884,24,pm2_5,True,32.049701388888884,True,2025,9.7,88,5.38,1.5,-0.8605996962501181,0.5092820071573356,-0.9749279121818236,-0.2225209339563146,Осень,test
Atyrau,32,2025-11-02,28.413979166666667,24,pm2_5,True,28.413979166666667,True,2025,8.0,81,6.55,0.0,-0.8517119107469189,0.5240103253675756,-0.7818314824680299,0.6234898018587334,Осень,test
Atyrau,32,2025-11-03,27.37023611111111,24,pm2_5,True,27.37023611111111,True,2025,5.9,77,6.18,0.4,-0.8425720899866032,0.5385835804920232,0.0,1.0,Осень,test
Atyrau,32,2025-11-04,21.822805555555558,24,pm2_5,True,21.822805555555558,True,2025,3.4,67,3.71,0.0,-0.8331829385891785,0.5529974600700271,0.7818314824680298,0.6234898018587336,Осень,test
Atyrau,32,2025-11-05,19.295222222222222,24,pm2_5,True,19.295222222222222,True,2025,4.4,71,7.06,0.0,-0.8235472349556007,0.5672476988027229,0.9749279121818236,-0.22252093395631434,Осень,test
Atyrau,32,2025-11-06,16.638118055555555,24,pm2_5,True,16.638118055555555,True,2025,4.2,66,5.35,0.0,-0.8136678304455991,0.5813300798152042,0.43388373911755823,-0.900968867902419,Осень,test
Atyrau,32,2025-11-07,16.290979166666666,24,pm2_5,True,16.290979166666666,True,2025,4.6,74,3.58,0.0,-0.8035476485339116,0.5952404359043674,-0.433883739117558,-0.9009688679024191,Осень,test
Atyrau,32,2025-11-08,19.332916666666666,24,pm2_5,True,19.332916666666666,True,2025,5.7,86,3.17,0.0,-0.7931896839451843,0.6089746507720486,-0.9749279121818236,-0.2225209339563146,Осень,test
Atyrau,32,2025-11-09,23.45726388888889,24,pm2_5,True,23.45726388888889,True,2025,7.7,85,4.29,0.0,-0.7825970017677834,0.6225286602431057,-0.7818314824680299,0.6234898018587334,Осень,test
Atyrau,32,2025-11-10,29.087374999999998,24,pm2_5,True,29.087374999999998,True,2025,7.1,90,4.15,0.2,-0.7717727365467836,0.6358984534680745,0.0,1.0,Осень,test
Atyrau,32,2025-11-11,30.028881944444446,24,pm2_5,True,30.028881944444446,True,2025,8.5,91,3.38,1.7,-0.7607200913564104,0.6490800741100398,0.7818314824680298,0.6234898018587336,Осень,test
Atyrau,32,2025-11-12,32.418458333333334,24,pm2_5,True,32.418458333333334,True,2025,6.9,87,4.68,0.1,-0.7494423368521954,0.6620696215153815,0.9749279121818236,-0.22252093395631434,Осень,test
Atyrau,32,2025-11-13,27.561555555555557,24,pm2_5,True,27.561555555555557,True,2025,7.3,84,5.01,0.0,-0.7379428103031386,0.6748632518680403,0.43388373911755823,-0.900968867902419,Осень,test
Atyrau,32,2025-11-14,23.891381944444444,24,pm2_5,True,23.891381944444444,True,2025,5.1,90,2.26,0.0,-0.7262249146041543,0.6874571793269664,-0.433883739117558,-0.9009688679024191,Осень,test
Atyrau,32,2025-11-15,25.724326388888887,24,pm2_5,True,25.724326388888887,True,2025,3.5,97,2.54,0.0,-0.7142921172691032,0.699847677146407,-0.9749279121818236,-0.2225209339563146,Осень,test
Atyrau,32,2025-11-16,26.904916666666665,24,pm2_5,True,26.904916666666665,True,2025,6.0,91,3.21,0.0,-0.7021479494046978,0.7120310787787131,-0.7818314824680299,0.6234898018587334,Осень,test
Atyrau,32,2025-11-17,28.91207638888889,24,pm2_5,True,28.91207638888889,True,2025,6.0,82,2.22,0.0,-0.6897960046655887,0.7240037789593305,0.0,1.0,Осень,test
Atyrau,32,2025-11-18,26.370840277777777,24,pm2_5,True,26.370840277777777,True,2025,4.8,88,2.1,0.0,-0.6772399381909491,0.7357622347736527,0.7818314824680298,0.6234898018587336,Осень,test
Atyrau,32,2025-11-19,23.369444444444444,24,pm2_5,True,23.369444444444444,True,2025,5.8,88,4.11,0.0,-0.6644834655228552,0.7473029667054296,0.9749279121818236,-0.22252093395631434,Осень,test
Atyrau,32,2025-11-20,32.63784027777778,24,pm2_5,True,32.63784027777778,True,2025,9.7,86,4.89,0.3,-0.6515303615068021,0.75862255966641,0.43388373911755823,-0.900968867902419,Осень,test
Atyrau,32,2025-11-27,23.538451388888888,24,pm2_5,True,23.538451388888888,True,2025,2.9,79,4.32,0.0,-0.5556819724760489,0.8313949395234058,0.43388373911755823,-0.900968867902419,Осень,test
Atyrau,32,2025-12-09,20.023819444444445,24,pm2_5,True,20.023819444444445,True,2025,0.1,79,5.84,0.0,-0.37347653741307074,0.9276396261490467,0.7818314824680298,0.6234898018587336,Зима,test
Atyrau,32,2025-12-10,14.456458333333332,24,pm2_5,True,14.456458333333332,True,2025,-3.5,77,9.95,0.0,-0.3574644155648614,0.9339267592294762,0.9749279121818236,-0.22252093395631434,Зима,test
Atyrau,32,2025-12-11,11.120395833333333,24,pm2_5,True,11.120395833333333,True,2025,-3.8,77,6.02,0.7,-0.34134651424503615,0.9399375283564133,0.43388373911755823,-0.900968867902419,Зима,test
Atyrau,32,2025-12-12,10.322694444444444,24,pm2_5,True,10.322694444444444,True,2025,-3.6,77,3.42,0.0,-0.3251276029999093,0.9456701548465688,-0.433883739117558,-0.9009688679024191,Зима,test
Atyrau,32,2025-12-13,12.190229166666667,24,pm2_5,True,12.190229166666667,True,2025,1.1,89,9.55,5.7,-0.30881248126625377,0.9511229423235357,-0.9749279121818236,-0.2225209339563146,Зима,test
Atyrau,32,2025-12-14,11.7796875,24,pm2_5,True,11.7796875,True,2025,-4.6,68,15.2,1.0,-0.29240597695107734,0.9562942772197719,-0.7818314824680299,0.6234898018587334,Зима,test
Atyrau,32,2025-12-15,12.55047222222222,24,pm2_5,True,12.55047222222222,True,2025,-5.8,66,9.47,0.0,-0.27591294500296043,0.9611826292540837,0.0,1.0,Зима,test
Atyrau,32,2025-12-16,13.188534722222222,24,pm2_5,True,13.188534722222222,True,2025,-7.1,74,4.2,0.0,-0.2593382659754056,0.9657865518844574,0.7818314824680298,0.6234898018587336,Зима,test
Atyrau,32,2025-12-17,12.493986111111111,24,pm2_5,True,12.493986111111111,True,2025,-5.9,84,3.87,0.0,-0.2426868445825954,0.9701046827361175,0.9749279121818236,-0.22252093395631434,Зима,test
Atyrau,32,2025-12-18,14.542625,24,pm2_5,True,14.542625,True,2025,-0.8,93,3.58,0.5,-0.22596360824801906,0.974135744004672,0.43388373911755823,-0.900968867902419,Зима,test
Atyrau,32,2025-12-19,14.654333333333334,24,pm2_5,True,14.654333333333334,True,2025,-0.1,94,4.84,0.3,-0.20917350564635637,0.9778785428342386,-0.433883739117558,-0.9009688679024191,Зима,test
Atyrau,32,2025-12-20,16.323888888888888,24,pm2_5,True,16.323888888888888,True,2025,-0.0,89,5.18,0.0,-0.19232150523909483,0.9813319716704275,-0.9749279121818236,-0.2225209339563146,Зима,test
Atyrau,32,2025-12-21,17.735069444444445,24,pm2_5,True,17.735069444444445,True,2025,-2.4,82,3.25,0.0,-0.17541259380427843,0.9844950085880858,-0.7818314824680299,0.6234898018587334,Зима,test
Atyrau,32,2025-12-22,15.089159090909073,22,pm2_5,True,15.089159090909073,True,2025,-1.4,88,5.6,0.0,-0.15845177496083632,0.9873667175937016,0.0,1.0,Зима,test
