city,station_id,date,shared_hours,pm25,pm10,gt,gt20
Aktau,22,2022-01-01,24,20.507361111111077,218.7839305555555,False,False
Aktau,22,2022-01-02,24,1.2379305555555167,201.14795833333332,False,False
Aktau,22,2022-01-03,24,1.2391805555555209,201.14945833333329,False,False
Aktau,22,2022-01-04,23,1.2346231884057697,201.14673913043475,False,False
Aktau,22,2022-01-05,21,1.2335396825396334,201.14550793650793,False,False
Aktau,22,2022-01-12,24,22.38443055555552,220.07863888888883,False,False
Aktau,22,2022-01-13,24,2.691798611111071,200.48687499999994,False,False
Aktau,22,2022-01-14,24,15.677222222222186,212.4876805555555,False,False
Aktau,22,2022-01-15,24,1.2328194444443958,201.1422361111111,False,False
Aktau,22,2022-01-16,24,1.2326249999999417,201.14441666666664,False,False
Aktau,22,2022-01-17,24,1.2321111111110667,201.14370833333328,False,False
Aktau,22,2022-01-18,24,1.2334722222221792,201.14472222222219,False,False
Aktau,22,2022-01-19,24,1.230472222222175,201.1433333333333,False,False
Aktau,22,2022-01-20,20,1.23444999999996,201.1439666666666,False,False
Aktau,22,2022-01-21,24,1.4744305555555044,201.31826388888885,False,False
Aktau,22,2022-01-22,24,1.2337222222221875,201.14374999999995,False,False
Aktau,22,2022-01-23,24,1.2323888888888417,201.14398611111108,False,False
Aktau,22,2022-01-24,22,1.234272727272691,201.1447424242424,False,False
Aktau,22,2022-01-25,24,1.2328611111110666,201.144625,False,False
Aktau,22,2022-01-26,24,1.2336944444444167,201.14438888888887,False,False
Aktau,22,2022-01-27,24,1.235958333333296,201.14568055555551,False,False
Aktau,22,2022-01-28,24,1.2370555555555167,201.1463194444444,False,False
Aktau,22,2022-01-29,21,15.37789682539678,212.92455555555551,False,False
Aktau,22,2022-01-30,24,1.232611111111071,201.1453472222222,False,False
Aktau,22,2022-01-31,24,3.057680555555516,202.85104166666665,False,False
Aktau,22,2022-02-01,24,3.2887916666666333,203.07637499999996,False,False
Aktau,22,2022-02-02,24,1.2339722222221834,201.14597222222218,False,False
Aktau,22,2022-02-03,24,13.954770833333297,214.0178819444444,False,False
Aktau,22,2022-02-04,24,1.2322777777777374,201.1436805555555,False,False
Aktau,22,2022-02-06,21,17.85969841269837,214.61905555555552,False,False
Aktau,22,2022-02-07,24,1.2289166666666334,201.13974999999994,False,False
Aktau,22,2022-02-08,24,1.2326527777777376,201.14187499999994,False,False
Aktau,22,2022-02-09,24,1.2310833333332876,201.1410833333333,False,False
Aktau,22,2022-02-10,24,1.2329166666666291,201.1423055555555,False,False
Aktau,22,2022-02-11,24,1.2320555555555208,196.31472222222217,False,False
Aktau,22,2022-03-12,24,1.2363749999999625,201.14201388888887,False,False
Aktau,22,2022-03-13,24,1.232666666666625,201.14201388888887,False,False
Aktau,22,2022-03-14,24,1.2323749999999627,201.14240277777773,False,False
Aktau,22,2022-03-15,24,1.2354027777777459,201.14334722222222,False,False
Aktau,22,2022-03-16,24,1.2354305555555167,201.14373611111105,False,False
Aktau,22,2022-03-17,24,1.2365138888888583,201.14598611111106,False,False
Aktau,22,2022-03-18,24,1.2381666666666293,201.14638888888885,False,False
Aktau,22,2022-03-19,24,1.2381527777777375,201.14723611111106,False,False
Aktau,22,2022-03-20,24,1.2390555555555125,201.1487222222222,False,False
Aktau,22,2022-03-21,24,1.2415694444444043,201.14976388888886,False,False
Aktau,22,2022-03-22,24,1.2382361111110667,201.14747222222218,False,False
Aktau,22,2022-03-23,24,1.2429444444444084,201.15048611111106,False,False
Aktau,22,2022-03-24,24,1.239416666666625,201.1478333333333,False,False
Aktau,22,2022-03-25,24,1.2388749999999584,201.14736111111108,False,False
Aktau,22,2022-03-26,24,1.239861111111079,201.15134722222217,False,False
Aktau,22,2022-03-27,24,1.23840277777775,201.14722222222215,False,False
Aktau,22,2022-03-28,24,1.235541666666625,201.14612499999996,False,False
Aktau,22,2022-03-30,24,1.2322916666666333,201.14274999999998,False,False
Aktau,22,2022-03-31,24,1.2351944444444125,201.14538888888885,False,False
Aktau,22,2022-04-01,24,1.2354444444444,201.14662499999997,False,False
Aktau,22,2022-04-02,24,1.2318888888888542,201.14487499999996,False,False
Aktau,22,2022-04-03,24,1.2375416666666335,201.14765277777772,False,False
Aktau,22,2022-04-04,24,1.2333749999999626,201.14520833333333,False,False
Aktau,22,2022-04-05,24,1.2325277777777375,201.1425833333333,False,False
Aktau,22,2022-04-06,24,1.2307499999999625,201.1420833333333,False,False
Aktau,22,2022-04-07,23,1.2298550724637216,201.14153623188403,False,False
Aktau,22,2022-04-08,24,1.2292222222221916,201.1412916666666,False,False
Aktau,22,2022-04-09,24,1.2293611111110707,201.14099999999996,False,False
Aktau,22,2022-04-10,24,1.2258749999999667,201.13976388888887,False,False
Aktau,22,2022-04-11,24,3.8121944444444,203.44590277777775,False,False
Aktau,22,2022-04-12,24,24.480749999999972,232.98554166666665,False,False
Aktau,22,2022-04-13,24,1.2214166666666293,201.13790277777775,False,False
Aktau,22,2022-04-14,24,1.2215555555555209,201.13537499999995,False,False
Aktau,22,2022-04-15,24,3.4174027777777334,203.40368055555552,False,False
Aktau,22,2022-04-16,24,1.2244027777777415,201.13530555555553,False,False
Aktau,22,2022-04-17,24,1.2256944444444124,201.1355694444444,False,False
Aktau,22,2022-04-18,24,1.2231249999999585,201.13448611111107,False,False
Aktau,22,2022-04-19,24,1.2225972222221793,201.13494444444441,False,False
Aktau,22,2022-04-20,24,1.2237916666666167,201.13680555555553,False,False
Aktau,22,2022-04-21,24,1.2204999999999624,201.1343472222222,False,False
Aktau,22,2022-04-22,24,1.218694444444396,201.13304166666663,False,False
Aktau,22,2022-04-23,24,1.2172638888888583,201.1308472222222,False,False
Aktau,22,2022-04-24,23,1.216652173913,201.1311159420289,False,False
Aktau,22,2022-04-25,21,1.2146825396825047,201.13004761904756,False,False
Aktau,22,2022-04-26,23,1.2193478260869217,201.1337101449275,False,False
Aktau,22,2022-04-27,24,1.2203611111110708,201.1349027777777,False,False
Aktau,22,2022-04-28,24,1.220708333333296,201.13447222222217,False,False
Aktau,22,2022-04-30,24,1.2172361111110792,201.13251388888887,False,False
Aktau,22,2022-05-01,24,1.2122777777777374,201.12898611111106,False,False
Aktau,22,2022-05-02,24,1.2117222222221833,201.12855555555552,False,False
Aktau,22,2022-05-03,24,1.2115277777777334,201.12790277777773,False,False
Aktau,22,2022-05-04,24,1.21474999999995,201.1294305555555,False,False
Aktau,22,2022-05-05,24,1.2158888888888417,201.1314027777777,False,False
Aktau,22,2022-05-06,23,1.2143333333333002,201.12901449275358,False,False
Aktau,22,2022-05-07,24,1.2089444444444042,201.12515277777774,False,False
Aktau,22,2022-05-08,23,8.722217391304312,213.75686956521736,False,False
Aktau,22,2022-05-09,22,4.562666666666636,203.99063636363633,False,False
Aktau,22,2022-05-10,24,22.825236111111078,219.68101388888886,False,False
Aktau,22,2022-05-11,24,1.2002083333332916,201.1199444444444,False,False
Aktau,22,2022-05-12,24,1.1996111111110708,201.1191111111111,False,False
Aktau,22,2022-05-13,24,1.199999999999975,201.12122222222217,False,False
Aktau,22,2022-05-14,24,1.2008333333333001,201.1215833333333,False,False
Aktau,22,2022-05-15,24,1.2030694444444043,201.1228055555555,False,False
Aktau,22,2022-05-16,24,1.2022499999999583,201.12265277777772,False,False
Aktau,22,2022-05-17,24,1.2027638888888543,201.12251388888885,False,False
Aktau,22,2022-05-18,24,1.2014027777777374,201.12166666666664,False,False
Aktau,22,2022-05-19,24,1.2020833333332999,201.1215555555555,False,False
Aktau,22,2022-05-20,24,1.2003749999999624,201.12136111111104,False,False
Aktau,22,2022-05-21,24,1.1978055555555167,201.1190833333333,False,False
Aktau,22,2022-05-22,24,1.1986944444444168,201.11913888888887,False,False
Aktau,22,2022-05-23,24,3.9347499999999545,203.82818055555552,False,False
Aktau,22,2022-05-24,24,24.013291666666618,224.43443055555554,False,False
Aktau,22,2022-05-25,24,1.1959861111110708,201.1157361111111,False,False
Aktau,22,2022-06-15,24,1.2218472222221834,201.12963888888885,False,False
Aktau,22,2022-06-16,24,1.2179305555555293,201.12698611111105,False,False
Aktau,22,2022-06-17,24,1.2139861111110792,201.12302777777776,False,False
Aktau,22,2022-06-18,24,1.2079166666666208,201.12104166666663,False,False
Aktau,22,2022-06-19,24,1.2066111111110625,201.12029166666662,False,False
Aktau,22,2022-06-20,24,1.2060277777777333,201.11888888888885,False,False
Aktau,22,2022-06-21,24,1.2047083333333,201.11854166666663,False,False
Aktau,22,2022-06-22,21,1.2056349206348809,201.11931746031743,False,False
Aktau,22,2022-06-23,20,1.204599999999955,201.1194833333333,False,False
Aktau,22,2022-06-24,24,1.1994583333332918,201.1184444444444,False,False
Aktau,22,2022-06-25,24,1.2018888888888584,201.11783333333327,False,False
Aktau,22,2022-06-26,24,1.2024305555555084,201.1180694444444,False,False
Aktau,22,2022-06-27,24,1.2039305555555166,201.11895833333327,False,False
Aktau,22,2022-06-28,24,1.2036388888888583,201.11972222222218,False,False
Aktau,22,2022-06-29,19,1.2013508771929526,201.1169385964912,False,False
Aktau,22,2022-06-30,24,1.200486111111075,201.1158055555555,False,False
Aktau,22,2022-07-01,24,1.2012222222221915,201.11654166666662,False,False
Aktau,22,2022-07-02,24,1.2011249999999667,201.1184166666666,False,False
Aktau,22,2022-07-03,24,1.1988055555555166,201.11698611111106,False,False
Aktau,22,2022-07-04,24,1.1983194444444043,201.11611111111108,False,False
Aktau,22,2022-07-05,24,1.1980555555555166,201.11613888888886,False,False
Aktau,22,2022-07-06,24,1.1979861111110666,201.11502777777775,False,False
Aktau,22,2022-07-07,24,1.1967777777777333,201.11324999999997,False,False
Aktau,22,2022-07-08,24,1.1971944444443916,201.11469444444438,False,False
Aktau,22,2022-07-09,24,1.199097222222175,201.11661111111107,False,False
Aktau,22,2022-07-10,24,1.2032361111110625,201.11940277777774,False,False
Aktau,22,2022-07-11,24,1.2061388888888458,201.12215277777773,False,False
Aktau,22,2022-07-12,24,1.2066666666666335,201.1225694444444,False,False
Aktau,22,2022-07-13,24,1.2061666666666417,201.12276388888884,False,False
Aktau,22,2022-07-14,24,1.2057083333332959,201.1222083333333,False,False
Aktau,22,2022-07-15,24,1.2027083333332917,201.1205555555555,False,False
Aktau,22,2022-07-16,24,1.2034999999999583,201.12090277777773,False,False
Aktau,22,2022-07-17,24,1.204236111111079,201.1216805555555,False,False
Aktau,22,2022-07-18,24,1.2014027777777334,201.12084722222218,False,False
Aktau,22,2022-07-19,24,1.2028333333332917,201.1205972222222,False,False
Aktau,22,2022-07-20,24,1.2009583333332916,201.11890277777775,False,False
Aktau,22,2022-07-21,24,1.2010694444444125,201.11779166666665,False,False
Aktau,22,2022-07-22,24,1.1985833333332876,201.11666666666665,False,False
Aktau,22,2022-07-23,24,1.1983194444443999,201.11679166666661,False,False
Aktau,22,2022-07-24,23,1.1957391304347436,201.11531884057968,False,False
Aktau,22,2022-07-25,24,1.1950833333332957,201.11437499999997,False,False
Aktau,22,2022-07-26,24,1.297541666666629,200.04377777777776,False,False
Aktau,22,2022-07-27,24,1.2291666666666334,201.14477777777776,False,False
Aktau,22,2022-07-28,18,1.2126018518518167,201.1258981481481,False,False
Aktau,22,2022-07-30,22,1.2232727272726953,201.13506818181813,False,False
Aktau,22,2022-08-01,24,1.2227083333332918,201.1342222222222,False,False
Aktau,22,2022-08-02,24,1.2235277777777291,201.1354444444444,False,False
Aktau,22,2022-08-03,24,1.22662499999995,201.1374444444444,False,False
Aktau,22,2022-08-04,24,1.2242083333332918,201.13731944444442,False,False
Aktau,22,2022-08-05,24,1.2267916666666208,201.13802777777775,False,False
Aktau,22,2022-08-06,24,1.2276805555555208,201.13798611111108,False,False
Aktau,22,2022-08-07,24,1.226236111111075,201.137375,False,False
Aktau,22,2022-08-08,24,1.2301805555555207,201.13909722222218,False,False
Aktau,22,2022-08-09,24,1.228319444444404,201.1380972222222,False,False
Aktau,22,2022-08-10,24,1.2315138888888417,201.1405694444444,False,False
Aktau,22,2022-08-11,24,1.232291666666625,201.1430833333333,False,False
Aktau,22,2022-08-12,24,1.231541666666625,201.1423194444444,False,False
Aktau,22,2022-08-13,24,1.235944444444404,201.14529166666662,False,False
Aktau,22,2022-08-14,24,1.2365555555555126,201.14740277777776,False,False
Aktau,22,2022-08-15,24,1.2418888888888417,201.15195833333328,False,False
Aktau,22,2022-08-16,24,1.2441527777777417,201.15245833333327,False,False
Aktau,22,2022-08-17,24,1.2465138888888458,201.15397222222217,False,False
Aktau,22,2022-08-18,24,1.2470555555555125,201.15373611111104,False,False
Aktau,22,2022-08-19,24,1.25226388888885,201.1572083333333,False,False
Aktau,22,2022-08-20,24,1.2551666666666292,201.16052777777773,False,False
Aktau,22,2022-08-21,24,1.2571249999999667,201.16104166666662,False,False
Aktau,22,2022-08-22,24,1.2609444444444124,201.16298611111108,False,False
Aktau,22,2022-08-23,23,1.259789855072426,201.16273913043477,False,False
Aktau,22,2022-08-24,24,93.56251388888886,278.58188888888884,False,False
Aktau,22,2022-08-25,23,1.2586086956521434,201.16304347826082,False,False
Aktau,22,2022-08-26,24,1.2591249999999625,201.16437499999998,False,False
Aktau,22,2022-08-27,24,1.2602499999999583,201.16624999999996,False,False
Aktau,22,2022-08-28,24,1.2627361111110709,201.1683194444444,False,False
Aktau,22,2022-08-29,18,1.266305555555539,201.169787037037,False,False
Aktau,22,2022-08-30,24,1.2647499999999625,201.1685972222222,False,False
Aktau,22,2022-08-31,24,1.2649861111110667,201.16841666666664,False,False
Aktau,22,2022-09-01,24,1.2646249999999626,201.16763888888886,False,False
Aktau,22,2022-09-02,24,1.2604583333333002,201.16493055555551,False,False
Aktau,22,2022-09-03,24,1.261611111111075,201.16598611111104,False,False
Aktau,22,2022-09-04,24,1.2639999999999707,201.1678472222222,False,False
Aktau,22,2022-09-05,24,1.2563611111110793,201.16044444444444,False,False
Aktau,22,2022-09-06,24,1.247430555555525,201.1542083333333,False,False
Aktau,22,2022-09-07,24,1.2366111111110625,201.15195833333328,False,False
Aktau,22,2022-09-08,24,1.2369583333332916,201.1529305555555,False,False
Aktau,22,2022-09-09,24,1.2443611111110668,201.1533194444444,False,False
Aktau,22,2022-09-10,24,1.243277777777746,201.15052777777774,False,False
Aktau,22,2022-09-11,24,1.2417222222221833,201.14973611111108,False,False
Aktau,22,2022-09-12,24,1.2467499999999585,201.1517083333333,False,False
Aktau,22,2022-09-13,24,1.2502638888888458,201.15466666666666,False,False
Aktau,22,2022-09-14,24,1.2532916666666334,201.15665277777774,False,False
Aktau,22,2022-09-15,24,1.2475416666666375,201.15449999999996,False,False
Aktau,22,2022-09-16,24,1.2454861111110667,201.15251388888885,False,False
Aktau,22,2022-09-17,24,1.2448333333332917,201.15261111111104,False,False
Aktau,22,2022-09-18,24,1.2449861111110625,201.15265277777772,False,False
Aktau,22,2022-09-19,23,1.244739130434748,201.15373913043476,False,False
Aktau,22,2022-09-20,24,1.2488055555555084,201.15525,False,False
Aktau,22,2022-09-21,24,1.2510277777777417,201.15676388888883,False,False
Aktau,22,2022-09-22,24,13.721208333333308,211.76936111111104,False,False
Aktau,22,2022-09-27,24,1.4975277777777416,201.3895972222222,False,False
Aktau,22,2022-09-28,24,1.584611111111071,201.46344444444443,False,False
Aktau,22,2022-09-29,20,1.580024999999975,201.4622583333333,False,False
Aktau,22,2022-09-30,24,1.714611111111071,201.5701944444444,False,False
Aktau,22,2022-10-01,24,1.6699583333332917,201.5368055555555,False,False
Aktau,22,2022-10-02,24,1.6747499999999624,201.54136111111106,False,False
Aktau,22,2022-10-03,24,1.8381944444444,201.66948611111107,False,False
Aktau,22,2022-10-04,24,1.6220277777777332,201.50008333333332,False,False
Aktau,22,2022-10-05,24,1.5676527777777292,201.45704166666664,False,False
Aktau,22,2022-10-06,24,1.5913611111110708,201.47711111111107,False,False
Aktau,22,2022-10-07,24,1.6024999999999459,201.48579166666661,False,False
Aktau,22,2022-10-08,23,1.6337101449275,201.50940579710138,False,False
Aktau,22,2022-10-09,24,1.6587499999999624,201.5284583333333,False,False
Aktau,22,2022-10-10,24,1.6534722222221874,201.5258194444444,False,False
Aktau,22,2022-10-11,24,1.6666944444444167,201.53519444444441,False,False
Aktau,22,2022-10-12,24,1.7954027777777457,201.63599999999997,False,False
Aktau,22,2022-10-13,24,1.6574166666666335,201.52826388888886,False,False
Aktau,22,2022-10-14,24,1.7184583333333123,201.57729166666664,False,False
Aktau,22,2022-10-16,24,1.6457083333332958,201.51898611111108,False,False
Aktau,22,2022-10-17,24,1.7277083333332959,201.58416666666665,False,False
Aktau,22,2022-10-18,19,1.6321403508771528,201.50970175438593,False,False
Aktau,22,2022-10-19,24,1.8082638888888543,201.6478194444444,False,False
Aktau,22,2022-10-20,24,1.6259027777777417,201.50284722222216,False,False
Aktau,22,2022-10-21,23,1.6918695652173479,201.5554782608695,False,False
Aktau,22,2022-10-22,24,1.9339583333333001,201.7464583333333,False,False
Aktau,22,2022-10-23,24,1.6288333333332916,201.5043194444444,False,False
Aktau,22,2022-10-24,24,1.5775694444443957,201.4663194444444,False,False
Aktau,22,2022-10-25,23,1.594507246376765,201.4807246376811,False,False
Aktau,22,2022-10-26,22,1.8179242424241908,201.65449999999998,False,False
Aktau,22,2022-11-01,23,1.4248623188405436,201.29596376811588,False,False
Aktau,22,2022-11-02,24,1.2246388888888542,201.1328194444444,False,False
Aktau,22,2022-11-03,24,1.2688333333332875,201.16861111111106,False,False
Aktau,22,2022-11-04,24,1.3447222222221835,201.2294444444444,False,False
Aktau,22,2022-11-05,24,1.5477499999999582,201.39211111111106,False,False
Aktau,22,2022-11-06,24,1.3884444444444126,201.26727777777774,False,False
Aktau,22,2022-11-07,24,1.2303194444444,201.1380972222222,False,False
Aktau,22,2022-11-08,24,1.3296944444444083,201.21688888888886,False,False
Aktau,22,2022-11-09,23,1.2687971014492305,201.16701449275357,False,False
Aktau,22,2022-11-10,24,1.4765416666666251,201.33423611111107,False,False
Aktau,22,2022-11-11,24,1.3158472222221833,201.20411111111108,False,False
Aktau,22,2022-11-12,24,1.7055972222221876,201.51756944444443,False,False
Aktau,22,2022-11-13,24,1.352430555555525,201.23454166666662,False,False
Aktau,22,2022-11-14,24,1.3425416666666292,201.22772222222218,False,False
Aktau,22,2022-11-15,24,1.2458888888888457,201.14866666666663,False,False
Aktau,22,2022-11-16,24,1.2298611111110749,201.1344444444444,False,False
Aktau,22,2022-11-17,24,1.2267638888888417,201.1325972222222,False,False
Aktau,22,2022-11-18,24,1.3520277777777459,201.2347222222222,False,False
Aktau,22,2022-11-19,24,1.5221944444444082,201.37045833333332,False,False
Aktau,22,2022-11-20,24,1.2234583333333,201.12886111111106,False,False
Aktau,22,2022-11-21,24,1.4211249999999664,201.28893055555554,False,False
Aktau,22,2022-11-22,24,2.09038888888885,201.8245833333333,False,False
Aktau,22,2022-11-23,24,1.5968333333333,201.4317083333333,False,False
Aktau,22,2022-11-24,24,1.4811249999999625,201.33919444444442,False,False
Aktau,22,2022-11-25,24,1.2678333333332874,201.16463888888885,False,False
Aktau,22,2022-11-26,24,1.4324305555555041,201.29940277777771,False,False
Aktau,22,2022-11-27,23,1.8203623188405436,201.60504347826082,False,False
Aktau,22,2022-11-28,24,1.3423472222221793,201.2257222222222,False,False
Aktau,22,2022-11-29,24,1.3450416666666376,201.22716666666665,False,False
Aktau,22,2022-11-30,24,1.5701527777777458,201.4105833333333,False,False
Aktau,22,2022-12-01,21,1.261531746031719,201.15851587301586,False,False
Aktau,22,2022-12-02,24,1.2395972222221834,201.14105555555554,False,False
Aktau,22,2022-12-03,24,1.2383888888888541,201.14037499999995,False,False
Aktau,22,2022-12-04,24,1.3448333333332918,201.22526388888886,False,False
Aktau,22,2022-12-05,23,1.5032463768115607,201.3519565217391,False,False
Aktau,22,2022-12-06,24,1.2372777777777375,201.13847222222216,False,False
Aktau,22,2022-12-07,24,1.3227361111110916,201.2071944444444,False,False
Aktau,22,2022-12-08,24,1.24738888888885,201.14688888888884,False,False
Aktau,22,2022-12-09,24,1.2604861111110834,201.15734722222217,False,False
Aktau,22,2022-12-10,24,1.2529305555555166,201.15041666666662,False,False
Aktau,22,2022-12-11,24,1.2433333333333,201.14255555555553,False,False
Aktau,22,2022-12-12,24,1.2631527777777418,201.1589166666666,False,False
Aktau,22,2022-12-13,24,1.3222777777777501,201.2075833333333,False,False
Aktau,22,2022-12-14,24,1.6790694444443959,201.49273611111107,False,False
Aktau,22,2022-12-15,24,2.1642499999999583,201.87874999999997,False,False
Aktau,22,2022-12-16,24,2.3381944444444125,202.02337499999996,False,False
Aktau,22,2022-12-17,24,1.8634444444444125,201.64102777777774,False,False
Aktau,22,2022-12-18,24,1.65601388888885,201.47601388888884,False,False
Aktau,22,2022-12-19,24,1.8065694444444083,201.59526388888887,False,False
Aktau,22,2022-12-20,22,1.827833333333291,201.61015151515147,False,False
Aktau,22,2022-12-21,24,1.503652777777729,201.35641666666663,False,False
Aktau,22,2022-12-22,24,1.8436805555555125,201.62579166666663,False,False
Aktau,22,2022-12-23,24,1.7240624999999667,201.53279166666664,False,False
Aktau,22,2022-12-24,24,1.3451388888888542,201.2262916666666,False,False
Aktau,22,2022-12-25,24,1.6581805555555125,201.4759583333333,False,False
Aktau,22,2022-12-26,24,2.055291666666625,201.79270833333328,False,False
Aktau,22,2022-12-27,24,1.4709305555555166,201.32805555555555,False,False
Aktau,22,2022-12-28,23,1.6865072463767696,201.50415942028982,False,False
Aktau,22,2022-12-29,24,1.7788194444443999,201.57562499999997,False,False
Aktau,22,2022-12-30,24,1.2539583333332918,201.1516805555555,False,False
Aktau,22,2022-12-31,21,1.2816984126983952,201.17540476190473,False,False
Aktau,22,2023-01-01,24,1.8628611111110749,201.64118749999997,False,False
Aktau,22,2023-01-02,24,1.8802638888888499,201.65531944444442,False,False
Aktau,22,2023-01-03,24,1.3596805555555207,201.23787499999995,False,False
Aktau,22,2023-01-04,24,1.805291666666621,201.59772222222216,False,False
Aktau,22,2023-01-05,24,1.8621805555555249,201.64101388888886,False,False
Aktau,22,2023-01-06,24,1.2637499999999584,201.16187499999998,False,False
Aktau,22,2023-01-07,24,1.3504999999999583,201.2328055555555,False,False
Aktau,22,2023-01-08,24,1.7187777777777375,201.52954166666663,False,False
Aktau,22,2023-01-09,24,1.7089027777777457,201.52188888888887,False,False
Aktau,22,2023-01-10,24,1.4493055555555168,201.31106944444443,False,False
Aktau,22,2023-01-11,24,1.283361111111071,201.17656944444443,False,False
Aktau,22,2023-01-12,24,1.2466805555555167,201.14837499999996,False,False
Aktau,22,2023-01-13,24,1.393708333333296,201.26511111111108,False,False
Aktau,22,2023-01-14,24,1.5368888888888586,201.38126388888884,False,False
Aktau,22,2023-01-15,24,1.6638472222221792,201.48290277777775,False,False
Aktau,22,2023-01-16,24,1.406374999999971,201.27643055555552,False,False
Aktau,22,2023-01-17,24,2.096472222222187,201.82977777777774,False,False
Aktau,22,2023-01-18,24,1.4497777777777416,201.31029166666664,False,False
Aktau,22,2023-01-19,24,1.441416666666629,201.30404166666662,False,False
Aktau,22,2023-01-21,24,1.2987777777777458,201.18827777777776,False,False
Aktau,22,2023-01-22,24,1.6680972222221708,201.4862916666666,False,False
Aktau,22,2023-01-23,24,1.3176805555555124,201.2029444444444,False,False
Aktau,22,2023-01-24,24,1.2741944444444127,201.16723611111107,False,False
Aktau,22,2023-01-25,24,1.2612777777777333,201.15686111111108,False,False
Aktau,22,2023-01-26,24,1.3819999999999582,201.25599999999997,False,False
Aktau,22,2023-01-27,24,1.2996944444444083,201.18909722222216,False,False
Aktau,22,2023-01-28,24,1.519083333333296,201.3653333333333,False,False
Aktau,22,2023-01-29,24,1.6028749999999752,201.43488888888885,False,False
Aktau,22,2023-01-30,24,2.1053888888888377,201.83304166666665,False,False
Aktau,22,2023-01-31,24,1.6195486111110833,201.44727777777777,False,False
Aktau,22,2023-02-01,24,2.326805555555517,202.01249999999996,False,False
Aktau,22,2023-02-02,23,2.047550724637648,201.78442753623182,False,False
Aktau,22,2023-02-03,24,2.1868888888888374,201.90538888888887,False,False
Aktau,22,2023-02-04,24,1.3369722222221752,201.22066666666663,False,False
Aktau,22,2023-02-05,24,1.842305555555521,201.62572222222218,False,False
Aktau,22,2023-02-06,24,1.3828888888888542,201.25672222222218,False,False
Aktau,22,2023-02-07,19,1.8442280701754001,201.6278421052631,False,False
Aktau,22,2023-02-08,24,1.7508888888888583,201.55374999999995,False,False
Aktau,22,2023-02-09,24,1.871333333333296,201.648,False,False
Aktau,22,2023-02-10,24,1.6757222222221833,201.49148611111107,False,False
Aktau,22,2023-02-11,24,1.4766944444444041,201.33198611111106,False,False
Aktau,22,2023-02-12,24,1.2909027777777375,201.18086111111108,False,False
Aktau,22,2023-02-13,24,1.621416666666625,201.44951388888887,False,False
Aktau,22,2023-02-14,24,1.541472222222179,201.38494444444441,False,False
Aktau,22,2023-02-15,24,1.2419166666666293,201.14323611111107,False,False
Aktau,22,2023-02-16,24,1.242986111111071,201.14266666666663,False,False
Aktau,22,2023-02-17,24,1.2527083333333,201.15095833333328,False,False
Aktau,22,2023-02-18,24,1.4920694444444083,201.34479166666662,False,False
Aktau,22,2023-02-19,24,1.379680555555521,201.25394444444441,False,False
Aktau,22,2023-02-20,24,1.666513888888846,201.48434722222217,False,False
Aktau,22,2023-02-21,24,1.850986111111075,201.63080555555553,False,False
Aktau,22,2023-02-22,24,1.6062777777777333,201.4364305555555,False,False
Aktau,22,2023-02-23,24,1.293708333333296,201.18599999999995,False,False
Aktau,22,2023-02-24,24,1.3260694444443917,201.21166666666662,False,False
Aktau,22,2023-02-25,24,1.5869027777777418,201.42409722222217,False,False
Aktau,22,2023-02-26,24,1.6290416666666208,201.45649999999998,False,False
Aktau,22,2023-02-27,24,1.2366388888888542,201.13727777777774,False,False
Aktau,22,2023-02-28,24,1.487902777777746,201.34001388888882,False,False
Aktau,22,2023-03-01,24,1.7091527777777333,201.52306944444442,False,False
Aktau,22,2023-03-02,24,1.5954722222221835,201.4296944444444,False,False
Aktau,22,2023-03-03,24,1.6243055555555168,201.45327777777774,False,False
Aktau,22,2023-03-04,24,1.3673888888888375,201.24470833333328,False,False
Aktau,22,2023-03-05,24,1.2729027777777333,201.16877777777776,False,False
Aktau,22,2023-03-06,24,1.841861111111071,201.62613888888882,False,False
Aktau,22,2023-03-07,24,1.6732499999999624,201.49022222222217,False,False
Aktau,22,2023-03-08,24,1.3276666666666208,201.2124583333333,False,False
Aktau,22,2023-03-09,24,1.4803055555555125,201.33399999999995,False,False
Aktau,22,2023-03-10,24,1.6393333333332916,201.4607222222222,False,False
Aktau,22,2023-03-11,24,1.2612916666666334,201.15837499999995,False,False
Aktau,22,2023-03-12,24,1.4125138888888458,201.2789444444444,False,False
Aktau,22,2023-03-13,24,1.3765555555555167,201.25002777777775,False,False
Aktau,22,2023-03-14,24,1.2137083333333,201.11930555555548,False,False
Aktau,22,2023-03-15,24,1.2515555555555167,201.14951388888883,False,False
Aktau,22,2023-03-16,24,1.82263888888885,201.60597222222216,False,False
Aktau,22,2023-03-17,24,1.7980138888888335,201.58836111111108,False,False
Aktau,22,2023-03-18,24,1.2106527777777334,201.1149444444444,False,False
Aktau,22,2023-03-19,24,1.2167638888888501,201.1207916666666,False,False
Aktau,22,2023-03-20,24,1.748513888888854,201.5445555555555,False,False
Aktau,22,2023-03-21,24,1.2839861111110666,201.17454166666664,False,False
Aktau,22,2023-03-22,24,1.3296388888888417,201.21552777777774,False,False
Aktau,22,2023-03-23,24,1.2383333333333084,201.13768055555553,False,False
Aktau,22,2023-03-24,24,1.2365555555555208,201.13648611111105,False,False
Aktau,22,2023-03-25,24,1.3122916666666333,201.19798611111108,False,False
Aktau,22,2023-03-26,24,1.6223611111110625,201.44902777777773,False,False
Aktau,22,2023-03-27,24,1.28477777777775,201.17643055555553,False,False
Aktau,22,2023-03-28,24,1.282833333333296,201.1768055555555,False,False
Aktau,22,2023-03-29,24,1.5248055555555167,201.37308333333328,False,False
Aktau,22,2023-03-30,23,1.4580434782608305,201.31768115942023,False,False
Aktau,22,2023-03-31,24,1.443166666666625,201.3039444444444,False,False
Aktau,22,2023-04-01,24,1.4894305555555125,201.34576388888885,False,False
Aktau,22,2023-04-02,24,1.3109444444444083,201.20056944444437,False,False
Aktau,22,2023-04-03,24,1.22726388888885,201.13305555555553,False,False
Aktau,22,2023-04-04,24,1.3396805555555125,201.22287499999996,False,False
Aktau,22,2023-04-05,24,1.4634999999999625,201.32151388888886,False,False
Aktau,22,2023-04-06,24,1.2801249999999667,201.1759861111111,False,False
Aktau,22,2023-04-07,23,1.4524492753622824,201.31286231884053,False,False
Aktau,22,2023-04-08,24,1.3297916666666334,201.21523611111107,False,False
Aktau,22,2023-04-09,24,1.2071944444444043,201.1168611111111,False,False
Aktau,22,2023-04-10,24,1.5101111111110708,201.07801388888882,False,False
Aktau,22,2023-04-11,24,1.5743194444443915,201.44331944444443,False,False
Aktau,22,2023-04-12,24,1.6249999999999625,201.48398611111108,False,False
Aktau,22,2023-04-13,24,1.6444166666666291,201.50183333333328,False,False
Aktau,22,2023-04-14,24,1.6083888888888582,201.47452777777775,False,False
Aktau,22,2023-04-15,24,1.5783749999999666,201.46379166666665,False,False
Aktau,22,2023-04-16,24,1.808513888888846,201.64313888888887,False,False
Aktau,22,2023-04-17,24,1.492763888888846,201.39754166666663,False,False
Aktau,22,2023-04-18,24,1.5493749999999584,201.44813888888885,False,False
Aktau,22,2023-04-19,24,1.5729583333332833,201.46888888888884,False,False
Aktau,22,2023-04-20,24,1.6119305555555166,201.49974999999995,False,False
Aktau,22,2023-04-21,24,3.456263888888854,202.93634722222217,False,False
Aktau,22,2023-04-22,24,1.2434444444444084,201.1479861111111,False,False
Aktau,22,2023-04-23,24,1.2869861111110625,201.18372222222217,False,False
Aktau,22,2023-04-24,24,1.3049999999999666,201.19777777777776,False,False
Aktau,22,2023-04-25,24,1.3637083333332918,201.24547222222222,False,False
Aktau,22,2023-04-26,24,1.475999999999954,201.33676388888887,False,False
Aktau,22,2023-04-27,24,1.5432083333332958,201.39151388888885,False,False
Aktau,22,2023-04-28,24,1.4619999999999582,201.3269444444444,False,False
Aktau,22,2023-04-29,24,1.2064861111110792,201.1198194444444,False,False
Aktau,22,2023-04-30,24,1.35476388888885,201.23934722222216,False,False
Aktau,22,2023-05-01,21,1.2301904761904476,201.13958730158728,False,False
Aktau,22,2023-05-02,22,1.3227803030302727,201.2153712121212,False,False
Aktau,22,2023-05-03,24,1.2266944444444126,201.14093055555554,False,False
Aktau,22,2023-05-04,24,1.6412361111110665,201.47511111111103,False,False
Aktau,22,2023-05-05,24,1.2647916666666208,201.17041666666663,False,False
Aktau,22,2023-05-06,24,1.8098611111110792,201.60863888888886,False,False
Aktau,22,2023-05-07,24,1.4455833333332917,201.3153333333333,False,False
Aktau,22,2023-05-08,24,1.3307777777777374,201.2209583333333,False,False
Aktau,22,2023-05-09,24,1.2337638888888376,201.1434583333333,False,False
Aktau,22,2023-05-10,24,1.476374999999954,201.33911111111107,False,False
Aktau,22,2023-05-11,24,1.2606805555555207,201.1665555555555,False,False
Aktau,22,2023-05-12,24,1.1955972222221876,201.11190277777771,False,False
Aktau,22,2023-05-13,24,1.3315833333332916,201.2229305555555,False,False
Aktau,22,2023-05-14,24,1.2753888888888416,201.17737499999996,False,False
Aktau,22,2023-05-15,24,1.18263888888885,201.10316666666665,False,False
Aktau,22,2023-05-16,24,1.1669583333332916,201.08973611111108,False,False
Aktau,22,2023-05-17,24,1.1620555555555208,201.0848055555555,False,False
Aktau,22,2023-05-18,24,1.1650277777777374,201.08731944444443,False,False
Aktau,22,2023-05-19,24,1.311291666666621,201.2062222222222,False,False
Aktau,22,2023-05-20,24,1.1950555555555167,201.11218055555548,False,False
Aktau,22,2023-05-21,23,1.1675579710144566,201.09326086956517,False,False
Aktau,22,2023-05-22,24,1.2855416666666333,201.1893194444444,False,False
Aktau,22,2023-05-23,24,1.488902777777729,201.35537499999998,False,False
Aktau,22,2023-05-24,24,1.4381805555555207,201.31438888888886,False,False
Aktau,22,2023-05-25,18,1.1812592592592055,201.10337037037033,False,False
Aktau,22,2023-05-26,21,1.418253968253924,201.2923968253968,False,False
Aktau,22,2023-05-27,24,1.4149166666666206,201.29165277777773,False,False
Aktau,22,2023-05-28,24,1.274291666666629,201.17791666666662,False,False
Aktau,22,2023-05-29,24,1.2629583333332917,201.16899999999998,False,False
Aktau,22,2023-05-30,24,1.433416666666625,201.3055694444444,False,False
Aktau,22,2023-05-31,24,1.3520277777777376,201.23879166666663,False,False
Aktau,22,2023-06-01,24,1.2982638888888582,201.1964305555555,False,False
Aktau,22,2023-06-02,24,3.578999999999967,203.0196944444444,False,False
Aktau,22,2023-06-03,24,1.8460833333332791,201.63663888888883,False,False
Aktau,22,2023-06-04,24,2.044486111111071,201.79313888888885,False,False
Aktau,22,2023-06-05,24,6.0306666666666295,204.97940277777775,False,False
Aktau,22,2023-06-06,24,491.36112499999996,593.2516805555555,False,False
Aktau,22,2023-06-07,23,1.1166666666666305,197.86144927536228,False,False
Aktau,22,2023-06-08,24,14.089319444444406,205.85312499999995,False,False
Aktau,22,2023-06-09,24,7.0688749999999585,205.75644444444438,False,False
Aktau,22,2023-06-10,24,9.033374999999955,207.37726388888885,False,False
Aktau,22,2023-06-11,24,1.622291666666621,201.4480833333333,False,False
Aktau,22,2023-06-12,24,2.058666666666629,201.7983472222222,False,False
Aktau,22,2023-06-13,24,1.2023194444444083,201.11388888888885,False,False
Aktau,22,2023-06-14,24,1.9814444444444,201.73740277777776,False,False
Aktau,22,2023-06-15,24,1.4674305555555165,201.32398611111105,False,False
Aktau,22,2023-06-16,24,100.5171944444444,280.5605694444444,False,False
Aktau,22,2023-06-17,24,1.1217222222221876,201.03573611111108,False,False
Aktau,22,2023-06-18,24,1.1268055555555292,201.04112499999997,False,False
Aktau,22,2023-06-19,24,1.129222222222179,201.04402777777773,False,False
Aktau,22,2023-06-20,24,1.1277361111110793,201.04291666666666,False,False
Aktau,22,2023-06-24,24,2.2211874999999583,198.03730555555555,False,False
Aktau,22,2023-06-25,24,1.3426527777777457,201.24112499999998,False,False
Aktau,22,2023-06-26,24,1.2737499999999542,201.1878472222222,False,False
Aktau,22,2023-06-27,24,1.3313333333332917,201.23522222222218,False,False
Aktau,22,2023-06-28,24,1.3916666666666293,201.28366666666662,False,False
Aktau,22,2023-06-29,24,1.4399027777777376,201.32279166666663,False,False
Aktau,22,2023-06-30,24,1.2916944444444083,201.20315277777775,False,False
Aktau,22,2023-07-01,24,1.4988333333332917,201.37009722222217,False,False
Aktau,22,2023-07-02,24,1.567166666666629,201.42506944444438,False,False
Aktau,22,2023-07-03,24,1.58913888888885,201.4441944444444,False,False
Aktau,22,2023-07-04,24,1.4147638888888416,201.3023472222222,False,False
Aktau,22,2023-07-05,24,1.349874999999954,201.25012499999994,False,False
Aktau,22,2023-07-06,24,1.2918472222221875,201.20231944444438,False,False
Aktau,22,2023-07-07,24,1.6200416666666333,201.46651388888884,False,False
Aktau,22,2023-07-08,24,1.5499861111110709,201.4109722222222,False,False
Aktau,22,2023-07-09,24,1.324736111111075,201.2275694444444,False,False
Aktau,22,2023-07-10,24,1.4713333333332919,201.34701388888888,False,False
Aktau,22,2023-07-11,24,2.5639583333332876,202.21487499999998,False,False
Aktau,22,2023-07-12,24,1.5349583333332957,201.39724999999996,False,False
Aktau,22,2023-07-13,24,1.2355138888888668,201.15237499999998,False,False
Aktau,22,2023-07-14,24,1.2040416666666376,201.12629166666662,False,False
Aktau,22,2023-07-15,24,1.1902361111110709,201.10541666666663,False,False
Aktau,22,2023-07-16,24,1.1855833333333041,201.10038888888883,False,False
Aktau,22,2023-07-17,24,1.1830833333333,201.0979166666666,False,False
Aktau,22,2023-07-18,24,1.181430555555521,201.09686111111105,False,False
Aktau,22,2023-07-19,24,1.202291666666625,201.0659166666666,False,False
Aktau,22,2023-07-20,24,1.5910416666666167,201.44776388888886,False,False
Aktau,22,2023-07-21,24,3.639972222222179,203.0761666666666,False,False
Aktau,22,2023-07-22,24,1.1481249999999668,201.08609722222218,False,False
Aktau,22,2023-07-23,24,1.196541666666629,201.12655555555548,False,False
Aktau,22,2023-07-24,24,2.303361111111079,202.0029444444444,False,False
Aktau,22,2023-07-25,24,1.1990694444444083,201.1293472222222,False,False
Aktau,22,2023-07-26,24,1.1903194444444043,201.12234722222217,False,False
Aktau,22,2023-07-27,24,1.464111111111075,201.3421666666666,False,False
Aktau,22,2023-07-28,24,1.503861111111075,201.37652777777774,False,False
Aktau,22,2023-07-29,24,1.5714583333332917,201.43077777777776,False,False
Aktau,22,2023-07-30,24,1.2288194444444125,201.1516944444444,False,False
Aktau,22,2023-07-31,24,1.2909722222221833,201.2026666666666,False,False
Aktau,22,2023-08-01,24,1.2081944444444084,201.1364583333333,False,False
Aktau,22,2023-08-02,24,1.4495416666666332,201.33319444444442,False,False
Aktau,22,2023-08-03,24,1.3184722222221834,201.22693055555553,False,False
Aktau,22,2023-08-04,24,3.047833333333292,202.61099999999996,False,False
Aktau,22,2023-08-05,24,1.382791666666621,201.27768055555552,False,False
Aktau,22,2023-08-06,24,1.23802777777775,201.15990277777777,False,False
Aktau,22,2023-08-07,24,1.4536527777777375,201.33461111111106,False,False
Aktau,22,2023-08-08,24,1.493708333333296,201.36873611111108,False,False
Aktau,22,2023-08-09,24,1.33213888888885,201.23688888888884,False,False
Aktau,22,2023-08-10,24,1.328847222222175,201.23344444444442,False,False
Aktau,22,2023-08-11,24,1.4154166666666248,201.3032222222222,False,False
Aktau,22,2023-08-12,24,1.6980138888888459,201.5154444444444,False,False
Aktau,22,2023-08-13,24,1.301666666666625,201.1965555555555,False,False
Aktau,22,2023-08-14,24,1.2118194444444041,201.12224999999998,False,False
Aktau,22,2023-08-15,24,1.4012499999999626,201.27524999999994,False,False
Aktau,22,2023-08-16,24,1.2876666666666208,201.18426388888886,False,False
Aktau,22,2023-08-17,24,9.428277777777753,207.69411111111108,False,False
Aktau,22,2023-08-18,24,2.2422777777777374,201.9522361111111,False,False
Aktau,22,2023-08-19,24,9.28020138888885,207.57196527777774,False,False
Aktau,22,2023-08-20,24,74.70655555555552,259.9103194444444,False,False
Aktau,22,2023-08-21,24,1.7368888888888583,201.52862499999995,False,False
Aktau,22,2023-08-22,24,156.65113888888885,325.4539861111111,False,False
Aktau,22,2023-08-23,23,1.3334130434782216,201.19621739130432,False,False
Aktau,22,2023-08-24,24,1.1191805555555168,201.0268194444444,False,False
Aktau,22,2023-08-25,24,1.1184999999999585,201.0253611111111,False,False
Aktau,22,2023-08-26,24,1.1172777777777458,201.02369444444443,False,False
Aktau,22,2023-08-27,24,1.1169861111110708,201.02365277777776,False,False
Aktau,22,2023-08-28,24,1.117374999999971,201.02329166666664,False,False
Aktau,22,2023-08-29,24,1.116236111111075,201.0224305555555,False,False
Aktau,22,2023-08-30,24,1.1176527777777334,201.02336111111106,False,False
Aktau,22,2023-08-31,24,1.117305555555521,201.02295833333332,False,False
Aktau,22,2023-09-01,24,1.1169166666666208,201.02305555555552,False,False
Aktau,22,2023-09-02,24,1.1165833333332917,201.02319444444439,False,False
Aktau,22,2023-09-03,24,1.1171111111110752,201.02377777777772,False,False
Aktau,22,2023-09-04,24,1.1152638888888418,201.0220277777777,False,False
Aktau,22,2023-09-05,24,1.1174027777777458,201.02294444444442,False,False
Aktau,22,2023-09-06,24,1.1183333333332917,201.02512499999997,False,False
Aktau,22,2023-09-07,24,1.1170833333332917,201.02261111111105,False,False
Aktau,22,2023-09-08,24,1.1160694444444126,201.0218472222222,False,False
Aktau,22,2023-09-09,24,1.1164305555555083,201.02352777777776,False,False
Aktau,22,2023-09-10,24,1.1171249999999626,201.02418055555555,False,False
Aktau,22,2023-09-11,24,1.1166527777777457,201.0234305555555,False,False
Aktau,22,2023-09-12,24,1.1155416666666167,201.02155555555552,False,False
Aktau,22,2023-09-13,24,1.115361111111075,201.02124999999992,False,False
Aktau,22,2023-09-14,24,1.1140833333332918,201.02097222222218,False,False
Aktau,22,2023-09-15,24,1.1148749999999625,201.0204722222222,False,False
Aktau,22,2023-09-16,24,1.1133472222221834,201.01904166666665,False,False
Aktau,22,2023-09-17,24,1.1132083333333043,201.01941666666664,False,False
Aktau,22,2023-09-18,24,1.1122638888888543,201.01886111111108,False,False
Aktau,22,2023-09-19,24,1.1118611111110708,201.01799999999994,False,False
Aktau,22,2023-09-20,22,1.1123636363635956,201.01833333333332,False,False
Aktau,22,2023-09-21,23,1.1285797101448913,201.03610144927532,False,False
Aktau,22,2023-09-22,24,1.1843472222221874,201.0952083333333,False,False
Aktau,22,2023-09-23,24,1.1908055555555208,201.10168055555553,False,False
Aktau,22,2023-09-24,24,1.2396805555555168,201.14063888888884,False,False
Aktau,22,2023-09-25,24,1.2061944444444084,201.11423611111107,False,False
Aktau,22,2023-09-26,24,1.2108055555555166,201.11755555555553,False,False
Aktau,22,2023-09-27,24,1.2371111111110793,201.13886111111105,False,False
Aktau,22,2023-09-28,24,1.231416666666629,201.13301388888885,False,False
Aktau,22,2023-09-29,24,1.2168472222221876,201.12120833333327,False,False
Aktau,22,2023-09-30,24,1.2200277777777417,201.1248333333333,False,False
Aktau,22,2023-10-01,24,1.2531527777777376,201.15134722222217,False,False
Aktau,22,2023-10-02,24,1.2424930555555167,201.14247222222218,False,False
Aktau,22,2023-10-03,24,1.252527777777746,201.1500555555555,False,False
Aktau,22,2023-10-04,24,1.2214861111110709,201.1249444444444,False,False
Aktau,22,2023-10-05,24,1.2223333333332917,201.1252361111111,False,False
Aktau,22,2023-10-06,24,1.2231944444444125,201.12751388888884,False,False
Aktau,22,2023-10-07,24,1.2347222222221668,201.13638888888886,False,False
Aktau,22,2023-10-08,24,1.235236111111075,201.13645833333328,False,False
Aktau,22,2023-10-09,24,1.2387916666666334,201.1401944444444,False,False
Aktau,22,2023-10-10,24,1.2398194444444084,201.14091666666664,False,False
Aktau,22,2023-10-11,24,1.2455833333332957,201.1454444444444,False,False
Aktau,22,2023-10-12,24,1.2513611111110667,201.15197222222218,False,False
Aktau,22,2023-10-13,24,1.254083333333296,201.15437499999996,False,False
Aktau,22,2023-10-14,24,1.2451388888888584,201.1458472222222,False,False
Aktau,22,2023-10-15,24,1.25151388888885,201.1490694444444,False,False
Aktau,22,2023-10-16,24,1.25274999999995,201.1503472222222,False,False
Aktau,22,2023-10-17,24,1.2504027777777376,201.14940277777774,False,False
Aktau,22,2023-10-18,24,1.2453055555555126,201.14698611111103,False,False
Aktau,22,2023-10-19,24,1.2517638888888583,201.15049999999997,False,False
Aktau,22,2023-10-20,24,1.2663055555555083,201.16290277777773,False,False
Aktau,22,2023-10-21,24,1.2564166666666374,201.15601388888885,False,False
Aktau,22,2023-10-22,24,1.2516249999999582,201.15076388888883,False,False
Aktau,22,2023-10-23,24,1.2565277777777375,201.15740277777775,False,False
Aktau,22,2023-10-24,24,1.2996388888888417,201.18965277777772,False,False
Aktau,22,2023-10-25,24,1.6540555555555085,201.48336111111107,False,False
Aktau,22,2023-10-26,24,1.7995972222221832,201.6030833333333,False,False
Aktau,22,2023-10-27,24,1.7319722222221916,201.5518055555555,False,False
Aktau,22,2023-10-28,24,1.6803749999999582,201.50770833333328,False,False
Aktau,22,2023-10-29,24,1.7423194444444097,201.55711111111108,False,False
Aktau,22,2023-10-30,24,1.6011388888888891,201.44268055555554,False,False
Aktau,22,2023-10-31,24,1.7002916666666668,201.52440277777774,False,False
Aktau,22,2023-11-01,24,2.037888888888889,201.79099999999997,False,False
Aktau,22,2023-11-02,24,1.501486111111111,201.36277777777778,False,False
Aktau,22,2023-11-03,24,1.3910972222222222,201.27272222222223,False,False
Aktau,22,2023-11-04,24,1.4969861111111111,201.35856944444444,False,False
Aktau,22,2023-11-05,24,1.4795277777777776,201.34484722222223,False,False
Aktau,22,2023-11-06,24,1.7162638888888886,201.53819444444443,False,False
Aktau,22,2023-11-07,24,1.6382083333333333,201.474875,False,False
Aktau,22,2023-11-08,24,1.4461388888888889,201.31704166666665,False,False
Aktau,22,2023-11-09,24,1.5512916666666665,201.40340277777776,False,False
Aktau,22,2023-11-10,24,1.6637916666666666,201.49498611111107,False,False
Aktau,22,2023-11-11,24,1.7409444444444444,201.55988888888888,False,False
Aktau,22,2023-11-12,24,1.7576527777777777,201.568625,False,False
Aktau,22,2023-11-13,24,1.336875,201.22925,False,False
Aktau,22,2023-11-14,24,1.4516666666666664,201.32338888888887,False,False
Aktau,22,2023-11-15,24,1.4055138888888887,201.2867222222222,False,False
Aktau,22,2023-11-16,24,1.5427222222222223,201.39844444444444,False,False
Aktau,22,2023-11-17,24,1.697375,201.51915277777778,False,False
Aktau,22,2023-11-18,24,2.829041666666667,202.4158611111111,False,False
Aktau,22,2023-11-19,24,1.7059166666666667,201.53105555555555,False,False
Aktau,22,2023-11-20,24,1.7170416666666666,201.53863888888887,False,False
Aktau,22,2023-11-21,24,1.5667499999999999,201.4182083333333,False,False
Aktau,22,2023-11-22,24,2.704930555555556,202.32343055555555,False,False
Aktau,22,2023-11-23,24,2.6630694444444445,202.2842361111111,False,False
Aktau,22,2023-11-24,24,2.2303888888888888,201.947375,False,False
Aktau,22,2023-11-25,24,1.62625,201.46636111111113,False,False
Aktau,22,2023-11-26,24,1.4727916666666667,201.34130555555555,False,False
Aktau,22,2023-11-27,24,1.8232499999999998,201.62566666666666,False,False
Aktau,22,2023-11-28,24,2.066722222222222,201.82044444444443,False,False
Aktau,22,2023-11-29,24,2.7289999999999996,202.3426111111111,False,False
Aktau,22,2023-11-30,24,2.917902777777778,202.4935972222222,False,False
Aktau,22,2023-12-01,24,1.6648055555555556,201.49747222222223,False,False
Aktau,22,2023-12-02,24,1.500986111111111,201.36183333333335,False,False
Aktau,22,2023-12-03,24,1.613236111111111,201.45291666666665,False,False
Aktau,22,2023-12-04,24,1.6712777777777779,201.50243055555555,False,False
Aktau,22,2023-12-05,24,1.7271527777777778,201.54769444444443,False,False
Aktau,22,2023-12-06,24,2.1986666666666665,201.92819444444444,False,False
Aktau,22,2023-12-07,24,1.716513888888889,201.5411388888889,False,False
Aktau,22,2023-12-08,24,2.385236111111111,202.0142361111111,False,False
Aktau,22,2023-12-12,24,1.8929444444444445,201.68454166666666,False,False
Aktau,22,2023-12-13,24,1.9965972222222224,201.7617361111111,False,False
Aktau,22,2023-12-14,24,1.4820416666666667,201.33952777777776,False,False
Aktau,22,2023-12-15,24,1.2858333333333334,201.1833472222222,False,False
Aktau,22,2023-12-16,24,1.3065,201.20093055555557,False,False
Aktau,22,2023-12-17,24,1.3145138888888888,201.20925,False,False
Aktau,22,2023-12-18,24,1.308263888888889,201.2020972222222,False,False
Aktau,22,2023-12-19,24,1.4660972222222168,201.32572222222223,False,False
Aktau,22,2023-12-20,24,1.2897083333333332,201.18522222222222,False,False
Aktau,22,2023-12-21,24,1.2849166666666667,201.18534722222225,False,False
Aktau,22,2023-12-22,24,1.343638888888889,201.23123611111112,False,False
Aktau,22,2023-12-23,24,1.3480833333333333,201.2311111111111,False,False
Aktau,22,2023-12-24,24,1.328625,201.21670833333334,False,False
Aktau,22,2023-12-25,24,1.32475,201.21594444444443,False,False
Aktau,22,2023-12-26,24,1.3278333333333334,201.21441666666666,False,False
Aktau,22,2023-12-27,24,1.2679305555555556,201.16419444444443,False,False
Aktau,22,2023-12-28,24,1.2857916666666667,201.18294444444442,False,False
Aktau,22,2023-12-29,24,1.323388888888889,201.21305555555554,False,False
Aktau,22,2023-12-30,24,1.3213888888888887,201.20876388888885,False,False
Aktau,22,2023-12-31,24,1.316125,201.20318055555552,False,False
Aktau,22,2024-01-01,24,1.3077083333333333,201.19866666666667,False,False
Aktau,22,2024-01-02,24,1.3039444444444446,201.1981111111111,False,False
Aktau,22,2024-01-03,24,1.3078194444444444,201.2012083333333,False,False
Aktau,22,2024-01-04,24,1.3244166666666668,201.21408333333332,False,False
Aktau,22,2024-01-05,24,1.2945833333333334,201.18741666666665,False,False
Aktau,22,2024-01-06,24,1.2906666666666666,201.1868472222222,False,False
Aktau,22,2024-01-07,24,1.2867083333333333,201.18201388888886,False,False
Aktau,22,2024-01-08,24,1.2569166666666667,201.15734722222223,False,False
Aktau,22,2024-01-09,24,1.3211736111111112,201.2132013888889,False,False
Aktau,22,2024-01-10,24,1.3119166666666668,201.20445833333335,False,False
Aktau,22,2024-01-11,24,1.3000972222222222,201.19775,False,False
Aktau,22,2024-01-12,24,1.292736111111111,201.192125,False,False
Aktau,22,2024-01-13,24,1.2981944444444444,201.19475,False,False
Aktau,22,2024-01-14,24,1.3050555555555554,201.19663888888888,False,False
Aktau,22,2024-01-15,24,1.2810694444444444,201.17715277777776,False,False
Aktau,22,2024-01-16,24,1.3121666666666667,201.2067361111111,False,False
Aktau,22,2024-01-17,24,1.3192083333333333,201.21412499999997,False,False
Aktau,22,2024-01-18,24,1.297125,201.19504166666664,False,False
Aktau,22,2024-01-19,24,1.3139027777777779,201.20952777777777,False,False
Aktau,22,2024-01-20,24,1.3256944444444445,201.21725,False,False
Aktau,22,2024-01-21,24,1.309388888888889,201.20069444444445,False,False
Aktau,22,2024-01-22,24,1.2951249999999999,201.19243055555557,False,False
Aktau,22,2024-01-23,24,1.293875,201.18741666666665,False,False
Aktau,22,2024-01-24,24,1.2750833333333331,201.17204166666667,False,False
Aktau,22,2024-01-25,24,1.2792083333333333,201.17666666666665,False,False
Aktau,22,2024-01-26,24,1.2714444444444444,201.17038888888888,False,False
Aktau,22,2024-01-27,24,1.3089444444444445,201.20383333333334,False,False
Aktau,22,2024-01-28,24,1.3155833333333333,201.21,False,False
Aktau,22,2024-01-29,24,1.2911805555555556,201.18743055555555,False,False
Aktau,22,2024-01-30,24,1.2900972222222222,201.185625,False,False
Aktau,22,2024-01-31,24,1.3214583333333332,201.21379166666665,False,False
Aktau,22,2024-02-01,24,1.3351666666666668,201.225625,False,False
Aktau,22,2024-02-02,24,1.3087777777777778,201.20131944444447,False,False
Aktau,22,2024-02-03,24,1.2904583333333333,201.18625,False,False
Aktau,22,2024-02-04,24,1.3127083333333305,201.20254166666666,False,False
Aktau,22,2024-02-05,24,1.2983888888888888,201.1922361111111,False,False
Aktau,22,2024-02-06,24,1.3027777777777778,201.19837499999997,False,False
Aktau,22,2024-02-07,24,1.303972222222222,201.19877777777776,False,False
Aktau,22,2024-02-08,24,1.2710833333333333,201.166375,False,False
Aktau,22,2024-02-09,24,1.2699305555555556,201.16595833333335,False,False
Aktau,22,2024-02-10,24,1.288513888888889,201.18020833333333,False,False
Aktau,22,2024-02-11,24,1.2702916666666666,201.1654722222222,False,False
Aktau,22,2024-02-12,24,1.260513888888889,201.15754166666667,False,False
Aktau,22,2024-02-13,24,1.2671666666666666,201.16299999999998,False,False
Aktau,22,2024-02-14,24,1.2581805555555556,201.15691666666666,False,False
Aktau,22,2024-02-15,24,1.262763888888889,201.16290277777776,False,False
Aktau,22,2024-02-16,24,1.2854305555555554,201.186875,False,False
Aktau,22,2024-02-17,24,1.2907083333333333,201.18402777777774,False,False
Aktau,22,2024-02-18,24,1.2654166666666666,201.16583333333332,False,False
Aktau,22,2024-02-19,24,1.2964722222222222,201.19204166666665,False,False
Aktau,22,2024-02-20,24,1.323611111111111,201.21308333333332,False,False
Aktau,22,2024-02-21,24,1.2869305555555555,201.186375,False,False
Aktau,22,2024-02-22,24,1.2916666666666667,201.18961111111108,False,False
Aktau,22,2024-02-23,24,1.2860972222222193,201.1850625,False,False
Aktau,22,2024-02-24,24,1.3082916666666666,201.20215277777777,False,False
Aktau,22,2024-02-25,24,1.3055972222222223,201.19855555555554,False,False
Aktau,22,2024-02-26,24,1.3053333333333332,201.19611111111112,False,False
Aktau,22,2024-02-27,24,1.3100694444444445,201.2013194444444,False,False
Aktau,22,2024-02-28,24,1.3223749999999999,201.21429166666667,False,False
Aktau,22,2024-02-29,24,1.2921666666666667,201.18931944444444,False,False
Aktau,22,2024-03-01,24,1.3026597222222223,201.19364583333333,False,False
Aktau,22,2024-03-02,24,1.297048611111111,201.19063194444445,False,False
Aktau,22,2024-03-03,24,1.3000277777777778,201.19348611111113,False,False
Aktau,22,2024-03-04,24,1.2884375,201.18501388888888,False,False
Aktau,22,2024-03-05,24,1.3032916666666667,201.19486805555553,False,False
Aktau,22,2024-03-06,24,1.2931319444444445,201.18546527777778,False,False
Aktau,22,2024-03-07,24,1.280375,201.17480555555554,False,False
Aktau,22,2024-03-08,24,1.2965,201.19140277777777,False,False
Aktau,22,2024-03-09,24,1.2939791666666667,201.1895902777778,False,False
Aktau,22,2024-03-10,24,1.3216805555555555,201.20999305555554,False,False
Aktau,22,2024-03-11,24,1.3081597222222223,201.19833333333335,False,False
Aktau,22,2024-03-12,24,1.3039930555555557,201.1979513888889,False,False
Aktau,22,2024-03-13,24,1.2989930555555556,201.1936875,False,False
Aktau,22,2024-03-14,24,1.2909583333333334,201.1870625,False,False
Aktau,22,2024-03-15,24,1.287756944444443,201.18123611111108,False,False
Aktau,22,2024-03-16,24,1.2506180555555555,201.14719444444447,False,False
Aktau,22,2024-03-17,24,1.2486805555555556,201.14538194444444,False,False
Aktau,22,2024-03-18,24,1.253763888888889,201.14954166666666,False,False
Aktau,22,2024-03-19,24,1.2531944444444443,201.14828472222223,False,False
Aktau,22,2024-03-20,24,1.2530069444444443,201.14818055555554,False,False
Aktau,22,2024-03-21,22,1.3132575757575728,201.20131060606062,False,False
Aktau,22,2024-03-22,24,1.2969375,201.19004166666664,False,False
Aktau,22,2024-03-23,24,1.2584166666666665,201.15668055555557,False,False
Aktau,22,2024-03-24,24,1.265236111111111,201.16324999999998,False,False
Aktau,22,2024-03-25,24,1.2623055555555556,201.16093055555555,False,False
Aktau,22,2024-03-26,24,1.257763888888889,201.15806944444444,False,False
Aktau,22,2024-03-27,24,1.2511875000000001,201.1513472222222,False,False
Aktau,22,2024-03-28,24,1.2706388888888875,201.16783333333333,False,False
Aktau,22,2024-03-29,24,1.273076388888889,201.16882638888887,False,False
Aktau,22,2024-03-30,24,1.255597222222222,201.15640277777777,False,False
Aktau,22,2024-03-31,24,1.2546805555555556,201.1526458333333,False,False
Aktau,22,2024-04-01,24,1.2491597222222222,201.14876388888888,False,False
Aktau,22,2024-04-02,24,1.242625,201.14290277777778,False,False
Aktau,22,2024-04-03,24,1.2450416666666666,201.14554861111108,False,False
Aktau,22,2024-04-04,24,1.242326388888889,201.14472916666668,False,False
Aktau,22,2024-04-05,24,1.251298611111111,201.15127083333334,False,False
Aktau,22,2024-04-06,24,1.2458055555555554,201.14802083333333,False,False
Aktau,22,2024-04-07,24,1.2469722222222221,201.1483125,False,False
Aktau,22,2024-04-08,24,1.2431944444444445,201.14492361111112,False,False
Aktau,22,2024-04-09,24,1.2336041666666666,201.13725694444443,False,False
Aktau,22,2024-04-10,24,1.2416041666666666,201.14296527777776,False,False
Aktau,22,2024-04-11,24,1.2392013888888889,201.14060416666666,False,False
Aktau,22,2024-04-12,24,1.2387986111111111,201.14097222222222,False,False
Aktau,22,2024-04-13,24,1.2410069444444445,201.14324305555556,False,False
Aktau,22,2024-04-14,24,1.232201388888889,201.13485416666666,False,False
Aktau,22,2024-04-15,24,1.2340763888888888,201.13786805555557,False,False
Aktau,22,2024-04-16,24,1.2408333333333335,201.14299305555554,False,False
Aktau,22,2024-04-17,24,1.2365972222222223,201.13936805555556,False,False
Aktau,22,2024-04-18,24,1.2415486111111111,201.14323611111112,False,False
Aktau,22,2024-04-19,24,1.2371458333333334,201.1386388888889,False,False
Aktau,22,2024-04-20,24,1.2414027777777779,201.14246527777777,False,False
Aktau,22,2024-04-21,24,1.2447361111111113,201.14491666666666,False,False
Aktau,22,2024-04-22,24,1.2434097222222222,201.14430555555555,False,False
Aktau,22,2024-04-23,24,1.2334861111111113,201.13784027777777,False,False
Aktau,22,2024-04-24,24,1.2353958333333332,201.13871527777778,False,False
Aktau,22,2024-04-25,24,1.2239930555555556,201.1291666666667,False,False
Aktau,22,2024-04-26,24,1.2255416666666668,201.12963194444444,False,False
Aktau,22,2024-04-27,24,1.231125,201.13436111111113,False,False
Aktau,22,2024-04-28,24,1.2343958333333334,201.1375972222222,False,False
Aktau,22,2024-04-29,24,1.2422916666666597,201.14461805555553,False,False
Aktau,22,2024-04-30,24,1.2468958333333333,201.14786805555556,False,False
Aktau,22,2024-05-01,24,1.2362847222222222,201.1394513888889,False,False
Aktau,22,2024-05-02,24,1.248138888888889,201.1495763888889,False,False
Aktau,22,2024-05-03,24,1.2505833333333334,201.15231944444443,False,False
Aktau,22,2024-05-04,24,1.2470833333333333,201.1492291666667,False,False
Aktau,22,2024-05-05,24,1.2463125,201.14915277777777,False,False
Aktau,22,2024-05-06,24,1.2397500000000001,201.14380555555556,False,False
Aktau,22,2024-05-07,24,1.232236111111111,201.1386388888889,False,False
Aktau,22,2024-05-08,24,1.2393819444444445,201.1460625,False,False
Aktau,22,2024-05-09,24,1.2308125,201.13544444444446,False,False
Aktau,22,2024-05-10,24,1.2331944444444445,201.13829861111108,False,False
Aktau,22,2024-05-11,24,1.2062916666666668,201.11264583333332,False,False
Aktau,22,2024-05-12,24,1.20654166666665,201.11260416666664,False,False
Aktau,22,2024-05-13,24,1.2040416666666292,201.11196527777773,False,False
Aktau,22,2024-05-14,24,1.2037013888888541,201.11257638888887,False,False
Aktau,22,2024-05-15,24,1.2013888888888735,201.10941666666665,False,False
Aktau,22,2024-05-16,24,1.2011180555555556,201.10920833333333,False,False
Aktau,22,2024-05-17,24,1.2030972222222223,201.1118263888889,False,False
Aktau,22,2024-05-18,24,1.2014652777777777,201.11047916666666,False,False
Aktau,22,2024-05-19,24,1.1977430555555555,201.10700694444446,False,False
Aktau,22,2024-05-20,24,1.1963333333333332,201.10595138888888,False,False
Aktau,22,2024-05-21,24,1.196888888888889,201.10533333333333,False,False
Aktau,22,2024-05-22,24,1.1961180555555557,201.10443750000002,False,False
Aktau,22,2024-05-23,24,1.1952569444444445,201.1041875,False,False
Aktau,22,2024-05-24,24,1.19425,201.10406944444443,False,False
Aktau,22,2024-05-25,24,1.1947708333333333,201.10399305555555,False,False
Aktau,22,2024-05-26,24,1.2722361111111111,201.17640972222225,False,False
Aktau,22,2024-05-27,24,1.5824305555555556,201.45258333333334,False,False
Aktau,22,2024-05-28,24,1.661201388888889,201.50693055555556,False,False
Aktau,22,2024-05-29,24,1.6890555555555553,201.52916666666667,False,False
Aktau,22,2024-05-30,24,1.6898472222222223,201.53338194444441,False,False
Aktau,22,2024-05-31,24,1.70625,201.54652083333335,False,False
Aktau,22,2024-06-01,24,1.7245902777777777,201.56144444444445,False,False
Aktau,22,2024-06-02,24,1.7012361111111112,201.54399305555555,False,False
Aktau,22,2024-06-03,24,1.7001666666666668,201.54395833333334,False,False
Aktau,22,2024-06-04,24,1.7187083333333335,201.55752777777778,False,False
Aktau,22,2024-06-05,24,1.7314097222222224,201.5655972222222,False,False
Aktau,22,2024-06-06,24,1.508902777777778,201.3749097222222,False,False
Aktau,22,2024-06-07,24,1.211673611111111,201.1080763888889,False,False
Aktau,22,2024-06-08,24,1.2094305555555513,201.10452083333334,False,False
Aktau,22,2024-08-19,24,1.1205763888888889,201.0096875,False,False
Aktau,22,2024-08-20,24,1.1213541666666667,201.01081944444445,False,False
Aktau,22,2024-08-21,24,1.1219444444444444,201.01059722222223,False,False
Aktau,22,2024-08-22,24,1.1257986111111082,201.0134375,False,False
Aktau,22,2024-08-23,24,1.1253125,201.0142291666667,False,False
Aktau,22,2024-08-24,24,1.1272847222222222,201.01607638888888,False,False
Aktau,22,2024-08-25,24,1.1288055555555554,201.0184236111111,False,False
Aktau,22,2024-08-26,24,1.1310833333333334,201.0203958333333,False,False
Aktau,22,2024-08-27,24,1.5663680555555555,201.3687777777778,False,False
Aktau,22,2024-08-28,24,1.1298194444444445,201.0178611111111,False,False
Aktau,22,2024-08-29,24,1.1312777777777778,201.01946527777775,False,False
Aktau,22,2024-08-30,24,1.1327847222222223,201.02143750000002,False,False
Aktau,22,2024-08-31,24,1.1358194444444445,201.0249652777778,False,False
Aktau,22,2024-09-01,24,1.1824027777777777,201.06256944444445,False,False
Aktau,22,2024-09-02,24,1.1864444444444444,201.06683333333334,False,False
Aktau,22,2024-09-03,24,1.166361111111111,201.05093055555554,False,False
Aktau,22,2024-09-04,24,1.162784722222222,201.04834027777778,False,False
Aktau,22,2024-09-05,24,1.164048611111111,201.0492986111111,False,False
Aktau,22,2024-09-06,24,1.1785208333333335,201.06065972222223,False,False
Aktau,22,2024-09-07,24,1.155138888888889,201.04184027777777,False,False
Aktau,22,2024-09-08,24,1.157875,201.0443402777778,False,False
Aktau,22,2024-09-09,24,1.1797152777777777,201.0623958333333,False,False
Aktau,22,2024-09-10,24,1.1703055555555555,201.05479166666666,False,False
Aktau,22,2024-09-11,24,1.1687708333333333,201.0536388888889,False,False
Aktau,22,2024-09-12,24,1.1622083333333333,201.0482708333333,False,False
Aktau,22,2024-09-13,24,1.162201388888889,201.04778472222222,False,False
Aktau,22,2024-09-14,24,1.1751319444444446,201.05733333333333,False,False
Aktau,22,2024-09-15,24,1.178138888888889,201.06065972222223,False,False
Aktau,22,2024-09-16,24,1.1685277777777776,201.05334027777778,False,False
Aktau,22,2024-09-17,24,1.1571944444444444,201.0432986111111,False,False
Aktau,22,2024-09-18,24,1.166611111111111,201.0517152777778,False,False
Aktau,22,2024-09-19,24,1.1643055555555557,201.05056944444445,False,False
Aktau,22,2024-09-20,24,1.1682638888888874,201.0537222222222,False,False
Aktau,22,2024-09-21,24,1.1531944444444444,201.03786805555555,False,False
Aktau,22,2024-09-22,24,1.152097222222222,201.0371111111111,False,False
Aktau,22,2024-09-23,24,1.150423611111111,201.0350208333333,False,False
Aktau,22,2024-09-24,24,1.1499930555555555,201.03455555555556,False,False
Aktau,22,2024-09-25,24,1.1463680555555555,201.0321111111111,False,False
Aktau,22,2024-09-26,24,1.1443472222222224,201.03043749999998,False,False
Aktau,22,2024-09-27,24,1.1444027777777779,201.03086805555554,False,False
Aktau,22,2024-09-28,24,1.1469930555555556,201.0322986111111,False,False
Aktau,22,2024-09-29,24,1.1492361111111111,201.03441666666666,False,False
Aktau,22,2024-09-30,24,1.1498055555555555,201.03532638888888,False,False
Aktau,22,2024-10-01,24,1.1526944444444445,201.03809027777777,False,False
Aktau,22,2024-10-02,24,1.1554236111111111,201.04052777777778,False,False
Aktau,22,2024-10-03,24,1.1559652777777778,201.04071527777776,False,False
Aktau,22,2024-10-04,24,1.1545555555555556,201.03937499999998,False,False
Aktau,22,2024-10-05,24,1.1529097222222222,201.0376597222222,False,False
Aktau,22,2024-10-06,24,1.1499097222222223,201.03527083333333,False,False
Aktau,22,2024-10-07,24,1.1487013888888888,201.03333333333333,False,False
Aktau,22,2024-10-08,24,1.1479861111111112,201.0328194444444,False,False
Aktau,22,2024-10-09,24,1.1487152777777778,201.03325694444445,False,False
Aktau,22,2024-10-10,24,1.1589305555555556,201.04322916666663,False,False
Aktau,22,2024-10-11,24,1.1739305555555555,201.0589097222222,False,False
Aktau,22,2024-10-12,24,1.1694930555555556,201.05538888888887,False,False
Aktau,22,2024-10-13,24,1.1817152777777777,201.06547916666668,False,False
Aktau,22,2024-10-14,24,1.178173611111111,201.06394444444445,False,False
Aktau,22,2024-10-15,24,1.1704444444444444,201.05620833333333,False,False
Aktau,22,2024-10-16,24,1.1554097222222222,201.04392361111113,False,False
Aktau,22,2024-10-17,24,1.161173611111111,201.04864583333332,False,False
Aktau,22,2024-10-18,24,1.2196111111111112,201.1083125,False,False
Aktau,22,2024-10-19,24,1.2287847222222223,201.11652083333334,False,False
Aktau,22,2024-10-20,24,1.2273888888888889,201.11422222222222,False,False
Aktau,22,2024-10-21,24,1.2455416666666668,201.12869444444445,False,False
Aktau,22,2024-10-22,24,1.2252291666666666,201.11291666666668,False,False
Aktau,22,2024-10-23,24,1.2366458333333334,201.12189583333335,False,False
Aktau,22,2024-10-24,24,1.2353055555555554,201.1199236111111,False,False
Aktau,22,2024-10-25,24,1.2302291666666667,201.11656944444442,False,False
Aktau,22,2024-10-26,24,1.224590277777778,201.11158333333333,False,False
Aktau,22,2024-10-27,24,1.2211805555555555,201.1084097222222,False,False
Aktau,22,2024-10-28,24,1.2275833333333332,201.1134375,False,False
Aktau,22,2024-10-29,24,1.2294097222222222,201.11555555555552,False,False
Aktau,22,2024-10-30,24,1.294722222222221,201.16608333333332,False,False
Aktau,22,2024-10-31,24,1.2349930555555555,201.1202291666667,False,False
Aktau,22,2024-11-01,24,1.2231944444444445,201.11052083333334,False,False
Aktau,22,2024-11-02,24,1.2271041666666667,201.11401388888888,False,False
Aktau,22,2024-11-03,24,1.2220694444444444,201.11036111111113,False,False
Aktau,22,2024-11-04,24,1.2331874999999999,201.12116666666668,False,False
Aktau,22,2024-11-05,24,1.2377708333333335,201.12563194444442,False,False
Aktau,22,2024-11-06,24,1.2302708333333334,201.11957638888887,False,False
Aktau,22,2024-11-07,24,1.231111111111111,201.11925694444446,False,False
Aktau,22,2024-11-08,24,1.2358402777777777,201.1221736111111,False,False
Aktau,22,2024-11-09,24,1.2338888888888888,201.1197361111111,False,False
Aktau,22,2024-11-10,24,1.2359027777777778,201.12214583333332,False,False
Aktau,22,2024-11-11,24,1.258576388888889,201.14084027777778,False,False
Aktau,22,2024-11-12,24,1.227861111111111,201.11634027777777,False,False
Aktau,22,2024-11-13,24,1.250138888888889,201.13447916666667,False,False
Aktau,22,2024-11-14,24,1.2519375000000001,201.13666666666666,False,False
Aktau,22,2024-11-15,24,1.238923611111111,201.12562499999999,False,False
Aktau,22,2024-11-16,24,1.247673611111111,201.13177777777778,False,False
Aktau,22,2024-11-17,24,1.249638888888889,201.1334722222222,False,False
Aktau,22,2024-11-18,24,1.2453333333333334,201.1301597222222,False,False
Aktau,22,2024-11-19,24,1.2542916666666668,201.13890277777776,False,False
Aktau,22,2024-11-20,24,1.2410833333333333,201.1252708333333,False,False
Aktau,22,2024-11-21,24,1.2370833333333333,201.1230833333333,False,False
Aktau,22,2024-11-22,24,1.2539305555555555,201.1367361111111,False,False
Aktau,22,2024-11-23,24,1.2417013888888888,201.12630555555555,False,False
Aktau,22,2024-11-24,24,1.2484305555555555,201.1329097222222,False,False
Aktau,22,2024-11-25,24,1.2509166666666667,201.1352916666667,False,False
Aktau,22,2024-11-26,24,1.2414861111111113,201.12577777777778,False,False
Aktau,22,2024-11-27,24,1.2584166666666667,201.13969444444444,False,False
Aktau,22,2024-11-28,24,1.2594722222222223,201.14115277777776,False,False
Aktau,22,2024-11-29,24,1.2678819444444445,201.14868750000002,False,False
Aktau,22,2024-11-30,24,1.2518819444444444,201.13693055555555,False,False
Aktau,22,2024-12-01,24,1.2863055555555556,201.16315972222222,False,False
Aktau,22,2024-12-02,24,1.2751805555555555,201.15557638888887,False,False
Aktau,22,2024-12-03,24,1.2662222222222221,201.149,False,False
Aktau,22,2024-12-04,24,1.2593125,201.14341666666667,False,False
Aktau,22,2024-12-05,24,1.2662152777777778,201.14846527777777,False,False
Aktau,22,2024-12-06,24,1.2923958333333334,201.16882638888887,False,False
Aktau,22,2024-12-07,24,1.2587291666666667,201.14145138888887,False,False
Aktau,22,2024-12-08,24,1.2729791666666668,201.15436111111111,False,False
Aktau,22,2024-12-09,24,1.2703333333333264,201.1507986111111,False,False
Aktau,22,2024-12-11,24,1.274013888888889,201.153875,False,False
Aktau,22,2024-12-12,24,1.3144722222222194,201.1856527777778,False,False
Aktau,22,2024-12-13,24,1.2754375,201.15461111111108,False,False
Aktau,22,2024-12-14,24,1.2719722222222223,201.15308333333334,False,False
Aktau,22,2024-12-15,24,1.2874652777777778,201.16475694444443,False,False
Aktau,22,2024-12-16,24,1.27,201.15018055555552,False,False
Aktau,22,2024-12-17,24,1.2725972222222222,201.15240277777775,False,False
Aktau,22,2024-12-18,24,1.2695347222222222,201.14934027777778,False,False
Aktau,22,2024-12-19,24,1.2774027777777777,201.1569097222222,False,False
Aktau,22,2024-12-20,24,1.2791805555555555,201.15881249999998,False,False
Aktau,22,2024-12-21,24,1.281125,201.15961805555557,False,False
Aktau,22,2024-12-22,24,1.2739722222222223,201.1556388888889,False,False
Aktau,22,2024-12-23,24,1.2834930555555555,201.16385416666665,False,False
Aktau,22,2024-12-24,24,1.2762361111111111,201.15543055555554,False,False
Aktau,22,2024-12-25,24,1.2698125,201.15115277777775,False,False
Aktau,22,2024-12-26,24,1.2759861111111113,201.155625,False,False
Aktau,22,2024-12-27,24,1.2780555555555555,201.15820833333336,False,False
Aktau,22,2024-12-28,24,1.2684513888888889,201.14988194444445,False,False
Aktau,22,2024-12-29,24,1.2658472222222221,201.1487222222222,False,False
Aktau,22,2024-12-30,24,1.261125,201.1460625,False,False
Aktau,22,2024-12-31,24,1.2604027777777778,201.1459861111111,False,False
Aktau,22,2025-01-01,24,1.2591458333333334,201.1430347222222,False,False
Aktau,22,2025-01-02,24,1.2634375,201.14487499999998,False,False
Aktau,22,2025-01-03,24,1.263972222222222,201.14518055555558,False,False
Aktau,22,2025-01-04,24,1.2664027777777778,201.1470347222222,False,False
Aktau,22,2025-01-05,24,1.2576527777777777,201.14165972222222,False,False
Aktau,22,2025-01-06,24,1.2649861111111111,201.1482638888889,False,False
Aktau,22,2025-01-07,24,1.2776944444444445,201.15875000000003,False,False
Aktau,22,2025-01-08,24,1.2828055555555555,201.16310416666667,False,False
Aktau,22,2025-01-09,24,1.2942361111111111,201.17497916666665,False,False
Aktau,22,2025-01-10,24,1.306840277777778,201.18364583333332,False,False
Aktau,22,2025-01-11,24,1.3186180555555556,201.1937847222222,False,False
Aktau,22,2025-01-12,24,1.2972777777777778,201.17759027777777,False,False
Aktau,22,2025-01-13,24,1.297375,201.1764375,False,False
Aktau,22,2025-01-14,24,1.3191458333333335,201.19350694444447,False,False
Aktau,22,2025-01-15,24,1.3130902777777778,201.18919444444444,False,False
Aktau,22,2025-01-16,24,1.3122361111111112,201.1895972222222,False,False
Aktau,22,2025-01-17,24,1.3072916666666667,201.18551388888886,False,False
Aktau,22,2025-01-18,24,1.3171388888888889,201.19273611111112,False,False
Aktau,22,2025-01-19,24,1.3035069444444445,201.1827986111111,False,False
Aktau,22,2025-01-20,24,1.2984236111111112,201.17859027777777,False,False
Aktau,22,2025-01-21,24,1.2992916666666667,201.17999305555554,False,False
Aktau,22,2025-01-22,24,1.3056180555555557,201.18454166666666,False,False
Aktau,22,2025-01-23,24,1.3590833333333334,201.22575694444444,False,False
Aktau,22,2025-01-24,24,1.329423611111111,201.20400694444444,False,False
Aktau,22,2025-01-25,24,1.3047986111111112,201.18204166666666,False,False
Aktau,22,2025-01-26,24,1.3240347222222222,201.19827083333334,False,False
Aktau,22,2025-01-27,24,1.3366805555555556,201.2065347222222,False,False
Aktau,22,2025-01-28,24,1.3155833333333333,201.19019444444442,False,False
Aktau,22,2025-01-29,24,1.326659722222222,201.20094444444445,False,False
Aktau,22,2025-01-30,24,1.3233472222222222,201.19747916666665,False,False
Aktau,22,2025-01-31,24,1.319,201.1936875,False,False
Aktau,22,2025-02-01,24,1.2880624999999999,201.16599305555556,False,False
Aktau,22,2025-02-02,24,1.292513888888889,201.1679513888889,False,False
Aktau,22,2025-02-03,24,1.2901805555555554,201.16625,False,False
Aktau,22,2025-02-04,24,1.2889513888888888,201.16514583333333,False,False
Aktau,22,2025-02-05,24,1.2908819444444444,201.16579861111111,False,False
Aktau,22,2025-02-06,24,1.2914722222222221,201.16660416666664,False,False
Aktau,22,2025-02-07,24,1.2960416666666668,201.16889583333332,False,False
Aktau,22,2025-02-08,24,1.2620347222222221,201.13873611111111,False,False
Aktau,22,2025-02-09,24,1.2608680555555556,201.1385486111111,False,False
Aktau,22,2025-02-10,24,1.2829444444444444,201.15916666666666,False,False
Aktau,22,2025-02-11,24,1.3021527777777777,201.17655555555555,False,False
Aktau,22,2025-02-12,24,1.2980277777777778,201.1722638888889,False,False
Aktau,22,2025-02-13,24,1.3008125,201.17569444444442,False,False
Aktau,22,2025-02-14,24,1.2990833333333334,201.17403472222222,False,False
Aktau,22,2025-02-15,24,1.2980208333333334,201.1721736111111,False,False
Aktau,22,2025-02-16,24,1.2941319444444443,201.16998611111111,False,False
Aktau,22,2025-02-17,24,1.2979444444444443,201.17213194444443,False,False
Aktau,22,2025-02-18,24,1.2968125,201.17117361111113,False,False
Aktau,22,2025-02-19,24,1.3015,201.17614583333332,False,False
Aktau,22,2025-02-20,24,1.2860902777777776,201.16174999999998,False,False
Aktau,22,2025-02-21,24,1.2554375,201.13415972222222,False,False
Aktau,22,2025-02-22,24,1.2850902777777777,201.16138888888887,False,False
Aktau,22,2025-02-23,24,1.3073541666666666,201.18463194444442,False,False
Aktau,22,2025-02-24,24,1.3163819444444445,201.19172916666665,False,False
Aktau,22,2025-02-25,24,1.2991666666666668,201.17811805555553,False,False
Aktau,22,2025-02-26,24,1.3147847222222222,201.19160416666668,False,False
Aktau,22,2025-02-27,24,1.3559722222222195,201.22133333333332,False,False
Aktau,22,2025-02-28,24,1.340138888888889,201.2075486111111,False,False
Aktau,22,2025-03-01,24,1.2824861111111112,201.1578611111111,False,False
Aktau,22,2025-03-02,24,1.271111111111111,201.15124305555557,False,False
Aktau,22,2025-03-03,24,1.2914513888888888,201.1703611111111,False,False
Aktau,22,2025-03-04,24,1.3260416666666666,201.2012777777778,False,False
Aktau,22,2025-03-05,24,1.3348680555555557,201.20713194444443,False,False
Aktau,22,2025-03-06,24,1.3314861111111111,201.205375,False,False
Aktau,22,2025-03-07,24,1.3283888888888888,201.2019513888889,False,False
Aktau,22,2025-03-08,24,1.3219375,201.19455555555555,False,False
Aktau,22,2025-03-09,24,1.3099166666666666,201.18604861111112,False,False
Aktau,22,2025-03-10,24,1.2937222222222222,201.1720486111111,False,False
Aktau,22,2025-03-11,24,1.2938402777777778,201.17220833333332,False,False
Aktau,22,2025-03-12,24,1.307388888888889,201.1826111111111,False,False
Aktau,22,2025-03-13,24,1.3083472222222223,201.18319444444444,False,False
Aktau,22,2025-03-14,24,1.301590277777778,201.1768888888889,False,False
Aktau,22,2025-03-15,24,1.290736111111111,201.16849305555556,False,False
Aktau,22,2025-03-16,24,1.2960486111111111,201.17295833333333,False,False
Aktau,22,2025-03-17,24,1.2850208333333335,201.1656736111111,False,False
Aktau,22,2025-03-18,24,1.289,201.16706944444445,False,False
Aktau,22,2025-03-19,24,1.2917777777777777,201.16980555555554,False,False
Aktau,22,2025-03-20,24,1.29925,201.1784513888889,False,False
Aktau,22,2025-03-21,24,1.3118611111111111,201.18879166666667,False,False
Aktau,22,2025-03-22,24,1.2963888888888888,201.17559722222222,False,False
Aktau,22,2025-03-23,24,1.2888472222222223,201.16987500000002,False,False
Aktau,22,2025-03-24,24,1.2839375,201.16755555555554,False,False
Aktau,22,2025-03-25,24,1.2795347222222222,201.1630138888889,False,False
Aktau,22,2025-03-26,24,1.2765833333333332,201.16106249999999,False,False
Aktau,22,2025-03-27,24,1.2802916666666666,201.16430555555556,False,False
Aktau,22,2025-03-28,24,1.2890208333333333,201.17077777777777,False,False
Aktau,22,2025-03-29,24,1.2957291666666666,201.17524305555557,False,False
Aktau,22,2025-03-30,24,1.2757083333333334,201.1584236111111,False,False
Aktau,22,2025-03-31,24,1.2760624999999999,201.15859027777776,False,False
Aktau,22,2025-04-01,24,1.2762222222222224,201.1597847222222,False,False
Aktau,22,2025-04-02,24,1.2900833333333332,201.17080555555557,False,False
Aktau,22,2025-04-03,24,1.2732708333333334,201.15905555555557,False,False
Aktau,22,2025-04-04,24,1.283972222222222,201.16817361111111,False,False
Aktau,22,2025-04-05,24,1.2753194444444444,201.16005555555554,False,False
Aktau,22,2025-04-06,24,1.277048611111111,201.16222222222223,False,False
Aktau,22,2025-04-07,19,1.275640350877186,201.16093859649123,False,False
Aktau,22,2025-04-09,24,1.2661805555555554,201.15297916666665,False,False
Aktau,22,2025-04-10,24,1.2707638888888888,201.159,False,False
Aktau,22,2025-04-11,24,1.2710277777777776,201.15770138888888,False,False
Aktau,22,2025-04-12,24,1.2690625,201.1572986111111,False,False
Aktau,22,2025-04-13,24,1.2728541666666666,201.15863888888887,False,False
Aktau,22,2025-04-14,21,1.272031746031735,201.1574603174603,False,False
Aktau,22,2025-04-16,24,1.2684583333333332,201.1541597222222,False,False
Aktau,22,2025-04-17,24,1.2828055555555555,201.16463194444444,False,False
Aktau,22,2025-04-18,24,1.2670902777777777,201.15128472222224,False,False
Aktau,22,2025-04-19,24,1.2657013888888888,201.1520972222222,False,False
Aktau,22,2025-04-20,24,1.2602361111111111,201.1468611111111,False,False
Aktau,22,2025-04-21,24,1.2630277777777776,201.14741666666666,False,False
Aktau,22,2025-04-22,24,1.2627152777777777,201.14941666666667,False,False
Aktau,22,2025-04-23,24,1.2697916666666667,201.1555277777778,False,False
Aktau,22,2025-04-24,24,1.264347222222222,201.15250694444444,False,False
Aktau,22,2025-04-25,24,1.2757569444444445,201.16111805555556,False,False
Aktau,22,2025-04-26,24,1.2798749999999999,201.16389583333333,False,False
Aktau,22,2025-04-27,24,1.261826388888889,201.1497986111111,False,False
Aktau,22,2025-04-28,24,1.2662152777777778,201.15427777777776,False,False
Aktau,22,2025-04-29,24,1.2691527777777778,201.15749305555553,False,False
Aktau,22,2025-04-30,24,1.2586597222222222,201.14895833333333,False,False
Aktau,22,2025-05-01,24,1.2617222222222222,201.1503125,False,False
Aktau,22,2025-05-02,24,1.2613333333333332,201.1496736111111,False,False
Aktau,22,2025-05-03,24,1.2607083333333333,201.14965277777776,False,False
Aktau,22,2025-05-04,24,1.261472222222222,201.1496736111111,False,False
Aktau,22,2025-05-05,24,1.255361111111111,201.14572916666665,False,False
Aktau,22,2025-05-06,24,1.225625,201.12390972222224,False,False
Aktau,22,2025-05-07,24,1.226326388888889,201.12455555555553,False,False
Aktau,22,2025-05-08,24,1.2604861111111112,201.14886111111113,False,False
Aktau,22,2025-05-09,24,1.2448680555555556,201.13340277777777,False,False
Aktau,22,2025-05-10,24,1.2417569444444445,201.13019444444444,False,False
Aktau,22,2025-05-11,24,1.2412569444444446,201.1299027777778,False,False
Aktau,22,2025-05-12,24,1.2428194444444445,201.1309097222222,False,False
Aktau,22,2025-05-13,24,1.2422222222222221,201.12964583333334,False,False
Aktau,22,2025-05-14,24,1.2428263888888889,201.13018055555554,False,False
Aktau,22,2025-05-15,24,1.2379097222222224,201.1253888888889,False,False
Aktau,22,2025-05-16,24,1.2389652777777778,201.1272013888889,False,False
Aktau,22,2025-05-17,24,1.2344722222222222,201.1230347222222,False,False
Aktau,22,2025-05-18,24,1.236625,201.12356944444443,False,False
Aktau,22,2025-05-19,24,1.236402777777778,201.1245972222222,False,False
Aktau,22,2025-05-20,24,1.2348194444444445,201.1235833333333,False,False
Aktau,22,2025-05-21,24,1.2357152777777778,201.1237847222222,False,False
Aktau,22,2025-05-22,24,1.2357361111111111,201.1229375,False,False
Aktau,22,2025-05-23,24,1.2344513888888888,201.1225902777778,False,False
Aktau,22,2025-05-24,24,1.2338680555555557,201.12238194444444,False,False
Aktau,22,2025-05-25,24,1.2334583333333333,201.12274305555556,False,False
Aktau,22,2025-05-26,24,1.236013888888889,201.12419444444444,False,False
Aktau,22,2025-05-27,24,1.2387777777777778,201.12593055555556,False,False
Aktau,22,2025-05-28,24,1.2406805555555556,201.12788888888886,False,False
Aktau,22,2025-05-29,24,1.2443194444444445,201.12993055555555,False,False
Aktau,22,2025-06-02,24,1.1948333333333332,201.0860347222222,False,False
Aktau,22,2025-06-03,24,1.192076388888889,201.0852638888889,False,False
Aktau,22,2025-06-04,24,1.1892847222222223,201.08339583333336,False,False
Aktau,22,2025-06-05,24,1.1869583333333333,201.0803888888889,False,False
Aktau,22,2025-06-06,24,1.1845277777777776,201.07666666666668,False,False
Aktau,22,2025-06-07,24,1.1824097222222223,201.07474305555556,False,False
Aktau,22,2025-06-08,24,1.1784375,201.0705833333333,False,False
Aktau,22,2025-06-09,24,1.1992777777777779,201.0433263888889,False,False
Aktau,22,2025-06-10,24,1.142249999999993,201.04435416666664,False,False
Aktau,22,2025-06-11,24,1.1405,201.04535416666667,False,False
Aktau,22,2025-06-12,24,1.141152777777778,201.04149305555555,False,False
Aktau,22,2025-06-13,24,1.1075277777777777,201.0140347222222,False,False
Aktau,22,2025-06-14,24,1.1019097222222223,201.00736805555553,False,False
Aktau,22,2025-06-15,22,1.1138560606060561,201.01768939393935,False,False
Aktau,22,2025-06-16,24,1.1095555555555556,201.0135625,False,False
Aktau,22,2025-06-17,24,1.1158819444444446,201.01922222222223,False,False
Aktau,22,2025-06-18,24,1.1192083333333334,201.02223611111108,False,False
Aktau,22,2025-06-19,24,1.120951388888889,201.02439583333333,False,False
Aktau,22,2025-06-20,24,1.1241180555555557,201.0277152777778,False,False
Aktau,22,2025-06-21,24,1.1235000000000002,201.02604861111112,False,False
Aktau,22,2025-06-22,24,1.12175,201.02565277777776,False,False
Aktau,22,2025-06-23,24,1.1213055555555556,201.02661805555556,False,False
Aktau,22,2025-06-24,24,1.1259305555555557,201.03034027777778,False,False
Aktau,22,2025-06-25,24,1.1247222222222222,201.0303888888889,False,False
Aktau,22,2025-06-26,24,1.1265347222222222,201.03202777777778,False,False
Aktau,22,2025-06-27,24,1.1110833333333334,201.01262499999999,False,False
Aktau,22,2025-06-28,24,1.1089444444444445,201.00955555555558,False,False
Aktau,22,2025-06-29,24,1.1118958333333333,201.01295833333333,False,False
Aktau,22,2025-06-30,24,1.1125138888888888,201.01481944444444,False,False
Aktau,22,2025-07-01,24,1.1107916666666668,201.01245138888888,False,False
Aktau,22,2025-07-02,24,1.1085625,201.00914583333335,False,False
Aktau,22,2025-07-03,24,1.107777777777778,201.00906944444444,False,False
Aktau,22,2025-07-04,24,1.105923611111111,201.00618055555552,False,False
Aktau,22,2025-07-05,24,1.107611111111111,201.00721527777776,False,False
Aktau,22,2025-07-06,24,1.1070277777777777,201.00641666666664,False,False
Aktau,22,2025-07-07,24,1.1072430555555557,201.00640277777777,False,False
Aktau,22,2025-07-08,24,1.1074791666666668,201.00800694444445,False,False
Aktau,22,2025-07-09,24,1.1096527777777778,201.0101111111111,False,False
Aktau,22,2025-07-10,24,1.1102569444444443,201.01109027777775,False,False
Aktau,22,2025-07-11,24,1.1139861111111111,201.01453472222224,False,False
Aktau,22,2025-07-12,24,1.1151805555555556,201.0164166666667,False,False
Aktau,22,2025-07-13,24,1.1177916666666667,201.0175486111111,False,False
Aktau,22,2025-07-14,24,1.1171458333333335,201.01710416666666,False,False
Aktau,22,2025-07-15,24,1.118326388888889,201.0174097222222,False,False
Aktau,22,2025-07-16,24,1.1395902777777778,201.04079166666665,False,False
Aktau,22,2025-07-17,24,1.1338333333333332,201.03650000000002,False,False
Aktau,22,2025-07-18,24,1.1162916666666667,201.01709027777778,False,False
Aktau,22,2025-07-19,24,1.1168541666666667,201.01932638888889,False,False
Aktau,22,2025-07-20,24,1.116638888888889,201.01777777777775,False,False
Aktau,22,2025-07-21,24,1.1175,201.02038888888887,False,False
Aktau,22,2025-07-22,24,1.1199930555555555,201.0222013888889,False,False
Aktau,22,2025-07-23,24,1.1177986111111111,201.0186527777778,False,False
Aktau,22,2025-07-24,24,1.1151736111111112,201.0142083333333,False,False
Aktau,22,2025-07-25,24,1.1132569444444445,201.01252083333335,False,False
Aktau,22,2025-07-26,24,1.1139444444444444,201.01190277777778,False,False
Aktau,22,2025-07-27,24,1.1105416666666668,201.00777777777776,False,False
Aktau,22,2025-07-28,24,1.1094861111111112,201.00777083333332,False,False
Aktau,22,2025-07-29,24,1.1115486111111113,201.01038194444445,False,False
Aktau,22,2025-07-30,24,1.1085833333333335,201.00668055555556,False,False
Aktau,22,2025-07-31,24,1.105236111111111,201.00157638888888,False,False
Aktau,22,2025-08-01,24,1.1057291666666667,201.00165277777776,False,False
Aktau,22,2025-08-02,24,1.1070555555555555,201.0042638888889,False,False
Aktau,22,2025-08-03,24,1.1062569444444446,201.0029861111111,False,False
Aktau,22,2025-08-04,24,1.103375,200.99985416666667,False,False
Aktau,22,2025-08-05,24,1.1068472222222223,201.00351388888888,False,False
Aktau,22,2025-08-06,24,1.108104166666667,201.00570833333333,False,False
Aktau,22,2025-08-07,24,1.1064166666666668,201.00316666666666,False,False
Aktau,22,2025-08-08,24,1.1057430555555554,201.00225,False,False
Aktau,22,2025-08-09,24,1.1047569444444445,201.000625,False,False
Aktau,22,2025-08-10,24,1.103402777777778,200.9993472222222,False,False
Aktau,22,2025-08-11,24,1.1031250000000001,200.9990486111111,False,False
Aktau,22,2025-08-12,24,1.1051875,201.00136805555556,False,False
Aktau,22,2025-08-13,24,1.1030555555555555,200.99922222222222,False,False
Aktau,22,2025-08-14,24,1.1034444444444444,200.99842361111112,False,False
Aktau,22,2025-08-15,24,1.1018125,200.99800694444443,False,False
Aktau,22,2025-08-16,24,1.102138888888889,200.99824999999998,False,False
Aktau,22,2025-08-17,24,1.1008958333333334,200.99693749999997,False,False
Aktau,22,2025-08-18,24,1.0994861111111112,200.99729861111112,False,False
Aktau,22,2025-08-19,24,1.1000833333333333,200.99515277777778,False,False
Aktau,22,2025-08-20,24,1.100076388888889,200.99519444444445,False,False
Aktau,22,2025-08-23,24,1.1135416666666667,201.00854166666667,False,False
Aktau,22,2025-08-24,24,1.1137847222222221,201.00875,False,False
Aktau,22,2025-08-25,24,1.114256944444443,201.00856944444445,False,False
Aktau,22,2025-08-26,24,1.1147708333333333,201.00931944444446,False,False
Aktau,22,2025-08-27,24,1.1128194444444446,201.00714583333334,False,False
Aktau,22,2025-08-28,24,1.1128958333333334,201.006,False,False
Aktau,22,2025-08-29,24,1.1145347222222222,201.0087638888889,False,False
Aktau,22,2025-08-30,24,1.1149652777777777,201.0081875,False,False
Aktau,22,2025-08-31,24,1.1165902777777779,201.01081250000001,False,False
Aktau,22,2025-09-01,24,1.117736111111111,201.01159722222224,False,False
Aktau,22,2025-09-02,24,1.1207291666666557,201.01502777777776,False,False
Aktau,22,2025-09-03,24,1.1225138888888833,201.01567361111108,False,False
Aktau,22,2025-09-04,24,1.1258263888888889,201.0187083333333,False,False
Aktau,22,2025-09-05,24,1.1241111111111113,201.0172361111111,False,False
Aktau,22,2025-09-06,24,1.1239861111111111,201.0174097222222,False,False
Aktau,22,2025-09-07,24,1.122298611111111,201.01640277777778,False,False
Aktau,22,2025-09-08,24,1.1221041666666667,201.01595833333332,False,False
Aktau,22,2025-09-09,24,1.1191875,201.01272916666665,False,False
Aktau,22,2025-09-10,24,1.1188125,201.01393055555556,False,False
Aktau,22,2025-09-11,24,1.1189791666666666,201.01460416666666,False,False
Aktau,22,2025-09-12,24,1.1214444444444445,201.01584027777778,False,False
Aktau,22,2025-09-13,24,1.1186527777777777,201.01436111111113,False,False
Aktau,22,2025-09-14,24,1.114138888888889,201.0110138888889,False,False
Aktau,22,2025-09-15,24,1.1161111111111113,201.01047916666667,False,False
Aktau,22,2025-09-16,24,1.1169027777777778,201.01245138888888,False,False
Aktau,22,2025-09-17,24,1.117625,201.01352777777777,False,False
Aktau,22,2025-09-18,24,1.1201388888888888,201.0156111111111,False,False
Aktau,22,2025-09-19,24,1.1220277777777776,201.0163472222222,False,False
Aktau,22,2025-09-20,24,1.1247152777777778,201.02036805555554,False,False
Aktau,22,2025-09-21,24,1.1272152777777777,201.0238402777778,False,False
Aktau,22,2025-09-22,24,1.1260416666666666,201.02089583333336,False,False
Aktau,22,2025-09-23,24,1.1254375,201.01992361111112,False,False
Aktau,22,2025-09-24,24,1.1231597222222223,201.01886111111108,False,False
Aktau,22,2025-09-25,23,1.1241666666666636,201.01886231884058,False,False
Aktau,22,2025-10-01,24,1.1314305555555555,201.02713888888889,False,False
Aktau,22,2025-10-09,24,1.1522430555555554,201.04815277777777,False,False
Aktau,22,2025-10-10,24,1.1531666666666667,201.04872916666667,False,False
Aktau,22,2025-10-11,24,1.1522916666666667,201.04734027777775,False,False
Aktau,22,2025-10-12,24,1.1513125,201.04629166666666,False,False
Aktau,22,2025-10-13,24,1.1513055555555556,201.0467638888889,False,False
Aktau,22,2025-10-14,24,1.1495972222222222,201.04363888888886,False,False
Aktau,22,2025-10-15,24,1.1477569444444444,201.04315277777778,False,False
Aktau,22,2025-10-16,24,1.1461875000000001,201.04222222222222,False,False
Aktau,22,2025-10-17,24,1.1445902777777779,201.04068055555555,False,False
Aktau,22,2025-10-18,24,1.1454305555555555,201.04088888888887,False,False
Aktau,22,2025-10-19,24,1.1448333333333334,201.04125,False,False
Aktau,22,2025-10-20,24,1.1456458333333333,201.04115972222223,False,False
Aktau,22,2025-10-21,24,1.1467847222222223,201.0426597222222,False,False
Aktau,22,2025-10-22,24,1.1461319444444444,201.04169444444446,False,False
Aktau,22,2025-10-23,24,1.1455625,201.04281944444446,False,False
Aktau,22,2025-10-24,24,1.1452638888888889,201.0418611111111,False,False
Aktau,22,2025-10-25,24,1.146951388888889,201.04264583333335,False,False
Aktau,22,2025-10-26,24,1.1470624999999999,201.04236805555556,False,False
Aktau,22,2025-10-27,24,1.1463611111111112,201.04218749999998,False,False
Aktau,22,2025-10-28,24,1.1446875,201.0404583333333,False,False
Aktau,22,2025-10-29,24,1.1436111111111111,201.03949305555557,False,False
Aktau,22,2025-10-30,24,1.1415208333333333,201.03736805555556,False,False
Aktau,22,2025-10-31,24,1.1403333333333332,201.03697916666667,False,False
Aktau,22,2025-11-01,24,1.1395763888888888,201.03699305555554,False,False
Aktau,22,2025-11-02,24,1.138923611111111,201.0383125,False,False
Aktau,22,2025-11-03,24,1.1394305555555555,201.0383125,False,False
Aktau,22,2025-11-04,24,1.1449444444444443,201.04466666666667,False,False
Aktau,22,2025-11-05,24,1.147326388888889,201.0474861111111,False,False
Aktau,22,2025-11-06,24,1.1485694444444443,201.04943055555555,False,False
Aktau,22,2025-11-07,24,1.1505555555555556,201.04964583333333,False,False
Aktau,22,2025-11-08,24,1.150388888888889,201.0499861111111,False,False
Aktau,22,2025-11-09,24,1.1722708333333334,201.06686111111114,False,False
Aktau,22,2025-11-10,24,1.198173611111111,201.08995833333333,False,False
Aktau,22,2025-11-11,24,1.196590277777778,201.08740277777778,False,False
Aktau,22,2025-11-12,24,1.1955,201.08697222222222,False,False
Aktau,22,2025-11-13,24,1.194,201.08474305555555,False,False
Aktau,22,2025-11-14,24,1.1896736111111113,201.0850833333333,False,False
Aktau,22,2025-11-15,24,1.1888402777777778,201.0837986111111,False,False
Aktau,22,2025-11-16,24,1.1891597222222223,201.08397916666664,False,False
Aktau,22,2025-11-17,24,1.1881875,201.08322916666665,False,False
Aktau,22,2025-11-18,24,1.1917847222222222,201.0872986111111,False,False
Aktau,22,2025-11-19,24,1.1892708333333335,201.0839722222222,False,False
Aktau,22,2025-11-20,24,1.185951388888882,201.0802152777778,False,False
Aktau,22,2025-11-21,24,1.1832708333333333,201.0781388888889,False,False
Aktau,22,2025-11-22,24,1.187472222222222,201.08213194444443,False,False
Aktau,22,2025-11-23,24,1.1872708333333333,201.08157638888886,False,False
Aktau,22,2025-11-24,24,1.1879305555555555,201.08239583333332,False,False
Aktau,22,2025-11-25,24,1.1897916666666666,201.08366666666666,False,False
Aktau,22,2025-11-26,24,1.1913541666666667,201.08579861111113,False,False
Aktau,22,2025-11-27,24,1.1921527777777776,201.0858888888889,False,False
Aktau,22,2025-11-28,24,1.1989583333333333,201.0937013888889,False,False
Aktau,22,2025-11-29,24,1.1989791666666667,201.09377083333334,False,False
Aktau,22,2025-11-30,24,1.1994236111111112,201.09375,False,False
Aktau,22,2025-12-01,24,1.1992708333333333,201.0941527777778,False,False
Aktau,22,2025-12-02,24,1.1978958333333305,201.09220833333333,False,False
Aktau,22,2025-12-06,24,1.2135277777777778,201.10800000000003,False,False
Aktau,22,2025-12-07,24,1.2130555555555556,201.10743055555557,False,False
Aktau,22,2025-12-08,24,1.2096180555555527,201.10511805555555,False,False
Aktau,22,2025-12-09,24,1.2135069444444444,201.10708333333332,False,False
Aktau,22,2025-12-10,24,1.2189375000000002,201.11176388888887,False,False
Aktau,22,2025-12-11,24,1.2164444444444444,201.11018055555556,False,False
Aktau,22,2025-12-12,24,1.2205208333333333,201.11320138888888,False,False
Aktau,22,2025-12-13,24,1.2150277777777778,201.10762499999998,False,False
Aktau,22,2025-12-14,24,1.2211944444444445,201.11497916666667,False,False
Aktau,22,2025-12-15,24,1.2174375,201.1103888888889,False,False
Aktau,22,2025-12-16,24,1.2195902777777778,201.1116111111111,False,False
Aktau,22,2025-12-17,24,1.2228958333333335,201.11584722222221,False,False
Aktau,22,2025-12-18,24,1.2188819444444445,201.11122916666667,False,False
Aktau,22,2025-12-19,24,1.214923611111111,201.10609027777778,False,False
Aktau,22,2025-12-20,24,1.2174375,201.10936805555556,False,False
Aktau,22,2025-12-21,24,1.2193125,201.11225694444443,False,False
Aktau,22,2025-12-22,22,1.2253333333333258,201.1172651515151,False,False
Aktobe,31,2022-01-01,24,1.9624374999999834,2.104736111111092,False,False
Aktobe,31,2022-01-02,24,1.9526805555555458,2.089479166666654,False,False
Aktobe,31,2022-01-03,24,2.0190138888888627,2.1507708333333166,False,False
Aktobe,31,2022-01-04,23,1.7207971014492436,1.8548768115941956,False,False
Aktobe,31,2022-01-12,24,1.8962361111110875,2.0322083333333207,False,False
Aktobe,31,2022-01-13,24,2.0864583333333253,2.2515347222222126,False,False
Aktobe,31,2022-01-14,24,1.8393333333333042,1.9990833333333164,False,False
Aktobe,31,2022-01-15,24,1.828131944444425,1.9627291666666542,False,False
Aktobe,31,2022-01-16,24,1.849465277777754,1.9828055555555375,False,False
Aktobe,31,2022-01-17,24,2.1385972222221956,2.278708333333317,False,False
Aktobe,31,2022-01-18,24,1.7095624999999834,1.839763888888875,False,False
Aktobe,31,2022-01-19,24,1.9238402777777626,2.068611111111083,False,False
Aktobe,31,2022-01-20,18,1.7443611111110835,1.8898796296296112,False,False
Aktobe,31,2022-01-21,24,1.7525138888888707,1.9121874999999917,False,False
Aktobe,31,2022-01-22,24,1.9630347222222084,2.1360347222222127,False,False
Aktobe,31,2022-01-23,24,1.8899583333333083,2.076895833333321,False,False
Aktobe,31,2022-01-24,23,1.8992536231883914,2.072144927536222,False,False
Aktobe,31,2022-01-25,24,2.1325624999999833,2.3252708333333083,False,False
Aktobe,31,2022-01-26,24,1.9984166666666583,2.1604791666666503,False,False
Aktobe,31,2022-01-27,24,2.280124999999975,2.426381944444429,False,False
Aktobe,31,2022-01-28,24,1.9452083333333083,2.094159722222204,False,False
Aktobe,31,2022-01-29,24,1.9347013888888833,2.087256944444421,False,False
Aktobe,31,2022-01-30,24,2.138847222222204,2.2864861111111,False,False
Aktobe,31,2022-01-31,24,1.8826666666666416,2.0204583333333086,False,False
Aktobe,31,2022-02-01,24,1.97543055555555,2.1201111111111,False,False
Aktobe,31,2022-02-02,24,2.0963402777777627,2.2501944444444293,False,False
Aktobe,31,2022-02-03,24,2.022430555555546,2.1777986111111,False,False
Aktobe,31,2022-02-04,24,1.8762222222221958,2.061881944444417,False,False
Aktobe,31,2022-02-05,24,1.9705277777777708,2.1380277777777583,False,False
Aktobe,31,2022-02-06,24,2.264444444444417,2.4671527777777458,False,False
Aktobe,31,2022-02-07,24,2.0120555555555333,2.1505694444444248,False,False
Aktobe,31,2022-02-08,24,1.921138888888871,2.060854166666654,False,False
Aktobe,31,2022-02-09,24,1.9937291666666541,2.1360486111111,False,False
Aktobe,31,2022-02-10,24,1.807381944444425,1.9529791666666583,False,False
Aktobe,31,2022-02-11,24,1.9200069444444292,2.065076388888875,False,False
Aktobe,31,2022-02-12,24,1.8488541666666498,1.9818263888888585,False,False
Aktobe,31,2022-02-13,24,2.011201388888879,2.170374999999975,False,False
Aktobe,31,2022-02-14,24,1.8878333333333208,2.036638888888867,False,False
Aktobe,31,2022-02-15,24,1.8923819444444332,2.0402777777777668,False,False
Aktobe,31,2022-02-17,24,1.9894166666666457,2.1252708333333126,False,False
Aktobe,31,2022-02-18,24,1.871055555555529,2.0070694444444293,False,False
Aktobe,31,2022-02-19,24,1.838694444444429,2.0464374999999753,False,False
Aktobe,31,2022-02-21,24,1.9712777777777666,2.1099583333333123,False,False
Aktobe,31,2022-02-22,24,1.9614861111110917,2.1144930555555415,False,False
Aktobe,31,2022-02-23,24,2.0221249999999915,2.163041666666654,False,False
Aktobe,31,2022-02-24,24,2.005923611111104,2.1458402777777583,False,False
Aktobe,31,2022-02-25,24,2.0288888888888668,2.1715555555555417,False,False
Aktobe,31,2022-02-26,24,1.8331597222222167,1.970069444444433,False,False
Aktobe,31,2022-02-27,24,1.872270833333329,2.0133611111110876,False,False
Aktobe,31,2022-02-28,24,2.1713819444444336,2.3651388888888794,False,False
Aktobe,31,2022-03-02,24,2.7616249999999916,2.9728680555555376,False,False
Aktobe,31,2022-03-03,24,2.702958333333329,2.884374999999983,False,False
Aktobe,31,2022-03-04,24,2.0285416666666416,2.1957569444444247,False,False
Aktobe,31,2022-03-05,24,1.6765208333333208,1.8191388888888793,False,False
Aktobe,31,2022-03-06,24,1.8695208333333084,2.009312499999979,False,False
Aktobe,31,2022-03-07,24,1.9262777777777542,2.0791597222222085,False,False
Aktobe,31,2022-03-08,24,1.9264444444444333,2.1461736111110916,False,False
Aktobe,31,2022-03-09,23,1.7620652173912912,1.9430579710144913,False,False
Aktobe,31,2022-03-10,24,1.8481944444444374,2.0596666666666414,False,False
Aktobe,31,2022-03-11,24,1.8946736111110833,2.065638888888875,False,False
Aktobe,31,2022-03-12,24,1.7790902777777668,1.9565486111110957,False,False
Aktobe,31,2022-03-13,24,1.7952152777777624,1.9760277777777626,False,False
Aktobe,31,2022-03-14,24,1.9393749999999832,2.1847916666666456,False,False
Aktobe,31,2022-03-15,24,2.0320972222222,2.2139097222222044,False,False
Aktobe,31,2022-03-16,24,1.8059583333333167,1.9570833333333209,False,False
Aktobe,31,2022-03-17,24,1.8559999999999874,2.0453124999999917,False,False
Aktobe,31,2022-03-18,24,2.0605208333333045,2.3194722222222,False,False
Aktobe,31,2022-03-19,24,2.2075347222222126,2.40718055555555,False,False
Aktobe,31,2022-03-20,24,2.32597916666665,2.6116180555555544,False,False
Aktobe,31,2022-03-21,24,1.97196527777775,2.1249930555555374,False,False
Aktobe,31,2022-03-22,24,1.9367638888888792,2.1071041666666583,False,False
Aktobe,31,2022-03-23,24,1.7532361111110915,1.9051041666666542,False,False
Aktobe,31,2022-03-24,24,1.6981666666666417,1.8387083333333083,False,False
Aktobe,31,2022-03-25,24,2.188729166666658,2.3480902777777586,False,False
Aktobe,31,2022-03-26,24,2.2890347222222,2.471951388888875,False,False
Aktobe,31,2022-03-27,24,1.9412777777777583,2.099923611111104,False,False
Aktobe,31,2022-03-28,24,1.705180555555546,1.856520833333321,False,False
Aktobe,31,2022-03-30,24,2.836388888888879,3.986416666666658,False,False
Aktobe,31,2022-03-31,24,1.7851111111110958,2.0439374999999833,False,False
Aktobe,31,2022-04-01,24,1.885395833333325,2.2007222222221956,False,False
Aktobe,31,2022-04-02,24,1.9882222222222043,2.3438333333333166,False,False
Aktobe,31,2022-04-03,24,2.1491666666666416,2.598444444444425,False,False
Aktobe,31,2022-04-04,24,2.7853333333333086,3.701298611111087,False,False
Aktobe,31,2022-04-05,24,1.8572638888888668,2.1684861111110876,False,False
Aktobe,31,2022-04-06,24,2.0896111111111,2.5209930555555418,False,False
Aktobe,31,2022-04-07,23,1.9632681159420131,2.377760869565204,False,False
Aktobe,31,2022-04-08,24,2.263722222222208,2.786812499999979,False,False
Aktobe,31,2022-04-09,24,1.827736111111096,2.1198541666666415,False,False
Aktobe,31,2022-04-10,24,1.7202499999999834,1.8661388888888792,False,False
Aktobe,31,2022-04-11,24,2.06666666666665,2.3089027777777624,False,False
Aktobe,31,2022-04-12,24,2.0597499999999793,2.4075763888888706,False,False
Aktobe,31,2022-04-13,24,2.0324930555555376,2.4367569444444293,False,False
Aktobe,31,2022-04-14,24,1.9335347222222083,2.3408541666666545,False,False
Aktobe,31,2022-04-15,24,2.008062499999975,2.2636249999999873,False,False
Aktobe,31,2022-04-16,24,1.8877986111110916,2.1410555555555293,False,False
Aktobe,31,2022-04-17,24,2.2723402777777664,2.581562499999983,False,False
Aktobe,31,2022-04-18,24,3.073520833333325,3.6290486111110876,False,False
Aktobe,31,2022-04-19,24,3.7234305555555416,4.567631944444433,False,False
Aktobe,31,2022-04-20,23,2.7183840579710044,3.1873840579710047,False,False
Aktobe,31,2022-04-21,24,1.491256944444425,1.6247708333333206,False,False
Aktobe,31,2022-04-22,24,1.4887499999999834,1.6219652777777627,False,False
Aktobe,31,2022-04-23,24,1.4861041666666583,1.6187083333333165,False,False
Aktobe,31,2022-04-24,23,1.485717391304326,1.6196666666666522,False,False
Aktobe,31,2022-04-25,20,1.485783333333315,1.6201833333333202,False,False
Aktobe,31,2022-04-26,23,1.4856811594202826,1.6184855072463606,False,False
Aktobe,31,2022-04-27,24,1.4879097222222126,1.6209583333333208,False,False
Aktobe,31,2022-04-28,24,1.4895833333333,1.623048611111104,False,False
Aktobe,31,2022-04-30,24,1.4862638888888748,1.6180208333333166,False,False
Aktobe,31,2022-05-01,24,1.4840694444444293,1.6160208333333042,False,False
Aktobe,31,2022-05-02,24,1.4835069444444209,1.6171111111110916,False,False
Aktobe,31,2022-05-03,24,1.4795347222222042,1.6142361111110999,False,False
Aktobe,31,2022-05-04,24,1.4832847222222127,1.617291666666646,False,False
Aktobe,31,2022-05-05,24,1.4863958333333207,1.6189305555555336,False,False
Aktobe,31,2022-05-06,23,1.4966449275362175,1.6336231884057828,False,False
Aktobe,31,2022-05-07,24,1.4850624999999875,1.6173055555555294,False,False
Aktobe,31,2022-05-08,24,1.4834652777777542,1.6171874999999793,False,False
Aktobe,31,2022-05-09,24,1.4872083333333208,1.6210763888888666,False,False
Aktobe,31,2022-05-10,24,1.4895347222222126,1.6238958333333169,False,False
Aktobe,31,2022-05-11,24,1.4822847222222169,1.6170416666666416,False,False
Aktobe,31,2022-05-12,24,1.4814652777777544,1.6159791666666417,False,False
Aktobe,31,2022-05-13,24,1.4842569444444293,1.6177013888888707,False,False
Aktobe,31,2022-05-14,24,1.4827152777777626,1.6169722222221958,False,False
Aktobe,31,2022-05-15,24,1.4768958333333249,1.6123402777777667,False,False
Aktobe,31,2022-05-16,24,1.4760624999999792,1.6107083333333165,False,False
Aktobe,31,2022-05-17,24,1.4493680555555375,1.5855694444444293,False,False
Aktobe,31,2022-05-18,24,1.4430277777777623,1.5785555555555417,False,False
Aktobe,31,2022-05-19,24,1.443277777777771,1.576458333333325,False,False
Aktobe,31,2022-05-20,24,1.4416527777777584,1.574784722222204,False,False
Aktobe,31,2022-05-21,24,1.4421180555555375,1.5758819444444374,False,False
Aktobe,31,2022-05-22,24,1.442347222222221,1.575069444444425,False,False
Aktobe,31,2022-05-23,24,1.4414861111111,1.574395833333325,False,False
Aktobe,31,2022-05-24,24,1.4396666666666542,1.5738680555555415,False,False
Aktobe,31,2022-05-25,24,1.438124999999979,1.5731527777777625,False,False
Aktobe,31,2022-05-26,24,1.4363263888888624,1.570659722222204,False,False
Aktobe,31,2022-05-27,24,1.43760416666665,1.5702916666666458,False,False
Aktobe,31,2022-05-28,24,1.4370972222222083,1.5704722222222,False,False
Aktobe,31,2022-05-30,24,1.4330416666666626,1.5673333333333044,False,False
Aktobe,31,2022-05-31,23,1.4314202898550565,1.565007246376787,False,False
Aktobe,31,2022-06-01,24,1.4291111111110835,1.5633819444444248,False,False
Aktobe,31,2022-06-02,24,1.427333333333321,1.5619930555555375,False,False
Aktobe,31,2022-06-03,24,1.422631944444425,1.5552708333333165,False,False
Aktobe,31,2022-06-04,24,1.4023472222222042,1.5375486111110959,False,False
Aktobe,31,2022-06-05,24,1.4056111111110958,1.5409236111111042,False,False
Aktobe,31,2022-06-06,24,1.4025555555555416,1.5374791666666374,False,False
Aktobe,31,2022-06-07,24,1.410520833333325,1.54597916666665,False,False
Aktobe,31,2022-06-08,19,1.4441754385964685,1.576798245614021,False,False
Aktobe,31,2022-06-13,23,1.4458188405796912,1.579195652173887,False,False
Aktobe,31,2022-06-14,24,1.4437013888888834,1.5781597222222123,False,False
Aktobe,31,2022-06-15,24,1.443597222222204,1.5782638888888751,False,False
Aktobe,31,2022-06-16,24,1.4451597222222083,1.5787847222222124,False,False
Aktobe,31,2022-06-17,22,1.4475227272727045,1.5818712121211953,False,False
Aktobe,31,2022-06-18,24,1.4478263888888792,1.5805694444444207,False,False
Aktobe,31,2022-06-19,24,1.4479166666666456,1.5790416666666418,False,False
Aktobe,31,2022-06-20,24,1.44385416666665,1.5768194444444292,False,False
Aktobe,31,2022-06-21,24,1.446479166666654,1.5784513888888834,False,False
Aktobe,31,2022-06-22,21,1.4439206349206237,1.5762857142856999,False,False
Aktobe,31,2022-06-23,20,1.4315999999999751,1.56462499999998,False,False
Aktobe,31,2022-06-24,24,1.4185486111110956,1.5485486111111,False,False
Aktobe,31,2022-06-25,24,1.404381944444425,1.5390069444444292,False,False
Aktobe,31,2022-06-26,24,1.4477152777777667,1.5787222222222124,False,False
Aktobe,31,2022-06-27,24,1.452923611111096,1.5831111111110998,False,False
Aktobe,31,2022-06-28,24,1.4445277777777623,1.575451388888875,False,False
Aktobe,31,2022-06-30,24,1.4449652777777624,1.5716527777777667,False,False
Aktobe,31,2022-07-01,24,1.4457361111111042,1.5761666666666498,False,False
Aktobe,31,2022-07-02,24,1.453680555555529,1.5841249999999876,False,False
Aktobe,31,2022-07-03,24,1.4549027777777626,1.5873472222222043,False,False
Aktobe,31,2022-07-04,21,1.4590079365079238,1.5913968253968047,False,False
Aktobe,31,2022-07-05,23,1.4587318840579566,1.590999999999991,False,False
Aktobe,31,2022-07-06,24,1.4541874999999875,1.5864236111110959,False,False
Aktobe,31,2022-07-07,24,1.4533680555555417,1.585256944444425,False,False
Aktobe,31,2022-07-08,21,1.450404761904762,1.5837857142857097,False,False
Aktobe,31,2022-07-09,24,1.4510138888888793,1.5816736111111,False,False
Aktobe,31,2022-07-10,24,1.4511180555555458,1.5839861111110916,False,False
Aktobe,31,2022-07-11,24,1.447243055555546,1.5809305555555502,False,False
Aktobe,31,2022-07-12,24,1.4450763888888665,1.5779861111111,False,False
Aktobe,31,2022-07-13,24,1.4433402777777582,1.5772291666666376,False,False
Aktobe,31,2022-07-14,24,1.4426944444444374,1.5765416666666583,False,False
Aktobe,31,2022-07-15,24,1.4409722222222043,1.5749305555555457,False,False
Aktobe,31,2022-07-16,24,1.4397569444444291,1.5739236111111,False,False
Aktobe,31,2022-07-17,24,1.4406527777777585,1.57422916666665,False,False
Aktobe,31,2022-07-18,24,1.4417152777777626,1.5740763888888791,False,False
Aktobe,31,2022-07-19,24,1.442291666666654,1.5740277777777625,False,False
Aktobe,31,2022-07-20,24,1.4391249999999915,1.5720069444444291,False,False
Aktobe,31,2022-07-21,24,1.4328611111110916,1.5637569444444166,False,False
Aktobe,31,2022-07-22,23,1.4220507246376564,1.5560507246376651,False,False
Aktobe,31,2022-07-23,24,1.4160277777777666,1.5506874999999873,False,False
Aktobe,31,2022-07-24,23,1.4178623188405566,1.5535942028985346,False,False
Aktobe,31,2022-07-25,24,1.4154236111110834,1.5519652777777584,False,False
Aktobe,31,2022-07-26,24,1.4347499999999915,1.5683611111110958,False,False
Aktobe,31,2022-07-27,24,1.4365069444444292,1.5684097222222124,False,False
Aktobe,31,2022-07-28,24,1.4339444444444334,1.5657083333333166,False,False
Aktobe,31,2022-07-30,24,1.4319513888888584,1.5679722222222081,False,False
Aktobe,31,2022-07-31,24,1.4321874999999835,1.5671111111110834,False,False
Aktobe,31,2022-08-01,24,1.4327361111110875,1.5688333333333209,False,False
Aktobe,31,2022-08-02,24,1.4224444444444206,1.5556597222222,False,False
Aktobe,31,2022-08-03,24,1.422749999999979,1.555576388888875,False,False
Aktobe,31,2022-08-04,24,1.419145833333321,1.5569027777777666,False,False
Aktobe,31,2022-08-05,24,1.43065277777775,1.5618680555555418,False,False
Aktobe,31,2022-08-06,24,1.440076388888879,1.5723749999999832,False,False
Aktobe,31,2022-08-07,24,1.4362569444444124,1.5656249999999792,False,False
Aktobe,31,2022-08-08,24,1.4295069444444206,1.55991666666665,False,False
Aktobe,31,2022-08-09,24,1.4293749999999876,1.5600486111110874,False,False
Aktobe,31,2022-08-10,24,1.4307638888888665,1.5617569444444375,False,False
Aktobe,31,2022-08-11,24,1.4286388888888668,1.5603541666666583,False,False
Aktobe,31,2022-08-12,24,1.4284652777777627,1.5593749999999915,False,False
Aktobe,31,2022-08-13,24,1.4295138888888583,1.5604791666666415,False,False
Aktobe,31,2022-08-14,24,1.431437499999979,1.5628055555555418,False,False
Aktobe,31,2022-08-15,23,1.4244492753623132,1.5660217391304259,False,False
Aktobe,31,2022-08-16,24,1.2332430555555458,1.3590277777777666,False,False
Aktobe,31,2022-08-17,24,1.2365486111110917,1.3618680555555376,False,False
Aktobe,31,2022-08-18,24,1.2391597222222,1.3636180555555375,False,False
Aktobe,31,2022-08-19,24,1.2433194444444375,1.3667083333333208,False,False
Aktobe,31,2022-08-20,24,1.2511874999999792,1.3761527777777667,False,False
Aktobe,31,2022-08-21,24,1.24360416666665,1.3682430555555418,False,False
Aktobe,31,2022-08-22,24,1.24971527777775,1.3759236111111,False,False
Aktobe,31,2022-08-23,24,1.2534236111111041,1.3858749999999749,False,False
Aktobe,31,2022-08-24,24,1.2501458333333082,1.383874999999979,False,False
Aktobe,31,2022-08-25,23,1.2503623188405653,1.383623188405787,False,False
Aktobe,31,2022-08-26,24,1.2499305555555376,1.381840277777754,False,False
Aktobe,31,2022-08-27,24,1.2479583333333166,1.380034722222204,False,False
Aktobe,31,2022-08-28,24,1.2470486111111,1.3794999999999875,False,False
Aktobe,31,2022-08-30,24,1.2467083333333,1.3792916666666457,False,False
Aktobe,31,2022-08-31,24,1.2487499999999834,1.3810555555555293,False,False
Aktobe,31,2022-09-01,24,1.2473194444444209,1.3806805555555333,False,False
Aktobe,31,2022-09-02,24,1.2491041666666376,1.3825277777777625,False,False
Aktobe,31,2022-09-03,24,1.2461736111110917,1.3790347222222084,False,False
Aktobe,31,2022-09-04,24,1.2546249999999792,1.386888888888875,False,False
Aktobe,31,2022-09-05,24,1.2560277777777749,1.3864236111111083,False,False
Aktobe,31,2022-09-06,24,1.2640416666666583,1.39991666666665,False,False
Aktobe,31,2022-09-07,24,1.269513888888875,1.4037847222222082,False,False
Aktobe,31,2022-09-08,24,1.2675416666666501,1.402333333333325,False,False
Aktobe,31,2022-09-09,24,1.2712777777777584,1.4047083333333168,False,False
Aktobe,31,2022-09-10,24,1.2738611111110958,1.408770833333329,False,False
Aktobe,31,2022-09-11,24,1.2753680555555333,1.4103611111110956,False,False
Aktobe,31,2022-09-12,24,1.2825416666666583,1.4176736111110915,False,False
Aktobe,31,2022-09-13,24,1.4126805555555375,1.5481249999999835,False,False
Aktobe,31,2022-09-14,24,1.3943333333333208,1.5237708333333166,False,False
Aktobe,31,2022-09-15,24,1.3991458333333167,1.5279236111110874,False,False
Aktobe,31,2022-09-16,24,1.3972291666666499,1.5272847222222126,False,False
Aktobe,31,2022-09-17,24,1.3965277777777627,1.5264722222222085,False,False
Aktobe,31,2022-09-18,24,1.3917361111110875,1.5217013888888793,False,False
Aktobe,31,2022-09-19,23,1.3929130434782608,1.5213043478260737,False,False
Aktobe,31,2022-09-20,24,1.3764583333333167,1.5110902777777502,False,False
Aktobe,31,2022-09-21,24,1.3590347222222,1.4991458333333252,False,False
Aktobe,31,2022-09-22,24,1.3609236111110876,1.5007430555555377,False,False
Aktobe,31,2022-09-23,22,1.3598409090908954,1.5012121212121046,False,False
Aktobe,31,2022-09-24,24,1.360423611111104,1.5011527777777625,False,False
Aktobe,31,2022-09-25,24,1.3594999999999793,1.5016249999999836,False,False
Aktobe,31,2022-09-26,24,1.3719305555555292,1.5138124999999834,False,False
Aktobe,31,2022-09-27,24,1.3699930555555249,1.5122986111110956,False,False
Aktobe,31,2022-09-28,24,1.3786249999999873,1.5191111111111042,False,False
Aktobe,31,2022-09-30,24,1.3822222222221876,1.52335416666665,False,False
Aktobe,31,2022-10-01,24,1.3801874999999708,1.5218541666666499,False,False
Aktobe,31,2022-10-02,24,1.378576388888871,1.5194305555555332,False,False
Aktobe,31,2022-10-03,24,1.3857083333333167,1.5277916666666542,False,False
Aktobe,31,2022-10-04,24,1.3927222222222,1.5325416666666583,False,False
Aktobe,31,2022-10-05,24,1.3905972222221958,1.5302777777777623,False,False
Aktobe,31,2022-10-06,24,1.3928749999999877,1.5322708333333166,False,False
Aktobe,31,2022-10-07,24,1.5035555555555418,1.6355833333333207,False,False
Aktobe,31,2022-10-08,23,1.4932028985507002,1.6251231884057826,False,False
Aktobe,31,2022-10-09,24,1.4919027777777583,1.6234861111111083,False,False
Aktobe,31,2022-10-10,24,1.490347222222204,1.6240763888888752,False,False
Aktobe,31,2022-10-11,24,1.4919374999999793,1.6248611111110918,False,False
Aktobe,31,2022-10-12,24,1.4904583333333168,1.6231874999999834,False,False
Aktobe,31,2022-10-13,24,1.492263888888871,1.6239097222222083,False,False
Aktobe,31,2022-10-14,24,1.4925069444444208,1.62505555555555,False,False
Aktobe,31,2022-10-16,24,1.4954861111111002,1.6279374999999874,False,False
Aktobe,31,2022-10-17,23,1.495217391304335,1.6278985507246175,False,False
Aktobe,31,2022-10-18,19,1.4990263157894474,1.6327368421052368,False,False
Aktobe,31,2022-10-19,24,1.4937430555555418,1.6260486111110959,False,False
Aktobe,31,2022-10-20,24,1.4897361111110958,1.6228194444444375,False,False
Aktobe,31,2022-10-21,23,1.490297101449261,1.6228188405797,False,False
Aktobe,31,2022-10-22,24,1.490756944444425,1.6252152777777418,False,False
Aktobe,31,2022-10-23,24,1.5114722222222083,1.6448055555555416,False,False
Aktobe,31,2022-10-24,24,1.5026597222222042,1.6371111111110874,False,False
Aktobe,31,2022-10-25,23,1.4991521739130262,1.6333695652173652,False,False
Aktobe,31,2022-10-26,24,1.500749999999975,1.6358124999999875,False,False
Aktobe,31,2022-10-27,24,1.5037777777777668,1.637520833333325,False,False
Aktobe,31,2022-10-28,23,1.5059855072463435,1.6413333333333173,False,False
Aktobe,31,2022-10-29,24,1.5087847222222042,1.6437569444444209,False,False
Aktobe,31,2022-10-30,24,1.5096388888888832,1.6444513888888708,False,False
Aktobe,31,2022-11-01,24,1.500395833333321,1.6366388888888708,False,False
Aktobe,31,2022-11-02,24,1.5168402777777625,1.6517013888888707,False,False
Aktobe,31,2022-11-03,24,1.5132499999999958,1.6471041666666542,False,False
Aktobe,31,2022-11-04,24,1.512499999999979,1.6466597222221917,False,False
Aktobe,31,2022-11-05,24,1.512201388888875,1.6473888888888792,False,False
Aktobe,31,2022-11-06,19,1.5136578947368264,1.6476315789473632,False,False
Aktobe,31,2022-11-07,24,1.51391666666665,1.6482013888888707,False,False
Aktobe,31,2022-11-08,24,1.5269236111110915,1.657604166666646,False,False
Aktobe,31,2022-11-09,23,1.5345724637680955,1.6643695652173696,False,False
Aktobe,31,2022-11-10,24,1.5334652777777624,1.6619444444444251,False,False
Aktobe,31,2022-11-11,24,1.5329027777777624,1.6613472222222125,False,False
Aktobe,31,2022-11-12,24,1.5324236111110832,1.6598680555555332,False,False
Aktobe,31,2022-11-13,24,1.5332638888888583,1.6617499999999792,False,False
Aktobe,31,2022-11-14,24,1.5329722222221875,1.6612291666666499,False,False
Aktobe,31,2022-11-15,24,1.538659722222204,1.668506944444421,False,False
Aktobe,31,2022-11-16,24,1.543694444444425,1.6729097222222042,False,False
Aktobe,31,2022-11-17,24,1.540624999999996,1.6676736111110915,False,False
Aktobe,31,2022-11-18,22,1.5388484848484725,1.6663636363636272,False,False
Aktobe,31,2022-11-19,24,1.538354166666654,1.6672638888888625,False,False
Aktobe,31,2022-11-20,24,1.5402291666666417,1.6676805555555374,False,False
Aktobe,31,2022-11-21,24,1.5408611111110917,1.670590277777771,False,False
Aktobe,31,2022-11-22,24,1.5365902777777667,1.6657708333333165,False,False
Aktobe,31,2022-11-23,24,1.5374652777777582,1.6661319444444331,False,False
Aktobe,31,2022-11-24,24,1.5359930555555374,1.6652361111110876,False,False
Aktobe,31,2022-11-25,24,1.5385763888888793,1.6662916666666414,False,False
Aktobe,31,2022-11-26,24,1.5358124999999792,1.6649236111110877,False,False
Aktobe,31,2022-11-27,23,1.5198768115941914,1.6495797101449174,False,False
Aktobe,31,2022-11-28,24,1.5338333333333207,1.6636458333333166,False,False
Aktobe,31,2022-11-29,24,1.53160416666665,1.6607638888888874,False,False
Aktobe,31,2022-11-30,23,1.4958695652173741,1.6279057971014392,False,False
Aktobe,31,2022-12-02,24,1.5462152777777665,1.6754791666666373,False,False
Aktobe,31,2022-12-03,24,1.5393680555555294,1.6702222222222083,False,False
Aktobe,31,2022-12-04,24,1.5465208333333207,1.676458333333321,False,False
Aktobe,31,2022-12-05,23,1.5488478260869392,1.6791449275362131,False,False
Aktobe,31,2022-12-06,24,1.549263888888875,1.6786597222222082,False,False
Aktobe,31,2022-12-07,24,1.5407291666666458,1.6703819444444334,False,False
Aktobe,31,2022-12-08,24,1.5364652777777625,1.6661041666666458,False,False
Aktobe,31,2022-12-09,24,1.5467569444444333,1.67640277777775,False,False
Aktobe,31,2022-12-10,24,1.551673611111104,1.6810486111110834,False,False
Aktobe,31,2022-12-11,24,1.5526666666666458,1.682124999999979,False,False
Aktobe,31,2022-12-12,24,1.5425694444444125,1.6719027777777458,False,False
Aktobe,31,2022-12-13,24,1.552083333333304,1.681409722222196,False,False
Aktobe,31,2022-12-14,24,1.5535208333332917,1.6825833333333124,False,False
Aktobe,31,2022-12-15,24,1.5561249999999625,1.6851805555555375,False,False
Aktobe,31,2022-12-16,24,1.5565208333333,1.685222222222179,False,False
Aktobe,31,2022-12-17,24,1.5509999999999584,1.6783124999999581,False,False
Aktobe,31,2022-12-18,24,1.5458124999999623,1.6750833333333002,False,False
Aktobe,31,2022-12-19,24,1.5492361111110748,1.676506944444408,False,False
Aktobe,31,2022-12-20,20,1.547841666666635,1.6759083333333098,False,False
Aktobe,31,2022-12-21,24,1.5550347222221876,1.6837638888888542,False,False
Aktobe,31,2022-12-22,24,1.5469166666666292,1.6768124999999792,False,False
Aktobe,31,2022-12-23,24,1.5461041666666375,1.6765763888888585,False,False
Aktobe,31,2022-12-24,24,1.5497569444444126,1.6790972222221916,False,False
Aktobe,31,2022-12-25,24,1.5542083333332959,1.6820972222221873,False,False
Aktobe,31,2022-12-26,24,1.5517430555555292,1.6793819444444165,False,False
Aktobe,31,2022-12-27,22,1.5540151515151273,1.6814621212120864,False,False
Aktobe,31,2022-12-30,24,1.5441597222221874,1.6713333333332916,False,False
Aktobe,31,2023-01-01,21,1.5421190476190094,1.6705952380952094,False,False
Aktobe,31,2023-01-02,24,1.5420833333333042,1.6706319444444082,False,False
Aktobe,31,2023-01-03,24,1.543437499999971,1.6719444444444125,False,False
Aktobe,31,2023-01-04,24,1.541777777777746,1.6701597222221916,False,False
Aktobe,31,2023-01-05,24,1.5416666666666414,1.669187499999971,False,False
Aktobe,31,2023-01-06,24,1.5408611111110833,1.6687291666666375,False,False
Aktobe,31,2023-01-07,24,1.5398958333333084,1.6671041666666373,False,False
Aktobe,31,2023-01-08,24,1.4882152777777418,1.6179930555555249,False,False
Aktobe,31,2023-01-09,24,1.3877430555555292,1.5200555555555209,False,False
Aktobe,31,2023-01-10,24,1.3521874999999708,1.4859444444444208,False,False
Aktobe,31,2023-01-11,24,1.301743055555521,1.4382152777777417,False,False
Aktobe,31,2023-01-12,24,1.3252708333333167,1.4602430555555335,False,False
Aktobe,31,2023-01-13,24,1.4586319444444127,1.5873055555555293,False,False
Aktobe,31,2023-01-14,24,1.48463888888885,1.616951388888871,False,False
Aktobe,31,2023-01-15,24,1.4714374999999584,1.6034444444444125,False,False
Aktobe,31,2023-01-16,24,1.457638888888854,1.588083333333296,False,False
Aktobe,31,2023-01-17,23,1.5083043478260607,1.6367753623188042,False,False
Aktobe,31,2023-01-18,24,1.5888124999999542,1.7333263888888581,False,False
Aktobe,31,2023-01-19,24,1.5767013888888417,1.7082083333332998,False,False
Aktobe,31,2023-01-21,24,1.5412708333333083,1.670361111111075,False,False
Aktobe,31,2023-01-22,24,1.5334583333332958,1.662486111111071,False,False
Aktobe,31,2023-01-23,24,1.5155208333333083,1.6476041666666292,False,False
Aktobe,31,2023-01-24,24,1.5267638888888584,1.6594722222221832,False,False
Aktobe,31,2023-01-25,24,1.5222847222221916,1.6553680555555168,False,False
Aktobe,31,2023-01-26,24,1.5190416666666333,1.6528263888888626,False,False
Aktobe,31,2023-01-27,24,1.4986944444444041,1.633993055555529,False,False
Aktobe,31,2023-01-28,24,1.510749999999975,1.6447638888888625,False,False
Aktobe,31,2023-01-29,24,1.5020694444444,1.6378124999999626,False,False
Aktobe,31,2023-01-30,24,1.5076041666666293,1.6421944444444165,False,False
Aktobe,31,2023-01-31,20,1.5170749999999749,1.64999166666663,False,False
Aktobe,31,2023-02-01,24,1.5508124999999708,1.67934027777775,False,False
Aktobe,31,2023-02-02,24,1.5463611111110833,1.6759652777777416,False,False
Aktobe,31,2023-02-03,24,1.5389236111110751,1.6692291666666332,False,False
Aktobe,31,2023-02-04,24,1.5340694444444167,1.6649861111111,False,False
Aktobe,31,2023-02-05,24,1.5210972222222081,1.6515486111110873,False,False
Aktobe,31,2023-02-06,24,1.5158888888888666,1.6462152777777457,False,False
Aktobe,31,2023-02-07,24,1.5040138888888457,1.6355208333333084,False,False
Aktobe,31,2023-02-08,24,1.4997361111110665,1.631624999999971,False,False
Aktobe,31,2023-02-09,24,1.5135972222221916,1.6445069444444043,False,False
Aktobe,31,2023-02-10,24,1.5123888888888626,1.6428749999999666,False,False
Aktobe,31,2023-02-11,24,1.5358749999999708,1.6645902777777541,False,False
Aktobe,31,2023-02-12,24,1.5446041666666417,1.6726111111110666,False,False
Aktobe,31,2023-02-13,24,1.5209999999999626,1.652048611111079,False,False
Aktobe,31,2023-02-14,24,1.532631944444404,1.6624513888888541,False,False
Aktobe,31,2023-02-15,24,1.5412569444444124,1.6716249999999666,False,False
Aktobe,31,2023-02-16,24,1.5520138888888582,1.6793611111110793,False,False
Aktobe,31,2023-02-17,24,1.5560277777777332,1.6829930555555166,False,False
Aktobe,31,2023-02-18,24,1.5513333333333044,1.6784999999999624,False,False
Aktobe,31,2023-02-19,24,1.5556736111110834,1.6832361111110707,False,False
Aktobe,31,2023-02-20,22,1.4814848484848318,1.6120454545454181,False,False
Aktobe,31,2023-02-21,24,1.5999027777777457,1.7251319444444124,False,False
Aktobe,31,2023-02-22,24,1.5499236111110875,1.6773055555555334,False,False
Aktobe,31,2023-02-23,24,1.5497083333333042,1.676576388888854,False,False
Aktobe,31,2023-02-24,24,1.5184722222222,1.6484097222221916,False,False
Aktobe,31,2023-02-25,24,1.5135833333333168,1.6426180555555208,False,False
Aktobe,31,2023-02-26,24,1.5423194444444166,1.6703680555555291,False,False
Aktobe,31,2023-02-27,24,1.5463055555555165,1.6737291666666207,False,False
Aktobe,31,2023-02-28,24,1.5451458333333041,1.6719722222221918,False,False
Aktobe,31,2023-03-01,24,1.5437361111110626,1.6706736111110834,False,False
Aktobe,31,2023-03-02,24,1.5455208333333041,1.67190277777775,False,False
Aktobe,31,2023-03-03,24,1.5431041666666456,1.669451388888854,False,False
Aktobe,31,2023-03-04,24,1.5462430555555207,1.6715416666666292,False,False
Aktobe,31,2023-03-05,24,1.5423402777777497,1.6690833333333,False,False
Aktobe,31,2023-03-06,24,1.5393611111110876,1.6667569444444126,False,False
Aktobe,31,2023-03-07,24,1.5377847222221916,1.6655694444444291,False,False
Aktobe,31,2023-03-08,24,1.5451597222221958,1.6711041666666375,False,False
Aktobe,31,2023-03-09,24,1.5377083333332957,1.6645624999999793,False,False
Aktobe,31,2023-03-10,24,1.5460763888888664,1.6765208333333126,False,False
Aktobe,31,2023-03-11,24,1.53121527777775,1.658430555555529,False,False
Aktobe,31,2023-03-12,24,1.531111111111075,1.660618055555525,False,False
Aktobe,31,2023-03-13,24,1.5295277777777416,1.6568194444444082,False,False
Aktobe,31,2023-03-14,24,1.5264930555555332,1.655277777777754,False,False
Aktobe,31,2023-03-15,24,1.5314583333332958,1.6584166666666331,False,False
Aktobe,31,2023-03-16,24,1.5278749999999708,1.6554999999999664,False,False
Aktobe,31,2023-03-17,24,1.52484027777775,1.6537083333333167,False,False
Aktobe,31,2023-03-18,24,1.5255694444444083,1.6535763888888626,False,False
Aktobe,31,2023-03-19,24,1.526868055555525,1.6543333333333041,False,False
Aktobe,31,2023-03-20,24,1.5314930555555248,1.657986111111075,False,False
Aktobe,31,2023-03-21,24,1.5271805555555291,1.6565486111110916,False,False
Aktobe,31,2023-03-22,24,1.5262708333333084,1.6545416666666417,False,False
Aktobe,31,2023-03-23,24,1.5217361111110916,1.650187499999979,False,False
Aktobe,31,2023-03-24,24,1.5186111111110792,1.6483124999999623,False,False
Aktobe,31,2023-03-25,24,1.5184374999999832,1.6475069444444166,False,False
Aktobe,31,2023-03-26,24,1.5178611111110873,1.6472916666666375,False,False
Aktobe,31,2023-03-27,24,1.5156180555555252,1.6439583333333043,False,False
Aktobe,31,2023-03-28,24,1.515229166666625,1.644868055555529,False,False
Aktobe,31,2023-03-29,24,1.5098333333333,1.637833333333304,False,False
Aktobe,31,2023-03-30,23,1.5155942028985263,1.6424057971014263,False,False
Aktobe,31,2023-03-31,24,1.513263888888854,1.6416944444444208,False,False
Aktobe,31,2023-04-01,24,1.5085208333333042,1.6364583333332916,False,False
Aktobe,31,2023-04-02,24,1.5067430555555335,1.6350069444444166,False,False
Aktobe,31,2023-04-03,24,1.5079444444444252,1.6370763888888584,False,False
Aktobe,31,2023-04-04,24,1.5087986111110794,1.6375694444444167,False,False
Aktobe,31,2023-04-05,24,1.510743055555525,1.6399652777777458,False,False
Aktobe,31,2023-04-06,24,1.5100138888888541,1.6386597222221917,False,False
Aktobe,31,2023-04-07,24,1.509465277777746,1.6392083333332998,False,False
Aktobe,31,2023-04-08,24,1.514888888888871,1.6423194444444125,False,False
Aktobe,31,2023-04-09,24,1.5129791666666332,1.6419861111110832,False,False
Aktobe,31,2023-04-10,24,1.5104999999999709,1.6388541666666374,False,False
Aktobe,31,2023-04-11,24,1.5084722222221958,1.6352013888888541,False,False
Aktobe,31,2023-04-12,24,1.501312499999979,1.628736111111075,False,False
Aktobe,31,2023-04-13,24,1.4996041666666333,1.6272083333332958,False,False
Aktobe,31,2023-04-14,24,1.4985138888888667,1.625770833333304,False,False
Aktobe,31,2023-04-15,24,1.5045069444444168,1.632333333333304,False,False
Aktobe,31,2023-04-16,24,1.5001319444444166,1.6314930555555291,False,False
Aktobe,31,2023-04-17,24,1.4974791666666416,1.6259652777777458,False,False
Aktobe,31,2023-04-18,24,1.4939097222222,1.6237291666666376,False,False
Aktobe,31,2023-04-19,24,1.491944444444404,1.6212499999999583,False,False
Aktobe,31,2023-04-20,24,1.490618055555525,1.6193055555555376,False,False
Aktobe,31,2023-04-21,24,1.4890486111110832,1.6187569444444165,False,False
Aktobe,31,2023-04-22,24,1.4886388888888584,1.6174999999999624,False,False
Aktobe,31,2023-04-23,24,1.4869999999999541,1.6154444444444167,False,False
Aktobe,31,2023-04-24,24,1.4871666666666459,1.6162916666666458,False,False
Aktobe,31,2023-04-25,24,1.4836388888888583,1.6138402777777374,False,False
Aktobe,31,2023-04-26,24,1.4822361111110751,1.6120208333333041,False,False
Aktobe,31,2023-04-27,24,1.4825555555555334,1.6117708333333,False,False
Aktobe,31,2023-04-28,24,1.4792430555555376,1.6095833333333083,False,False
Aktobe,31,2023-04-29,24,1.4765208333333,1.6062083333332957,False,False
Aktobe,31,2023-04-30,24,1.4733472222221875,1.603743055555529,False,False
Aktobe,31,2023-05-03,24,1.4739791666666333,1.6015416666666251,False,False
Aktobe,31,2023-05-04,24,1.4758124999999709,1.6047499999999666,False,False
Aktobe,31,2023-05-05,24,1.477062499999971,1.6066666666666416,False,False
Aktobe,31,2023-05-06,24,1.4783819444444042,1.605312499999975,False,False
Aktobe,31,2023-05-07,24,1.4786666666666248,1.6061736111110874,False,False
Aktobe,31,2023-05-08,24,1.4791527777777418,1.6074236111110791,False,False
Aktobe,31,2023-05-09,24,1.4812638888888585,1.6092222222221917,False,False
Aktobe,31,2023-05-10,24,1.4767291666666418,1.6067430555555209,False,False
Aktobe,31,2023-05-11,24,1.4716736111110749,1.6008888888888457,False,False
Aktobe,31,2023-05-12,24,1.4719999999999667,1.6006388888888499,False,False
Aktobe,31,2023-05-13,24,1.470423611111075,1.6001874999999623,False,False
Aktobe,31,2023-05-14,24,1.4709444444444209,1.5993819444444208,False,False
Aktobe,31,2023-05-15,24,1.4681805555555252,1.5970833333333125,False,False
Aktobe,31,2023-05-16,24,1.4652361111110708,1.5957777777777584,False,False
Aktobe,31,2023-05-17,24,1.4667638888888668,1.596222222222196,False,False
Aktobe,31,2023-05-18,24,1.4674722222221834,1.5969861111110708,False,False
Aktobe,31,2023-05-19,24,1.4668749999999708,1.596430555555525,False,False
Aktobe,31,2023-05-20,24,1.4628263888888624,1.5943819444444083,False,False
Aktobe,31,2023-05-21,24,1.461874999999975,1.5935555555555252,False,False
Aktobe,31,2023-05-22,24,1.4592986111110875,1.588861111111079,False,False
Aktobe,31,2023-05-23,24,1.4577361111110791,1.5878888888888625,False,False
Aktobe,31,2023-05-24,24,1.4577569444444167,1.585048611111075,False,False
Aktobe,31,2023-05-25,24,1.45559027777775,1.5860416666666375,False,False
Aktobe,31,2023-05-26,18,1.4546388888888722,1.5857499999999833,False,False
Aktobe,31,2023-05-27,24,1.4552013888888584,1.5862638888888625,False,False
Aktobe,31,2023-05-28,24,1.4553541666666332,1.5856597222221918,False,False
Aktobe,31,2023-05-29,24,1.4537638888888582,1.583812499999971,False,False
Aktobe,31,2023-05-30,24,1.4519513888888582,1.5817152777777501,False,False
Aktobe,31,2023-05-31,24,1.4537777777777416,1.5823541666666374,False,False
Aktobe,31,2023-06-01,24,1.4515208333333127,1.5813680555555207,False,False
Aktobe,31,2023-06-02,24,1.4513611111110751,1.5814097222222,False,False
Aktobe,31,2023-06-03,24,1.449451388888871,1.5804166666666377,False,False
Aktobe,31,2023-06-04,24,1.4499166666666417,1.5809305555555333,False,False
Aktobe,31,2023-06-05,24,1.4632430555555291,1.5904652777777415,False,False
Aktobe,31,2023-06-06,24,1.4629444444444124,1.5900694444444126,False,False
Aktobe,31,2023-06-07,24,1.4646874999999833,1.5898888888888585,False,False
Aktobe,31,2023-06-08,24,1.4643958333333085,1.5922986111110875,False,False
Aktobe,31,2023-06-09,24,1.4634652777777417,1.5913472222221834,False,False
Aktobe,31,2023-06-10,24,1.4694166666666335,1.6000277777777623,False,False
Aktobe,31,2023-06-11,24,1.4679652777777374,1.5984374999999584,False,False
Aktobe,31,2023-06-12,24,1.4694791666666334,1.5999722222221917,False,False
Aktobe,31,2023-06-13,24,1.4741597222221958,1.60126388888885,False,False
Aktobe,31,2023-06-14,24,1.474111111111071,1.6013819444444124,False,False
Aktobe,31,2023-06-15,24,1.4744374999999874,1.6012152777777582,False,False
Aktobe,31,2023-06-16,24,1.4730902777777501,1.60284027777775,False,False
Aktobe,31,2023-06-17,24,1.4549513888888377,1.5841736111110791,False,False
Aktobe,31,2023-06-18,24,1.4981388888888667,1.6267361111110876,False,False
Aktobe,31,2023-06-19,24,1.4396319444444083,1.578652777777746,False,False
Aktobe,31,2023-06-20,24,1.4548611111110876,1.5907777777777374,False,False
Aktobe,31,2023-06-21,24,1.4502291666666458,1.5850069444444082,False,False
Aktobe,31,2023-06-22,24,1.4515902777777459,1.5855624999999665,False,False
Aktobe,31,2023-06-23,24,1.4516736111110833,1.5851527777777459,False,False
Aktobe,31,2023-06-24,24,1.4495069444444084,1.5827499999999584,False,False
Aktobe,31,2023-06-25,24,1.4484930555555209,1.582673611111075,False,False
Aktobe,31,2023-06-26,24,1.448777777777746,1.5830624999999667,False,False
Aktobe,31,2023-06-27,24,1.4458611111110835,1.5802361111110708,False,False
Aktobe,31,2023-06-28,24,1.4434583333333124,1.5775416666666418,False,False
Aktobe,31,2023-06-29,24,1.4403402777777419,1.5741249999999585,False,False
Aktobe,31,2023-06-30,24,1.437909722222175,1.5726388888888625,False,False
Aktobe,31,2023-07-01,24,1.4357708333333081,1.5716527777777418,False,False
Aktobe,31,2023-07-02,24,1.4366527777777376,1.5713055555555206,False,False
Aktobe,31,2023-07-03,24,1.4388958333333042,1.5725763888888709,False,False
Aktobe,31,2023-07-04,21,1.431714285714257,1.5651428571428143,False,False
Aktobe,31,2023-07-05,24,1.429493055555521,1.5633055555555249,False,False
Aktobe,31,2023-07-06,24,1.4258472222221874,1.5588541666666291,False,False
Aktobe,31,2023-07-07,24,1.424243055555525,1.5568194444444166,False,False
Aktobe,31,2023-07-08,24,1.4233124999999707,1.5562013888888584,False,False
Aktobe,31,2023-07-09,24,1.4202291666666376,1.5530347222221916,False,False
Aktobe,31,2023-07-10,24,1.4200347222221834,1.553548611111075,False,False
Aktobe,31,2023-07-11,24,1.4196388888888498,1.5543541666666334,False,False
Aktobe,31,2023-07-12,24,1.4226874999999624,1.5572569444444166,False,False
Aktobe,31,2023-07-13,24,1.4250416666666414,1.5596041666666416,False,False
Aktobe,31,2023-07-14,24,1.427187499999971,1.5615902777777417,False,False
Aktobe,31,2023-07-15,24,1.4247847222221874,1.55977777777775,False,False
Aktobe,31,2023-07-16,24,1.4253124999999625,1.5606597222221916,False,False
Aktobe,31,2023-07-17,24,1.4255555555555084,1.5598333333333125,False,False
Aktobe,31,2023-07-18,24,1.4263958333332916,1.5599097222221916,False,False
Aktobe,31,2023-07-19,24,1.425798611111075,1.5588333333333084,False,False
Aktobe,31,2023-07-20,24,1.4216180555555251,1.5551736111110877,False,False
Aktobe,31,2023-07-21,24,1.4176388888888667,1.5516666666666457,False,False
Aktobe,31,2023-07-22,24,1.4177291666666416,1.549194444444425,False,False
Aktobe,31,2023-07-23,24,1.4174722222221916,1.5490347222221958,False,False
Aktobe,31,2023-07-24,24,1.4234166666666332,1.553986111111075,False,False
Aktobe,31,2023-07-25,24,1.4473472222221877,1.5736041666666332,False,False
Aktobe,31,2023-07-26,24,1.4482361111110709,1.5760277777777627,False,False
Aktobe,31,2023-07-27,24,1.4469166666666418,1.5745624999999708,False,False
Aktobe,31,2023-07-28,24,1.4464652777777418,1.5723194444444248,False,False
Aktobe,31,2023-07-29,24,1.4472013888888666,1.5736736111110874,False,False
Aktobe,31,2023-07-30,24,1.4438263888888623,1.5695416666666417,False,False
Aktobe,31,2023-08-01,24,1.444888888888854,1.5717499999999582,False,False
Aktobe,31,2023-08-02,24,1.4449583333333125,1.5724166666666335,False,False
Aktobe,31,2023-08-03,24,1.446527777777754,1.5724791666666418,False,False
Aktobe,31,2023-08-04,24,1.4458819444444042,1.5728680555555208,False,False
Aktobe,31,2023-08-05,24,1.4464999999999708,1.5733402777777374,False,False
Aktobe,31,2023-08-06,24,1.4462916666666248,1.572374999999975,False,False
Aktobe,31,2023-08-07,24,1.4461736111110752,1.573618055555525,False,False
Aktobe,31,2023-08-08,24,1.4456874999999625,1.5738124999999707,False,False
Aktobe,31,2023-08-09,24,1.447152777777746,1.573729166666629,False,False
Aktobe,31,2023-08-10,24,1.4469027777777541,1.5733819444444126,False,False
Aktobe,31,2023-08-11,24,1.4475347222222001,1.5730694444444042,False,False
Aktobe,31,2023-08-12,24,1.4466527777777418,1.5732222222222,False,False
Aktobe,31,2023-08-13,24,1.447374999999975,1.5744097222222002,False,False
Aktobe,31,2023-08-14,24,1.4482777777777374,1.5760694444444123,False,False
Aktobe,31,2023-08-15,24,1.4529305555555123,1.5794999999999624,False,False
Aktobe,31,2023-08-16,24,1.4526111111110875,1.58071527777775,False,False
Aktobe,31,2023-08-17,24,1.4540972222222,1.5817222222221916,False,False
Aktobe,31,2023-08-18,24,1.454965277777746,1.5807638888888667,False,False
Aktobe,31,2023-08-19,24,1.4556736111110624,1.58202777777775,False,False
Aktobe,31,2023-08-20,24,1.459743055555525,1.5836805555555251,False,False
Aktobe,31,2023-08-21,24,1.4552847222221958,1.5812499999999707,False,False
Aktobe,31,2023-08-22,24,1.4546874999999542,1.5807708333333126,False,False
Aktobe,31,2023-08-23,24,1.456305555555529,1.5828958333332956,False,False
Aktobe,31,2023-08-24,24,1.4561666666666373,1.5829097222221833,False,False
Aktobe,31,2023-08-25,24,1.4547916666666374,1.5815972222221915,False,False
Aktobe,31,2023-08-26,24,1.458111111111075,1.5846041666666417,False,False
Aktobe,31,2023-08-27,24,1.4607291666666293,1.586465277777746,False,False
Aktobe,31,2023-08-28,24,1.4654652777777584,1.5904652777777457,False,False
Aktobe,31,2023-08-29,24,1.469416666666646,1.5947569444444083,False,False
Aktobe,31,2023-08-30,24,1.4682708333333165,1.5948124999999667,False,False
Aktobe,31,2023-08-31,24,1.466624999999971,1.5928888888888542,False,False
Aktobe,31,2023-09-01,24,1.4670624999999708,1.5937222222221834,False,False
Aktobe,31,2023-09-02,24,1.467506944444425,1.593548611111075,False,False
Aktobe,31,2023-09-03,24,1.4667916666666416,1.5948958333332917,False,False
Aktobe,31,2023-09-04,24,1.4661041666666457,1.5946527777777624,False,False
Aktobe,31,2023-09-05,24,1.46690277777775,1.5940972222221959,False,False
Aktobe,31,2023-09-06,24,1.4652916666666334,1.5930555555555292,False,False
Aktobe,31,2023-09-07,24,1.4664583333332957,1.5943888888888624,False,False
Aktobe,31,2023-09-08,24,1.4685624999999665,1.5964791666666331,False,False
Aktobe,31,2023-09-09,24,1.4706249999999708,1.5977361111110833,False,False
Aktobe,31,2023-09-10,24,1.4711458333333,1.5977777777777502,False,False
Aktobe,31,2023-09-11,24,1.471972222222196,1.598437499999975,False,False
Aktobe,31,2023-09-12,24,1.471972222222196,1.5985486111110792,False,False
Aktobe,31,2023-09-13,24,1.4602499999999792,1.5853611111110792,False,False
Aktobe,31,2023-09-14,24,1.4568541666666333,1.58422916666665,False,False
Aktobe,31,2023-09-15,24,1.4549027777777541,1.5819166666666415,False,False
Aktobe,31,2023-09-16,24,1.455527777777746,1.582826388888871,False,False
Aktobe,31,2023-09-17,24,1.4553194444444166,1.5839930555555208,False,False
Aktobe,31,2023-09-18,24,1.4560555555555166,1.584111111111075,False,False
Aktobe,31,2023-09-19,24,1.4539027777777334,1.5817847222221875,False,False
Aktobe,31,2023-09-20,24,1.4524791666666375,1.58002777777775,False,False
Aktobe,31,2023-09-21,24,1.4516180555555291,1.5801180555555332,False,False
Aktobe,31,2023-09-22,24,1.4508472222221958,1.5797916666666207,False,False
Aktobe,31,2023-09-23,24,1.4501527777777585,1.5792708333333125,False,False
Aktobe,31,2023-09-24,24,1.4492152777777585,1.5784236111110748,False,False
Aktobe,31,2023-09-25,24,1.4488611111110874,1.5781666666666458,False,False
Aktobe,31,2023-09-26,24,1.448659722222179,1.5768055555555167,False,False
Aktobe,31,2023-09-27,24,1.4500277777777584,1.576763888888854,False,False
Aktobe,31,2023-09-28,24,1.4497291666666456,1.578472222222204,False,False
Aktobe,31,2023-09-29,24,1.452236111111075,1.5810347222221914,False,False
Aktobe,31,2023-09-30,24,1.4529444444444124,1.5803611111110918,False,False
Aktobe,31,2023-10-01,24,1.4543819444444166,1.5821597222221957,False,False
Aktobe,31,2023-10-02,21,1.4540952380952095,1.5824523809523476,False,False
Aktobe,31,2023-10-03,24,1.4573194444444126,1.5860833333332958,False,False
Aktobe,31,2023-10-04,24,1.4578194444444126,1.5867708333333,False,False
Aktobe,31,2023-10-05,24,1.4577986111110874,1.5875347222222083,False,False
Aktobe,31,2023-10-06,24,1.4611180555555123,1.588583333333296,False,False
Aktobe,31,2023-10-07,24,1.7499652777777417,1.9115416666666334,False,False
Aktobe,31,2023-10-08,24,1.464770833333296,2.4601736111110877,False,False
Aktobe,31,2023-10-09,24,1.4647083333333042,1.5942708333333082,False,False
Aktobe,31,2023-10-10,24,1.4676874999999583,1.5951597222222,False,False
Aktobe,31,2023-10-11,24,1.4677916666666417,1.5956319444444125,False,False
Aktobe,31,2023-10-12,24,1.4700555555555248,1.598569444444421,False,False
Aktobe,31,2023-10-13,24,1.4710069444444207,1.5983055555555374,False,False
Aktobe,31,2023-10-14,24,1.4711249999999707,1.5977638888888583,False,False
Aktobe,31,2023-10-15,24,1.4715555555555249,1.5999444444444169,False,False
Aktobe,31,2023-10-16,24,1.4689305555555252,1.5970763888888584,False,False
Aktobe,31,2023-10-17,24,1.4711666666666376,1.599951388888871,False,False
Aktobe,31,2023-10-18,24,1.4718958333333083,1.6004097222221791,False,False
Aktobe,31,2023-10-19,23,1.4784637681159218,1.6064782608695392,False,False
Aktobe,31,2023-10-20,24,1.4768472222221918,1.6039444444444209,False,False
Aktobe,31,2023-10-21,24,1.4773263888888584,1.6047708333333084,False,False
Aktobe,31,2023-10-22,24,1.4825208333332958,1.6086597222221874,False,False
Aktobe,31,2023-10-23,24,1.4841527777777541,1.6112916666666377,False,False
Aktobe,31,2023-10-24,21,1.4785793650793333,1.6070238095237808,False,False
Aktobe,31,2023-10-25,24,1.5114583333333043,1.6363611111110832,False,False
Aktobe,31,2023-10-26,24,1.4903541666666251,1.6172361111110751,False,False
Aktobe,31,2023-10-27,24,1.4847847222221875,1.6109513888888543,False,False
Aktobe,31,2023-10-28,24,1.516736111111083,1.6416388888888458,False,False
Aktobe,31,2023-10-29,24,1.4795277777777558,1.6093888888888752,False,False
Aktobe,31,2023-10-30,24,1.4848958333333335,1.612423611111111,False,False
Aktobe,31,2023-10-31,24,1.4829999999999999,1.6108958333333334,False,False
Aktobe,31,2023-11-01,24,1.4780902777777778,1.6056597222222224,False,False
Aktobe,31,2023-11-02,24,1.4774166666666666,1.6048680555555555,False,False
Aktobe,31,2023-11-03,24,1.47625,1.6058958333333333,False,False
Aktobe,31,2023-11-04,24,1.4783402777777779,1.6079027777777777,False,False
Aktobe,31,2023-11-05,24,1.4806944444444445,1.6073194444444445,False,False
Aktobe,31,2023-11-06,24,1.479749999999996,1.6078958333333278,False,False
Aktobe,31,2023-11-07,24,1.48025,1.6084097222222222,False,False
Aktobe,31,2023-11-08,24,1.4782916666666666,1.6083680555555555,False,False
Aktobe,31,2023-11-09,24,1.4765,1.6052638888888888,False,False
Aktobe,31,2023-11-10,24,1.4771875,1.6074305555555555,False,False
Aktobe,31,2023-11-11,24,1.4804166666666667,1.6087569444444443,False,False
Aktobe,31,2023-11-12,24,1.4802916666666668,1.6085694444444443,False,False
Aktobe,31,2023-11-13,24,1.480173611111111,1.6089027777777778,False,False
Aktobe,31,2023-11-14,24,1.4785694444444444,1.6079375,False,False
Aktobe,31,2023-11-15,24,1.4827916666666667,1.6097430555555556,False,False
Aktobe,31,2023-11-16,24,1.4836527777777777,1.6119861111111111,False,False
Aktobe,31,2023-11-17,24,1.4824305555555555,1.6117430555555556,False,False
Aktobe,31,2023-11-18,24,1.4885902777777777,1.6162222222222222,False,False
Aktobe,31,2023-11-19,24,1.4853888888888889,1.6130069444444446,False,False
Aktobe,31,2023-11-20,20,1.4859916666666617,1.6128416666666652,False,False
Aktobe,31,2023-11-21,24,1.4907847222222221,1.6184930555555557,False,False
Aktobe,31,2023-11-22,24,1.4926319444444445,1.6198819444444446,False,False
Aktobe,31,2023-11-23,24,1.4769930555555557,1.6065069444444442,False,False
Aktobe,31,2023-11-24,24,1.4457916666666666,1.5756319444444447,False,False
Aktobe,31,2023-11-25,24,1.4868263888888889,1.6157847222222221,False,False
Aktobe,31,2023-11-26,24,1.492201388888889,1.620798611111111,False,False
Aktobe,31,2023-11-27,24,1.4981805555555556,1.626111111111111,False,False
Aktobe,31,2023-11-28,24,1.4990138888888886,1.626673611111111,False,False
Aktobe,31,2023-11-29,24,1.504013888888889,1.6320138888888887,False,False
Aktobe,31,2023-11-30,24,1.5040069444444446,1.6328055555555556,False,False
Aktobe,31,2023-12-01,24,1.5037222222222224,1.6324166666666666,False,False
Aktobe,31,2023-12-02,24,1.5038472222222221,1.6327222222222222,False,False
Aktobe,31,2023-12-03,24,1.509625,1.6379374999999998,False,False
Aktobe,31,2023-12-04,20,1.506516666666655,1.6345999999999983,False,False
Aktobe,31,2023-12-05,24,1.4995347222222222,1.6305902777777777,False,False
Aktobe,31,2023-12-06,24,1.487951388888889,1.6181458333333334,False,False
Aktobe,31,2023-12-07,24,1.4668402777777778,1.5960625000000002,False,False
Aktobe,31,2023-12-08,24,1.380083333333329,1.5120624999999988,False,False
Aktobe,31,2023-12-12,24,1.2607291666666667,1.3986666666666665,False,False
Aktobe,31,2023-12-13,24,1.2952708333333334,1.430611111111111,False,False
Aktobe,31,2023-12-14,24,1.407298611111111,1.5381527777777777,False,False
Aktobe,31,2023-12-15,24,1.4303888888888834,1.5586111111111027,False,False
Aktobe,31,2023-12-16,24,1.480951388888889,1.6118541666666666,False,False
Aktobe,31,2023-12-17,24,1.5139444444444443,1.6419791666666665,False,False
Aktobe,31,2023-12-18,24,1.5127430555555554,1.6410347222222221,False,False
Aktobe,31,2023-12-19,24,1.5084930555555527,1.63763194444444,False,False
Aktobe,31,2023-12-20,24,1.5079930555555556,1.6361944444444445,False,False
Aktobe,31,2023-12-21,24,1.5048124999999999,1.6351250000000002,False,False
Aktobe,31,2023-12-22,24,1.5085694444444444,1.6368124999999998,False,False
Aktobe,31,2023-12-23,24,1.5154583333333334,1.642090277777778,False,False
Aktobe,31,2023-12-24,24,1.5134999999999945,1.6422361111111001,False,False
Aktobe,31,2023-12-25,24,1.5163125,1.6427291666666666,False,False
Aktobe,31,2023-12-26,24,1.5121319444444445,1.6372430555555555,False,False
Aktobe,31,2023-12-27,24,1.516076388888889,1.6417430555555554,False,False
Aktobe,31,2023-12-28,24,1.5142222222222221,1.6410833333333332,False,False
Aktobe,31,2023-12-29,24,1.4891666666666667,1.6169652777777779,False,False
Aktobe,31,2023-12-30,24,1.5032152777777776,1.631048611111111,False,False
Aktobe,31,2023-12-31,24,1.5124652777777776,1.6386319444444444,False,False
Aktobe,31,2024-01-01,24,1.5107708333333332,1.63875,False,False
Aktobe,31,2024-01-02,24,1.4850416666666666,1.6135208333333333,False,False
Aktobe,31,2024-01-03,24,1.4988680555555556,1.626951388888889,False,False
Aktobe,31,2024-01-04,24,1.5122708333333332,1.640472222222222,False,False
Aktobe,31,2024-01-05,23,1.5104347826086812,1.6394927536231811,False,False
Aktobe,31,2024-01-06,24,1.5082569444444445,1.6365277777777776,False,False
Aktobe,31,2024-01-07,24,1.5128055555555555,1.6392083333333334,False,False
Aktobe,31,2024-01-08,24,1.4326041666666667,1.5638472222222222,False,False
Aktobe,31,2024-01-09,24,1.3129166666666667,1.4487430555555554,False,False
Aktobe,31,2024-01-10,24,1.359763888888889,1.4937083333333332,False,False
Aktobe,31,2024-01-11,24,1.3225555555555555,1.4587569444444446,False,False
Aktobe,31,2024-01-12,24,1.3595416666666666,1.493798611111111,False,False
Aktobe,31,2024-01-13,24,1.467472222222222,1.5962916666666667,False,False
Aktobe,31,2024-01-14,24,1.3220486111111112,1.4593402777777778,False,False
Aktobe,31,2024-01-15,24,1.278145833333329,1.4162152777777708,False,False
Aktobe,31,2024-01-16,18,1.2906481481481409,1.4280925925925834,False,False
Aktobe,31,2024-01-17,24,1.329611111111111,1.4653749999999999,False,False
Aktobe,31,2024-01-18,24,1.455236111111111,1.5843749999999999,False,False
Aktobe,31,2024-01-19,24,1.4786875000000002,1.6076875,False,False
Aktobe,31,2024-01-20,24,1.4841736111111112,1.6133194444444445,False,False
Aktobe,31,2024-01-21,24,1.4752222222222222,1.6052916666666668,False,False
Aktobe,31,2024-01-22,24,1.4946527777777778,1.622097222222222,False,False
Aktobe,31,2024-01-23,24,1.4769027777777681,1.6057361111111028,False,False
Aktobe,31,2024-01-24,24,1.4404027777777777,1.5722430555555558,False,False
Aktobe,31,2024-01-25,24,1.411701388888889,1.5461180555555556,False,False
Aktobe,31,2024-01-26,24,1.4392222222222222,1.5709375,False,False
Aktobe,31,2024-01-27,24,1.4304791666666665,1.5622847222222223,False,False
Aktobe,31,2024-01-28,24,1.45925,1.5890694444444444,False,False
Aktobe,31,2024-01-29,24,1.4807222222222223,1.6088680555555557,False,False
Aktobe,31,2024-01-30,24,1.4462222222222223,1.5774166666666665,False,False
Aktobe,31,2024-01-31,24,1.4940277777777722,1.6225138888888864,False,False
Aktobe,31,2024-02-01,18,1.5086666666666628,1.638472222222222,False,False
Aktobe,31,2024-02-02,24,1.5101944444444444,1.6387083333333334,False,False
Aktobe,31,2024-02-03,24,1.5160138888888888,1.6445902777777777,False,False
Aktobe,31,2024-02-04,24,1.5195138888888888,1.6486666666666665,False,False
Aktobe,31,2024-02-05,24,1.5172638888888887,1.6456875,False,False
Aktobe,31,2024-02-06,24,1.5172430555555554,1.6443541666666668,False,False
Aktobe,31,2024-02-07,24,1.4953680555555557,1.6238541666666668,False,False
Aktobe,31,2024-02-10,24,1.488923611111111,1.616388888888889,False,False
Aktobe,31,2024-02-11,24,1.4381388888888889,1.5679930555555555,False,False
Aktobe,31,2024-02-12,24,1.3842222222222222,1.5176875,False,False
Aktobe,31,2024-02-13,24,1.4688055555555557,1.5967916666666666,False,False
Aktobe,31,2024-02-14,24,1.5114374999999998,1.6385833333333333,False,False
Aktobe,31,2024-02-15,19,1.4215263157894633,1.5538947368421034,False,False
Aktobe,31,2024-02-16,24,1.317076388888889,1.4538055555555556,False,False
Aktobe,31,2024-02-17,24,1.3321041666666666,1.4676041666666666,False,False
Aktobe,31,2024-02-18,24,1.4092638888888889,1.5412083333333333,False,False
Aktobe,31,2024-02-19,24,1.4053263888888887,1.5393125,False,False
Aktobe,31,2024-02-20,24,1.3715624999999998,1.5066736111111112,False,False
Aktobe,31,2024-02-21,24,1.3272916666666668,1.4627291666666666,False,False
Aktobe,31,2024-02-22,24,1.3264791666666667,1.4618055555555556,False,False
Aktobe,31,2024-02-23,24,1.3369930555555556,1.4725555555555554,False,False
Aktobe,31,2024-02-24,24,1.345986111111111,1.4817847222222225,False,False
Aktobe,31,2024-02-25,24,1.3708680555555555,1.5044722222222224,False,False
Aktobe,31,2024-02-26,24,1.3937222222222208,1.5272777777777764,False,False
Aktobe,31,2024-02-27,24,1.4523611111111112,1.5834722222222222,False,False
Aktobe,31,2024-02-28,23,1.4858623188405753,1.614434782608687,False,False
Aktobe,31,2024-02-29,24,1.500152777777778,1.6281944444444445,False,False
Aktobe,31,2024-03-01,24,1.4989722222222222,1.625520833333333,False,False
Aktobe,31,2024-03-02,24,1.495784722222222,1.6229305555555555,False,False
Aktobe,31,2024-03-03,24,1.4975208333333334,1.6238124999999999,False,False
Aktobe,31,2024-03-04,24,1.4924236111111113,1.6188472222222223,False,False
Aktobe,31,2024-03-05,24,1.4830486111111112,1.6104791666666667,False,False
Aktobe,31,2024-03-06,24,1.4927916666666665,1.620298611111111,False,False
Aktobe,31,2024-03-07,24,1.4915486111111111,1.6200555555555558,False,False
Aktobe,31,2024-03-08,24,1.4910694444444443,1.6192916666666666,False,False
Aktobe,31,2024-03-09,24,1.4820416666666667,1.6114375,False,False
Aktobe,31,2024-03-10,24,1.495263888888889,1.6229236111111112,False,False
Aktobe,31,2024-03-11,24,1.505263888888889,1.6320555555555556,False,False
Aktobe,31,2024-03-12,24,1.5119166666666668,1.6383958333333333,False,False
Aktobe,31,2024-03-13,24,1.477125,1.6063888888888889,False,False
Aktobe,31,2024-03-14,24,1.4925694444444444,1.6203333333333332,False,False
Aktobe,31,2024-03-15,24,1.4968055555555555,1.623576388888889,False,False
Aktobe,31,2024-03-16,24,1.5029583333333332,1.6293402777777777,False,False
Aktobe,31,2024-03-17,24,1.4962708333333332,1.6226041666666668,False,False
Aktobe,31,2024-03-18,24,1.51675,1.6424930555555555,False,False
Aktobe,31,2024-03-19,24,1.5124791666666668,1.6380138888888889,False,False
Aktobe,31,2024-03-20,24,1.5144027777777778,1.6394652777777778,False,False
Aktobe,31,2024-03-21,24,1.5041944444444446,1.6310833333333334,False,False
Aktobe,31,2024-03-22,24,1.5107916666666668,1.6366180555555554,False,False
Aktobe,31,2024-03-23,24,1.5111736111111111,1.6374374999999999,False,False
Aktobe,31,2024-03-24,24,1.5074652777777777,1.634486111111111,False,False
Aktobe,31,2024-03-25,24,1.5061041666666668,1.6323611111111112,False,False
Aktobe,31,2024-03-26,24,1.5067083333333333,1.6325069444444444,False,False
Aktobe,31,2024-03-27,24,1.5084097222222221,1.6339513888888888,False,False
Aktobe,31,2024-03-28,24,1.5087222222222223,1.6343194444444444,False,False
Aktobe,31,2024-03-29,24,1.5104583333333332,1.636298611111111,False,False
Aktobe,31,2024-03-30,24,1.5050555555555556,1.6309375,False,False
Aktobe,31,2024-03-31,24,1.5048402777777776,1.6300069444444443,False,False
Aktobe,31,2024-04-01,24,1.5003611111111113,1.6265902777777779,False,False
Aktobe,31,2024-04-02,24,1.4960694444444445,1.623,False,False
Aktobe,31,2024-04-03,24,1.498819444444439,1.6250208333333305,False,False
Aktobe,31,2024-04-04,24,1.495611111111111,1.6206319444444446,False,False
Aktobe,31,2024-04-05,24,1.4950277777777778,1.6195486111111113,False,False
Aktobe,31,2024-04-06,24,1.4920763888888888,1.6177986111111113,False,False
Aktobe,31,2024-04-07,24,1.490048611111111,1.6164652777777777,False,False
Aktobe,31,2024-04-08,24,1.4920555555555557,1.6174375,False,False
Aktobe,31,2024-04-09,24,1.4887430555555554,1.6151111111111112,False,False
Aktobe,31,2024-04-10,24,1.483097222222222,1.611027777777778,False,False
Aktobe,31,2024-04-11,24,1.4815763888888889,1.6092569444444418,False,False
Aktobe,31,2024-04-12,24,1.4826666666666668,1.6090625,False,False
Aktobe,31,2024-04-13,24,1.4816527777777777,1.6078611111111112,False,False
Aktobe,31,2024-04-14,24,1.4817083333333334,1.608472222222222,False,False
Aktobe,31,2024-04-15,24,1.481326388888889,1.6072083333333333,False,False
Aktobe,31,2024-04-16,24,1.4805416666666666,1.6074861111111112,False,False
Aktobe,31,2024-04-17,24,1.4756319444444443,1.6021597222222221,False,False
Aktobe,31,2024-04-18,24,1.4682361111111113,1.5937569444444444,False,False
Aktobe,31,2024-04-19,24,1.4681111111111111,1.595902777777778,False,False
Aktobe,31,2024-04-20,24,1.4662986111111111,1.5926527777777777,False,False
Aktobe,31,2024-04-21,24,1.4635138888888888,1.591263888888889,False,False
Aktobe,31,2024-04-22,18,1.466324074074063,1.5934814814814684,False,False
Aktobe,31,2024-04-24,24,1.4575972222222224,1.5857916666666665,False,False
Aktobe,31,2024-04-25,24,1.455076388888889,1.5827986111111112,False,False
Aktobe,31,2024-04-26,20,1.4561416666666633,1.5836833333333267,False,False
Aktobe,31,2024-04-29,24,1.3303194444444444,1.4738749999999998,False,False
Aktobe,31,2024-04-30,24,1.3294166666666667,1.474034722222222,False,False
Aktobe,31,2024-05-01,24,1.3335,1.475659722222222,False,False
Aktobe,31,2024-05-02,24,1.3286041666666666,1.471125,False,False
Aktobe,31,2024-05-03,24,1.3312847222222195,1.4743333333333306,False,False
Aktobe,31,2024-05-04,21,1.3437142857142825,1.486150793650781,False,False
Aktobe,31,2024-05-05,24,1.3502708333333333,1.4922847222222222,False,False
Aktobe,31,2024-05-06,24,1.3538819444444374,1.4951805555555502,False,False
Aktobe,31,2024-05-07,24,1.3576319444444447,1.4993333333333334,False,False
Aktobe,31,2024-05-08,24,1.3592777777777778,1.500902777777778,False,False
Aktobe,31,2024-05-09,24,1.3593749999999958,1.5002638888888862,False,False
Aktobe,31,2024-05-10,24,1.3611597222222223,1.503798611111111,False,False
Aktobe,31,2024-05-11,24,1.3626805555555555,1.5045902777777778,False,False
Aktobe,31,2024-05-12,21,1.3604047619047508,1.503174603174592,False,False
Aktobe,31,2024-05-13,24,1.3642222222221916,1.5066805555555252,False,False
Aktobe,31,2024-05-14,24,1.364124999999971,1.507381944444421,False,False
Aktobe,31,2024-05-15,24,1.3626111111111043,1.5056458333333265,False,False
Aktobe,31,2024-05-16,24,1.3600069444444445,1.5024513888888889,False,False
Aktobe,31,2024-05-17,24,1.3644375,1.5073055555555557,False,False
Aktobe,31,2024-05-18,24,1.3659444444444444,1.5090138888888889,False,False
Aktobe,31,2024-05-19,24,1.3645625,1.5066319444444443,False,False
Aktobe,31,2024-05-20,24,1.3653611111111112,1.5072152777777779,False,False
Aktobe,31,2024-05-21,24,1.3665416666666665,1.5071041666666665,False,False
Aktobe,31,2024-05-22,24,1.365902777777771,1.5074652777777706,False,False
Aktobe,31,2024-05-23,24,1.365388888888889,1.5080347222222221,False,False
Aktobe,31,2024-05-24,24,1.364972222222222,1.506951388888889,False,False
Aktobe,31,2024-05-25,24,1.3663125,1.5069583333333334,False,False
Aktobe,31,2024-05-26,24,1.3667430555555555,1.508875,False,False
Aktobe,31,2024-05-27,24,1.3649930555555556,1.5074930555555557,False,False
Aktobe,31,2024-05-28,24,1.3659583333333334,1.5074583333333333,False,False
Aktobe,31,2024-05-29,24,1.3662986111111113,1.5091875000000001,False,False
Aktobe,31,2024-05-30,24,1.368111111111111,1.5114791666666667,False,False
Aktobe,31,2024-05-31,24,1.3696319444444445,1.5115486111111112,False,False
Aktobe,31,2024-06-01,24,1.368875,1.5110833333333333,False,False
Aktobe,31,2024-06-02,24,1.367527777777778,1.5096875,False,False
Aktobe,31,2024-06-03,24,1.3658541666666668,1.5090972222222223,False,False
Aktobe,31,2024-06-04,24,1.3653680555555556,1.5088472222222222,False,False
Aktobe,31,2024-06-05,24,1.365701388888889,1.5081319444444443,False,False
Aktobe,31,2024-06-06,24,1.3650347222222223,1.5093263888888888,False,False
Aktobe,31,2024-06-07,24,1.3637430555555554,1.5074444444444444,False,False
Aktobe,31,2024-06-08,24,1.3657638888888861,1.508986111111107,False,False
Aktobe,31,2024-08-19,24,1.311736111111111,1.4550972222222223,False,False
Aktobe,31,2024-08-20,24,1.3104930555555556,1.4548194444444444,False,False
Aktobe,31,2024-08-21,24,1.3102916666666666,1.4531666666666665,False,False
Aktobe,31,2024-08-22,24,1.3113402777777778,1.4535069444444428,False,False
Aktobe,31,2024-08-23,24,1.3102500000000001,1.4545694444444444,False,False
Aktobe,31,2024-08-24,24,1.3105277777777777,1.4538680555555556,False,False
Aktobe,31,2024-08-25,24,1.307736111111111,1.4515069444444444,False,False
Aktobe,31,2024-08-26,24,1.3076666666666668,1.4524444444444444,False,False
Aktobe,31,2024-08-27,24,1.3076319444444444,1.4520277777777777,False,False
Aktobe,31,2024-08-28,24,1.3066944444444444,1.4501666666666668,False,False
Aktobe,31,2024-08-29,24,1.3072291666666667,1.4498750000000002,False,False
Aktobe,31,2024-08-30,24,1.3085972222222222,1.4521041666666665,False,False
Aktobe,31,2024-08-31,24,1.3051944444444443,1.448986111111111,False,False
Aktobe,31,2024-09-01,24,1.3043819444444444,1.447361111111111,False,False
Aktobe,31,2024-09-02,24,1.3042430555555555,1.4481458333333332,False,False
Aktobe,31,2024-09-03,24,1.3074166666666667,1.4514652777777777,False,False
Aktobe,31,2024-09-04,24,1.3032847222222221,1.446861111111111,False,False
Aktobe,31,2024-09-05,24,1.300923611111111,1.4458125,False,False
Aktobe,31,2024-09-06,24,1.3000833333333335,1.443513888888889,False,False
Aktobe,31,2024-09-07,24,1.3018819444444445,1.446861111111111,False,False
Aktobe,31,2024-09-08,24,1.3045555555555557,1.448986111111111,False,False
Aktobe,31,2024-09-09,24,1.3050208333333335,1.4483541666666666,False,False
Aktobe,31,2024-09-10,24,1.3076527777777778,1.4507777777777777,False,False
Aktobe,31,2024-09-11,24,1.3042430555555555,1.448236111111111,False,False
Aktobe,31,2024-09-12,24,1.3020277777777778,1.4458958333333334,False,False
Aktobe,31,2024-09-13,24,1.3005972222222222,1.4438402777777777,False,False
Aktobe,31,2024-09-14,24,1.3014305555555554,1.4456944444444444,False,False
Aktobe,31,2024-09-15,24,1.3006875,1.4455138888888888,False,False
Aktobe,31,2024-09-16,24,1.2996736111111111,1.4440347222222225,False,False
Aktobe,31,2024-09-17,24,1.2967638888888888,1.4419861111111112,False,False
Aktobe,31,2024-09-18,24,1.2994652777777778,1.443763888888889,False,False
Aktobe,31,2024-09-19,24,1.3018124999999998,1.4460138888888887,False,False
Aktobe,31,2024-09-20,24,1.3038472222222224,1.4484513888888888,False,False
Aktobe,31,2024-09-21,24,1.3051041666666665,1.4506250000000003,False,False
Aktobe,31,2024-09-22,24,1.3077222222222222,1.4530138888888888,False,False
Aktobe,31,2024-09-23,24,1.3055486111111112,1.4513541666666665,False,False
Aktobe,31,2024-09-24,24,1.305625,1.4507291666666668,False,False
Aktobe,31,2024-09-25,24,1.307951388888889,1.4519652777777778,False,False
Aktobe,31,2024-09-26,24,1.308701388888889,1.4535277777777778,False,False
Aktobe,31,2024-09-27,24,1.3083055555555554,1.454361111111111,False,False
Aktobe,31,2024-09-28,24,1.3107430555555555,1.4558958333333332,False,False
Aktobe,31,2024-09-29,24,1.3114930555555555,1.4557569444444445,False,False
Aktobe,31,2024-09-30,24,1.3126597222222223,1.457861111111111,False,False
Aktobe,31,2024-10-01,24,1.314611111111111,1.4592569444444445,False,False
Aktobe,31,2024-10-02,24,1.3143472222222223,1.4591180555555556,False,False
Aktobe,31,2024-10-03,24,1.3153124999999999,1.4597083333333334,False,False
Aktobe,31,2024-10-04,24,1.3171527777777776,1.4627638888888888,False,False
Aktobe,31,2024-10-05,24,1.3192708333333332,1.4641666666666666,False,False
Aktobe,31,2024-10-06,24,1.3199652777777777,1.4647291666666666,False,False
Aktobe,31,2024-10-07,24,1.3203125,1.4646666666666668,False,False
Aktobe,31,2024-10-08,24,1.3233541666666666,1.4672430555555556,False,False
Aktobe,31,2024-10-09,24,1.324138888888889,1.4685625,False,False
Aktobe,31,2024-10-10,24,1.3253611111111112,1.4690763888888891,False,False
Aktobe,31,2024-10-11,24,1.3222083333333334,1.4666249999999998,False,False
Aktobe,31,2024-10-12,24,1.3217916666666667,1.4666666666666668,False,False
Aktobe,31,2024-10-13,24,1.3233819444444443,1.4685416666666666,False,False
Aktobe,31,2024-10-14,24,1.325048611111111,1.4702847222222222,False,False
Aktobe,31,2024-10-15,24,1.3268819444444444,1.4716666666666667,False,False
Aktobe,31,2024-10-16,24,1.3285625,1.4721458333333333,False,False
Aktobe,31,2024-10-17,24,1.3320486111111112,1.4755972222222222,False,False
Aktobe,31,2024-10-18,24,1.3294791666666668,1.4742847222222224,False,False
Aktobe,31,2024-10-19,24,1.3309652777777778,1.4738749999999998,False,False
Aktobe,31,2024-10-20,24,1.3321875,1.4752777777777777,False,False
Aktobe,31,2024-10-21,24,1.3319166666666666,1.4759166666666668,False,False
Aktobe,31,2024-10-22,24,1.3289305555555557,1.471263888888889,False,False
Aktobe,31,2024-10-23,24,1.3308680555555557,1.4725972222222223,False,False
Aktobe,31,2024-10-24,24,1.3305416666666667,1.4728194444444445,False,False
Aktobe,31,2024-10-25,24,1.326340277777778,1.4699930555555556,False,False
Aktobe,31,2024-10-26,24,1.3261041666666666,1.4684791666666668,False,False
Aktobe,31,2024-10-27,24,1.3241041666666666,1.4674444444444446,False,False
Aktobe,31,2024-10-28,24,1.3234305555555557,1.4663472222222225,False,False
Aktobe,31,2024-10-29,24,1.3230208333333333,1.465298611111111,False,False
Aktobe,31,2024-10-30,24,1.3231805555555556,1.466638888888889,False,False
Aktobe,31,2024-10-31,24,1.3237777777777777,1.466451388888889,False,False
Aktobe,31,2024-11-01,24,1.3259166666666666,1.4679027777777778,False,False
Aktobe,31,2024-11-02,24,1.3276111111111113,1.4698680555555557,False,False
Aktobe,31,2024-11-03,24,1.3260694444444445,1.4686944444444443,False,False
Aktobe,31,2024-11-04,24,1.3259236111111112,1.4685694444444444,False,False
Aktobe,31,2024-11-05,24,1.3265902777777778,1.4690763888888891,False,False
Aktobe,31,2024-11-06,24,1.3305972222222222,1.4728819444444445,False,False
Aktobe,31,2024-11-07,24,1.33125,1.4727847222222223,False,False
Aktobe,31,2024-11-08,24,1.3286458333333333,1.470902777777778,False,False
Aktobe,31,2024-11-09,24,1.3298750000000001,1.4714444444444446,False,False
Aktobe,31,2024-11-10,24,1.3312777777777778,1.4743958333333333,False,False
Aktobe,31,2024-11-11,24,1.3299722222222223,1.4734305555555556,False,False
Aktobe,31,2024-11-12,24,1.3321319444444446,1.4737291666666668,False,False
Aktobe,31,2024-11-13,24,1.331763888888889,1.47375,False,False
Aktobe,31,2024-11-14,24,1.3318125,1.4739305555555555,False,False
Aktobe,31,2024-11-15,24,1.3326319444444445,1.4745555555555556,False,False
Aktobe,31,2024-11-16,24,1.3336875,1.4748541666666668,False,False
Aktobe,31,2024-11-17,24,1.3349236111111111,1.476125,False,False
Aktobe,31,2024-11-18,24,1.3345902777777778,1.4751319444444446,False,False
Aktobe,31,2024-11-19,24,1.3355555555555556,1.476222222222222,False,False
Aktobe,31,2024-11-20,24,1.3350902777777778,1.4765555555555556,False,False
Aktobe,31,2024-11-21,24,1.335229166666667,1.4756180555555556,False,False
Aktobe,31,2024-11-22,24,1.3358888888888891,1.4775069444444444,False,False
Aktobe,31,2024-11-23,24,1.3342152777777778,1.4760555555555557,False,False
Aktobe,31,2024-11-24,24,1.33575,1.4773541666666665,False,False
Aktobe,31,2024-11-25,24,1.3365972222222222,1.4784444444444444,False,False
Aktobe,31,2024-11-26,24,1.3383472222222224,1.4788680555555558,False,False
Aktobe,31,2024-11-27,24,1.3399305555555554,1.4805694444444446,False,False
Aktobe,31,2024-11-28,24,1.3416597222222222,1.4832777777777777,False,False
Aktobe,31,2024-11-29,24,1.3428055555555556,1.48425,False,False
Aktobe,31,2024-11-30,24,1.3431111111111111,1.4846944444444443,False,False
Aktobe,31,2024-12-01,24,1.3407291666666667,1.4830625,False,False
Aktobe,31,2024-12-02,24,1.342826388888889,1.4843333333333335,False,False
Aktobe,31,2024-12-03,24,1.3413402777777776,1.4807083333333333,False,False
Aktobe,31,2024-12-04,24,1.3431180555555555,1.4822986111111112,False,False
Aktobe,31,2024-12-05,24,1.3432430555555557,1.4827916666666665,False,False
Aktobe,31,2024-12-06,24,1.3441111111111113,1.484222222222222,False,False
Aktobe,31,2024-12-07,24,1.348513888888889,1.4885972222222223,False,False
Aktobe,31,2024-12-08,24,1.3510833333333334,1.4907291666666669,False,False
Aktobe,31,2024-12-09,24,1.3500138888888848,1.4899305555555487,False,False
Aktobe,31,2024-12-11,24,1.3500972222222225,1.4917847222222222,False,False
Aktobe,31,2024-12-12,24,1.3515763888888888,1.4920277777777777,False,False
Aktobe,31,2024-12-13,24,1.3528958333333332,1.4943819444444444,False,False
Aktobe,31,2024-12-14,24,1.3548402777777777,1.495340277777778,False,False
Aktobe,31,2024-12-15,24,1.3571180555555555,1.4982847222222222,False,False
Aktobe,31,2024-12-16,24,1.3532291666666667,1.4949722222222224,False,False
Aktobe,31,2024-12-17,24,1.3541041666666667,1.4941805555555554,False,False
Aktobe,31,2024-12-18,24,1.3553541666666666,1.4961250000000001,False,False
Aktobe,31,2024-12-19,24,1.35675,1.4966041666666667,False,False
Aktobe,31,2024-12-20,24,1.3573194444444374,1.4972361111111014,False,False
Aktobe,31,2024-12-21,24,1.3541458333333332,1.4934791666666667,False,False
Aktobe,31,2024-12-22,24,1.35225,1.4914166666666668,False,False
Aktobe,31,2024-12-23,24,1.356659722222222,1.4961597222222223,False,False
Aktobe,31,2024-12-24,24,1.3582569444444443,1.4984722222222222,False,False
Aktobe,31,2024-12-25,24,1.3565347222222224,1.4954097222222222,False,False
Aktobe,31,2024-12-26,24,1.354861111111111,1.4944652777777778,False,False
Aktobe,31,2024-12-27,24,1.3542708333333333,1.494375,False,False
Aktobe,31,2024-12-28,24,1.3543541666666667,1.4935,False,False
Aktobe,31,2024-12-29,24,1.355423611111111,1.4945972222222224,False,False
Aktobe,31,2024-12-30,24,1.355125,1.4931319444444444,False,False
Aktobe,31,2024-12-31,24,1.3539583333333332,1.4934930555555557,False,False
Aktobe,31,2025-01-01,24,1.3564999999999998,1.4950347222222222,False,False
Aktobe,31,2025-01-02,24,1.3573194444444443,1.4959375000000001,False,False
Aktobe,31,2025-01-03,24,1.3539097222222223,1.4942291666666667,False,False
Aktobe,31,2025-01-04,24,1.3519305555555556,1.4924722222222222,False,False
Aktobe,31,2025-01-05,24,1.3517847222222221,1.492715277777778,False,False
Aktobe,31,2025-01-06,24,1.3504027777777778,1.4914305555555556,False,False
Aktobe,31,2025-01-07,24,1.3504097222222222,1.4908611111111112,False,False
Aktobe,31,2025-01-08,24,1.3500902777777777,1.4911319444444444,False,False
Aktobe,31,2025-01-09,24,1.3493194444444445,1.49,False,False
Aktobe,31,2025-01-10,24,1.3515,1.490875,False,False
Aktobe,31,2025-01-11,24,1.3522361111111112,1.4911597222222222,False,False
Aktobe,31,2025-01-12,24,1.3537847222222223,1.4940416666666667,False,False
Aktobe,31,2025-01-13,24,1.3520972222222223,1.493673611111111,False,False
Aktobe,31,2025-01-14,24,1.3566319444444446,1.4950972222222223,False,False
Aktobe,31,2025-01-15,24,1.3562499999999946,1.4972847222222139,False,False
Aktobe,31,2025-01-17,24,1.3654097222222223,1.5030902777777777,False,False
Aktobe,31,2025-01-18,24,1.3664861111111113,1.506722222222222,False,False
Aktobe,31,2025-01-19,24,1.3627013888888888,1.5024166666666667,False,False
Aktobe,31,2025-01-20,24,1.3627013888888888,1.5033611111111111,False,False
Aktobe,31,2025-01-21,24,1.3678194444444445,1.5064861111111112,False,False
Aktobe,31,2025-01-22,24,1.3392569444444444,1.4797638888888889,False,False
Aktobe,31,2025-01-23,24,1.25675,1.4037152777777777,False,False
Aktobe,31,2025-01-24,24,1.2717569444444445,1.4163263888888888,False,False
Aktobe,31,2025-01-25,24,1.3191111111111111,1.4612430555555556,False,False
Aktobe,31,2025-01-26,24,1.363701388888889,1.5038888888888888,False,False
Aktobe,31,2025-01-27,24,1.3681180555555557,1.5069930555555555,False,False
Aktobe,31,2025-01-28,24,1.3637500000000002,1.5035138888888888,False,False
Aktobe,31,2025-01-29,24,1.3639166666666667,1.5036875,False,False
Aktobe,31,2025-01-30,24,1.3612777777777778,1.5013333333333332,False,False
Aktobe,31,2025-01-31,24,1.3597708333333334,1.4997013888888888,False,False
Aktobe,31,2025-02-01,24,1.3593402777777779,1.498375,False,False
Aktobe,31,2025-02-02,24,1.3586458333333333,1.4965833333333334,False,False
Aktobe,31,2025-02-03,24,1.3579930555555555,1.4973402777777778,False,False
Aktobe,31,2025-02-04,24,1.3636041666666667,1.5023055555555553,False,False
Aktobe,31,2025-02-05,24,1.366215277777772,1.5052847222222179,False,False
Aktobe,31,2025-02-06,24,1.363173611111111,1.5034097222222222,False,False
Aktobe,31,2025-02-07,24,1.361236111111111,1.5023055555555558,False,False
Aktobe,31,2025-02-08,24,1.367034722222222,1.5072152777777779,False,False
Aktobe,31,2025-02-09,24,1.3661180555555557,1.505826388888889,False,False
Aktobe,31,2025-02-10,24,1.3600069444444445,1.5007430555555556,False,False
Aktobe,31,2025-02-11,24,1.3563888888888889,1.4982152777777777,False,False
Aktobe,31,2025-02-12,24,1.3575069444444445,1.4979097222222222,False,False
Aktobe,31,2025-02-13,24,1.3558263888888888,1.4971180555555554,False,False
Aktobe,31,2025-02-14,24,1.3564999999999998,1.4969097222222223,False,False
Aktobe,31,2025-02-15,24,1.3585972222222222,1.4984444444444442,False,False
Aktobe,31,2025-02-16,24,1.3567291666666668,1.4968055555555555,False,False
Aktobe,31,2025-02-17,24,1.3559722222222224,1.4944930555555558,False,False
Aktobe,31,2025-02-18,24,1.357763888888889,1.4965833333333334,False,False
Aktobe,31,2025-02-19,24,1.3515763888888888,1.490638888888889,False,False
Aktobe,31,2025-02-20,24,1.358638888888889,1.4988333333333335,False,False
Aktobe,31,2025-02-21,24,1.3599097222222223,1.5008680555555556,False,False
Aktobe,31,2025-02-22,24,1.3586527777777777,1.4991875,False,False
Aktobe,31,2025-02-23,24,1.3594722222222222,1.4991666666666665,False,False
Aktobe,31,2025-02-24,24,1.3605625000000001,1.5010000000000001,False,False
Aktobe,31,2025-02-25,24,1.3642152777777776,1.5035486111111112,False,False
Aktobe,31,2025-02-26,24,1.3595902777777777,1.501048611111111,False,False
Aktobe,31,2025-02-27,24,1.3615277777777697,1.5012361111111068,False,False
Aktobe,31,2025-02-28,24,1.359715277777778,1.4982222222222221,False,False
Aktobe,31,2025-03-01,24,1.3608888888888888,1.499125,False,False
Aktobe,31,2025-03-02,24,1.3614097222222223,1.4989652777777778,False,False
Aktobe,31,2025-03-03,24,1.3654583333333334,1.5040763888888888,False,False
Aktobe,31,2025-03-04,24,1.3619583333333332,1.5017291666666666,False,False
Aktobe,31,2025-03-05,24,1.3640555555555556,1.5022222222222223,False,False
Aktobe,31,2025-03-06,24,1.3652777777777778,1.5038124999999998,False,False
Aktobe,31,2025-03-07,24,1.3619791666666667,1.501576388888889,False,False
Aktobe,31,2025-03-08,24,1.3615347222222223,1.5007291666666667,False,False
Aktobe,31,2025-03-09,24,1.3579930555555555,1.4971666666666668,False,False
Aktobe,31,2025-03-10,24,1.356625,1.496513888888889,False,False
Aktobe,31,2025-03-11,24,1.35375,1.4936388888888887,False,False
Aktobe,31,2025-03-12,24,1.3538750000000002,1.4929930555555557,False,False
Aktobe,31,2025-03-13,24,1.352277777777778,1.4921458333333335,False,False
Aktobe,31,2025-03-14,24,1.3512569444444444,1.4917152777777778,False,False
Aktobe,31,2025-03-15,24,1.3504305555555556,1.4899166666666668,False,False
Aktobe,31,2025-03-16,24,1.3500416666666666,1.4912569444444443,False,False
Aktobe,31,2025-03-17,24,1.3511805555555556,1.4897083333333334,False,False
Aktobe,31,2025-03-18,24,1.347986111111111,1.4875347222222224,False,False
Aktobe,31,2025-03-19,24,1.3445347222222221,1.4838402777777777,False,False
Aktobe,31,2025-03-20,24,1.3415972222222223,1.4805833333333334,False,False
Aktobe,31,2025-03-21,24,1.339576388888889,1.4809722222222224,False,False
Aktobe,31,2025-03-22,24,1.3402916666666667,1.4815347222222224,False,False
Aktobe,31,2025-03-23,24,1.340638888888889,1.480013888888889,False,False
Aktobe,31,2025-03-24,24,1.3394097222222223,1.4793263888888888,False,False
Aktobe,31,2025-03-25,24,1.3398680555555555,1.4791458333333332,False,False
Aktobe,31,2025-03-26,24,1.3394513888888888,1.4796597222222223,False,False
Aktobe,31,2025-03-27,24,1.338840277777778,1.479451388888889,False,False
Aktobe,31,2025-03-28,24,1.3415486111111112,1.481138888888889,False,False
Aktobe,31,2025-03-29,24,1.3411319444444445,1.4816041666666668,False,False
Aktobe,31,2025-03-30,24,1.3412986111111111,1.4808611111111112,False,False
Aktobe,31,2025-03-31,24,1.3393611111111012,1.4787083333333306,False,False
Aktobe,31,2025-04-01,24,1.3365833333333335,1.475888888888889,False,False
Aktobe,31,2025-04-02,24,1.336375,1.4753611111111111,False,False
Aktobe,31,2025-04-03,24,1.3376111111111113,1.4774791666666667,False,False
Aktobe,31,2025-04-04,24,1.3362708333333335,1.4756666666666665,False,False
Aktobe,31,2025-04-05,24,1.3349305555555555,1.4743680555555556,False,False
Aktobe,31,2025-04-06,24,1.333076388888889,1.4730277777777776,False,False
Aktobe,31,2025-04-09,24,1.3293263888888889,1.4686805555555555,False,False
Aktobe,31,2025-04-10,24,1.3280416666666668,1.4671944444444442,False,False
Aktobe,31,2025-04-11,18,1.325629629629626,1.4633611111111038,False,False
Aktobe,31,2025-04-12,18,1.3267407407407408,1.4654166666666668,False,False
Aktobe,31,2025-04-13,24,1.3276597222222222,1.4661736111111112,False,False
Aktobe,31,2025-04-14,21,1.3288095238095174,1.467579365079354,False,False
Aktobe,31,2025-04-16,24,1.3256944444444445,1.4663125,False,False
Aktobe,31,2025-04-17,24,1.3263958333333334,1.4675416666666667,False,False
Aktobe,31,2025-04-20,24,1.3258402777777778,1.4663263888888889,False,False
Aktobe,31,2025-04-21,24,1.3256597222222222,1.4659722222222225,False,False
Aktobe,31,2025-04-22,24,1.3241736111111098,1.464944444444442,False,False
Aktobe,31,2025-04-23,20,1.3240249999999882,1.4648249999999916,False,False
Aktobe,31,2025-04-24,24,1.3231388888888889,1.464388888888889,False,False
Aktobe,31,2025-04-25,24,1.3237291666666666,1.4653125000000002,False,False
Aktobe,31,2025-04-26,24,1.321611111111111,1.4636319444444446,False,False
Aktobe,31,2025-04-30,24,1.3146180555555553,1.4533611111111109,False,False
Aktobe,31,2025-05-01,24,1.3175486111111112,1.4570347222222224,False,False
Aktobe,31,2025-05-02,24,1.3160902777777779,1.4559236111111111,False,False
Aktobe,31,2025-05-03,24,1.3179999999999998,1.458347222222222,False,False
Aktobe,31,2025-05-04,24,1.3181944444444444,1.457,False,False
Aktobe,31,2025-05-05,24,1.3173402777777736,1.4567777777777764,False,False
Aktobe,31,2025-05-06,24,1.318076388888889,1.4576666666666667,False,False
Aktobe,31,2025-05-07,24,1.3167777777777778,1.4573541666666667,False,False
Aktobe,31,2025-05-08,24,1.3195833333333333,1.4595972222222222,False,False
Aktobe,31,2025-05-09,24,1.3154652777777776,1.4570972222222223,False,False
Aktobe,31,2025-05-10,24,1.3120625000000001,1.452861111111111,False,False
Aktobe,31,2025-05-11,24,1.3128541666666667,1.452784722222222,False,False
Aktobe,31,2025-05-12,24,1.310736111111111,1.4502499999999998,False,False
Aktobe,31,2025-05-13,24,1.3101944444444444,1.4516180555555556,False,False
Aktobe,31,2025-05-14,24,1.3101666666666667,1.4488750000000001,False,False
Aktobe,31,2025-05-15,24,1.3052986111111111,1.444972222222222,False,False
Aktobe,31,2025-05-16,24,1.3028402777777779,1.44275,False,False
Aktobe,31,2025-05-17,24,1.303784722222222,1.4439930555555556,False,False
Aktobe,31,2025-05-18,24,1.3010833333333334,1.4407569444444446,False,False
Aktobe,31,2025-05-19,24,1.3002638888888889,1.4416319444444445,False,False
Aktobe,31,2025-05-20,24,1.3008125,1.4412569444444445,False,False
Aktobe,31,2025-05-21,24,1.3036388888888888,1.4437499999999999,False,False
Aktobe,31,2025-05-22,24,1.3004027777777778,1.4406319444444444,False,False
Aktobe,31,2025-05-23,24,1.30125,1.4426458333333334,False,False
Aktobe,31,2025-05-24,24,1.2997222222222222,1.4398888888888888,False,False
Aktobe,31,2025-05-25,24,1.297798611111111,1.4398055555555558,False,False
Aktobe,31,2025-05-26,24,1.2960972222222222,1.4369027777777779,False,False
Aktobe,31,2025-05-27,24,1.2998611111111111,1.4404305555555554,False,False
Aktobe,31,2025-05-28,24,1.301111111111111,1.4422222222222223,False,False
Aktobe,31,2025-05-29,24,1.3007986111111112,1.441673611111111,False,False
Aktobe,31,2025-05-30,24,1.3016527777777778,1.4411250000000002,False,False
Aktobe,31,2025-05-31,24,1.3017430555555556,1.4427083333333333,False,False
Aktobe,31,2025-06-01,24,1.3029444444444445,1.4434861111111112,False,False
Aktobe,31,2025-06-02,24,1.3066527777777779,1.4474305555555558,False,False
Aktobe,31,2025-06-03,24,1.3051319444444445,1.446048611111111,False,False
Aktobe,31,2025-06-04,24,1.3030277777777777,1.4442708333333334,False,False
Aktobe,31,2025-06-05,24,1.3033194444444445,1.4447291666666668,False,False
Aktobe,31,2025-06-06,24,1.304875,1.4450972222222223,False,False
Aktobe,31,2025-06-07,24,1.3053194444444445,1.4454305555555556,False,False
Aktobe,31,2025-06-08,24,1.3040902777777779,1.444597222222222,False,False
Aktobe,31,2025-06-09,24,1.3016180555555554,1.443201388888889,False,False
Aktobe,31,2025-06-10,24,1.3031527777777723,1.4422361111111055,False,False
Aktobe,31,2025-06-11,24,1.307,1.4465625,False,False
Aktobe,31,2025-06-12,24,1.3087291666666667,1.4480208333333333,False,False
Aktobe,31,2025-06-13,24,1.3094166666666667,1.4492847222222223,False,False
Aktobe,31,2025-06-14,24,1.3074999999999999,1.447861111111111,False,False
Aktobe,31,2025-06-15,22,1.3114924242424166,1.4524318181818108,False,False
Aktobe,31,2025-06-16,24,1.3160208333333332,1.4594097222222224,False,False
Aktobe,31,2025-06-17,24,1.3149652777777778,1.4593472222222224,False,False
Aktobe,31,2025-06-18,24,1.3437916666666665,1.4843125,False,False
Aktobe,31,2025-06-19,24,1.3134166666666653,1.4557638888888877,False,False
Aktobe,31,2025-06-20,24,1.3074652777777778,1.450576388888889,False,False
Aktobe,31,2025-06-21,24,1.3035347222222222,1.4472430555555553,False,False
Aktobe,31,2025-06-22,24,1.3039652777777777,1.4480416666666667,False,False
Aktobe,31,2025-06-23,24,1.3143125,1.4577083333333334,False,False
Aktobe,31,2025-06-24,24,1.3120277777777778,1.4550277777777778,False,False
Aktobe,31,2025-06-25,24,1.3099027777777779,1.4534375,False,False
Aktobe,31,2025-06-26,24,1.3078194444444444,1.4521597222222222,False,False
Aktobe,31,2025-06-27,24,1.302125,1.4480902777777775,False,False
Aktobe,31,2025-06-28,24,1.3105208333333334,1.4530694444444443,False,False
Aktobe,31,2025-06-29,24,1.309451388888889,1.453375,False,False
Aktobe,31,2025-06-30,24,1.3114097222222223,1.446590277777778,False,False
Aktobe,31,2025-07-01,24,1.2907708333333334,1.4348888888888889,False,False
Aktobe,31,2025-07-02,24,1.2932777777777777,1.4365625,False,False
Aktobe,31,2025-07-03,24,1.2992569444444444,1.4429305555555556,False,False
Aktobe,31,2025-07-04,24,1.2982430555555555,1.4423958333333333,False,False
Aktobe,31,2025-07-05,24,1.3003055555555556,1.4418819444444446,False,False
Aktobe,31,2025-07-06,24,1.3009861111111112,1.4438819444444446,False,False
Aktobe,31,2025-07-07,24,1.2980486111111111,1.4402222222222223,False,False
Aktobe,31,2025-07-08,24,1.2952569444444444,1.439486111111111,False,False
Aktobe,31,2025-07-09,24,1.2939444444444443,1.4388125,False,False
Aktobe,31,2025-07-10,21,1.29559523809523,1.4411190476190412,False,False
Aktobe,31,2025-07-12,24,1.3000208333333332,1.4452847222222223,False,False
Aktobe,31,2025-07-13,24,1.298715277777778,1.443576388888889,False,False
Aktobe,31,2025-07-14,24,1.2974722222222221,1.4421458333333332,False,False
Aktobe,31,2025-07-15,24,1.2998680555555555,1.4451111111111112,False,False
Aktobe,31,2025-07-16,24,1.3051944444444443,1.4488750000000001,False,False
Aktobe,31,2025-07-17,24,1.3051180555555555,1.4494305555555556,False,False
Aktobe,31,2025-07-18,24,1.3053541666666666,1.450951388888889,False,False
Aktobe,31,2025-07-19,24,1.3040625,1.4479583333333332,False,False
Aktobe,31,2025-07-20,24,1.3028680555555556,1.446611111111111,False,False
Aktobe,31,2025-07-21,24,1.3017430555555556,1.4473125,False,False
Aktobe,31,2025-07-22,24,1.3052430555555554,1.447611111111111,False,False
Aktobe,31,2025-07-23,24,1.309909722222222,1.4520486111111113,False,False
Aktobe,31,2025-07-24,24,1.3114652777777778,1.4542361111111113,False,False
Aktobe,31,2025-07-25,24,1.3087708333333334,1.4505555555555556,False,False
Aktobe,31,2025-07-26,24,1.3065972222222222,1.4484375,False,False
Aktobe,31,2025-07-27,24,1.3027569444444445,1.4457083333333334,False,False
Aktobe,31,2025-07-28,24,1.3000486111111111,1.4422222222222223,False,False
Aktobe,31,2025-07-29,24,1.3029791666666666,1.4447986111111113,False,False
Aktobe,31,2025-07-30,24,1.3028333333333333,1.4450763888888891,False,False
Aktobe,31,2025-07-31,24,1.301,1.4437013888888888,False,False
Aktobe,31,2025-08-01,24,1.3025833333333334,1.444763888888889,False,False
Aktobe,31,2025-08-02,24,1.301048611111111,1.4438680555555556,False,False
Aktobe,31,2025-08-03,24,1.3028402777777777,1.4439791666666668,False,False
Aktobe,31,2025-08-06,24,1.3084236111111112,1.4503541666666668,False,False
Aktobe,31,2025-08-07,24,1.3094861111111111,1.4526319444444444,False,False
Aktobe,31,2025-08-08,24,1.3120694444444445,1.4550972222222223,False,False
Aktobe,31,2025-08-09,24,1.3091388888888889,1.4518125,False,False
Aktobe,31,2025-08-10,24,1.308451388888889,1.4502222222222223,False,False
Aktobe,31,2025-08-11,24,1.3066527777777777,1.4491458333333334,False,False
Aktobe,31,2025-08-12,24,1.307423611111111,1.4490138888888888,False,False
Aktobe,31,2025-08-13,24,1.306451388888889,1.4478472222222223,False,False
Aktobe,31,2025-08-14,24,1.3065138888888888,1.4485625000000002,False,False
Aktobe,31,2025-08-15,24,1.3045555555555557,1.4479444444444445,False,False
Aktobe,31,2025-08-16,24,1.3073333333333335,1.4496527777777777,False,False
Aktobe,31,2025-08-17,24,1.306826388888889,1.4501388888888889,False,False
Aktobe,31,2025-08-18,24,1.304159722222222,1.4460069444444443,False,False
Aktobe,31,2025-08-19,18,1.303231481481474,1.4421111111111056,False,False
Aktobe,31,2025-08-21,24,1.301111111111111,1.443263888888889,False,False
Aktobe,31,2025-08-22,24,1.3017013888888889,1.4440833333333334,False,False
Aktobe,31,2025-08-23,24,1.3051041666666665,1.4469791666666667,False,False
Aktobe,31,2025-08-24,24,1.3055138888888889,1.4471805555555557,False,False
Aktobe,31,2025-08-25,24,1.3044236111111112,1.44625,False,False
Aktobe,31,2025-08-26,24,1.3034097222222223,1.4457569444444445,False,False
Aktobe,31,2025-08-27,24,1.3072638888888888,1.4480833333333332,False,False
Aktobe,31,2025-08-28,24,1.3028541666666666,1.4447222222222222,False,False
Aktobe,31,2025-08-29,24,1.2994027777777777,1.441298611111111,False,False
Aktobe,31,2025-08-30,24,1.2985416666666667,1.4414166666666668,False,False
Aktobe,31,2025-08-31,24,1.3019097222222222,1.4443541666666668,False,False
Aktobe,31,2025-09-01,24,1.3045694444444444,1.4482847222222224,False,False
Aktobe,31,2025-09-02,24,1.305368055555553,1.448111111111107,False,False
Aktobe,31,2025-09-03,24,1.3062986111111083,1.449798611111107,False,False
Aktobe,31,2025-09-04,24,1.3038680555555529,1.4459305555555557,False,False
Aktobe,31,2025-09-05,24,1.3024722222222223,1.4448888888888891,False,False
Aktobe,31,2025-09-06,24,1.305125,1.4478541666666667,False,False
Aktobe,31,2025-09-07,24,1.3036666666666668,1.4445208333333335,False,False
Aktobe,31,2025-09-08,24,1.3008125,1.4425069444444445,False,False
Aktobe,31,2025-09-09,24,1.3002847222222222,1.4405347222222222,False,False
Aktobe,31,2025-09-10,24,1.296701388888889,1.438361111111111,False,False
Aktobe,31,2025-09-11,24,1.2955833333333333,1.4362777777777778,False,False
Aktobe,31,2025-09-12,24,1.2944513888888889,1.4361736111111112,False,False
Aktobe,31,2025-09-13,24,1.292638888888889,1.4338402777777777,False,False
Aktobe,31,2025-09-14,24,1.2929791666666666,1.4348402777777778,False,False
Aktobe,31,2025-09-15,24,1.2947986111111112,1.4372638888888887,False,False
Aktobe,31,2025-09-16,24,1.2959236111111112,1.4373125,False,False
Aktobe,31,2025-09-17,24,1.2969930555555556,1.4401111111111111,False,False
Aktobe,31,2025-09-18,24,1.2981666666666667,1.4389027777777779,False,False
Aktobe,31,2025-09-19,24,1.2984236111111112,1.4394444444444445,False,False
Aktobe,31,2025-09-20,24,1.3003680555555555,1.441486111111111,False,False
Aktobe,31,2025-09-21,24,1.3012291666666667,1.4415000000000002,False,False
Aktobe,31,2025-09-22,24,1.3014861111111111,1.4431041666666669,False,False
Aktobe,31,2025-09-23,24,1.3023333333333333,1.442423611111111,False,False
Aktobe,31,2025-09-24,24,1.3030416666666667,1.4451180555555556,False,False
Aktobe,31,2025-09-25,24,1.3039791666666667,1.4450694444444443,False,False
Aktobe,31,2025-09-26,24,1.30175,1.4434652777777777,False,False
Aktobe,31,2025-09-27,24,1.2995208333333335,1.4424166666666667,False,False
Aktobe,31,2025-09-28,24,1.2995902777777777,1.4417499999999999,False,False
Aktobe,31,2025-09-29,24,1.2994652777777778,1.4422500000000003,False,False
Aktobe,31,2025-09-30,24,1.3004236111111112,1.4435347222222223,False,False
Aktobe,31,2025-10-01,24,1.3033611111111112,1.4445,False,False
Aktobe,31,2025-10-02,24,1.2985416666666667,1.4415624999999999,False,False
Aktobe,31,2025-10-03,24,1.2837222222222222,1.4294722222222196,False,False
Aktobe,31,2025-10-04,24,1.3061458333333333,1.4485416666666666,False,False
Aktobe,31,2025-10-05,24,1.3078055555555557,1.4525902777777777,False,False
Aktobe,31,2025-10-06,24,1.3112291666666667,1.4528263888888888,False,False
Aktobe,31,2025-10-07,24,1.3136180555555554,1.4569305555555554,False,False
Aktobe,31,2025-10-08,24,1.3143888888888888,1.4591458333333334,False,False
Aktobe,31,2025-10-09,24,1.3172777777777778,1.4607986111111113,False,False
Aktobe,31,2025-10-10,24,1.3180347222222222,1.4620138888888887,False,False
Aktobe,31,2025-10-11,24,1.3217083333333333,1.4652916666666667,False,False
Aktobe,31,2025-10-12,24,1.3211041666666667,1.4642222222222223,False,False
Aktobe,31,2025-10-13,24,1.3213125000000001,1.4648958333333333,False,False
Aktobe,31,2025-10-14,24,1.3195,1.4639444444444445,False,False
Aktobe,31,2025-10-15,24,1.3191527777777778,1.463986111111111,False,False
Aktobe,31,2025-10-16,24,1.3168333333333333,1.463236111111111,False,False
Aktobe,31,2025-10-17,24,1.3165416666666665,1.4604791666666668,False,False
Aktobe,31,2025-10-18,24,1.3159305555555554,1.4591319444444446,False,False
Aktobe,31,2025-10-19,24,1.3172152777777777,1.4606875,False,False
Aktobe,31,2025-10-20,24,1.3301944444444445,1.4716805555555554,False,False
Aktobe,31,2025-10-21,24,1.3663263888888888,1.5009722222222222,False,False
Aktobe,31,2025-10-22,24,1.3728055555555556,1.506013888888889,False,False
Aktobe,31,2025-10-23,24,1.370798611111111,1.5032916666666667,False,False
Aktobe,31,2025-10-24,24,1.3698750000000002,1.503875,False,False
Aktobe,31,2025-10-25,24,1.3721944444444445,1.5074791666666665,False,False
Aktobe,31,2025-10-26,24,1.3705,1.5034166666666666,False,False
Aktobe,31,2025-10-27,24,1.3723472222222195,1.5051041666666654,False,False
Aktobe,31,2025-10-28,24,1.373013888888889,1.50575,False,False
Aktobe,31,2025-10-29,24,1.3739236111111113,1.5069375,False,False
Aktobe,31,2025-10-30,24,1.3756041666666665,1.5079375,False,False
Aktobe,31,2025-10-31,24,1.3780000000000001,1.510513888888889,False,False
Aktobe,31,2025-11-01,24,1.3825694444444443,1.5164791666666666,False,False
Aktobe,31,2025-11-02,24,1.3787569444444445,1.5120208333333334,False,False
Aktobe,31,2025-11-03,24,1.3781736111111111,1.5126180555555555,False,False
Aktobe,31,2025-11-04,24,1.3850069444444444,1.5192569444444446,False,False
Aktobe,31,2025-11-05,24,1.3892569444444443,1.5236180555555556,False,False
Aktobe,31,2025-11-06,24,1.3866944444444445,1.5207430555555554,False,False
Aktobe,31,2025-11-07,24,1.3884444444444444,1.5207569444444442,False,False
Aktobe,31,2025-11-08,24,1.38825,1.5196597222222223,False,False
Aktobe,31,2025-11-09,24,1.3879652777777778,1.5216111111111112,False,False
Aktobe,31,2025-11-10,24,1.3914305555555557,1.523736111111111,False,False
Aktobe,31,2025-11-11,24,1.3876180555555555,1.5221180555555556,False,False
Aktobe,31,2025-11-12,24,1.3854583333333332,1.517048611111111,False,False
Aktobe,31,2025-11-13,24,1.3831388888888887,1.5150277777777736,False,False
Aktobe,31,2025-11-14,22,1.3890151515151454,1.5238333333333287,False,False
Aktobe,31,2025-11-15,24,1.4021458333333265,1.533173611111111,False,False
Aktobe,31,2025-11-16,24,1.403013888888889,1.5356319444444404,False,False
Aktobe,31,2025-11-17,23,1.3993913043478217,1.5312898550724596,False,False
Aktobe,31,2025-11-18,24,1.3838680555555554,1.5158958333333334,False,False
Aktobe,31,2025-11-19,24,1.4059374999999916,1.5394930555555486,False,False
Aktobe,31,2025-11-20,22,1.4010378787878681,1.5348409090908952,False,False
Aktobe,31,2025-11-21,23,1.3964999999999868,1.5309927536231869,False,False
Aktobe,31,2025-11-22,23,1.3972971014492694,1.531173913043477,False,False
Aktobe,31,2025-11-23,22,1.3986818181818106,1.5326060606060574,False,False
Aktobe,31,2025-11-24,20,1.4021499999999967,1.5340083333333316,False,False
Aktobe,31,2025-11-25,22,1.4002575757575713,1.5324621212121152,False,False
Aktobe,31,2025-11-26,24,1.4034236111111111,1.536840277777775,False,False
Aktobe,31,2025-11-27,23,1.4045217391304259,1.5369927536231782,False,False
Aktobe,31,2025-11-28,21,1.4114523809523698,1.5423730158730127,False,False
Aktobe,31,2025-11-29,20,1.411816666666665,1.54225,False,False
Aktobe,31,2025-12-02,22,1.4145833333333302,1.5435378787878788,False,False
Aktobe,31,2025-12-03,21,1.4189365079365033,1.5473571428571349,False,False
Aktobe,31,2025-12-04,23,1.41839130434782,1.546028985507242,False,False
Aktobe,31,2025-12-05,23,1.4172536231884059,1.547688405797094,False,False
Aktobe,31,2025-12-06,24,1.4193888888888833,1.5480138888888846,False,False
Aktobe,31,2025-12-07,24,1.416041666666664,1.5483958333333279,False,False
Aktobe,31,2025-12-08,22,1.4203409090909032,1.5564318181818093,False,False
Aktobe,31,2025-12-09,23,1.4325797101449234,1.5729130434782608,False,False
Aktobe,31,2025-12-10,20,1.3562833333333315,1.4989249999999985,False,False
Aktobe,31,2025-12-11,24,1.4045486111111112,1.5457569444444443,False,False
Aktobe,31,2025-12-12,24,1.4216597222222223,1.5625069444444428,False,False
Aktobe,31,2025-12-13,24,1.4472222222222222,1.5850625,False,False
Aktobe,31,2025-12-14,23,1.4493188405797102,1.5847028985507219,False,False
Aktobe,31,2025-12-15,21,1.4140238095238047,1.5506428571428492,False,False
Aktobe,31,2025-12-16,21,1.4070952380952348,1.5410952380952334,False,False
Aktobe,31,2025-12-17,22,1.3838181818181758,1.524121212121206,False,False
Aktobe,31,2025-12-18,23,1.4467536231884044,1.5835797101449232,False,False
Aktobe,31,2025-12-19,23,1.4506086956521695,1.587543478260855,False,False
Aktobe,31,2025-12-20,24,1.4525486111111057,1.5889236111111058,False,False
Aktobe,31,2025-12-21,24,1.3674236111111082,1.508861111111104,False,False
Aktobe,31,2025-12-22,20,1.371791666666655,1.513608333333325,False,False
Atyrau,235,2022-01-01,24,17.874013157894684,18.563352826510677,False,False
Atyrau,235,2022-01-02,24,8.985635964912229,9.24839181286545,False,False
Atyrau,235,2022-01-03,24,4.444675925925879,4.827083333333292,False,False
Atyrau,235,2022-01-04,23,1.380083443126882,2.607861220904661,False,False
Atyrau,235,2022-01-05,21,2.9571428571428093,3.0089042049568,False,False
Atyrau,235,2022-01-12,24,11.075622966999871,11.971990671716425,False,False
Atyrau,235,2022-01-13,24,3.850268932962754,5.1636541430121286,False,False
Atyrau,235,2022-01-14,24,9.9616593567251,12.734880604288442,False,False
Atyrau,235,2022-01-15,24,2.874305555555504,4.047502436647129,False,False
Atyrau,235,2022-01-16,24,0.9238585568326667,1.0576787994891097,False,False
Atyrau,235,2022-01-17,24,1.9766203703703251,2.0446759259258793,False,False
Atyrau,235,2022-01-18,24,1.68443699283925,1.7823422751707667,False,False
Atyrau,235,2022-01-19,24,1.5676002537499834,2.181037949920725,False,False
Atyrau,235,2022-01-20,24,2.83773148148145,4.47200292397655,False,False
Atyrau,235,2022-01-21,24,11.119066764132505,11.969310428849859,False,False
Atyrau,235,2022-01-22,24,3.836256683334375,4.237508252700342,False,False
Atyrau,235,2022-01-23,24,4.42777777777775,5.406130268199187,False,False
Atyrau,235,2022-01-24,23,5.537198067632813,13.958662335498866,False,False
Atyrau,235,2022-01-25,24,7.913425925925883,11.244931773879104,False,False
Atyrau,235,2022-01-26,24,11.065484892787483,14.35818713450287,False,False
Atyrau,235,2022-01-27,24,16.74256864623238,18.68504948914426,False,False
Atyrau,235,2022-01-28,24,15.00341577723038,20.350980090311946,False,False
Atyrau,235,2022-01-29,24,8.995660536735537,9.92852485896992,False,False
Atyrau,235,2022-01-30,24,12.147441496538121,12.620457098023143,False,False
Atyrau,235,2022-01-31,24,4.346392090608354,4.7696596777982,False,False
Atyrau,235,2022-02-01,24,10.372692233114309,12.879884627904495,False,False
Atyrau,235,2022-02-02,24,8.628749567071413,8.917099459921582,False,False
Atyrau,235,2022-02-03,24,11.973403996101313,12.389388401559408,False,False
Atyrau,235,2022-02-04,24,13.32785759897825,18.020679392446592,False,False
Atyrau,235,2022-02-05,24,8.857580311083053,16.12625927334215,False,False
Atyrau,235,2022-02-06,24,3.117129629629583,5.858213601532512,False,False
Atyrau,235,2022-02-07,24,5.489303118908341,10.370455653021404,False,False
Atyrau,235,2022-02-08,24,7.539104860549824,16.12045544264194,False,False
Atyrau,235,2022-02-09,24,8.455936520376133,16.060854231974883,False,False
Atyrau,235,2022-02-10,24,5.232309941520408,9.669907407407367,False,False
Atyrau,235,2022-02-11,24,5.260317460317417,5.816335978835934,False,False
Atyrau,235,2022-02-12,24,2.9932870370369997,3.117608556832646,False,False
Atyrau,235,2022-02-13,24,3.867848020434179,4.184051724137883,False,False
Atyrau,235,2022-02-14,24,3.2030092592592165,7.823379629629588,False,False
Atyrau,235,2022-02-15,24,3.2270589668615544,11.223160331383966,False,False
Atyrau,235,2022-02-17,24,2.5050446998722458,10.40276979565768,False,False
Atyrau,235,2022-02-18,24,1.686842105263121,9.560623781676362,False,False
Atyrau,235,2022-02-19,24,5.39098440545805,9.844322612085724,False,False
Atyrau,235,2022-02-20,24,8.32686754140357,17.78172496845926,False,False
Atyrau,235,2022-02-21,24,6.60370370370365,12.841634738186416,False,False
Atyrau,235,2022-02-22,24,2.267166179337195,3.437780214424912,False,False
Atyrau,235,2022-02-23,24,5.732127192982411,9.783369883040889,False,False
Atyrau,235,2022-02-24,24,7.345656318082754,24.03539803348235,False,False
Atyrau,235,2022-02-25,24,5.305092592592538,15.898842592592546,False,False
Atyrau,235,2022-02-26,24,13.308321150097404,108.51262183235862,False,False
Atyrau,235,2022-02-27,24,37.72986111111108,262.5107212475633,False,False
Atyrau,235,2022-02-28,24,14.93481002554273,22.713441890165985,False,False
Atyrau,235,2022-03-01,23,14.336701393048392,25.51422112793478,False,False
Atyrau,235,2022-03-02,24,12.3913746891174,19.707934227330735,False,False
Atyrau,235,2022-03-03,24,7.236001461988258,28.302509746588644,False,False
Atyrau,235,2022-03-04,24,13.077534113060379,51.679264132553556,False,False
Atyrau,235,2022-03-05,24,1.585648148148117,3.4687499999999662,False,False
Atyrau,235,2022-03-06,24,3.1173776455026085,4.8910383597883165,False,False
Atyrau,235,2022-03-07,24,1.3091130604288124,6.5522904483430375,False,False
Atyrau,235,2022-03-08,24,1.67499999999995,8.14248882503187,False,False
Atyrau,235,2022-03-09,23,1.9124205441138695,10.906356470887317,False,False
Atyrau,235,2022-03-10,24,2.2182870370370082,10.260697751322704,False,False
Atyrau,235,2022-03-11,24,4.262853313840105,10.218189571150045,False,False
Atyrau,235,2022-03-12,24,11.188620857699762,15.069883040935634,False,False
Atyrau,235,2022-03-13,24,8.118908382066229,10.836561890838167,False,False
Atyrau,235,2022-03-14,24,6.320821150097426,16.21588693957111,False,False
Atyrau,235,2022-03-15,24,3.3956993177387544,16.042202729044778,False,False
Atyrau,235,2022-03-16,24,5.601169590643238,11.229702729044796,False,False
Atyrau,235,2022-03-17,24,3.2685709609114837,10.707535044628287,False,False
Atyrau,235,2022-03-18,24,5.081327777513009,10.681497573868787,False,False
Atyrau,235,2022-03-19,24,4.30995370370365,8.931349206349159,False,False
Atyrau,235,2022-03-20,24,4.125462962962921,10.306834795321583,False,False
Atyrau,235,2022-03-21,24,5.408808479532126,27.053691520467783,False,False
Atyrau,235,2022-03-22,24,4.1303971734892455,10.987110136452197,False,False
Atyrau,235,2022-03-23,24,3.8897051656919626,18.671418128654924,False,False
Atyrau,235,2022-03-24,24,1.2657974558042167,8.815166028097012,False,False
Atyrau,235,2022-03-25,24,1.0245773677488408,9.505964744236012,False,False
Atyrau,235,2022-03-26,24,1.636647173489225,7.926510721247513,False,False
Atyrau,235,2022-03-27,24,2.318287037036996,15.809539473684149,False,False
Atyrau,235,2022-03-28,24,2.0666297876823667,10.363462870765458,False,False
Atyrau,235,2022-03-29,24,6.504268055968503,57.56847267651231,False,False
Atyrau,235,2022-03-30,24,6.642129629629596,40.51749512670559,False,False
Atyrau,235,2022-03-31,24,21.70480019493172,93.45880847953212,False,False
Atyrau,235,2022-04-01,24,14.764148217766591,57.726643866610935,False,False
Atyrau,235,2022-04-02,24,18.978898635477538,68.12091861598437,False,False
Atyrau,235,2022-04-03,24,27.6501340155945,112.37526803118904,False,False
Atyrau,235,2022-04-04,24,35.91098927875239,155.98343079922026,False,False
Atyrau,235,2022-04-05,24,8.4074775660415,43.39150828460035,False,False
Atyrau,235,2022-04-06,24,10.095370370370349,60.41465643274848,False,False
Atyrau,235,2022-04-07,23,37.327467581998434,161.4797533689295,False,False
Atyrau,235,2022-04-08,24,28.375499512670515,158.35453216374265,False,False
Atyrau,235,2022-04-09,24,24.301608187134462,85.88005604288493,False,False
Atyrau,235,2022-04-10,24,19.14647904483427,63.373245614035035,False,False
Atyrau,235,2022-04-11,24,5.432249025341079,22.148440545808914,False,False
Atyrau,235,2022-04-12,24,9.142245160314543,34.12569444444439,False,False
Atyrau,235,2022-04-13,24,10.617141812865459,40.37882553606232,False,False
Atyrau,235,2022-04-14,24,13.115448343079876,56.22132066276799,False,False
Atyrau,235,2022-04-15,24,2.485209665585433,13.988931327279126,False,False
Atyrau,235,2022-04-16,24,1.6503898635477166,9.291423001949278,False,False
Atyrau,235,2022-04-17,24,2.491605750487275,7.567397660818667,False,False
Atyrau,235,2022-04-18,24,2.5115264486974582,14.074240209108579,False,False
Atyrau,235,2022-04-19,24,2.148968141870642,18.882092501734526,False,False
Atyrau,235,2022-04-20,24,4.713885948107767,44.55415532365392,False,False
Atyrau,235,2022-04-21,24,10.380060916179296,56.854495614035045,False,False
Atyrau,235,2022-04-22,24,5.695784600389813,29.466812865497022,False,False
Atyrau,235,2022-04-23,24,1.9680799220272496,17.455616471734842,False,False
Atyrau,235,2022-04-24,23,1.1628019323671164,9.545575896262344,False,False
Atyrau,235,2022-04-25,24,0.69281602074863,5.937893008372975,False,False
Atyrau,235,2022-04-26,19,0.621311623088503,5.995417351680395,False,False
Atyrau,235,2022-04-27,24,1.238011695906404,10.876116086642362,False,False
Atyrau,235,2022-04-28,24,6.4026383007326295,32.10625462122736,False,False
Atyrau,235,2022-04-29,23,6.526894641852057,24.009795055721508,False,False
Atyrau,235,2022-04-30,24,17.196832358674417,92.5771564327485,False,False
Atyrau,235,2022-05-01,24,1.879946393762146,7.744517543859597,False,False
Atyrau,235,2022-05-02,24,0.8293859649122458,4.155116959064279,False,False
Atyrau,235,2022-05-03,24,0.8607586374940874,5.478640266854817,False,False
Atyrau,235,2022-05-04,24,1.5206749512670041,9.225438596491188,False,False
Atyrau,235,2022-05-05,24,1.528417219323737,7.961569230815388,False,False
Atyrau,235,2022-05-06,23,8.190921227400539,44.667174443363585,False,False
Atyrau,235,2022-05-07,24,1.6216794380587,15.453751596423963,False,False
Atyrau,235,2022-05-08,24,5.002022417153954,13.666264619882995,False,False
Atyrau,235,2022-05-09,24,2.9546296296295957,10.825389863547704,False,False
Atyrau,235,2022-05-10,24,1.5664351851851501,4.888547758284554,False,False
Atyrau,235,2022-05-11,24,0.9257066276802751,12.980068226120816,False,False
Atyrau,235,2022-05-12,24,1.4094907407407,11.983711013645186,False,False
Atyrau,235,2022-05-13,24,2.2080484976809416,13.688345264502209,False,False
Atyrau,235,2022-05-14,24,2.2902168615983958,13.200060916179302,False,False
Atyrau,235,2022-05-15,24,2.106018518518471,8.232078460038936,False,False
Atyrau,235,2022-05-16,24,1.6907686176363252,10.867945699937188,False,False
Atyrau,235,2022-05-17,24,1.5996466861598,11.993774366471689,False,False
Atyrau,235,2022-05-18,24,1.1248781676412791,10.28881578947363,False,False
Atyrau,235,2022-05-19,24,1.5577903091060499,8.194683758006075,False,False
Atyrau,235,2022-05-20,24,1.8899801587301248,9.210042467279253,False,False
Atyrau,235,2022-05-21,24,0.40663986354773285,5.789965214760984,False,False
Atyrau,235,2022-05-22,24,0.9655092592592333,5.997648635477533,False,False
Atyrau,235,2022-05-23,24,2.9137507433838334,9.266598523143967,False,False
Atyrau,235,2022-05-24,24,1.2265406191884083,9.304439249064513,False,False
Atyrau,235,2022-05-25,24,1.8296418128654544,18.79683235867441,False,False
Atyrau,235,2022-05-26,24,1.5856725146198416,11.767117446393726,False,False
Atyrau,235,2022-05-27,24,1.183260233918079,9.432846003898584,False,False
Atyrau,235,2022-05-28,24,1.0256578947368042,6.7517787524366,False,False
Atyrau,235,2022-06-07,18,0.8836054256009963,10.372168320633195,False,False
Atyrau,235,2022-06-14,19,0.0629415397531977,4.190497039081348,False,False
Atyrau,235,2022-06-18,20,2.051423929447235,11.08600476325217,False,False
Atyrau,235,2022-06-25,24,0.8848075048732417,8.860343567251421,False,False
Atyrau,235,2022-06-26,24,2.803179824561367,11.088915355918475,False,False
Atyrau,235,2022-06-27,24,0.4075779727095208,7.2262548732942955,False,False
Atyrau,235,2022-06-28,24,0.18670808966859,5.795674951267007,False,False
Atyrau,235,2022-06-29,23,1.303410300499425,14.450053514404987,False,False
Atyrau,235,2022-06-30,24,1.8625918499461582,9.860194503295613,False,False
Atyrau,235,2022-07-01,24,2.1233300264549873,14.852744708994658,False,False
Atyrau,235,2022-07-02,24,1.9243055555555166,9.292665692007738,False,False
Atyrau,235,2022-07-03,24,1.2680921052631084,5.729239766081821,False,False
Atyrau,235,2022-07-04,24,1.7617509840400292,8.1205897241626,False,False
Atyrau,235,2022-07-05,20,3.342104297693875,13.745406558849904,False,False
Atyrau,235,2022-07-06,24,2.0342714424950876,13.72765594541905,False,False
Atyrau,235,2022-07-07,24,3.1961230741617874,17.456148113748977,False,False
Atyrau,235,2022-07-08,24,1.0674272486771959,10.631547619047579,False,False
Atyrau,235,2022-07-09,24,0.8757797270954816,8.030092592592545,False,False
Atyrau,235,2022-07-10,24,1.1741593567251027,7.386561890838158,False,False
Atyrau,235,2022-07-11,24,1.782407407407369,10.627046783625683,False,False
Atyrau,235,2022-07-12,24,0.9499025341130217,7.493981481481433,False,False
Atyrau,235,2022-07-13,24,1.3176413255360082,9.732699805068185,False,False
Atyrau,235,2022-07-14,24,6.419030214424904,27.26140350877188,False,False
Atyrau,235,2022-07-15,24,2.3796518655354375,14.05082614942525,False,False
Atyrau,235,2022-07-16,24,1.041227650063825,9.400431034482713,False,False
Atyrau,235,2022-07-17,24,0.4946759259258866,6.461647173489234,False,False
Atyrau,235,2022-07-19,24,2.02149204028585,17.176988304093516,False,False
Atyrau,235,2022-07-20,24,1.1137611749680398,9.623515325670454,False,False
Atyrau,235,2022-07-21,24,1.1279431216930738,7.582490079365034,False,False
Atyrau,235,2022-07-22,24,1.2218880687651459,7.447672408682462,False,False
Atyrau,235,2022-07-23,24,1.29445242656445,9.65057471264363,False,False
Atyrau,235,2022-07-24,23,0.9787689488588521,8.99286190238209,False,False
Atyrau,235,2022-07-25,22,0.7821969696969348,4.366807909604478,False,False
Atyrau,235,2022-07-26,24,0.7119578460038575,4.604562621832312,False,False
Atyrau,235,2022-07-27,24,1.0782041910331,5.5432504873293915,False,False
Atyrau,235,2022-07-28,24,1.7058235867446,9.217044346978513,False,False
Atyrau,235,2022-07-29,24,1.191325536062325,6.695605912930425,False,False
Atyrau,235,2022-07-30,24,0.9028336526180917,6.59628033205615,False,False
Atyrau,235,2022-07-31,24,1.7721003898635026,7.344797758284558,False,False
Atyrau,235,2022-08-01,24,1.9439571150097148,8.22022417153991,False,False
Atyrau,235,2022-08-02,24,1.2454933520908718,8.9443667475817,False,False
Atyrau,235,2022-08-03,24,2.5571326077539083,12.357874431448941,False,False
Atyrau,235,2022-08-04,24,1.8532726692209078,9.230874840357545,False,False
Atyrau,235,2022-08-05,24,0.6153508771929481,7.030226608187088,False,False
Atyrau,235,2022-08-06,24,0.6523148148147856,7.949865984405403,False,False
Atyrau,235,2022-08-07,20,1.0286111111110783,9.534540229885014,False,False
Atyrau,235,2022-08-09,24,13.804096045197694,20.962750151524936,False,False
Atyrau,235,2022-08-10,24,17.19799648786714,27.12480044699868,False,False
Atyrau,235,2022-08-11,24,3.7608187134502455,10.13365219802375,False,False
Atyrau,235,2022-08-12,24,4.577229532163692,14.90727339181282,False,False
Atyrau,235,2022-08-13,24,1.5258040935672126,9.017543859649082,False,False
Atyrau,235,2022-08-14,24,0.7835648148147755,7.421416028097004,False,False
Atyrau,235,2022-08-15,24,0.8995126705652662,8.419407894736809,False,False
Atyrau,235,2022-08-16,21,0.9616578679425872,10.411429218826285,False,False
Atyrau,235,2022-08-17,24,2.4555555555555166,17.942495126705605,False,False
Atyrau,235,2022-08-18,24,5.656912515964187,36.13424329501911,False,False
Atyrau,235,2022-08-19,24,4.410879629629592,32.02943469785571,False,False
Atyrau,235,2022-08-20,24,16.15797131819902,61.43911364858502,False,False
Atyrau,235,2022-08-21,24,0.6965277777777542,6.433413154533795,False,False
Atyrau,235,2022-08-22,24,1.766981390257204,11.038513729246441,False,False
Atyrau,235,2022-08-24,24,3.62245370370365,16.916154970760193,False,False
Atyrau,235,2022-08-25,23,4.284223239257538,15.880076216383411,False,False
Atyrau,235,2022-08-26,24,1.976782214884434,11.279061294650916,False,False
Atyrau,235,2022-08-27,24,4.706249999999965,10.967640485312854,False,False
Atyrau,235,2022-08-28,24,3.4703903225771167,14.785200553868334,False,False
Atyrau,235,2022-08-29,24,3.4427870330494876,14.430762951826395,False,False
Atyrau,235,2022-08-30,24,4.5870614035087165,18.79161793372315,False,False
Atyrau,235,2022-09-01,24,4.895122924648746,17.484802043422693,False,False
Atyrau,235,2022-09-02,24,2.3843568944047875,13.601660870924428,False,False
Atyrau,235,2022-09-03,24,3.287828947368379,15.61638645224167,False,False
Atyrau,235,2022-09-04,24,3.3920948977596166,14.21139366130504,False,False
Atyrau,235,2022-09-05,24,3.4095789011385875,24.106953511103683,False,False
Atyrau,235,2022-09-06,22,3.6902398876093727,17.503393056405198,False,False
Atyrau,235,2022-09-07,24,7.508589871861709,19.223065509316754,False,False
Atyrau,235,2022-09-08,24,1.5585218779636707,10.978547276235988,False,False
Atyrau,235,2022-09-09,24,2.0597100389863168,7.629008284600332,False,False
Atyrau,235,2022-09-10,24,2.1690180311890415,10.438559941520422,False,False
Atyrau,235,2022-09-11,24,1.6702666028096624,12.207606960408626,False,False
Atyrau,235,2022-09-13,24,20.520117663857217,87.74558498692234,False,False
Atyrau,235,2022-09-14,24,42.54493177387909,182.318469785575,False,False
Atyrau,235,2022-09-15,24,11.909339080459725,34.50826947637288,False,False
Atyrau,235,2022-09-16,24,2.3620370370369916,7.276867816091926,False,False
Atyrau,235,2022-09-17,24,2.2025219298245,5.923879142300142,False,False
Atyrau,235,2022-09-18,24,2.694795657726658,7.716387292464833,False,False
Atyrau,235,2022-09-20,24,3.3316498341726164,16.24837332564388,False,False
Atyrau,235,2022-09-21,24,7.814734352649354,21.102117086888388,False,False
Atyrau,235,2022-09-22,24,6.141746341406221,21.64898938304798,False,False
Atyrau,235,2022-09-23,22,5.555107855107809,31.312616516601967,False,False
Atyrau,235,2022-09-24,24,2.6457774584929292,9.610416666666609,False,False
Atyrau,235,2022-09-25,24,0.8541826309067213,6.766379310344784,False,False
Atyrau,235,2022-09-26,21,0.8938271604937762,8.929541446208066,False,False
Atyrau,235,2022-09-27,24,1.3613904853128627,7.655475734355,False,False
Atyrau,235,2022-09-28,24,2.2156858129315355,11.973252998030139,False,False
Atyrau,235,2022-09-30,24,7.77152777777773,31.26716617933718,False,False
Atyrau,235,2022-10-01,24,7.6719588122605,25.33765964240097,False,False
Atyrau,235,2022-10-02,24,18.959003831417583,40.988457854406064,False,False
Atyrau,235,2022-10-03,24,19.56601213282243,80.94063697318003,False,False
Atyrau,235,2022-10-04,24,7.801157407407362,34.42410600255423,False,False
Atyrau,235,2022-10-05,24,6.888943816698009,31.63398090329397,False,False
Atyrau,235,2022-10-06,24,11.710745614035043,33.52040692007793,False,False
Atyrau,235,2022-10-07,24,2.167777628212533,8.66130875351674,False,False
Atyrau,235,2022-10-08,23,1.7187729905538571,8.026114362472317,False,False
Atyrau,235,2022-10-09,24,3.9052396072495292,10.547974939026233,False,False
Atyrau,235,2022-10-10,24,34.578935185185145,180.63350095785438,False,False
Atyrau,235,2022-10-12,24,2.802785759897775,11.370617816091913,False,False
Atyrau,235,2022-10-13,24,1.5897908684546251,5.816786398467383,False,False
Atyrau,235,2022-10-14,24,2.265969547935892,8.695894564333667,False,False
Atyrau,235,2022-10-16,24,3.334844054580858,6.883150584795275,False,False
Atyrau,235,2022-10-17,24,4.611207042931212,9.255973551170863,False,False
Atyrau,235,2022-10-18,24,4.1403095408514,13.766601563028887,False,False
Atyrau,235,2022-10-19,24,3.2302352567820587,13.915947163500617,False,False
Atyrau,235,2022-10-20,24,2.6880847953215916,6.2911549707602,False,False
Atyrau,235,2022-10-21,23,5.776377278600182,9.576079173087948,False,False
Atyrau,235,2022-10-22,24,2.95086500974655,8.882858187134461,False,False
Atyrau,235,2022-10-23,24,6.020238095238046,15.142493386243345,False,False
Atyrau,235,2022-10-24,24,4.575012183235821,7.425913742690008,False,False
Atyrau,235,2022-10-25,23,2.2717474596034872,4.338189238713944,False,False
Atyrau,235,2022-10-26,24,4.247136939571096,12.967800967937038,False,False
Atyrau,235,2022-10-27,24,2.9891203703703333,12.24839181286545,False,False
Atyrau,235,2022-10-28,24,1.5858002712638832,6.103386960932709,False,False
Atyrau,235,2022-10-29,24,3.1726608187133998,6.396247563352776,False,False
Atyrau,235,2022-10-30,24,2.531018518518471,9.913825031928425,False,False
Atyrau,235,2022-10-31,24,4.917020991622787,7.21765374374955,False,False
Atyrau,235,2022-11-01,24,1.7280630335416651,3.2079880016131845,False,False
Atyrau,235,2022-11-02,24,0.5780092592592296,0.7925925925925532,False,False
Atyrau,235,2022-11-03,24,4.289388401559409,14.933455165691951,False,False
Atyrau,235,2022-11-04,24,2.608994708994675,14.180803571428529,False,False
Atyrau,235,2022-11-05,24,2.9894673825367586,8.83599516031453,False,False
Atyrau,235,2022-11-06,24,4.215229885057429,8.092416985951417,False,False
Atyrau,235,2022-11-07,24,15.377897509578501,30.51503831417619,False,False
Atyrau,235,2022-11-08,24,5.934275793650751,14.824706372012363,False,False
Atyrau,235,2022-11-09,23,6.7284670950688,8.2455492510558,False,False
Atyrau,235,2022-11-10,24,6.0,7.0,False,False
Atyrau,235,2022-11-11,24,6.0,7.0,False,False
Atyrau,235,2022-11-12,24,6.0,7.0,False,False
Atyrau,235,2022-11-13,24,6.0,7.0,False,False
Atyrau,235,2022-11-14,24,6.0,7.0,False,False
Atyrau,235,2022-11-15,24,6.0,7.0,False,False
Atyrau,235,2022-11-16,24,6.0,7.0,False,False
Atyrau,235,2022-11-17,24,6.0,7.0,False,False
Atyrau,235,2022-11-19,24,6.0,7.0,False,False
Atyrau,235,2022-11-20,24,6.0,7.0,False,False
Atyrau,235,2022-11-21,24,6.0,7.0,False,False
Atyrau,235,2022-11-22,24,6.0,7.0,False,False
Atyrau,235,2022-11-23,24,6.0,7.0,False,False
Atyrau,235,2022-11-24,24,6.0,7.0,False,False
Atyrau,235,2022-11-25,24,6.0,7.0,False,False
Atyrau,235,2022-11-26,24,6.0,7.0,False,False
Atyrau,235,2022-11-27,23,6.0,7.0,False,False
Atyrau,235,2022-11-28,24,6.0,7.0,False,False
Atyrau,235,2022-11-29,24,6.0,7.0,False,False
Atyrau,235,2022-11-30,24,6.0,7.0,False,False
Atyrau,235,2022-12-01,24,6.0,7.0,False,False
Atyrau,235,2022-12-02,24,6.0,7.0,False,False
Atyrau,235,2022-12-03,24,6.0,7.0,False,False
Atyrau,235,2022-12-04,24,6.0,7.0,False,False
Atyrau,235,2022-12-05,23,6.0,7.0,False,False
Atyrau,235,2022-12-06,24,6.0,7.0,False,False
Atyrau,235,2022-12-07,24,6.0,7.0,False,False
Atyrau,235,2022-12-08,24,6.0,7.0,False,False
Atyrau,235,2022-12-09,24,6.0,7.0,False,False
Atyrau,235,2022-12-10,24,6.0,7.0,False,False
Atyrau,235,2022-12-11,24,6.0,7.0,False,False
Atyrau,235,2022-12-12,24,6.0,7.0,False,False
Atyrau,235,2022-12-13,24,6.0,7.0,False,False
Atyrau,235,2022-12-14,24,6.0,7.0,False,False
Atyrau,235,2022-12-15,24,6.0,7.0,False,False
Atyrau,235,2022-12-16,24,6.0,7.0,False,False
Atyrau,235,2022-12-17,24,6.0,7.0,False,False
Atyrau,235,2022-12-18,24,6.0,7.0,False,False
Atyrau,235,2022-12-19,24,6.0,7.0,False,False
Atyrau,235,2022-12-20,24,6.0,7.0,False,False
Atyrau,235,2022-12-21,24,6.0,7.0,False,False
Atyrau,235,2022-12-22,24,6.0,7.0,False,False
Atyrau,235,2022-12-23,24,6.0,7.0,False,False
Atyrau,235,2022-12-24,24,6.0,7.0,False,False
Atyrau,235,2022-12-25,24,6.0,7.0,False,False
Atyrau,235,2022-12-26,24,6.0,7.0,False,False
Atyrau,235,2022-12-27,24,6.0,7.0,False,False
Atyrau,235,2022-12-28,20,6.04621212121212,7.0719696969696955,False,False
Atyrau,235,2022-12-29,24,6.0,7.0,False,False
Atyrau,235,2022-12-30,24,6.0,7.0,False,False
Atyrau,235,2022-12-31,24,6.0,7.0,False,False
Atyrau,235,2023-01-01,24,6.0,7.0,False,False
Atyrau,235,2023-01-02,24,6.0,7.0,False,False
Atyrau,235,2023-01-03,24,6.0,7.0,False,False
Atyrau,235,2023-01-04,24,6.0,7.0,False,False
Atyrau,235,2023-01-05,24,6.0,7.0,False,False
Atyrau,235,2023-01-06,24,6.0,7.0,False,False
Atyrau,235,2023-01-07,24,6.0,7.0,False,False
Atyrau,235,2023-01-08,24,6.0,7.0,False,False
Atyrau,235,2023-01-09,24,6.0,7.0,False,False
Atyrau,235,2023-01-10,24,6.0,7.0,False,False
Atyrau,235,2023-01-11,24,6.0,7.0,False,False
Atyrau,235,2023-01-12,24,6.0,7.0,False,False
Atyrau,235,2023-01-13,24,6.0,7.0,False,False
Atyrau,235,2023-01-14,24,6.0,7.0,False,False
Atyrau,235,2023-01-15,24,6.0,7.0,False,False
Atyrau,235,2023-01-16,24,6.0,7.0,False,False
Atyrau,235,2023-01-17,24,6.0,7.0,False,False
Atyrau,235,2023-01-18,24,6.0,7.0,False,False
Atyrau,235,2023-01-19,19,6.0,7.0,False,False
Atyrau,235,2023-01-20,24,6.0,7.0,False,False
Atyrau,235,2023-01-21,24,6.0,7.0,False,False
Atyrau,235,2023-01-22,24,6.0,7.0,False,False
Atyrau,235,2023-01-23,24,6.0,7.0,False,False
Atyrau,235,2023-01-24,24,6.0,7.0,False,False
Atyrau,235,2023-01-25,24,6.0,7.0,False,False
Atyrau,235,2023-01-26,24,6.0,7.0,False,False
Atyrau,235,2023-01-27,24,6.0,7.0,False,False
Atyrau,235,2023-01-28,24,6.0,7.0,False,False
Atyrau,235,2023-01-29,24,6.0,7.0,False,False
Atyrau,235,2023-01-30,24,6.0,7.0,False,False
Atyrau,235,2023-01-31,23,6.0,7.0,False,False
Atyrau,235,2023-02-01,24,6.0,7.0,False,False
Atyrau,235,2023-02-02,24,6.0,7.0,False,False
Atyrau,235,2023-02-03,24,6.0,7.0,False,False
Atyrau,235,2023-02-04,24,6.0,7.0,False,False
Atyrau,235,2023-02-05,24,6.0,7.0,False,False
Atyrau,235,2023-02-06,24,6.0,7.0,False,False
Atyrau,235,2023-02-07,24,6.0,7.0,False,False
Atyrau,235,2023-02-08,24,6.0,7.0,False,False
Atyrau,235,2023-02-09,24,6.0,7.0,False,False
Atyrau,235,2023-02-10,24,6.0,7.0,False,False
Atyrau,235,2023-02-11,24,6.0,7.0,False,False
Atyrau,235,2023-02-12,24,6.0,7.0,False,False
Atyrau,235,2023-02-13,24,6.0,7.0,False,False
Atyrau,235,2023-02-14,24,6.0,7.0,False,False
Atyrau,235,2023-02-15,24,6.0,7.0,False,False
Atyrau,235,2023-02-16,24,6.0,7.0,False,False
Atyrau,235,2023-02-17,24,6.0,7.0,False,False
Atyrau,235,2023-02-18,24,6.0,7.0,False,False
Atyrau,235,2023-02-19,24,6.0,7.0,False,False
Atyrau,235,2023-02-20,24,6.0,7.0,False,False
Atyrau,235,2023-02-21,24,6.0,7.0,False,False
Atyrau,235,2023-02-22,24,6.0,7.0,False,False
Atyrau,235,2023-02-23,24,6.0,7.0,False,False
Atyrau,235,2023-02-24,24,6.0,7.0,False,False
Atyrau,235,2023-02-25,24,6.0,7.0,False,False
Atyrau,235,2023-02-26,24,6.0,7.0,False,False
Atyrau,235,2023-02-27,24,6.0,7.0,False,False
Atyrau,235,2023-02-28,24,6.0,7.0,False,False
Atyrau,235,2023-03-01,24,6.0,7.0,False,False
Atyrau,235,2023-03-02,24,6.0,7.0,False,False
Atyrau,235,2023-03-03,24,6.0,7.0,False,False
Atyrau,235,2023-03-04,24,6.0,7.0,False,False
Atyrau,235,2023-03-05,24,6.0,7.0,False,False
Atyrau,235,2023-03-07,24,6.0,7.0,False,False
Atyrau,235,2023-03-08,24,6.0,7.0,False,False
Atyrau,235,2023-03-09,24,6.0,7.0,False,False
Atyrau,235,2023-03-10,24,6.0,7.0,False,False
Atyrau,235,2023-03-11,24,6.0,7.0,False,False
Atyrau,235,2023-03-12,24,6.0,7.0,False,False
Atyrau,235,2023-03-13,24,6.0,7.0,False,False
Atyrau,235,2023-03-14,24,6.0,7.0,False,False
Atyrau,235,2023-03-15,24,6.0,7.0,False,False
Atyrau,235,2023-03-16,24,6.0,7.0,False,False
Atyrau,235,2023-03-17,24,6.0,7.0,False,False
Atyrau,235,2023-03-18,24,6.0,7.0,False,False
Atyrau,235,2023-03-19,24,6.0,7.0,False,False
Atyrau,235,2023-03-20,24,6.0,7.0,False,False
Atyrau,235,2023-03-21,24,6.0,7.0,False,False
Atyrau,235,2023-03-22,24,6.0,7.0,False,False
Atyrau,235,2023-03-23,24,6.0,7.0,False,False
Atyrau,235,2023-03-24,24,6.0,7.0,False,False
Atyrau,235,2023-03-25,24,6.0,7.0,False,False
Atyrau,235,2023-03-26,24,6.0,7.0,False,False
Atyrau,235,2023-03-27,24,6.0,7.0,False,False
Atyrau,235,2023-03-28,24,6.0,7.0,False,False
Atyrau,235,2023-03-29,24,6.0,7.0,False,False
Atyrau,235,2023-03-30,23,6.0,7.0,False,False
Atyrau,235,2023-03-31,24,6.0,7.0,False,False
Atyrau,235,2023-04-01,24,6.0,7.0,False,False
Atyrau,235,2023-04-02,24,6.0,7.0,False,False
Atyrau,235,2023-04-03,22,6.0,7.0,False,False
Atyrau,235,2023-04-05,24,6.0,7.0,False,False
Atyrau,235,2023-04-06,24,6.0,7.0,False,False
Atyrau,235,2023-04-07,20,5.9667763157894695,8.944364035087714,False,False
Atyrau,235,2023-04-08,24,6.970614035087666,26.670711500974615,False,False
Atyrau,235,2023-04-09,24,2.019907407407375,9.528917540498712,False,False
Atyrau,235,2023-04-10,24,2.6359161793371872,14.372088206627632,False,False
Atyrau,235,2023-04-11,24,2.188937621832321,10.589059454190991,False,False
Atyrau,235,2023-04-12,24,65.25393518518514,280.0322368421052,False,False
Atyrau,235,2023-04-13,24,167.9600877192982,586.1333942495127,False,False
Atyrau,235,2023-04-14,24,16.639912280701704,39.21164717348923,False,False
Atyrau,235,2023-04-15,24,1.987914230019446,5.209831871344979,False,False
Atyrau,235,2023-04-16,24,5.49390838206623,12.15924707602335,False,False
Atyrau,235,2023-04-17,24,6.767677608632099,27.561072946559438,False,False
Atyrau,235,2023-04-18,24,5.148460463111446,20.179418084538444,False,False
Atyrau,235,2023-04-19,24,5.764749722499858,34.04118907018655,False,False
Atyrau,235,2023-04-20,24,8.558045938957438,43.344689913458694,False,False
Atyrau,235,2023-04-21,24,62.76307261208573,280.12353801169587,False,False
Atyrau,235,2023-04-22,24,30.728277290448304,110.01580165692002,False,False
Atyrau,235,2023-04-23,24,0.9280092592592171,8.080726120857646,False,False
Atyrau,235,2023-04-24,24,3.8125487329434318,17.424284726152248,False,False
Atyrau,235,2023-04-25,24,59.987902046783574,249.37525584795318,False,False
Atyrau,235,2023-04-26,24,135.82637977898105,443.16385772557436,False,False
Atyrau,235,2023-04-27,23,36.028927374061794,71.75640440117095,False,False
Atyrau,235,2023-04-28,24,6.606267104542916,30.66333983305962,False,False
Atyrau,235,2023-04-29,24,6.952425364393463,30.79401023852192,False,False
Atyrau,235,2023-04-30,24,6.787753460589438,33.446765342530945,False,False
Atyrau,235,2023-05-01,24,26.230328158320457,101.21038942601587,False,False
Atyrau,235,2023-05-02,24,26.502674516278272,99.116071067388,False,False
Atyrau,235,2023-05-03,24,31.2555395913154,114.71000957854402,False,False
Atyrau,235,2023-05-04,24,6.950085282651034,22.41561230729563,False,False
Atyrau,235,2023-05-05,24,9.350945050064759,27.16450541394533,False,False
Atyrau,235,2023-05-06,24,16.02975941375849,50.140083418097994,False,False
Atyrau,235,2023-05-07,24,11.307297434241837,40.34498611523631,False,False
Atyrau,235,2023-05-08,24,4.049113984674287,20.231037884973688,False,False
Atyrau,235,2023-05-09,24,4.425694444444404,20.999936143039545,False,False
Atyrau,235,2023-05-10,24,4.526096491228021,14.862755847953167,False,False
Atyrau,235,2023-05-11,24,4.2556825112131,10.732904775395488,False,False
Atyrau,235,2023-05-12,24,8.155284163473763,27.575119731800715,False,False
Atyrau,235,2023-05-13,24,5.197441520467792,13.53112816764127,False,False
Atyrau,235,2023-05-14,24,7.432590996168529,15.911725734354988,False,False
Atyrau,235,2023-05-15,24,4.005208123277508,7.681087416817857,False,False
Atyrau,235,2023-05-16,18,5.947547108511994,11.866684591427434,False,False
Atyrau,235,2023-05-17,18,4.834751503579045,17.3382122987883,False,False
Atyrau,235,2023-05-29,24,5.5170462213224996,18.530983144246925,False,False
Atyrau,235,2023-05-30,24,8.519527116402076,32.55499338624333,False,False
Atyrau,235,2023-05-31,24,16.074707602339124,49.53778021442491,False,False
Atyrau,235,2023-06-01,24,4.86751949317735,20.670711500974623,False,False
Atyrau,235,2023-06-02,24,3.739649470899421,22.228025793650744,False,False
Atyrau,235,2023-06-03,24,0.9491106237816435,5.951254873294313,False,False
Atyrau,235,2023-06-04,24,1.498903508771899,4.13000730994148,False,False
Atyrau,235,2023-06-05,24,0.7396552219921412,3.8891155273448916,False,False
Atyrau,235,2023-06-06,24,1.3944444444444084,4.743615984405404,False,False
Atyrau,235,2023-06-07,24,0.9233796296296023,4.128959551656875,False,False
Atyrau,235,2023-06-08,24,0.5629629629629328,3.313789682539646,False,False
Atyrau,235,2023-06-10,24,2.6313457854405717,8.396424010217062,False,False
Atyrau,235,2023-06-11,24,3.0886574074073625,10.093462643678121,False,False
Atyrau,235,2023-06-12,24,3.8372685185184747,17.727769795657682,False,False
Atyrau,235,2023-06-13,24,3.3657772904483045,19.10469405623281,False,False
Atyrau,235,2023-06-14,24,1.8050316764132248,12.515996588693922,False,False
Atyrau,235,2023-06-15,24,1.6241660785104208,13.256568444578825,False,False
Atyrau,235,2023-06-16,24,4.542898618957913,18.497696955429962,False,False
Atyrau,235,2023-06-17,24,2.619470908088875,10.088738683531671,False,False
Atyrau,235,2023-06-18,24,2.9103435672514166,7.9440058479531706,False,False
Atyrau,235,2023-06-19,24,1.231249999999979,7.073493342126704,False,False
Atyrau,235,2023-06-20,24,0.37274610136450087,3.7706384015594003,False,False
Atyrau,235,2023-06-21,24,0.8960769980506459,5.119432261208533,False,False
Atyrau,235,2023-06-22,24,0.47539626490895787,3.1074564500941086,False,False
Atyrau,235,2023-06-23,24,0.4298305912402977,4.109003831417583,False,False
Atyrau,235,2023-06-24,24,1.3319444444444,4.434331098339666,False,False
Atyrau,235,2023-06-25,24,1.8189936647173124,5.301669103313792,False,False
Atyrau,235,2023-06-26,24,0.5630435328488342,2.9852233700268336,False,False
Atyrau,235,2023-06-27,24,0.6862330572164096,2.800354542987025,False,False
Atyrau,235,2023-06-28,24,0.3270646783972085,2.810878504420883,False,False
Atyrau,235,2023-06-29,24,1.4755939998543732,4.885923141370358,False,False
Atyrau,235,2023-06-30,24,0.8164888953827885,6.038443648938191,False,False
Atyrau,235,2023-07-01,24,0.9617243858890504,6.218809097407807,False,False
Atyrau,235,2023-07-02,24,1.7320294906336835,3.4325597894471254,False,False
Atyrau,235,2023-07-03,24,1.8654605263157553,5.072270955165641,False,False
Atyrau,235,2023-07-04,24,3.274110623781621,7.431844457887962,False,False
Atyrau,235,2023-07-05,24,1.9430006277463585,4.728585794759921,False,False
Atyrau,235,2023-07-06,24,1.8763993321460417,4.842336978216229,False,False
Atyrau,235,2023-07-07,24,1.4223810883681354,5.997775728394296,False,False
Atyrau,235,2023-07-08,24,1.4803799489144023,5.582950191570833,False,False
Atyrau,235,2023-07-09,24,5.240752923976557,17.70610380116955,False,False
Atyrau,235,2023-07-10,24,2.9388544985711165,17.37327277922733,False,False
Atyrau,235,2023-07-11,24,2.89025816070303,16.503833311686858,False,False
Atyrau,235,2023-07-12,22,0.12806469133176732,4.651201524302009,False,False
Atyrau,235,2023-07-13,24,1.5764447637292083,8.135241060025496,False,False
Atyrau,235,2023-07-14,24,0.4204434697855481,3.4486842105262707,False,False
Atyrau,235,2023-07-15,24,1.652546296296275,6.112340357598929,False,False
Atyrau,235,2023-07-16,24,1.0564936647173295,4.689349144466051,False,False
Atyrau,235,2023-07-17,24,0.12000717424444812,1.9564362060080873,False,False
Atyrau,235,2023-07-18,24,0.9750227620166535,3.1260061396896712,False,False
Atyrau,235,2023-07-19,24,0.9358124924370227,3.292286257943046,False,False
Atyrau,235,2023-07-20,24,0.8219747765006078,4.067816091953975,False,False
Atyrau,235,2023-07-21,24,0.5168981481481184,4.854897660818671,False,False
Atyrau,235,2023-07-25,24,0.4134259259259004,2.7965916347381543,False,False
Atyrau,235,2023-07-26,24,1.3349461305057797,2.542080705448879,False,False
Atyrau,235,2023-07-27,24,1.4931824111744108,6.4081494297889705,False,False
Atyrau,235,2023-07-28,24,0.9814580406792976,6.843628988444792,False,False
Atyrau,235,2023-07-29,24,1.367935191397354,9.819719624284867,False,False
Atyrau,235,2023-07-30,24,0.17853292923210548,3.9940269164271167,False,False
Atyrau,235,2023-07-31,24,0.19412029021346244,3.7963633193980417,False,False
Atyrau,235,2023-08-01,24,0.761480242249375,6.699651462744321,False,False
Atyrau,235,2023-08-02,24,0.43508294294486377,5.320429897028059,False,False
Atyrau,235,2023-08-03,24,0.9950724603979818,7.233145533792708,False,False
Atyrau,235,2023-08-04,24,0.37204977416010143,5.296678888930554,False,False
Atyrau,235,2023-08-05,24,0.9519614297692808,6.588451424562721,False,False
Atyrau,235,2023-08-06,24,0.25260150967589573,4.458576503808325,False,False
Atyrau,235,2023-08-07,24,0.6989396105618632,7.31094092919465,False,False
Atyrau,235,2023-08-08,24,1.024875386897165,9.61805740191698,False,False
Atyrau,235,2023-08-09,24,0.9334323896426701,8.160469303005824,False,False
Atyrau,235,2023-08-10,24,0.709369449542722,5.999126186494954,False,False
Atyrau,235,2023-08-11,24,2.3491561569230166,14.618540438115359,False,False
Atyrau,235,2023-08-12,24,1.280070762880863,9.190230212555813,False,False
Atyrau,235,2023-08-13,24,0.5043596560602165,5.8391143769140506,False,False
Atyrau,235,2023-08-14,24,3.337114312062494,19.311702503225096,False,False
Atyrau,235,2023-08-15,24,3.2436598291597796,21.335772705570648,False,False
Atyrau,235,2023-08-16,24,2.0470313515269383,8.240200617283895,False,False
Atyrau,235,2023-08-17,24,0.836342592592563,5.802984892787488,False,False
Atyrau,235,2023-08-18,24,1.1168662196679018,6.322203597275387,False,False
Atyrau,235,2023-08-19,24,1.3789351851851617,9.019412515964191,False,False
Atyrau,235,2023-08-20,24,1.2150828460038403,7.954861111111062,False,False
Atyrau,235,2023-08-21,24,1.0717592592592193,7.275060916179279,False,False
Atyrau,235,2023-08-22,24,2.0607943469785166,14.208650097465847,False,False
Atyrau,235,2023-08-23,24,2.217690058479492,7.1650462962962544,False,False
Atyrau,235,2023-08-24,24,0.8902899610136125,5.734161793372267,False,False
Atyrau,235,2023-08-25,24,1.89143518518515,6.147538986354738,False,False
Atyrau,235,2023-08-26,24,0.6013152503474056,3.8369508953442,False,False
Atyrau,235,2023-08-27,24,0.419585279985941,2.9478488860031455,False,False
Atyrau,235,2023-08-28,24,0.6377554513198389,4.828627601934787,False,False
Atyrau,235,2023-08-29,24,0.2961626655805332,5.76825924489935,False,False
Atyrau,235,2023-08-30,24,0.6348004084121854,4.8278184198768335,False,False
Atyrau,235,2023-08-31,24,1.288142258087565,7.1399289541164075,False,False
Atyrau,235,2023-09-01,24,0.9075213463481268,6.451327280412166,False,False
Atyrau,235,2023-09-02,24,3.0924226271766613,9.307159673983689,False,False
Atyrau,235,2023-09-03,24,0.9684880404258803,5.667309393984504,False,False
Atyrau,235,2023-09-04,24,1.5813577780924273,8.550264488056841,False,False
Atyrau,235,2023-09-05,24,1.784853169975709,7.52365834950465,False,False
Atyrau,235,2023-09-06,24,2.7577050199625694,15.635899855354458,False,False
Atyrau,235,2023-09-07,24,1.2204671080207,4.679607451196617,False,False
Atyrau,235,2023-09-08,24,0.9718792101921233,3.9753367774201127,False,False
Atyrau,235,2023-09-09,24,1.032374306073288,5.190318619015504,False,False
Atyrau,235,2023-09-10,24,0.6502231956097536,2.692033565520696,False,False
Atyrau,235,2023-09-11,24,1.6441553722557825,4.984365856677742,False,False
Atyrau,235,2023-09-12,24,1.7702496851424667,6.665488515091179,False,False
Atyrau,235,2023-09-13,24,4.597994968873512,11.04860608298616,False,False
Atyrau,235,2023-09-14,24,3.8733419177356123,7.253264380778805,False,False
Atyrau,235,2023-09-15,24,1.334298534166604,3.017665051705,False,False
Atyrau,235,2023-09-16,24,1.4888736943138696,5.4572872780151505,False,False
Atyrau,235,2023-09-17,24,1.5983852683481945,6.760727413916688,False,False
Atyrau,235,2023-09-18,24,2.0319514718593936,4.674925162724484,False,False
Atyrau,235,2023-09-19,24,1.3924141176195544,4.552512456433992,False,False
Atyrau,235,2023-09-20,24,2.179426942969025,6.00609845431842,False,False
Atyrau,235,2023-09-21,24,2.0798395955129165,6.9594671394101875,False,False
Atyrau,235,2023-09-22,24,2.2141620794197956,8.011790282544338,False,False
Atyrau,235,2023-09-23,24,1.9848933622835618,7.019838440666238,False,False
Atyrau,235,2023-09-24,24,7.227309365963358,17.198167041726204,False,False
Atyrau,235,2023-09-25,24,2.5858063275425875,7.464616198657503,False,False
Atyrau,235,2023-09-26,24,2.582483679720525,11.179165247508045,False,False
Atyrau,235,2023-09-27,24,1.6917279789383042,10.655131388801328,False,False
Atyrau,235,2023-09-28,24,1.116093551910904,7.999910864939192,False,False
Atyrau,235,2023-09-29,24,1.9762157019313957,10.140534918654854,False,False
Atyrau,235,2023-09-30,24,2.6087519546302373,11.184632738205146,False,False
Atyrau,235,2023-10-01,24,1.1131546839735373,5.758144011408759,False,False
Atyrau,235,2023-10-02,24,2.6725670072255503,9.769464328386812,False,False
Atyrau,235,2023-10-03,24,7.979925143007505,21.017548053716283,False,False
Atyrau,235,2023-10-04,24,3.268341982967371,5.440345463561542,False,False
Atyrau,235,2023-10-05,24,2.5361471389851586,6.271782803293708,False,False
Atyrau,235,2023-10-06,23,7.305385349766426,12.361356939211369,False,False
Atyrau,235,2023-10-08,24,1.6518518518518273,5.913641863278837,False,False
Atyrau,235,2023-10-09,24,3.7495623362988497,7.640309329219746,False,False
Atyrau,235,2023-10-10,24,1.0697767527054893,3.850223356950679,False,False
Atyrau,235,2023-10-11,24,1.2663154533843874,2.7521152618134956,False,False
Atyrau,235,2023-10-12,24,2.150319284801996,4.129757343550396,False,False
Atyrau,235,2023-10-13,24,2.2579069200779336,6.19432261208572,False,False
Atyrau,235,2023-10-14,24,2.298842592592558,4.372687892570887,False,False
Atyrau,235,2023-10-15,24,7.5232716324709665,19.02135143060094,False,False
Atyrau,235,2023-10-17,24,1.3467353128990736,6.190700830140433,False,False
Atyrau,235,2023-10-18,24,1.284267241379267,3.4373084291187292,False,False
Atyrau,235,2023-10-19,24,2.704199597624825,6.021901751325725,False,False
Atyrau,235,2023-10-20,24,1.4176227240130743,3.5897512197499224,False,False
Atyrau,235,2023-10-21,24,1.7576324770219252,8.016714987436151,False,False
Atyrau,235,2023-10-22,24,1.6130507662834874,3.204126756066367,False,False
Atyrau,235,2023-10-23,24,0.9553198798453004,3.01438620458245,False,False
Atyrau,235,2023-10-24,24,3.818274853801121,6.7452863266923835,False,False
Atyrau,235,2023-10-25,24,2.480787037037014,3.6904361598440114,False,False
Atyrau,235,2023-10-26,24,2.521353463025854,3.3687031922717043,False,False
Atyrau,235,2023-10-27,24,4.479643903966379,5.084268180966174,False,False
Atyrau,235,2023-10-28,24,9.511537744875326,16.147866991829364,False,False
Atyrau,235,2023-10-29,24,7.860877773797685,12.376513664941927,False,False
Atyrau,235,2023-10-30,24,0.323037375073522,3.2359158887540196,False,False
Atyrau,235,2023-10-31,24,2.715022349936143,7.823963164616522,False,False
Atyrau,235,2023-11-01,24,2.221868908382066,4.508442982456141,False,False
Atyrau,235,2023-11-02,24,1.4205043859649125,8.479410331384015,False,False
Atyrau,235,2023-11-03,24,5.519299484587175,25.89415225327915,False,False
Atyrau,235,2023-11-04,24,3.3599658869395714,8.346637426900585,False,False
Atyrau,235,2023-11-05,24,2.15625,5.580175264550264,False,False
Atyrau,235,2023-11-06,24,8.546101364522418,10.33782894736842,False,False
Atyrau,235,2023-11-07,24,4.003240740740741,7.126693469785575,False,False
Atyrau,235,2023-11-08,24,1.3183479532163742,2.6662768031189086,False,False
Atyrau,235,2023-11-09,24,1.743287037037037,3.4586257309941524,False,False
Atyrau,235,2023-11-10,24,2.11650828460039,3.027147295321637,False,False
Atyrau,235,2023-11-11,24,1.773343079922027,2.525,False,False
Atyrau,235,2023-11-12,24,4.720540935672514,5.8659356725146194,False,False
Atyrau,235,2023-11-13,24,2.5752314814814814,4.862743664717349,False,False
Atyrau,235,2023-11-14,24,2.9912875836093256,15.246540359763621,False,False
Atyrau,235,2023-11-15,24,7.766203703703703,18.061196393762184,False,False
Atyrau,235,2023-11-16,24,4.988156655763703,5.637559677206198,False,False
Atyrau,235,2023-11-17,24,4.834623496000538,5.3978826376285545,False,False
Atyrau,235,2023-11-18,24,7.241349902534112,8.088413742690058,False,False
Atyrau,235,2023-11-19,24,1.9063480853735093,3.6088815789473685,False,False
Atyrau,235,2023-11-20,24,1.4523579723791589,5.863963433772756,False,False
Atyrau,235,2023-11-21,24,5.117019980506822,17.266398635477582,False,False
Atyrau,235,2023-11-22,24,6.782041910331384,6.9058845029239775,False,False
Atyrau,235,2023-11-23,24,6.184706993177389,6.266707785087719,False,False
Atyrau,235,2023-11-24,24,8.174744152046783,8.461586257309941,False,False
Atyrau,235,2023-11-25,24,7.1655414578111944,10.122796970329864,False,False
Atyrau,235,2023-11-26,24,4.391126162572347,15.895223214441808,False,False
Atyrau,235,2023-11-27,24,11.874364606747733,24.94074256956021,False,False
Atyrau,235,2023-11-28,24,4.2110813382388965,6.762188518065983,False,False
Atyrau,235,2023-11-29,24,4.246349860395044,5.671378557882339,False,False
Atyrau,235,2023-11-30,24,3.2437500000000004,3.9150584795321635,False,False
Atyrau,235,2023-12-01,24,2.5141203703703705,4.249902534113061,False,False
Atyrau,235,2023-12-02,24,4.0282516783498545,4.550094266898917,False,False
Atyrau,235,2023-12-03,24,7.945687134502925,8.013511208576999,False,False
Atyrau,235,2023-12-04,24,18.572738461030166,25.367094525390687,False,False
Atyrau,235,2023-12-05,24,9.713204508856682,10.306313035002967,False,False
Atyrau,235,2023-12-06,24,12.022928849902534,13.234039961013645,False,False
Atyrau,235,2023-12-07,24,17.147843567251464,19.598318713450293,False,False
Atyrau,235,2023-12-08,24,12.983364514157332,17.14351851851852,False,False
Atyrau,235,2023-12-12,24,8.591678849902534,25.895906432748536,False,False
Atyrau,235,2023-12-13,24,16.78605659629299,72.64890784517793,False,False
Atyrau,235,2023-12-14,24,14.188764500258047,71.16532567761861,False,False
Atyrau,235,2023-12-15,24,2.230324074074074,14.910300925925926,False,False
Atyrau,235,2023-12-16,24,3.4409722222222228,19.21874201787995,False,False
Atyrau,235,2023-12-17,24,23.421264367816093,45.4996088761175,False,False
Atyrau,235,2023-12-18,24,15.24294590643275,16.90872319688109,False,False
Atyrau,235,2023-12-19,24,16.649904335449992,17.42974091545105,False,False
Atyrau,235,2023-12-20,24,11.268747899442092,11.762729380923574,False,False
Atyrau,235,2023-12-21,24,4.711817738791423,8.089473684210526,False,False
Atyrau,235,2023-12-22,24,14.273414940364093,16.717046217694925,False,False
Atyrau,235,2023-12-23,24,31.391323099415203,36.833823099415206,False,False
Atyrau,235,2023-12-24,24,20.027590158793632,21.43802184266921,False,False
Atyrau,235,2023-12-25,24,5.0121414090634895,5.387307071877093,False,False
Atyrau,235,2023-12-26,24,5.662630471030442,5.829507214018904,False,False
Atyrau,235,2023-12-27,24,3.796625432714068,6.764143864944606,False,False
Atyrau,235,2023-12-28,24,2.1298097198371893,4.567246630568011,False,False
Atyrau,235,2023-12-29,24,3.7888157894736842,3.850389863547758,False,False
Atyrau,235,2023-12-30,24,5.713409391534392,6.614070767195767,False,False
Atyrau,235,2023-12-31,24,16.458484993614302,17.440644955300126,False,False
Atyrau,235,2024-01-01,24,6.377326998050683,6.485891812865497,False,False
Atyrau,235,2024-01-02,24,6.005287524366472,6.640704191033138,False,False
Atyrau,235,2024-01-03,24,8.211440058479532,8.879044834307992,False,False
Atyrau,235,2024-01-04,24,6.817884990253411,7.276449805068226,False,False
Atyrau,235,2024-01-05,24,12.18345991508904,19.119410785674166,False,False
Atyrau,235,2024-01-06,24,6.1038864522417144,14.20720029239766,False,False
Atyrau,235,2024-01-07,24,19.584216101694917,19.62727165725047,False,False
Atyrau,235,2024-01-08,24,31.412049220272905,31.717677875243666,False,False
Atyrau,235,2024-01-09,24,11.347746101364523,11.400060916179337,False,False
Atyrau,235,2024-01-10,24,14.35214947089946,14.647073412698402,False,False
Atyrau,235,2024-01-11,18,26.105508215604985,26.839626905251723,False,False
Atyrau,235,2024-01-12,24,7.2857699805068235,7.803131091617934,False,False
Atyrau,235,2024-01-13,24,6.166313352826511,6.384661306042886,False,False
Atyrau,235,2024-01-14,24,6.053108465608466,6.303174603174603,False,False
Atyrau,235,2024-01-15,24,8.229655854561072,8.63126484059629,False,False
Atyrau,235,2024-01-16,24,6.820821150097466,8.568092105263156,False,False
Atyrau,235,2024-01-17,24,7.947457025024858,17.085612846051713,False,False
Atyrau,235,2024-01-18,24,9.66036877394636,11.33286238825032,False,False
Atyrau,235,2024-01-19,24,6.573627075351214,7.858812260536399,False,False
Atyrau,235,2024-01-20,24,6.957760721247563,14.108759746588694,False,False
Atyrau,235,2024-01-21,24,3.9717592592592594,14.483939974457217,False,False
Atyrau,235,2024-01-22,24,8.219580140485313,9.005276181353768,False,False
Atyrau,235,2024-01-23,24,12.25971424010217,12.418510536398466,False,False
Atyrau,235,2024-01-24,24,8.619643150102023,8.870411142555396,False,False
Atyrau,235,2024-01-25,24,11.512042402732177,12.172221516341997,False,False
Atyrau,235,2024-01-26,24,7.383169008656935,7.9274400808663765,False,False
Atyrau,235,2024-01-27,24,4.614172328041948,6.053568108958121,False,False
Atyrau,235,2024-01-28,24,3.0244215857285464,7.078179259237594,False,False
Atyrau,235,2024-01-29,24,4.304278416347382,4.614989609714916,False,False
Atyrau,235,2024-01-30,24,5.856944444444444,6.167512771392082,False,False
Atyrau,235,2024-01-31,24,16.69569111270239,17.012264043044116,False,False
Atyrau,235,2024-02-01,24,13.39027468034493,13.594253023094458,False,False
Atyrau,235,2024-02-02,24,40.930351577900346,41.499885187438544,False,False
Atyrau,235,2024-02-03,24,22.298732943469787,22.60615253411306,False,False
Atyrau,235,2024-02-04,24,6.032040649996639,6.482077199704242,False,False
Atyrau,235,2024-02-05,24,7.2465881843135564,7.54913904674065,False,False
Atyrau,235,2024-02-06,24,3.997090752009616,4.33515899822993,False,False
Atyrau,235,2024-02-07,24,2.958796296296296,2.9969907407407406,False,False
Atyrau,235,2024-02-08,24,5.616131864623244,6.781784802043423,False,False
Atyrau,235,2024-02-09,24,3.634448602113323,4.085605775943827,False,False
Atyrau,235,2024-02-10,24,2.28185883004646,2.2864353327787006,False,False
Atyrau,235,2024-02-11,19,6.160882552228266,6.208696195948622,False,False
Atyrau,235,2024-02-12,24,7.030307496884287,7.520122311699102,False,False
Atyrau,235,2024-02-13,24,10.963766988009654,12.500146962828827,False,False
Atyrau,235,2024-02-14,24,15.747282268170425,17.14686281676413,False,False
Atyrau,235,2024-02-15,24,10.124480401466705,13.976498513848568,False,False
Atyrau,235,2024-02-16,24,5.730190813256272,8.658760579691322,False,False
Atyrau,235,2024-02-17,24,1.956712962962963,5.147733918128655,False,False
Atyrau,235,2024-02-18,24,1.764351851851852,4.180491698595147,False,False
Atyrau,235,2024-02-19,24,1.6442426136889876,4.617139355230254,False,False
Atyrau,235,2024-02-20,24,2.4947158365261815,6.053552043422734,False,False
Atyrau,235,2024-02-21,24,5.071539961013645,7.863243177387915,False,False
Atyrau,235,2024-02-22,24,5.0558206958073155,8.607135659298907,False,False
Atyrau,235,2024-02-23,24,6.126301085568326,9.893574393358877,False,False
Atyrau,235,2024-02-24,24,8.065582358674463,11.745138888888889,False,False
Atyrau,235,2024-02-25,24,18.990057783089394,23.520797599102195,False,False
Atyrau,235,2024-02-26,24,9.13385716237005,13.8671850372157,False,False
Atyrau,235,2024-02-27,24,3.813425925925926,8.032212475633528,False,False
Atyrau,235,2024-02-28,24,6.374537037037037,8.393762183235866,False,False
Atyrau,235,2024-02-29,24,5.826726238488942,9.581526013309135,False,False
Atyrau,235,2024-03-01,24,3.3723585992451923,5.530325411440064,False,False
Atyrau,235,2024-03-02,24,2.638486842105263,4.353618421052632,False,False
Atyrau,235,2024-03-03,24,8.450865009746588,9.691240253411307,False,False
Atyrau,235,2024-03-04,24,4.511222860791826,6.65363858640855,False,False
Atyrau,235,2024-03-05,24,4.032453455909076,8.914908150791291,False,False
Atyrau,235,2024-03-06,24,7.978216374269006,11.692105263157893,False,False
Atyrau,235,2024-03-07,24,11.074768518518518,14.175367177522348,False,False
Atyrau,235,2024-03-08,24,5.576819923371648,7.1826867816091955,False,False
Atyrau,235,2024-03-09,24,8.046198830409358,14.127875243664718,False,False
Atyrau,235,2024-03-10,24,13.10891812865497,14.3156432748538,False,False
Atyrau,235,2024-03-11,24,9.145837394411956,9.49276721897336,False,False
Atyrau,235,2024-03-12,24,11.356239495235785,13.34522416956529,False,False
Atyrau,235,2024-03-13,24,10.761927387914229,13.27910575048733,False,False
Atyrau,235,2024-03-14,24,9.914224137931035,12.024656768837803,False,False
Atyrau,235,2024-03-15,24,3.3386574074074074,5.361805555555556,False,False
Atyrau,235,2024-03-16,24,1.7892183335322434,4.914411027568922,False,False
Atyrau,235,2024-03-17,24,1.916898148148148,3.437634015594542,False,False
Atyrau,235,2024-03-18,24,2.464088441890166,3.381712962962963,False,False
Atyrau,235,2024-03-19,24,8.616163793103448,10.05595466155811,False,False
Atyrau,235,2024-03-20,24,14.84109993614304,16.174720625798212,False,False
Atyrau,235,2024-03-21,24,3.484527290448343,8.818871832358674,False,False
Atyrau,235,2024-03-22,24,2.8040469348659003,7.310225095785441,False,False
Atyrau,235,2024-03-23,24,18.931371832358675,25.381518031189085,False,False
Atyrau,235,2024-03-24,24,12.216898148148148,18.072344054580896,False,False
Atyrau,235,2024-03-25,24,8.25576907501686,11.842641431790945,False,False
Atyrau,235,2024-03-26,24,9.116985787188488,13.694373814085813,False,False
Atyrau,235,2024-03-27,24,4.048629903180465,4.139646384381422,False,False
Atyrau,235,2024-03-28,24,0.3613425925925926,0.8979763296317942,False,False
Atyrau,235,2024-03-29,24,0.9152777777777779,5.86712962962963,False,False
Atyrau,235,2024-03-30,24,1.5449755536469534,7.100740992006205,False,False
Atyrau,235,2024-03-31,24,0.5832480506822612,3.225684476342371,False,False
Atyrau,235,2024-04-01,24,2.554751461988304,12.31424579778225,False,False
Atyrau,235,2024-04-02,24,1.5145467836257314,7.443421052631579,False,False
Atyrau,235,2024-04-03,24,1.9417784163473817,7.691091954022988,False,False
Atyrau,235,2024-04-04,24,2.2045781893004115,8.39375443451114,False,False
Atyrau,235,2024-04-05,24,4.50625,12.296112707535123,False,False
Atyrau,235,2024-04-06,24,2.409321844818062,8.926630627973276,False,False
Atyrau,235,2024-04-07,24,3.3020833333333335,10.243786549707602,False,False
Atyrau,235,2024-04-08,24,7.954030970625798,23.941882183908046,False,False
Atyrau,235,2024-04-09,24,5.595370370370371,13.361586257309943,False,False
Atyrau,235,2024-04-10,24,4.829637611749681,24.211749680715197,False,False
Atyrau,235,2024-04-11,24,1.7381944444444446,6.562603767560664,False,False
Atyrau,235,2024-04-12,24,5.44992017879949,20.8419380587484,False,False
Atyrau,235,2024-04-13,24,6.933868135376756,24.72956577266922,False,False
Atyrau,235,2024-04-14,24,1.0006944444444443,5.79404533844189,False,False
Atyrau,235,2024-04-15,24,2.696344189016603,7.291107918263091,False,False
Atyrau,235,2024-04-16,24,2.774805068226121,9.297794834307991,False,False
Atyrau,235,2024-04-17,24,4.1617999066364755,14.867838918288996,False,False
Atyrau,235,2024-04-18,24,2.3705312303829253,13.69192760580261,False,False
Atyrau,235,2024-04-19,24,3.406238398791197,16.00165780930527,False,False
Atyrau,235,2024-04-20,24,3.560569679849341,12.417659010402653,False,False
Atyrau,235,2024-04-21,24,2.8981335558065378,10.034403434392678,False,False
Atyrau,235,2024-04-22,24,4.565803904674625,16.092914095966663,False,False
Atyrau,235,2024-04-23,24,2.928491568716584,15.32616944823257,False,False
Atyrau,235,2024-04-24,24,1.8408885470680236,12.731285742986493,False,False
Atyrau,235,2024-04-25,24,1.217516954669798,4.8675121074967365,False,False
Atyrau,235,2024-04-26,24,3.467865131687624,10.408335540799683,False,False
Atyrau,235,2024-04-27,24,1.5333160447249174,9.007511386801854,False,False
Atyrau,235,2024-04-28,19,2.383412795594052,11.256326903809049,False,False
Atyrau,235,2024-04-29,24,4.087686720592038,20.24240049912027,False,False
Atyrau,235,2024-04-30,24,2.96877630845481,10.697587667492305,False,False
Atyrau,235,2024-05-01,24,1.696137386507031,4.8280751984688814,False,False
Atyrau,235,2024-05-02,24,0.698389470543256,5.091345951257374,False,False
Atyrau,235,2024-05-03,24,0.891110333238664,7.814165907612465,False,False
Atyrau,235,2024-05-04,24,0.9197918800598104,2.6396937922540404,False,False
Atyrau,235,2024-05-05,24,2.9443516873302897,5.172233670813191,False,False
Atyrau,235,2024-05-06,24,0.8088020038032683,4.694552108179491,False,False
Atyrau,235,2024-05-07,24,2.760635288065844,8.274883988520685,False,False
Atyrau,235,2024-05-08,24,1.3189186043569585,3.465774612054034,False,False
Atyrau,235,2024-05-09,24,0.7616881891915828,5.879174367747434,False,False
Atyrau,235,2024-05-10,24,1.4576692660757138,12.092506401429034,False,False
Atyrau,235,2024-05-11,24,4.196285321699092,17.608774196958752,False,False
Atyrau,235,2024-05-12,24,1.9846257011781152,8.913168156861607,False,False
Atyrau,235,2024-05-13,24,6.204978493307805,36.23696391154183,False,False
Atyrau,235,2024-05-14,24,0.6003746208477999,11.292740158988792,False,False
Atyrau,235,2024-05-15,24,0.7867960906872485,9.322648900803987,False,False
Atyrau,235,2024-05-16,24,1.3146894858594556,9.669610819548296,False,False
Atyrau,235,2024-05-17,24,4.346879395478321,39.93552961068372,False,False
Atyrau,235,2024-05-18,24,1.7291295360440964,13.852064127510117,False,False
Atyrau,235,2024-05-19,24,1.254973921640288,11.371703001782507,False,False
Atyrau,235,2024-05-20,24,0.9640943429377026,8.522553456250177,False,False
Atyrau,235,2024-05-21,24,4.454252424045506,13.783874889817113,False,False
Atyrau,235,2024-05-22,24,2.615739422230975,19.211932138276726,False,False
Atyrau,235,2024-05-23,24,1.6712909650519105,12.381665545683333,False,False
Atyrau,235,2024-05-24,24,1.721333515572864,20.358203516541806,False,False
Atyrau,235,2024-05-25,24,1.5531270561706725,7.6656268999794,False,False
Atyrau,235,2024-05-26,24,1.1145682462386386,6.169619541053648,False,False
Atyrau,235,2024-05-27,24,0.830030475145075,7.336752411529854,False,False
Atyrau,235,2024-05-28,24,1.2970959888309246,5.556715148533926,False,False
Atyrau,235,2024-05-29,24,2.052924200313987,8.140373701095024,False,False
Atyrau,235,2024-05-30,24,0.8698040064982756,6.3050590424123945,False,False
Atyrau,235,2024-05-31,24,0.9152034180278282,7.780211118649384,False,False
Atyrau,235,2024-06-01,24,4.386782881199913,26.255532881199912,False,False
Atyrau,235,2024-06-02,24,2.5376622564286406,10.966508331279455,False,False
Atyrau,235,2024-06-03,24,3.1340565906900117,9.013346162898172,False,False
Atyrau,235,2024-06-04,24,1.5512948060473788,6.088331986708458,False,False
Atyrau,235,2024-06-05,24,1.3256087991302041,6.254408406803841,False,False
Atyrau,235,2024-06-06,24,1.7121215023641099,8.412482830843734,False,False
Atyrau,235,2024-06-07,24,2.6243407737230604,13.294078509455503,False,False
Atyrau,235,2024-06-08,24,1.057952323441442,5.251153094087867,False,False
Atyrau,235,2024-09-02,24,2.267616538952746,14.335871672222025,False,False
Atyrau,235,2024-09-03,24,3.6705921465622624,14.611100223812665,False,False
Atyrau,235,2024-09-04,24,2.9045002462262706,14.637834073772835,False,False
Atyrau,235,2024-09-05,24,1.8730415389102564,14.379426922347953,False,False
Atyrau,235,2024-09-06,24,1.3738319030867931,5.71457786313728,False,False
Atyrau,235,2024-09-07,18,4.910098320313337,20.41842677069044,False,False
Atyrau,235,2024-09-08,23,4.93991501517001,18.96263275466092,False,False
Atyrau,235,2024-09-09,24,3.5630187167542213,15.135408819836785,False,False
Atyrau,235,2024-09-10,24,0.6105725707866654,7.809211406843869,False,False
Atyrau,235,2024-09-11,24,1.8602859478799603,16.170846086212023,False,False
Atyrau,235,2024-09-12,24,4.548313085882605,22.411003040704212,False,False
Atyrau,235,2024-09-13,24,2.8084031279599753,11.959276215087966,False,False
Atyrau,235,2024-09-14,24,2.704848639798731,9.433527944530185,False,False
Atyrau,235,2024-09-15,24,2.131376998630682,7.340009971640764,False,False
Atyrau,235,2024-09-16,24,1.3952395356206608,9.618461023247773,False,False
Atyrau,235,2024-09-17,24,1.5426730502412138,13.557182102682752,False,False
Atyrau,235,2024-09-18,24,1.5248781676413257,10.315923489278752,False,False
Atyrau,235,2024-09-19,24,3.254666611608906,16.326436782449754,False,False
Atyrau,235,2024-09-20,24,3.817367413798831,14.491190093549337,False,False
Atyrau,235,2024-09-22,24,2.382479669881461,11.242633238001583,False,False
Atyrau,235,2024-09-24,24,2.426948245888522,23.743917597703746,False,False
Atyrau,235,2024-09-26,22,1.108144842075326,5.5395738372508765,False,False
Atyrau,235,2024-09-27,24,3.8515402545100716,9.540197446906411,False,False
Atyrau,235,2024-09-28,24,5.884733800330491,12.35087063819023,False,False
Atyrau,235,2024-09-29,24,0.9615187283130431,6.0760941831877915,False,False
Atyrau,235,2024-09-30,24,2.122047547650068,12.763697893214562,False,False
Atyrau,235,2024-10-01,24,3.085872066226121,11.50160704348407,False,False
Atyrau,235,2024-10-02,24,2.5274755467940992,12.022607088103728,False,False
Atyrau,235,2024-10-03,24,7.818516985328999,225.05526506650287,False,False
Atyrau,235,2024-10-04,24,3.2543454714787026,15.154075209460935,False,False
Atyrau,235,2024-10-05,24,3.360696119286699,17.87347256884883,False,False
Atyrau,235,2024-10-06,24,4.600870489555043,19.43639489123104,False,False
Atyrau,235,2024-10-07,24,13.270716743214455,23.818054214351875,False,False
Atyrau,235,2024-10-08,24,2.917735608543731,17.625704285024206,False,False
Atyrau,235,2024-10-09,24,7.172222222222223,12.896539961013646,False,False
Atyrau,235,2024-10-10,24,9.406127341659232,11.034969397363463,False,False
Atyrau,235,2024-10-11,24,6.34185482611111,9.22905652365886,False,False
Atyrau,235,2024-10-12,24,3.9734770955165692,6.369468810916179,False,False
Atyrau,235,2024-10-13,24,1.3381944444444445,3.6494030214424953,False,False
Atyrau,235,2024-10-14,24,2.3883266015792777,5.098449631611986,False,False
Atyrau,235,2024-10-15,24,1.4661808063968387,4.350416020775752,False,False
Atyrau,235,2024-10-16,24,1.0676516538077567,4.964691936125846,False,False
Atyrau,235,2024-10-17,24,3.8911543715846992,7.757388576176324,False,False
Atyrau,235,2024-10-18,24,2.7471090626755217,4.157642090328244,False,False
Atyrau,235,2024-10-19,24,4.380490015230568,10.254375153096513,False,False
Atyrau,235,2024-10-20,24,5.308413524684949,6.157811712101098,False,False
Atyrau,235,2024-10-21,24,7.822838523354933,8.24621717862258,False,False
Atyrau,235,2024-10-22,24,11.654534046799375,12.436598341153124,False,False
Atyrau,235,2024-10-23,24,5.953257856602007,7.526246660579716,False,False
Atyrau,235,2024-10-24,24,2.7795359134250965,5.927568140262262,False,False
Atyrau,235,2024-10-25,24,1.7982152485348,4.260068615042916,False,False
Atyrau,235,2024-10-26,24,1.519538669741349,2.5742570550127946,False,False
Atyrau,235,2024-10-27,24,0.3881302404579101,1.2515568773253052,False,False
Atyrau,235,2024-10-28,24,5.802486355072765,8.258115076754878,False,False
Atyrau,235,2024-10-29,24,3.3081474991851962,6.700382878690063,False,False
Atyrau,235,2024-10-30,24,11.973272978252176,12.707375963123603,False,False
Atyrau,235,2024-10-31,24,8.683260233918128,10.506274366471734,False,False
Atyrau,235,2024-11-01,24,3.8004250328887355,4.887776733500417,False,False
Atyrau,235,2024-11-02,24,3.504325048732943,5.246401324191705,False,False
Atyrau,235,2024-11-03,24,0.3103937335167985,0.6827415973327581,False,False
Atyrau,235,2024-11-04,24,4.134968594325319,6.445884773662551,False,False
Atyrau,235,2024-11-05,24,3.000388251125269,5.090678717393918,False,False
Atyrau,235,2024-11-06,24,9.788912835249043,9.970705619412517,False,False
Atyrau,235,2024-11-07,24,3.307643510116287,6.518803354170868,False,False
Atyrau,235,2024-11-08,24,4.797754387683179,6.722683451276478,False,False
Atyrau,235,2024-11-09,24,2.9861963937621834,4.145577485380117,False,False
Atyrau,235,2024-11-10,24,4.4781000055787645,4.7086181854446245,False,False
Atyrau,235,2024-11-11,24,4.253064293876453,5.495656886469046,False,False
Atyrau,235,2024-11-12,24,11.046296296296296,13.76645955165692,False,False
Atyrau,235,2024-11-13,24,2.598885515785244,7.808951188716374,False,False
Atyrau,235,2024-11-14,24,3.017415070030491,8.635274137574113,False,False
Atyrau,235,2024-11-15,24,4.438546708138476,7.190411880957725,False,False
Atyrau,235,2024-11-16,24,8.186493543414622,10.619437470658388,False,False
Atyrau,235,2024-11-17,24,10.275756402347143,11.19048749876464,False,False
Atyrau,235,2024-11-18,24,8.246741845333691,8.87516361010981,False,False
Atyrau,235,2024-11-19,24,22.201929600976598,23.14656850723959,False,False
Atyrau,235,2024-11-20,24,27.57672433018549,28.318912973229192,False,False
Atyrau,235,2024-11-21,24,10.307469890104507,10.845817483021795,False,False
Atyrau,235,2024-11-22,24,17.52796766109214,18.54003080913206,False,False
Atyrau,235,2024-11-23,24,10.558990672896384,12.037443987028324,False,False
Atyrau,235,2024-11-24,24,4.142996683992545,5.30009292286353,False,False
Atyrau,235,2024-11-25,24,1.5037986221808153,5.908504267772121,False,False
Atyrau,235,2024-11-26,24,1.8420729819476358,4.770060778594346,False,False
Atyrau,235,2024-11-27,24,5.760372288381105,8.732682702306567,False,False
Atyrau,235,2024-11-28,24,10.549403626687996,18.18746981605094,False,False
Atyrau,235,2024-11-29,24,13.115813840155946,16.969310428849905,False,False
Atyrau,235,2024-11-30,24,22.27770467836257,23.20164473684211,False,False
Atyrau,235,2024-12-01,24,14.867019980506823,15.42634015594542,False,False
Atyrau,235,2024-12-02,24,10.511953108078838,13.452925330301062,False,False
Atyrau,235,2024-12-03,24,3.5361111111111114,5.6372685185185185,False,False
Atyrau,235,2024-12-04,24,7.652456835780136,8.511674439907996,False,False
Atyrau,235,2024-12-05,24,9.656430759438278,15.467027190993356,False,False
Atyrau,235,2024-12-06,24,14.321268668619402,15.397185405098961,False,False
Atyrau,235,2024-12-07,24,13.812402534113062,15.515411793372317,False,False
Atyrau,235,2024-12-08,24,12.996527777777777,15.09775828460039,False,False
Atyrau,235,2024-12-09,24,5.930467439593813,8.257035960378984,False,False
Atyrau,235,2024-12-10,24,6.821174253881824,8.210376265936226,False,False
Atyrau,235,2024-12-11,24,9.97337962962963,14.288511208576999,False,False
Atyrau,235,2024-12-12,24,30.187292884990253,44.5050925925926,False,False
Atyrau,235,2024-12-13,24,5.720794377532127,5.787524175511925,False,False
Atyrau,235,2024-12-14,24,3.1943150500773005,3.3514909760032268,False,False
Atyrau,235,2024-12-15,24,3.8696759259259257,4.189680799220273,False,False
Atyrau,235,2024-12-16,24,5.891325536062379,11.275365497076024,False,False
Atyrau,235,2024-12-17,24,11.923400577453258,12.65814851984009,False,False
Atyrau,235,2024-12-18,24,2.894675925925926,3.019615009746589,False,False
Atyrau,235,2024-12-19,24,10.535978923001949,10.9223068957115,False,False
Atyrau,235,2024-12-20,24,7.740781571044729,8.007241122701648,False,False
Atyrau,235,2024-12-21,24,11.92976364522417,11.945504385964911,False,False
Atyrau,235,2024-12-22,24,6.625674827369743,6.725674827369743,False,False
Atyrau,235,2024-12-23,24,5.061422506360063,5.153453018138567,False,False
Atyrau,235,2024-12-24,24,6.548328885908915,7.687236481682343,False,False
Atyrau,235,2024-12-25,24,22.288658021416637,29.403933343157473,False,False
Atyrau,235,2024-12-26,24,20.70868664717349,21.35952729044834,False,False
Atyrau,235,2024-12-27,24,7.507407407407407,7.749619708994708,False,False
Atyrau,235,2024-12-28,24,5.606396198830409,5.673343079922027,False,False
Atyrau,235,2024-12-29,24,3.3442129629629633,3.353703703703704,False,False
Atyrau,235,2024-12-30,24,7.346531701192718,7.454727715003139,False,False
Atyrau,235,2024-12-31,24,13.263438109161791,14.347002923976609,False,False
Atyrau,235,2025-01-01,24,13.060075536062378,13.066788499025341,False,False
Atyrau,235,2025-01-02,24,11.001425438596492,11.175730994152048,False,False
Atyrau,235,2025-01-03,24,2.9929038952745852,3.186738757814075,False,False
Atyrau,235,2025-01-04,24,12.05537658802178,14.24992017879949,False,False
Atyrau,235,2025-01-05,24,10.660407993854692,14.701636064030131,False,False
Atyrau,235,2025-01-06,24,4.794445032600659,5.192243759942641,False,False
Atyrau,235,2025-01-07,24,2.4682689722390267,4.953373496000538,False,False
Atyrau,235,2025-01-08,24,4.486566440860252,6.424943185248985,False,False
Atyrau,235,2025-01-09,24,8.618567251461988,14.58960769980507,False,False
Atyrau,235,2025-01-10,24,10.737263732247285,15.316758911166808,False,False
Atyrau,235,2025-01-11,24,9.655245147893888,12.518359077040428,False,False
Atyrau,235,2025-01-12,24,11.81192594244557,13.240748587570621,False,False
Atyrau,235,2025-01-13,24,28.111622807017543,30.45805311890838,False,False
Atyrau,235,2025-01-14,24,25.927022417153996,27.6208089668616,False,False
Atyrau,235,2025-01-15,24,13.754446881091619,13.756810428849903,False,False
Atyrau,235,2025-01-16,24,14.92012670565302,14.923830409356725,False,False
Atyrau,235,2025-01-17,24,9.73525828460039,9.771454678362574,False,False
Atyrau,235,2025-01-18,24,3.3737433862433863,3.402215608465609,False,False
Atyrau,235,2025-01-19,24,1.5510964912280703,2.136622807017544,False,False
Atyrau,235,2025-01-20,24,3.9061622394026494,3.925606683847094,False,False
Atyrau,235,2025-01-21,24,3.0434243565599495,3.786683929692405,False,False
Atyrau,235,2025-01-22,24,2.6479931269745243,4.991620454392687,False,False
Atyrau,235,2025-01-23,24,3.6442007797270954,4.730073114691989,False,False
Atyrau,235,2025-01-24,24,8.5251436085432,39.39306738781617,False,False
Atyrau,235,2025-01-25,24,35.72885695238933,119.00742932669124,False,False
Atyrau,235,2025-01-26,24,32.642291050130034,79.39283504034042,False,False
Atyrau,235,2025-01-27,24,4.81314807941247,10.823687688449219,False,False
Atyrau,235,2025-01-28,24,7.71679596508168,10.959449701710739,False,False
Atyrau,235,2025-01-29,24,18.969599813507077,20.037514858014084,False,False
Atyrau,235,2025-01-30,24,10.188564235203243,10.875713570202214,False,False
Atyrau,235,2025-01-31,24,9.23852173984868,9.861153236197838,False,False
Atyrau,235,2025-02-01,24,9.007962880364753,9.244558736156256,False,False
Atyrau,235,2025-02-02,24,19.91602963445088,20.14591699185504,False,False
Atyrau,235,2025-02-03,24,28.679711553977338,29.382699117612912,False,False
Atyrau,235,2025-02-04,24,10.865949586040562,10.995239907922935,False,False
Atyrau,235,2025-02-05,24,6.906466200812766,7.768933781015627,False,False
Atyrau,235,2025-02-06,24,14.285315633794601,15.88677993197347,False,False
Atyrau,235,2025-02-07,24,12.62053176162155,14.223037530515812,False,False
Atyrau,235,2025-02-08,24,9.106676591268743,10.235020848950652,False,False
Atyrau,235,2025-02-09,24,15.901601033539592,17.653213914632676,False,False
Atyrau,235,2025-02-10,24,9.73211606358581,11.23879040032966,False,False
Atyrau,235,2025-02-11,24,9.994567398285367,11.33434127257478,False,False
Atyrau,235,2025-02-12,24,6.782946172198251,11.933536142453674,False,False
Atyrau,235,2025-02-13,24,16.40380355496996,22.921025936692175,False,False
Atyrau,235,2025-02-14,24,17.28418074823724,18.178663949755222,False,False
Atyrau,235,2025-02-15,24,16.827711803232095,17.744574163260328,False,False
Atyrau,235,2025-02-16,24,32.19925664714175,32.71276658216015,False,False
Atyrau,235,2025-02-17,24,28.688966002642797,29.125093546853865,False,False
Atyrau,235,2025-02-18,24,10.989040264348448,12.232642363710106,False,False
Atyrau,235,2025-02-19,24,7.8582975069469185,9.118809761596278,False,False
Atyrau,235,2025-02-20,24,11.839669014734381,13.158311380723058,False,False
Atyrau,235,2025-02-21,24,17.25610836085522,19.408377283311534,False,False
Atyrau,235,2025-02-22,24,21.31330542499062,22.711208972362854,False,False
Atyrau,235,2025-02-23,24,19.552891177088075,21.226499436950093,False,False
Atyrau,235,2025-02-24,24,17.526342810387586,17.830905566751373,False,False
Atyrau,235,2025-02-25,24,19.554468333170146,20.00401916394059,False,False
Atyrau,235,2025-02-26,24,22.10465427380224,22.683910609369715,False,False
Atyrau,235,2025-02-27,24,28.35958561707791,28.5524959596339,False,False
Atyrau,235,2025-02-28,24,20.55939490622617,20.650430112950783,False,False
Atyrau,235,2025-03-01,24,11.319111026080245,11.403255302935774,False,False
Atyrau,235,2025-03-02,24,14.456794023136615,14.727258989818203,False,False
Atyrau,235,2025-03-03,24,40.94112228201698,42.263575794283334,False,False
Atyrau,235,2025-03-04,24,16.287229519346777,16.389370244194485,False,False
Atyrau,235,2025-03-05,24,22.431919077028894,22.69545107044838,False,False
Atyrau,235,2025-03-06,24,6.7896535384984995,6.896250287205125,False,False
Atyrau,235,2025-03-07,24,5.759859316786122,6.025272325159751,False,False
Atyrau,235,2025-03-08,24,1.8869857620624717,1.975562760316598,False,False
Atyrau,235,2025-03-09,24,3.8903857749363997,5.584694252759635,False,False
Atyrau,235,2025-03-10,24,8.289208365945386,10.39014511508494,False,False
Atyrau,235,2025-03-11,24,8.443702728523279,9.248407225834375,False,False
Atyrau,235,2025-03-12,24,5.9465498656782225,9.089561508892695,False,False
Atyrau,235,2025-03-13,24,5.637887492409509,14.788776598047493,False,False
Atyrau,235,2025-03-14,24,11.773015747389287,21.64579531679546,False,False
Atyrau,235,2025-03-15,24,5.676884949625671,11.889266367791352,False,False
Atyrau,235,2025-03-16,24,8.349738690596222,18.074127243111025,False,False
Atyrau,235,2025-03-17,24,5.667197170496064,13.421228275764712,False,False
Atyrau,235,2025-03-18,24,6.900791325087233,12.532175442087663,False,False
Atyrau,235,2025-03-19,24,6.672540455219483,8.64970343936909,False,False
Atyrau,235,2025-03-20,24,2.491592926403287,5.402160633864354,False,False
Atyrau,235,2025-03-21,24,2.50659837218867,6.342353496207237,False,False
Atyrau,235,2025-03-22,24,3.0284705402584042,6.752854113067713,False,False
Atyrau,235,2025-03-23,24,3.2170963787220725,6.632152370230159,False,False
Atyrau,235,2025-03-24,24,3.673209050086415,5.401563584101496,False,False
Atyrau,235,2025-03-25,24,6.432590394020978,8.966447422241203,False,False
Atyrau,235,2025-03-26,24,1.3621254968161784,4.701822968222081,False,False
Atyrau,235,2025-03-27,24,19.669749787238406,59.469574109391935,False,False
Atyrau,235,2025-03-28,24,15.806194101514093,29.075809760047704,False,False
Atyrau,235,2025-03-29,24,4.492141858455418,15.709627576205966,False,False
Atyrau,235,2025-03-30,24,5.123598927875244,28.630616471734893,False,False
Atyrau,235,2025-03-31,24,4.338295214259755,22.39432901344699,False,False
Atyrau,235,2025-04-01,24,10.300701941820362,45.52914604888289,False,False
Atyrau,235,2025-04-02,24,11.677546296296297,26.361829922027294,False,False
Atyrau,235,2025-04-03,24,15.46631335282651,28.839802631578948,False,False
Atyrau,235,2025-04-04,24,3.457363805083475,9.11496634281815,False,False
Atyrau,235,2025-04-05,24,2.8462962962962965,8.889668615984407,False,False
Atyrau,235,2025-04-06,24,4.365740740740741,6.815728557504873,False,False
Atyrau,235,2025-04-07,24,4.649990088214888,11.439240137773814,False,False
Atyrau,235,2025-04-08,24,2.983984620213434,7.3018095202696,False,False
Atyrau,235,2025-04-09,24,0.8567404268675456,3.161814434863052,False,False
Atyrau,235,2025-04-10,24,1.231454017576899,1.9401406647503883,False,False
Atyrau,235,2025-04-11,24,0.962298162098068,2.941026714096394,False,False
Atyrau,235,2025-04-12,24,3.7191291257805528,7.202465418883052,False,False
Atyrau,235,2025-04-13,24,1.2136574074074076,3.1181530214424953,False,False
Atyrau,235,2025-04-14,21,2.428306878306874,6.991764486545916,False,False
Atyrau,235,2025-04-16,24,2.632041910331384,6.374390838206627,False,False
Atyrau,235,2025-04-17,24,2.809502923976608,8.178728070175438,False,False
Atyrau,235,2025-04-18,24,8.423403996101365,17.747015107212476,False,False
Atyrau,235,2025-04-19,24,16.71257867479433,26.85899618396273,False,False
Atyrau,235,2025-04-20,24,2.5689893283113623,7.575796246737371,False,False
Atyrau,235,2025-04-21,24,1.469587597465887,6.767160087719298,False,False
Atyrau,235,2025-04-22,24,1.1444037131454141,6.546051524120519,False,False
Atyrau,235,2025-04-23,24,2.472034286173263,8.815249228561218,False,False
Atyrau,235,2025-04-24,24,5.594610485140609,25.73839355455298,False,False
Atyrau,235,2025-04-25,24,2.1057889771795475,6.552379522232289,False,False
Atyrau,235,2025-04-26,24,2.862055601084366,6.433797245463527,False,False
Atyrau,235,2025-04-27,24,1.3513780952345043,2.9691756425654106,False,False
Atyrau,235,2025-04-28,24,1.067835253710824,4.525202374743398,False,False
Atyrau,235,2025-04-29,24,1.5146974071930535,4.817466267273371,False,False
Atyrau,235,2025-04-30,24,5.585517276078431,9.8699686733075,False,False
Atyrau,235,2025-05-01,24,1.5829915869341091,7.158355459612032,False,False
Atyrau,235,2025-05-02,24,2.0447983875933953,10.780839418271185,False,False
Atyrau,235,2025-05-03,24,1.7779368469497203,6.8420230195905605,False,False
Atyrau,235,2025-05-04,24,1.0104336019511928,3.3251857849473225,False,False
Atyrau,235,2025-05-05,24,0.5900781489800796,2.8395635107001573,False,False
Atyrau,235,2025-05-06,24,0.5954365936235043,2.535222087618972,False,False
Atyrau,235,2025-05-07,24,0.7406579360950228,3.8986344499291405,False,False
Atyrau,235,2025-05-08,24,0.6964147220365344,4.636944972175946,False,False
Atyrau,235,2025-05-09,24,1.089351851851852,3.0407407407407407,False,False
Atyrau,235,2025-05-10,24,0.8240744513255107,2.6383349328794243,False,False
Atyrau,235,2025-05-11,24,0.6962962962962963,2.7541666666666664,False,False
Atyrau,235,2025-05-12,24,0.8789511494252874,2.260472541507024,False,False
Atyrau,235,2025-05-13,24,1.1667346245327896,3.8643035290577465,False,False
Atyrau,235,2025-05-14,24,1.3932831136220967,5.37456450094162,False,False
Atyrau,235,2025-05-15,24,0.33210282651072126,1.7263523391812867,False,False
Atyrau,235,2025-05-16,24,0.5541666666666666,3.7800766283524907,False,False
Atyrau,235,2025-05-17,24,0.8564814814814815,3.9429278416347384,False,False
Atyrau,235,2025-05-18,24,0.887962962962963,5.458413154533845,False,False
Atyrau,235,2025-05-19,24,1.9071759259259258,12.322222222222221,False,False
Atyrau,235,2025-05-20,24,0.5675925925925925,2.531712962962963,False,False
Atyrau,235,2025-05-21,24,0.34701820464532324,4.5189579409918395,False,False
Atyrau,235,2025-05-22,24,0.07754629629629627,1.7564814814814813,False,False
Atyrau,235,2025-05-23,24,0.10046296296296293,2.326851851851852,False,False
Atyrau,235,2025-05-24,24,0.4849705004987004,2.9920270922783687,False,False
Atyrau,235,2025-05-25,24,0.33467354624303464,3.0392661419686626,False,False
Atyrau,235,2025-05-26,24,0.5963504616604528,4.5309765681587715,False,False
Atyrau,235,2025-05-27,24,0.1367086653365068,3.583930824479624,False,False
Atyrau,235,2025-05-28,24,8.294733992521818,12.641960051890957,False,False
Atyrau,235,2025-05-29,24,0.897357287508861,3.8976410546292155,False,False
Atyrau,235,2025-05-30,24,0.48509799067038983,4.815884757127086,False,False
Atyrau,235,2025-05-31,24,2.128519109929835,13.571205912798915,False,False
Atyrau,235,2025-06-01,24,2.2997066419759227,10.11507779299936,False,False
Atyrau,235,2025-06-02,24,0.4423857530610951,3.60602638522418,False,False
Atyrau,235,2025-06-03,24,0.3733426860147324,5.1744910191128435,False,False
Atyrau,235,2025-06-04,24,0.5972070639817554,5.09754398783691,False,False
Atyrau,235,2025-06-05,24,1.404752236346516,7.004872390929065,False,False
Atyrau,235,2025-06-06,24,0.6087335216572504,5.460873135701452,False,False
Atyrau,235,2025-06-07,24,3.9057863605861853,6.576089762322229,False,False
Atyrau,235,2025-06-08,24,1.3853813559322035,4.496241233196961,False,False
Atyrau,235,2025-06-09,24,0.5419413057124921,3.2451245481308315,False,False
Atyrau,235,2025-06-10,24,0.9608303555254727,4.86181128046591,False,False
Atyrau,235,2025-06-11,24,0.9659988743857827,5.081324243082718,False,False
Atyrau,235,2025-06-12,24,1.1759725333896138,6.461603296750869,False,False
Atyrau,235,2025-06-13,24,1.7300146007504722,5.4717971581535005,False,False
Atyrau,235,2025-06-14,24,2.734025071974371,5.540708947550706,False,False
Atyrau,235,2025-06-15,24,3.0320127959911694,5.701326944908236,False,False
Atyrau,235,2025-06-16,24,1.9073960759101205,3.098489246568267,False,False
Atyrau,235,2025-06-17,24,0.596088580783006,2.506983818496324,False,False
Atyrau,235,2025-06-18,24,0.7804378455994634,3.275117566203631,False,False
Atyrau,235,2025-06-19,24,1.6992302390664966,2.6724238700567384,False,False
Atyrau,235,2025-06-20,24,1.9679386267163361,4.242634316219222,False,False
Atyrau,235,2025-06-21,24,0.8592409221856413,2.8577473509810276,False,False
Atyrau,235,2025-06-22,24,0.28217592592592594,2.514351851851852,False,False
Atyrau,235,2025-06-23,24,0.6538722040506162,2.3190585043116267,False,False
Atyrau,235,2025-06-24,24,0.5710955256834859,1.9520134310384705,False,False
Atyrau,235,2025-06-25,24,0.6856587215953084,1.9193385018341182,False,False
Atyrau,235,2025-06-26,24,0.6322328902081816,3.2286422036404736,False,False
Atyrau,235,2025-06-27,24,0.7516530741673203,3.3507441271577743,False,False
Atyrau,235,2025-06-28,24,0.8095163801450905,2.966093803992828,False,False
Atyrau,235,2025-06-29,24,0.2682245329783319,1.676880944441943,False,False
Atyrau,235,2025-06-30,24,1.225290922016124,5.595200988589643,False,False
Atyrau,235,2025-07-01,24,0.5165628991060025,2.6583253512132825,False,False
Atyrau,235,2025-07-02,24,0.5868055555555556,4.621759259259259,False,False
Atyrau,235,2025-07-03,24,0.4988425925925926,3.9421296296296298,False,False
Atyrau,235,2025-07-04,24,0.12245370370370366,3.5773148148148146,False,False
Atyrau,235,2025-07-05,24,0.2585648148148148,2.1657407407407407,False,False
Atyrau,235,2025-07-06,24,0.9099537037037037,4.292592592592593,False,False
Atyrau,235,2025-07-07,24,0.7999999999999999,4.616203703703704,False,False
Atyrau,235,2025-07-08,24,0.4810185185185185,3.402530602636535,False,False
Atyrau,235,2025-07-09,24,0.5493055555555556,4.600925925925925,False,False
Atyrau,235,2025-07-10,24,0.5481481481481482,3.2638723544973547,False,False
Atyrau,235,2025-07-11,24,1.1656818895166352,4.513610326428123,False,False
Atyrau,235,2025-07-12,24,1.33125,6.341403256704981,False,False
Atyrau,235,2025-07-13,24,0.8363425925925926,4.933796296296296,False,False
Atyrau,235,2025-07-14,24,0.9268518518518518,5.823148148148149,False,False
Atyrau,235,2025-07-15,24,0.5171455938697318,3.3271871008939975,False,False
Atyrau,235,2025-07-16,24,1.5888888888888892,6.528009259259259,False,False
Atyrau,235,2025-07-17,24,1.627777777777778,2.8418981481481485,False,False
Atyrau,235,2025-07-18,24,1.7358796296296297,8.072222222222223,False,False
Atyrau,235,2025-07-19,24,0.6805555555555555,3.507489799121155,False,False
Atyrau,235,2025-07-20,24,0.5988825031928481,4.048483397190294,False,False
Atyrau,235,2025-07-21,24,3.208133239171375,16.189340081607032,False,False
Atyrau,235,2025-07-22,24,4.041977969348659,11.55162037037037,False,False
Atyrau,235,2025-07-23,24,2.556014595103578,4.836707470182047,False,False
Atyrau,235,2025-07-24,24,0.9235326428123037,3.587625549278092,False,False
Atyrau,235,2025-07-25,24,1.8135750156936599,3.7998337283806305,False,False
Atyrau,235,2025-07-26,24,1.5968410632549794,3.9082794141753774,False,False
Atyrau,235,2025-07-27,24,0.8789783427495292,3.6818149717514124,False,False
Atyrau,235,2025-07-28,24,1.1698093220338983,4.2883607160638135,False,False
Atyrau,235,2025-07-29,24,1.2347596554598501,4.835594056476594,False,False
Atyrau,235,2025-07-30,24,1.1914817516182479,4.608991052041205,False,False
Atyrau,235,2025-07-31,24,1.388833961079724,5.404861111111111,False,False
Atyrau,235,2025-08-01,24,0.8634463547416499,4.735771938654025,False,False
Atyrau,235,2025-08-02,24,1.2939187068424356,6.8008709981167605,False,False
Atyrau,235,2025-08-03,24,1.773352165725047,7.833203860640302,False,False
Atyrau,235,2025-08-04,24,0.7496429692404268,5.627915097300691,False,False
Atyrau,235,2025-08-05,24,1.0540371939736348,8.434992937853108,False,False
Atyrau,235,2025-08-06,24,1.1132219083490271,6.360977715003139,False,False
Atyrau,235,2025-08-07,24,0.4747558012425049,5.886999020499167,False,False
Atyrau,235,2025-08-08,24,0.38872410546139363,3.611275759248436,False,False
Atyrau,235,2025-08-09,24,0.8539186507936507,5.554497354497355,False,False
Atyrau,235,2025-08-10,24,1.0710726616446955,4.686390766982599,False,False
Atyrau,235,2025-08-11,24,0.5530327997489014,3.707397052164696,False,False
Atyrau,235,2025-08-12,24,3.278325066252448,7.844491312290916,False,False
Atyrau,235,2025-08-13,24,1.7781616292591564,4.01656317855783,False,False
Atyrau,235,2025-08-14,24,0.9007258317639674,2.999384023854363,False,False
Atyrau,235,2025-08-15,24,1.0731599183929692,3.4138967357187693,False,False
Atyrau,235,2025-08-16,24,2.11455938697318,4.095523654133385,False,False
Atyrau,235,2025-08-17,24,1.578001277139208,4.791573992899972,False,False
Atyrau,235,2025-08-18,24,0.9060185185185184,4.421520472108578,False,False
Atyrau,235,2025-08-19,24,1.0416187739463603,5.912687241595775,False,False
Atyrau,235,2025-08-20,24,0.735477682533498,4.014349822499297,False,False
Atyrau,235,2025-08-21,24,0.8441730523627076,5.948422651903804,False,False
Atyrau,235,2025-08-22,24,0.7943805874840358,4.814559386973181,False,False
Atyrau,235,2025-08-23,24,1.2312899106002555,6.091586304305474,False,False
Atyrau,235,2025-08-24,24,0.9003743194192378,7.794768350473885,False,False
Atyrau,235,2025-08-25,24,1.3148227969348658,7.063019978106184,False,False
Atyrau,235,2025-08-26,24,1.1060391039860187,3.367632503192848,False,False
Atyrau,235,2025-08-27,24,0.3847780970625798,2.635195196657792,False,False
Atyrau,235,2025-08-28,24,0.5067369093231162,4.909897828863346,False,False
Atyrau,235,2025-08-29,24,0.327402347555036,3.6678783209966443,False,False
Atyrau,235,2025-08-30,24,1.8451498713140178,8.040090619669028,False,False
Atyrau,235,2025-08-31,24,0.31593528800571463,4.387559933545469,False,False
Atyrau,235,2025-09-01,24,0.9449926900584796,7.748204314930452,False,False
Atyrau,235,2025-09-02,24,1.3507972578533651,11.18637138091672,False,False
Atyrau,235,2025-09-03,24,5.0499136848713055,25.03408906422494,False,False
Atyrau,235,2025-09-04,24,1.7271484549627258,7.134585445202387,False,False
Atyrau,235,2025-09-05,24,0.3053222013732949,1.4600557836975059,False,False
Atyrau,235,2025-09-06,24,1.9885973314512337,4.690116589399,False,False
Atyrau,235,2025-09-07,24,1.6272222763382904,6.03694355152932,False,False
Atyrau,235,2025-09-08,24,1.6816280319567871,5.406259153526353,False,False
Atyrau,235,2025-09-09,24,0.9959958740660815,5.250839735132739,False,False
Atyrau,235,2025-09-10,24,0.2644291753876791,3.3213990754718896,False,False
Atyrau,235,2025-09-11,24,0.8783016837590186,4.71130262886219,False,False
Atyrau,235,2025-09-12,24,0.6451919708362155,4.347470455310688,False,False
Atyrau,235,2025-09-13,24,0.570632920550602,5.288569290529694,False,False
Atyrau,235,2025-09-14,24,0.7698904050456531,4.988227912770172,False,False
Atyrau,235,2025-09-15,24,0.7550494454351848,5.426647511112198,False,False
Atyrau,235,2025-09-16,24,0.9021004519217514,5.302558790918649,False,False
Atyrau,235,2025-09-17,24,1.11470791476636,7.404561987830852,False,False
Atyrau,235,2025-09-18,24,0.9257711178934404,6.767791129143913,False,False
Atyrau,235,2025-09-19,24,1.1853994924833,6.9339618098525255,False,False
Atyrau,235,2025-09-20,24,0.7688909687377085,6.249531434485568,False,False
Atyrau,235,2025-09-21,24,1.923848586166233,7.067412382799276,False,False
Atyrau,235,2025-09-22,24,1.1361114887733479,6.428819764868532,False,False
Atyrau,235,2025-09-23,24,2.024289133136395,8.832217525775368,False,False
Atyrau,235,2025-09-24,24,0.866343263754244,6.828395879486547,False,False
Atyrau,235,2025-09-25,24,1.0289239388854339,7.941218380087828,False,False
Atyrau,235,2025-09-26,24,0.3322779971559925,6.971483964576454,False,False
Atyrau,235,2025-09-27,24,0.31182950191570885,2.073886512054212,False,False
Atyrau,235,2025-09-28,24,3.5331425741931297,7.020241053781381,False,False
Atyrau,235,2025-09-29,24,0.8106205659331333,4.3675877980075475,False,False
Atyrau,235,2025-09-30,24,1.0549511215237437,9.35496674836002,False,False
Atyrau,235,2025-10-01,24,0.6038084538982368,4.482106044992669,False,False
Atyrau,235,2025-10-02,24,0.42726655894720894,3.4175383190510735,False,False
Atyrau,235,2025-10-03,24,1.4026306702575198,7.1070515156913645,False,False
Atyrau,235,2025-10-04,24,1.4866907076203926,7.518899506319048,False,False
Atyrau,235,2025-10-05,24,2.59066904783043,20.189189624746316,False,False
Atyrau,235,2025-10-06,24,1.1590596698337055,9.917705742006225,False,False
Atyrau,235,2025-10-07,24,2.6218454114372363,13.283168066804906,False,False
Atyrau,235,2025-10-08,24,1.6196595855358078,9.418656388489767,False,False
Atyrau,235,2025-10-09,24,0.9887641983059927,11.190040995147205,False,False
Atyrau,235,2025-10-10,24,7.313485427339503,40.33358308016463,False,False
Atyrau,235,2025-10-11,24,9.267036685282594,20.991228867675392,False,False
Atyrau,235,2025-10-12,24,4.568656602725003,5.271256853329455,False,False
Atyrau,235,2025-10-13,24,0.8820805463558239,2.6047837966077187,False,False
Atyrau,235,2025-10-14,24,2.3888052691566717,3.0256641320127584,False,False
Atyrau,235,2025-10-15,24,1.6692433616235487,2.0103658876647703,False,False
Atyrau,235,2025-10-16,24,0.28841288964278733,0.8645613630407932,False,False
Atyrau,235,2025-10-17,24,0.6946341889083706,1.3216473951022463,False,False
Atyrau,235,2025-10-18,24,1.4675684646587897,3.089793693663968,False,False
Atyrau,235,2025-10-19,24,1.822507491953357,3.5350482252493047,False,False
Atyrau,235,2025-10-20,24,0.2119333661122089,3.5640376984126987,False,False
Atyrau,235,2025-10-21,24,1.5606199135825547,3.186927476348291,False,False
Atyrau,235,2025-10-22,24,1.1514706395849246,2.7554007685119135,False,False
Atyrau,235,2025-10-23,24,2.760416941355009,5.8407076250482115,False,False
Atyrau,235,2025-10-24,24,1.1896067308645364,2.5136531765183636,False,False
Atyrau,235,2025-10-25,24,5.1885311213851,8.837391436990009,False,False
Atyrau,235,2025-10-26,24,2.775193464943611,7.350520258350109,False,False
Atyrau,235,2025-10-27,24,4.1037628255081495,8.422595097848218,False,False
Atyrau,235,2025-10-28,24,11.368799828410436,12.913906195623758,False,False
Atyrau,235,2025-10-29,24,10.94361921082954,13.200768921683228,False,False
Atyrau,235,2025-10-30,24,3.366810100327278,4.398793914211297,False,False
Atyrau,235,2025-10-31,24,2.3059117745741067,3.1252057763491137,False,False
Atyrau,235,2025-11-01,24,4.521682855915683,4.895476715564806,False,False
Atyrau,235,2025-11-02,24,2.8537874657968327,3.0424659169752837,False,False
Atyrau,235,2025-11-03,24,2.23176425443633,2.4363769463965825,False,False
Atyrau,235,2025-11-04,24,2.818107385931873,4.687600563319787,False,False
Atyrau,235,2025-11-05,24,1.3732918263090677,2.537316411238825,False,False
Atyrau,235,2025-11-06,24,1.3328703703703704,3.3993055555555554,False,False
Atyrau,235,2025-11-07,24,2.216411644695543,6.642278719397364,False,False
Atyrau,235,2025-11-08,24,4.471296296296296,11.771296296296297,False,False
Atyrau,235,2025-11-09,24,4.0993055555555555,6.247369528619529,False,False
Atyrau,235,2025-11-10,24,4.045138888888888,5.346527777777777,False,False
Atyrau,235,2025-11-11,24,7.45324074074074,8.036805555555555,False,False
Atyrau,235,2025-11-12,24,6.21346123666039,6.6623038292529815,False,False
Atyrau,235,2025-11-13,24,1.8986111111111112,2.7708333333333335,False,False
Atyrau,235,2025-11-14,24,6.907407407407407,10.020833333333334,False,False
Atyrau,235,2025-11-15,24,8.981633141762453,10.609897828863346,False,False
Atyrau,235,2025-11-16,24,17.308333333333334,17.86759259259259,False,False
Atyrau,235,2025-11-17,24,18.108101851851853,19.045601851851853,False,False
Atyrau,235,2025-11-18,24,14.803935185185187,15.853703703703703,False,False
Atyrau,235,2025-11-19,24,25.468055555555555,26.79861111111111,False,False
Atyrau,235,2025-11-20,24,31.168390804597703,32.62398627075351,False,False
Atyrau,235,2025-11-21,24,35.13328966644129,35.95410093156037,False,False
Atyrau,235,2025-11-22,24,16.577765594541912,22.652911793372322,False,False
Atyrau,235,2025-11-23,24,17.249752824858756,20.109451506591338,False,False
Atyrau,235,2025-11-24,24,19.11171969663791,22.323498746332064,False,False
Atyrau,235,2025-11-25,24,24.156881446101917,29.154503684568454,False,False
Atyrau,235,2025-11-26,24,14.079352149490227,14.957146567958958,False,False
Atyrau,235,2025-11-27,24,2.5700251098556186,3.0454528973742883,False,False
Atyrau,235,2025-11-28,24,4.851891086001255,8.180198524795982,False,False
Atyrau,235,2025-11-29,24,9.113632689975935,10.954976223295489,False,False
Atyrau,235,2025-11-30,24,15.220075437798991,17.429271651838864,False,False
Atyrau,235,2025-12-01,24,28.019799203753262,33.34760238048039,False,False
Atyrau,235,2025-12-02,24,13.70173807281858,15.94979205900816,False,False
Atyrau,235,2025-12-03,24,16.866808116100042,19.448466151253843,False,False
Atyrau,235,2025-12-04,24,30.57523155693177,34.65043459365493,False,False
Atyrau,235,2025-12-05,24,18.45023844900204,20.504807733894484,False,False
Atyrau,235,2025-12-06,24,7.869070096543066,8.78380914886248,False,False
Atyrau,235,2025-12-07,24,14.226159301469792,14.31826904344438,False,False
Atyrau,235,2025-12-08,24,14.848259491958352,15.745318892460551,False,False
Atyrau,235,2025-12-09,24,16.90828219364894,17.44974706982305,False,False
Atyrau,235,2025-12-10,24,3.3923928900600746,7.889334584553793,False,False
Atyrau,235,2025-12-11,24,2.4272186235036908,5.890898759659717,False,False
Atyrau,235,2025-12-12,24,3.254777142746532,6.132038991185785,False,False
Atyrau,235,2025-12-13,24,7.4899452915033224,8.365022834132542,False,False
Atyrau,235,2025-12-14,24,3.5474649327878436,7.547917343117518,False,False
Atyrau,235,2025-12-15,22,2.649577304311371,4.192599371860032,False,False
Atyrau,235,2025-12-16,24,4.276467357187696,4.323938518526844,False,False
Atyrau,235,2025-12-17,24,6.6271218411881385,7.39859765075638,False,False
Atyrau,235,2025-12-18,24,26.81941525328649,27.50334667132547,False,False
Atyrau,235,2025-12-19,24,19.9088596567363,19.943214701436176,False,False
Atyrau,235,2025-12-20,24,6.888067581701461,6.889256782298902,False,False
Atyrau,235,2025-12-21,24,6.2349243821610125,6.271348419436161,False,False
Atyrau,235,2025-12-22,22,21.97444631315174,21.991121585408543,False,False
Atyrau,32,2022-01-01,24,80.01636805555555,88.2125972222222,False,False
Atyrau,32,2022-01-02,24,87.06934027777775,97.70095138888888,False,False
Atyrau,32,2022-01-03,24,88.5395208333333,99.12787499999997,False,False
Atyrau,32,2022-01-04,23,75.43692028985504,89.71460144927536,False,False
Atyrau,32,2022-01-05,19,88.8058333333333,94.72928070175438,False,False
Atyrau,32,2022-01-12,24,80.22448611111109,84.22665972222221,False,False
Atyrau,32,2022-01-13,24,63.88089583333331,69.83214583333333,False,False
Atyrau,32,2022-01-14,24,61.26811111111109,67.83630555555554,False,False
Atyrau,32,2022-01-15,21,69.64344444444443,80.95346825396825,False,False
Atyrau,32,2022-01-16,24,70.82370833333333,84.62052083333333,False,False
Atyrau,32,2022-01-17,24,67.21063888888888,77.05005555555555,False,False
Atyrau,32,2022-01-18,23,76.35722463768114,83.9197608695652,False,False
Atyrau,32,2022-01-19,24,74.12068749999997,81.29052083333332,False,False
Atyrau,32,2022-01-20,18,58.049231481481456,71.12375925925924,False,False
Atyrau,32,2022-01-21,24,60.81605555555554,70.36335416666664,False,False
Atyrau,32,2022-01-22,23,76.23218840579709,87.23311594202896,False,False
Atyrau,32,2022-01-23,24,78.9987847222222,92.77973611111109,False,False
Atyrau,32,2022-01-24,23,81.24185507246374,90.86564492753622,False,False
Atyrau,32,2022-01-25,24,63.76247222222221,74.15909027777776,False,False
Atyrau,32,2022-01-26,24,90.5976597222222,106.44075694444443,False,False
Atyrau,32,2022-01-27,24,85.67270138888887,92.62707638888888,False,False
Atyrau,32,2022-01-28,24,78.93062499999998,89.82119444444443,False,False
Atyrau,32,2022-01-29,24,69.53506944444443,82.63045833333332,False,False
Atyrau,32,2022-01-30,24,68.2698611111111,79.05101388888887,False,False
Atyrau,32,2022-01-31,23,80.1543913043478,89.9867028985507,False,False
Atyrau,32,2022-02-01,24,72.43262499999999,76.18945138888888,False,False
Atyrau,32,2022-02-02,24,62.00770138888887,65.91347916666665,False,False
Atyrau,32,2022-02-03,24,67.80763194444444,73.03306249999999,False,False
Atyrau,32,2022-02-04,24,58.07828472222221,60.210076388888865,False,False
Atyrau,32,2022-02-05,24,66.14312499999998,83.18451388888887,False,False
Atyrau,32,2022-02-06,24,64.81819444444443,76.09086111111108,False,False
Atyrau,32,2022-02-07,24,80.62028472222221,86.93473611111109,False,False
Atyrau,32,2022-02-08,24,71.78757638888888,77.85726388888888,False,False
Atyrau,32,2022-02-09,24,88.0534722222222,93.12005555555555,False,False
Atyrau,32,2022-02-10,24,72.35777777777776,79.68634722222221,False,False
Atyrau,32,2022-02-11,24,67.15084027777776,77.61058333333332,False,False
Atyrau,32,2022-02-12,24,77.45672916666663,85.88052777777774,False,False
Atyrau,32,2022-02-13,24,82.56415277777775,90.27190277777777,False,False
Atyrau,32,2022-02-14,24,83.8053611111111,89.20538194444443,False,False
Atyrau,32,2022-02-15,24,72.9116111111111,75.29958333333332,False,False
Atyrau,32,2022-02-17,24,75.90593749999998,85.3825972222222,False,False
Atyrau,32,2022-02-18,24,77.70063888888886,78.48704861111109,False,False
Atyrau,32,2022-02-19,24,69.11832638888887,84.80441666666664,False,False
Atyrau,32,2022-02-21,24,64.92106944444443,75.68928472222221,False,False
Atyrau,32,2022-02-22,24,71.97917361111111,74.20620138888889,False,False
Atyrau,32,2022-02-23,24,67.38299305555553,78.40197916666665,False,False
Atyrau,32,2022-02-24,24,73.44045833333332,78.38860416666665,False,False
Atyrau,32,2022-02-25,24,73.22611805555555,78.42288888888888,False,False
Atyrau,32,2022-02-26,24,84.16745138888889,88.53118055555554,False,False
Atyrau,32,2022-02-27,24,86.03027777777775,92.6076875,False,False
Atyrau,32,2022-02-28,24,72.25187499999997,73.15374999999999,False,False
Atyrau,32,2022-03-02,24,70.94788888888887,81.35861805555554,False,False
Atyrau,32,2022-03-03,24,72.60661805555554,81.10421527777775,False,False
Atyrau,32,2022-03-04,24,53.68856944444442,60.609381944444436,False,False
Atyrau,32,2022-03-05,24,82.2614861111111,88.99053472222221,False,False
Atyrau,32,2022-03-06,24,64.41522916666665,72.3379861111111,False,False
Atyrau,32,2022-03-07,22,83.82002272727271,90.4399924242424,False,False
Atyrau,32,2022-03-08,24,81.12734027777778,92.12097916666664,False,False
Atyrau,32,2022-03-09,23,59.56073913043477,65.15805797101447,False,False
Atyrau,32,2022-03-10,24,52.117499999999986,54.535548611111096,False,False
Atyrau,32,2022-03-11,24,65.00962499999997,68.40872916666665,False,False
Atyrau,32,2022-03-12,24,71.19368055555553,78.36029861111109,False,False
Atyrau,32,2022-03-13,24,66.83281249999999,73.9354722222222,False,False
Atyrau,32,2022-03-14,24,63.14149305555554,69.61607638888889,False,False
Atyrau,32,2022-03-15,24,84.53422222222221,90.39211805555556,False,False
Atyrau,32,2022-03-16,24,73.39043055555554,80.56013888888887,False,False
Atyrau,32,2022-03-17,24,62.06693749999999,68.77638194444442,False,False
Atyrau,32,2022-03-18,24,69.53722222222221,79.25233333333331,False,False
Atyrau,32,2022-03-19,24,70.45589583333333,75.97725694444443,False,False
Atyrau,32,2022-03-20,24,48.24576388888888,59.4229861111111,False,False
Atyrau,32,2022-03-21,24,59.825791666666646,63.38511111111109,False,False
Atyrau,32,2022-03-22,24,72.19220833333333,78.37301388888886,False,False
Atyrau,32,2022-03-23,24,64.67013888888887,72.16368055555553,False,False
Atyrau,32,2022-03-24,24,66.0476111111111,73.84803472222221,False,False
Atyrau,32,2022-03-25,24,63.92844444444444,67.10422916666666,False,False
Atyrau,32,2022-03-26,24,79.69263194444443,78.12877777777776,True,False
Atyrau,32,2022-03-27,24,57.515236111111086,53.54885416666664,True,False
Atyrau,32,2022-03-28,24,69.20304166666666,69.7727361111111,False,False
Atyrau,32,2022-03-30,24,79.41918055555554,77.86081944444443,True,False
Atyrau,32,2022-03-31,24,80.19181249999998,78.01015972222221,True,False
Atyrau,32,2022-04-01,23,58.37181884057969,53.95289130434781,True,False
Atyrau,32,2022-04-02,24,71.30968749999998,69.83377777777777,True,False
Atyrau,32,2022-04-03,24,67.82665277777777,69.9441736111111,False,False
Atyrau,32,2022-04-04,24,83.76743749999999,83.32545138888887,True,False
Atyrau,32,2022-04-05,24,60.85947916666665,61.41065972222221,False,False
Atyrau,32,2022-04-06,22,60.12289393939393,61.268651515151504,False,False
Atyrau,32,2022-04-07,23,57.40679710144927,54.63095652173913,True,False
Atyrau,32,2022-04-08,24,68.18349305555553,66.65356249999999,True,False
Atyrau,32,2022-04-09,24,71.33746527777777,69.62291666666664,True,False
Atyrau,32,2022-04-10,24,61.94574305555554,60.82115277777775,True,False
Atyrau,32,2022-04-11,24,68.10906249999998,69.17086805555554,False,False
Atyrau,32,2022-04-12,24,68.04204166666665,66.11929166666664,True,False
Atyrau,32,2022-04-13,24,68.12857638888887,65.67013194444444,True,False
Atyrau,32,2022-04-14,24,74.47163194444444,74.86939583333331,False,False
Atyrau,32,2022-04-15,24,73.5670972222222,71.90384722222221,True,False
Atyrau,32,2022-04-16,24,74.25478472222221,74.33215972222222,False,False
Atyrau,32,2022-04-17,24,72.81102083333332,70.17841666666665,True,False
Atyrau,32,2022-04-18,24,79.28699305555556,80.68379166666666,False,False
Atyrau,32,2022-04-19,24,56.77852083333332,56.46989583333332,True,False
Atyrau,32,2022-04-20,23,88.27030434782606,88.72608695652173,False,False
Atyrau,32,2022-04-21,24,67.43722916666665,66.78270138888887,True,False
Atyrau,32,2022-04-22,22,53.12245454545453,54.81958333333333,False,False
Atyrau,32,2022-04-23,24,64.76340277777776,60.81377083333333,True,False
Atyrau,32,2022-04-24,23,81.74397101449274,79.86682608695652,True,False
Atyrau,32,2022-04-25,20,86.15361666666665,84.66643333333332,True,False
Atyrau,32,2022-04-26,23,61.65052898550723,58.77818840579709,True,False
Atyrau,32,2022-04-27,24,63.37992361111108,59.86256944444444,True,False
Atyrau,32,2022-04-28,24,81.26989583333331,81.34358333333331,False,False
Atyrau,32,2022-04-30,24,76.48384027777776,77.01916666666666,False,False
Atyrau,32,2022-05-01,24,87.78194444444443,86.28474305555555,True,False
Atyrau,32,2022-05-02,24,78.82649999999998,79.9820486111111,False,False
Atyrau,32,2022-05-03,24,63.35840277777776,62.366340277777766,True,False
Atyrau,32,2022-05-04,24,71.03947916666665,71.1941111111111,False,False
Atyrau,32,2022-05-05,23,70.49405072463766,68.45826086956521,True,False
Atyrau,32,2022-05-06,23,69.41139855072461,70.13592753623186,False,False
Atyrau,32,2022-05-07,24,55.45502083333332,56.495805555555556,False,False
Atyrau,32,2022-05-08,24,58.371527777777764,59.9324722222222,False,False
Atyrau,32,2022-05-09,24,62.605402777777776,62.443652777777764,True,False
Atyrau,32,2022-05-10,24,54.024861111111086,52.20170833333333,True,False
Atyrau,32,2022-05-11,24,67.7886111111111,67.35186805555554,True,False
Atyrau,32,2022-05-12,24,75.75354166666665,76.49418749999998,False,False
Atyrau,32,2022-05-13,24,65.58483333333332,66.02318055555553,False,False
Atyrau,32,2022-05-14,24,54.68674305555553,51.63738194444443,True,False
Atyrau,32,2022-05-15,24,64.6742847222222,64.59981249999998,True,False
Atyrau,32,2022-05-16,24,66.2346597222222,62.486333333333306,True,False
Atyrau,32,2022-05-17,24,72.38437499999996,70.19370833333333,True,False
Atyrau,32,2022-05-18,24,71.51481944444441,69.2847361111111,True,False
Atyrau,32,2022-05-19,24,66.3968472222222,66.36931249999999,True,False
Atyrau,32,2022-05-20,24,64.57514583333331,63.58031249999999,True,False
Atyrau,32,2022-05-21,24,56.36461111111108,55.211256944444436,True,False
Atyrau,32,2022-05-22,24,82.34733333333331,80.47540277777777,True,False
Atyrau,32,2022-05-23,24,67.83270833333331,70.46081944444443,False,False
Atyrau,32,2022-05-24,24,52.83279166666663,54.79668749999998,False,False
Atyrau,32,2022-05-25,24,65.81456944444442,62.26302083333332,True,False
Atyrau,32,2022-05-26,24,53.48866666666665,52.538305555555546,True,False
Atyrau,32,2022-05-27,24,69.09572916666666,67.70927777777776,True,False
Atyrau,32,2022-05-28,24,67.8635347222222,63.71522916666664,True,False
Atyrau,32,2022-05-30,24,66.55646527777776,65.90501388888889,True,False
Atyrau,32,2022-05-31,23,51.191521739130415,47.952528985507236,True,False
Atyrau,32,2022-06-01,24,93.47180555555553,93.8489722222222,False,False
Atyrau,32,2022-06-02,24,67.96579861111111,63.643729166666645,True,False
Atyrau,32,2022-06-03,24,60.05943055555554,59.96599999999998,True,False
Atyrau,32,2022-06-04,24,74.74369444444442,75.20687499999998,False,False
Atyrau,32,2022-06-05,24,72.93328472222221,67.93964583333332,True,False
Atyrau,32,2022-06-06,24,57.7666111111111,54.534006944444435,True,False
Atyrau,32,2022-06-07,24,77.47010416666666,74.51255555555554,True,False
Atyrau,32,2022-06-13,23,57.762543478260845,55.11228985507243,True,False
Atyrau,32,2022-06-14,24,76.27766666666665,76.47099999999999,False,False
Atyrau,32,2022-06-15,24,64.32731944444441,62.93331249999999,True,False
Atyrau,32,2022-06-16,24,65.82153472222221,64.68849305555553,True,False
Atyrau,32,2022-06-17,23,57.68634782608694,57.94914492753623,False,False
Atyrau,32,2022-06-18,22,45.19500757575755,44.30218939393939,True,False
Atyrau,32,2022-06-19,24,67.70464583333333,65.93931944444442,True,False
Atyrau,32,2022-06-20,24,65.19263888888888,65.55129166666664,False,False
Atyrau,32,2022-06-21,24,81.07561111111109,79.39409027777776,True,False
Atyrau,32,2022-06-22,21,65.95749999999998,66.3200873015873,False,False
Atyrau,32,2022-06-23,20,80.77734999999998,76.59735833333332,True,False
Atyrau,32,2022-06-24,24,62.147284722222196,58.91671527777777,True,False
Atyrau,32,2022-06-25,24,66.05547916666666,67.18955555555554,False,False
Atyrau,32,2022-06-26,24,55.97915277777776,57.75077777777778,False,False
Atyrau,32,2022-06-27,24,68.76593749999998,70.51925694444444,False,False
Atyrau,32,2022-06-28,24,55.50429166666665,51.189055555555534,True,False
Atyrau,32,2022-06-30,24,100.42246527777775,91.71752777777776,True,False
Atyrau,32,2022-07-01,24,78.69640277777778,72.1715347222222,True,False
Atyrau,32,2022-07-02,24,106.94863888888888,95.62196527777776,True,False
Atyrau,32,2022-07-03,24,81.67306249999999,71.37993055555555,True,False
Atyrau,32,2022-07-04,22,88.81540151515149,76.60023484848483,True,False
Atyrau,32,2022-07-05,24,85.0105486111111,71.85238888888888,True,False
Atyrau,32,2022-07-06,24,78.67671527777776,71.86479861111111,True,False
Atyrau,32,2022-07-07,24,100.67768749999999,85.27880555555554,True,False
Atyrau,32,2022-07-08,24,83.3003472222222,71.00477777777776,True,False
Atyrau,32,2022-07-09,24,90.76652777777775,78.8682986111111,True,False
Atyrau,32,2022-07-10,24,83.25464583333333,74.06530555555554,True,False
Atyrau,32,2022-07-11,24,72.0013194444444,61.52225694444443,True,False
Atyrau,32,2022-07-12,24,93.9904236111111,76.39845833333332,True,True
Atyrau,32,2022-07-13,24,60.19363194444443,58.154944444444425,True,False
Atyrau,32,2022-07-14,24,60.50595138888887,58.11895833333332,True,False
Atyrau,32,2022-07-15,24,75.06900694444444,62.991958333333315,True,False
Atyrau,32,2022-07-16,24,87.68854166666665,74.30979166666664,True,False
Atyrau,32,2022-07-17,24,74.21827777777777,68.13781944444443,True,False
Atyrau,32,2022-07-18,24,81.79784722222219,73.4358611111111,True,False
Atyrau,32,2022-07-19,24,87.13220833333331,76.33411111111108,True,False
Atyrau,32,2022-07-21,24,80.46391666666663,74.07147916666666,True,False
Atyrau,32,2022-07-22,23,84.53289855072461,67.6110072463768,True,True
Atyrau,32,2022-07-23,24,92.0356875,72.71793749999999,True,True
Atyrau,32,2022-07-24,23,88.61924637681157,74.92068115942027,True,False
Atyrau,32,2022-07-25,24,67.29009722222222,59.455701388888876,True,False
Atyrau,32,2022-07-26,24,86.74057638888887,77.544125,True,False
Atyrau,32,2022-07-27,24,82.04188888888886,71.92728472222221,True,False
Atyrau,32,2022-07-28,24,70.24752777777776,63.06689583333333,True,False
Atyrau,32,2022-07-30,24,80.70981944444442,71.85722916666666,True,False
Atyrau,32,2022-07-31,24,69.8600347222222,64.47631944444441,True,False
Atyrau,32,2022-08-01,24,78.36160416666665,73.26188888888888,True,False
Atyrau,32,2022-08-02,24,79.26990277777776,72.15897916666665,True,False
Atyrau,32,2022-08-03,24,83.05353472222221,76.70920833333332,True,False
Atyrau,32,2022-08-04,23,72.53305797101449,66.30647826086955,True,False
Atyrau,32,2022-08-05,24,83.25481249999997,73.48840277777775,True,False
Atyrau,32,2022-08-06,24,89.84276388888888,84.59980555555555,True,False
Atyrau,32,2022-08-07,24,87.8480486111111,86.87181249999998,True,False
Atyrau,32,2022-08-08,24,95.17424999999999,86.0511736111111,True,False
Atyrau,32,2022-08-09,22,72.35511363636361,70.16102272727271,True,False
Atyrau,32,2022-08-10,24,87.39943749999998,70.33802777777775,True,True
Atyrau,32,2022-08-11,24,82.07162499999998,78.74624305555554,True,False
Atyrau,32,2022-08-12,24,74.49504166666665,67.15819444444442,True,False
Atyrau,32,2022-08-13,24,71.20148611111108,65.84000694444443,True,False
Atyrau,32,2022-08-14,24,75.31262499999998,70.92360416666665,True,False
Atyrau,32,2022-08-15,23,66.77836956521737,66.8510724637681,False,False
Atyrau,32,2022-08-16,24,77.99662499999998,73.95819444444443,True,False
Atyrau,32,2022-08-17,24,79.53572916666666,72.09971527777778,True,False
Atyrau,32,2022-08-18,24,79.95466666666665,71.12549999999997,True,False
Atyrau,32,2022-08-19,24,68.16052083333332,60.4147222222222,True,False
Atyrau,32,2022-08-20,24,78.95848611111107,73.89729166666665,True,False
Atyrau,32,2022-08-21,23,78.50684057971013,72.86255797101448,True,False
Atyrau,32,2022-08-22,24,87.5957847222222,82.18581944444443,True,False
Atyrau,32,2022-08-23,24,86.28569444444442,73.90275694444445,True,False
Atyrau,32,2022-08-24,18,54.06987962962961,49.41319444444443,True,False
Atyrau,32,2022-08-25,23,78.7145144927536,68.83610869565217,True,False
Atyrau,32,2022-08-26,24,80.58972916666666,73.30863888888886,True,False
Atyrau,32,2022-08-27,24,76.2994375,71.47352083333331,True,False
Atyrau,32,2022-08-28,24,83.43177777777775,75.59652083333332,True,False
Atyrau,32,2022-08-30,24,70.7440486111111,64.78247916666665,True,False
Atyrau,32,2022-08-31,24,71.32021527777776,63.897048611111096,True,False
Atyrau,32,2022-09-01,24,66.81493055555552,62.53320833333331,True,False
Atyrau,32,2022-09-02,24,61.666590277777765,59.297805555555534,True,False
Atyrau,32,2022-09-03,24,69.97454166666664,62.713819444444425,True,False
Atyrau,32,2022-09-04,24,79.9822847222222,72.43910416666664,True,False
Atyrau,32,2022-09-05,24,93.22795138888888,84.10811805555554,True,False
Atyrau,32,2022-09-06,24,64.17939583333332,58.95295138888887,True,False
Atyrau,32,2022-09-07,24,97.10210416666665,86.09162499999998,True,False
Atyrau,32,2022-09-08,24,81.39270833333332,75.75720138888887,True,False
Atyrau,32,2022-09-09,23,80.58942028985506,77.61273188405794,True,False
Atyrau,32,2022-09-10,24,65.17124305555552,61.810840277777764,True,False
Atyrau,32,2022-09-11,24,71.56611805555553,67.15088194444444,True,False
Atyrau,32,2022-09-12,24,80.47735416666666,73.98816666666666,True,False
Atyrau,32,2022-09-13,24,82.8499097222222,79.14346527777776,True,False
Atyrau,32,2022-09-14,24,89.41016666666665,85.11363194444444,True,False
Atyrau,32,2022-09-15,24,68.87765972222219,63.96407638888886,True,False
Atyrau,32,2022-09-16,24,75.13416666666664,64.95588194444443,True,False
Atyrau,32,2022-09-17,24,74.998375,68.0276111111111,True,False
Atyrau,32,2022-09-18,24,73.12539583333331,70.42210416666664,True,False
Atyrau,32,2022-09-19,23,72.09202898550723,69.94671739130433,True,False
Atyrau,32,2022-09-20,24,81.24818749999999,69.9520486111111,True,False
Atyrau,32,2022-09-21,24,86.35205555555554,79.66390277777776,True,False
Atyrau,32,2022-09-22,24,81.91794444444442,74.36504166666666,True,False
Atyrau,32,2022-09-23,21,107.63400793650793,91.1889126984127,True,False
Atyrau,32,2022-09-24,24,80.49220833333332,72.07103472222222,True,False
Atyrau,32,2022-09-25,24,64.3700972222222,57.24984722222222,True,False
Atyrau,32,2022-09-26,24,80.0931111111111,71.08552777777776,True,False
Atyrau,32,2022-09-27,24,80.50974305555555,75.49572916666665,True,False
Atyrau,32,2022-09-30,24,62.67751388888888,61.30016666666665,True,False
Atyrau,32,2022-10-01,24,76.90824999999998,68.30909027777774,True,False
Atyrau,32,2022-10-02,24,96.88711805555552,87.1863472222222,True,False
Atyrau,32,2022-10-03,24,85.06413888888886,81.35743749999999,True,False
Atyrau,32,2022-10-04,24,72.2603472222222,66.44408333333332,True,False
Atyrau,32,2022-10-05,24,66.20713194444444,56.961548611111105,True,False
Atyrau,32,2022-10-06,24,82.27771527777774,75.61323611111109,True,False
Atyrau,32,2022-10-07,24,65.68484027777777,60.99588194444443,True,False
Atyrau,32,2022-10-08,23,77.7098260869565,77.05865942028984,True,False
Atyrau,32,2022-10-09,24,70.92985416666666,64.71315972222222,True,False
Atyrau,32,2022-10-10,24,73.60125694444442,66.80647916666665,True,False
Atyrau,32,2022-10-11,24,73.01654166666664,63.510555555555534,True,False
Atyrau,32,2022-10-12,24,78.71881249999998,70.38106944444444,True,False
Atyrau,32,2022-10-13,24,63.84115277777775,55.62274305555554,True,False
Atyrau,32,2022-10-14,24,68.37122916666662,60.63572916666666,True,False
Atyrau,32,2022-10-16,24,64.24975694444443,59.46369444444443,True,False
Atyrau,32,2022-10-17,21,52.7436111111111,48.628992063492056,True,False
Atyrau,32,2022-10-18,19,81.96195614035086,82.59998245614031,False,False
Atyrau,32,2022-10-19,24,76.54783333333332,73.5344236111111,True,False
Atyrau,32,2022-10-20,24,75.58294444444442,70.62636111111111,True,False
Atyrau,32,2022-10-21,23,64.64941304347825,57.378137681159416,True,False
Atyrau,32,2022-10-22,24,70.30062499999998,67.36396527777777,True,False
Atyrau,32,2022-10-23,24,68.96871527777776,60.41336805555553,True,False
Atyrau,32,2022-10-24,24,79.22242361111108,75.56522916666664,True,False
Atyrau,32,2022-10-25,23,72.27729710144926,65.86971739130433,True,False
Atyrau,32,2022-10-26,24,73.73134722222221,68.63875694444442,True,False
Atyrau,32,2022-10-27,24,61.73072222222222,56.93652777777777,True,False
Atyrau,32,2022-10-28,24,78.24071527777777,72.1852847222222,True,False
Atyrau,32,2022-10-29,24,82.48227083333332,80.08447916666665,True,False
Atyrau,32,2022-10-30,24,80.46222916666663,72.99740972222222,True,False
Atyrau,32,2022-11-01,24,60.53195833333333,55.745548611111104,True,False
Atyrau,32,2022-11-02,24,78.97221527777776,69.20432638888887,True,False
Atyrau,32,2022-11-03,24,69.99252777777777,64.82574305555553,True,False
Atyrau,32,2022-11-04,24,80.39264583333332,75.0988472222222,True,False
Atyrau,32,2022-11-05,24,72.78138888888888,70.07843749999998,True,False
Atyrau,32,2022-11-06,21,76.83792063492062,66.56365873015872,True,False
Atyrau,32,2022-11-07,24,82.86615277777777,75.18884027777776,True,False
Atyrau,32,2022-11-08,24,82.00804861111108,76.40344444444442,True,False
Atyrau,32,2022-11-09,23,72.38202898550723,66.07934057971015,True,False
Atyrau,32,2022-11-10,24,91.81890277777775,78.89580555555555,True,False
Atyrau,32,2022-11-11,24,59.59661805555553,55.58890972222219,True,False
Atyrau,32,2022-11-12,24,59.6581736111111,54.359729166666654,True,False
Atyrau,32,2022-11-13,24,66.79688194444442,62.15263888888887,True,False
Atyrau,32,2022-11-14,24,60.279499999999985,61.043805555555544,False,False
Atyrau,32,2022-11-15,24,70.50963888888886,66.95559027777776,True,False
Atyrau,32,2022-11-16,24,79.77568749999998,68.2255347222222,True,False
Atyrau,32,2022-11-17,24,79.1367847222222,68.9497361111111,True,False
Atyrau,32,2022-11-18,24,96.0841111111111,84.96719444444444,True,False
Atyrau,32,2022-11-19,24,74.10947222222221,66.6454236111111,True,False
Atyrau,32,2022-11-20,24,74.23320138888887,65.74970138888888,True,False
Atyrau,32,2022-11-21,24,59.6012222222222,54.935013888888875,True,False
Atyrau,32,2022-11-22,24,57.366902777777774,54.440631944444426,True,False
Atyrau,32,2022-11-23,24,69.52110416666666,63.81967361111111,True,False
Atyrau,32,2022-11-24,24,63.74932638888887,57.08050694444444,True,False
Atyrau,32,2022-11-25,24,67.74318749999999,56.239479166666655,True,True
Atyrau,32,2022-11-26,24,84.41075,72.4664236111111,True,False
Atyrau,32,2022-11-27,23,80.60109420289854,68.19212318840579,True,False
Atyrau,32,2022-11-28,24,63.52939583333332,56.72229166666664,True,False
Atyrau,32,2022-11-29,24,83.67805555555553,67.82811111111111,True,True
Atyrau,32,2022-11-30,23,93.30044202898549,77.41424637681158,True,True
Atyrau,32,2022-12-02,24,76.25069444444442,61.57379166666666,True,True
Atyrau,32,2022-12-03,24,90.29168055555554,70.72397916666667,True,True
Atyrau,32,2022-12-04,24,94.1583333333333,69.14365277777776,True,True
Atyrau,32,2022-12-05,23,83.95760869565216,62.77036231884057,True,True
Atyrau,32,2022-12-06,24,85.83799999999998,68.23111805555554,True,True
Atyrau,32,2022-12-07,24,83.5348611111111,61.00888888888887,True,True
Atyrau,32,2022-12-08,24,79.12845833333331,56.299229166666656,True,True
Atyrau,32,2022-12-09,24,76.66114583333332,55.46223611111109,True,True
Atyrau,32,2022-12-10,24,87.99316666666664,64.98483333333333,True,True
Atyrau,32,2022-12-11,24,70.77444444444441,52.70362499999997,True,True
Atyrau,32,2022-12-12,24,68.77832638888884,55.577180555555515,True,True
Atyrau,32,2022-12-13,24,73.18270833333331,59.331423611111084,True,True
Atyrau,32,2022-12-14,24,67.42306249999997,56.03979861111109,True,True
Atyrau,32,2022-12-15,24,70.13512499999996,60.128340277777745,True,False
Atyrau,32,2022-12-16,24,66.38100694444441,61.77400694444439,True,False
Atyrau,32,2022-12-17,24,80.5961458333333,73.61085416666663,True,False
Atyrau,32,2022-12-18,24,84.91572222222219,74.33839583333331,True,False
Atyrau,32,2022-12-19,24,80.97331249999996,75.57743749999996,True,False
Atyrau,32,2022-12-20,20,67.67611666666663,62.77476666666664,True,False
Atyrau,32,2022-12-21,24,78.07879861111107,70.83281944444441,True,False
Atyrau,32,2022-12-22,24,58.51991666666664,53.204715277777744,True,False
Atyrau,32,2022-12-23,24,52.90973611111108,43.02252083333332,True,True
Atyrau,32,2022-12-24,24,68.31885416666664,59.14354861111108,True,False
Atyrau,32,2022-12-25,24,63.56236805555554,55.67393055555552,True,False
Atyrau,32,2022-12-26,24,72.05015972222219,59.68791666666663,True,True
Atyrau,32,2022-12-27,24,85.59648611111108,73.94599305555553,True,False
Atyrau,32,2022-12-28,23,51.060159420289814,43.21550724637678,True,False
Atyrau,32,2022-12-29,24,79.99227083333331,71.58688194444441,True,False
Atyrau,32,2022-12-30,24,84.81965972222218,71.56494444444441,True,False
Atyrau,32,2023-01-01,23,62.15508695652171,61.49024637681156,True,False
Atyrau,32,2023-01-02,24,50.318173611111085,51.01552777777775,False,False
Atyrau,32,2023-01-03,24,47.21402083333331,47.624569444444404,False,False
Atyrau,32,2023-01-04,24,52.1658958333333,50.615416666666626,True,False
Atyrau,32,2023-01-05,24,57.63847222222219,59.193604166666624,False,False
Atyrau,32,2023-01-06,24,62.60385416666663,60.75679861111109,True,False
Atyrau,32,2023-01-07,24,58.78497916666663,59.33218055555552,False,False
Atyrau,32,2023-01-08,24,54.80627083333329,40.386666666666635,True,True
Atyrau,32,2023-01-09,24,65.95443749999997,46.98579861111107,True,True
Atyrau,32,2023-01-10,24,81.26773611111108,56.361347222222186,True,True
Atyrau,32,2023-01-11,24,77.88760416666663,50.90090277777775,True,True
Atyrau,32,2023-01-12,24,80.90022222222218,57.191868055555524,True,True
Atyrau,32,2023-01-13,24,81.19775694444442,62.329097222222195,True,True
Atyrau,32,2023-01-14,24,68.22213888888886,52.44223611111109,True,True
Atyrau,32,2023-01-15,24,77.5129097222222,61.31033333333331,True,True
Atyrau,32,2023-01-16,24,62.61265972222218,51.71622222222219,True,True
Atyrau,32,2023-01-17,23,69.62662318840577,59.89457246376808,True,False
Atyrau,32,2023-01-18,24,76.21665277777775,65.0683333333333,True,False
Atyrau,32,2023-01-19,24,68.95988194444442,61.47795138888887,True,False
Atyrau,32,2023-01-20,24,73.59561805555553,63.8854583333333,True,False
Atyrau,32,2023-01-21,24,59.81661805555552,49.410243055555526,True,True
Atyrau,32,2023-01-22,24,75.50094444444441,63.796652777777744,True,False
Atyrau,32,2023-01-23,24,74.02365277777774,68.44262499999996,True,False
Atyrau,32,2023-01-24,24,74.43136111111109,67.73616666666663,True,False
Atyrau,32,2023-01-25,24,75.83809722222219,66.1417708333333,True,False
Atyrau,32,2023-01-26,24,78.4685208333333,65.8944583333333,True,False
Atyrau,32,2023-01-27,24,72.9795208333333,62.344041666666634,True,False
Atyrau,32,2023-01-28,24,76.09831944444441,66.9888958333333,True,False
Atyrau,32,2023-01-29,24,66.38951388888887,60.297284722222194,True,False
Atyrau,32,2023-01-30,24,72.52126388888885,61.57518749999998,True,False
Atyrau,32,2023-01-31,20,62.107591666666636,56.06594999999997,True,False
Atyrau,32,2023-02-01,24,69.33599305555552,61.63600694444441,True,False
Atyrau,32,2023-02-02,24,77.32407638888886,65.47670833333329,True,False
Atyrau,32,2023-02-03,24,65.31460416666664,64.1107986111111,True,False
Atyrau,32,2023-02-04,24,50.22888194444442,46.52434722222219,True,False
Atyrau,32,2023-02-05,24,53.75875694444443,45.9837847222222,True,False
Atyrau,32,2023-02-06,24,61.51518055555553,55.75134027777776,True,False
Atyrau,32,2023-02-07,24,67.04393055555553,58.728499999999976,True,False
Atyrau,32,2023-02-08,24,59.218027777777756,47.83457638888887,True,True
Atyrau,32,2023-02-09,24,68.63080555555553,52.106895833333304,True,True
Atyrau,32,2023-02-10,24,67.83416666666663,55.53582638888886,True,True
Atyrau,32,2023-02-11,24,77.14881249999996,64.81424999999997,True,False
Atyrau,32,2023-02-12,24,61.65611111111108,51.86206249999997,True,False
Atyrau,32,2023-02-13,24,76.23981944444442,63.46507638888886,True,True
Atyrau,32,2023-02-14,24,84.59088194444442,73.62696527777776,True,False
Atyrau,32,2023-02-15,24,58.00520833333331,55.580173611111064,True,False
Atyrau,32,2023-02-16,24,48.667409722222196,45.22096527777774,True,False
Atyrau,32,2023-02-17,24,59.431770833333296,51.51052083333331,True,False
Atyrau,32,2023-02-18,24,56.314715277777736,50.92565277777774,True,False
Atyrau,32,2023-02-19,24,80.08790972222218,68.51188888888886,True,False
Atyrau,32,2023-02-20,24,73.97310416666663,68.6530694444444,True,False
Atyrau,32,2023-02-21,24,53.944034722222206,50.43060416666663,True,False
Atyrau,32,2023-02-22,24,52.45776388888887,49.72148611111108,True,False
Atyrau,32,2023-02-23,24,58.78695138888886,56.10784027777774,True,False
Atyrau,32,2023-02-24,24,59.430881944444415,48.90913888888886,True,True
Atyrau,32,2023-02-25,24,81.36135416666663,66.61393055555554,True,True
Atyrau,32,2023-02-26,24,72.61217361111107,61.97562499999998,True,False
Atyrau,32,2023-02-27,24,66.29181249999996,60.6036458333333,True,False
Atyrau,32,2023-02-28,24,72.30404166666663,69.52224305555553,True,False
Atyrau,32,2023-03-01,24,60.91650694444439,62.659972222222194,False,False
Atyrau,32,2023-03-02,24,49.84650694444441,48.080833333333295,True,False
Atyrau,32,2023-03-03,24,54.397472222222184,52.446798611111085,True,False
Atyrau,32,2023-03-04,24,59.45265972222219,57.056256944444414,True,False
Atyrau,32,2023-03-05,24,49.5577708333333,51.00179166666664,False,False
Atyrau,32,2023-03-06,24,62.071368055555524,65.24101388888886,False,False
Atyrau,32,2023-03-07,24,52.00190277777775,57.02525694444443,False,False
Atyrau,32,2023-03-08,24,59.58756249999997,59.76145138888887,False,False
Atyrau,32,2023-03-09,24,66.7157222222222,64.9965347222222,True,False
Atyrau,32,2023-03-10,24,49.70706249999996,58.560847222222186,False,False
Atyrau,32,2023-03-11,24,72.01532638888887,76.2446458333333,False,False
Atyrau,32,2023-03-15,24,70.48724999999996,68.39957638888886,True,False
Atyrau,32,2023-03-16,24,78.16445138888885,82.9733194444444,False,False
Atyrau,32,2023-03-17,24,53.56190277777775,61.3240347222222,False,False
Atyrau,32,2023-03-18,24,73.12745833333331,85.53886111111109,False,False
Atyrau,32,2023-03-19,24,65.03716666666664,77.49866666666664,False,False
Atyrau,32,2023-03-20,24,64.43216666666663,76.77997916666664,False,False
Atyrau,32,2023-03-21,24,65.8846597222222,78.86918055555553,False,False
Atyrau,32,2023-03-22,24,62.07526388888886,70.92516666666664,False,False
Atyrau,32,2023-03-23,24,74.29160416666663,92.38388888888885,False,False
Atyrau,32,2023-03-24,24,57.229548611111085,70.7487847222222,False,False
Atyrau,32,2023-03-25,24,71.19243749999997,73.67776388888886,False,False
Atyrau,32,2023-03-26,24,44.903326388888864,45.04578472222219,False,False
Atyrau,32,2023-03-27,24,58.29521527777775,55.69828472222219,True,False
Atyrau,32,2023-03-28,24,62.81148611111109,63.898874999999954,False,False
Atyrau,32,2023-03-29,24,69.17456944444442,70.22619444444442,False,False
Atyrau,32,2023-03-30,23,51.55048550724635,50.20230434782606,True,False
Atyrau,32,2023-03-31,24,57.63870833333329,57.50910416666664,True,False
Atyrau,32,2023-04-01,24,66.17029166666664,66.88878472222218,False,False
Atyrau,32,2023-04-02,24,51.871826388888856,52.371868055555524,False,False
Atyrau,32,2023-04-03,24,71.50345138888885,73.75722916666663,False,False
Atyrau,32,2023-04-04,24,53.50309027777775,51.13388194444442,True,False
Atyrau,32,2023-04-05,24,73.27935416666665,74.30521527777775,False,False
Atyrau,32,2023-04-06,24,61.299951388888864,60.01411111111108,True,False
Atyrau,32,2023-04-07,24,66.41563194444443,64.30821527777775,True,False
Atyrau,32,2023-04-08,24,54.006784722222186,54.04194444444442,False,False
Atyrau,32,2023-04-09,24,56.57861805555553,57.77119444444441,False,False
Atyrau,32,2023-04-10,24,55.73082638888886,56.19943055555552,False,False
Atyrau,32,2023-04-11,24,64.61971527777776,66.06062499999997,False,False
Atyrau,32,2023-04-12,24,59.5105347222222,57.89261111111108,True,False
Atyrau,32,2023-04-13,24,54.5968194444444,55.14859027777775,False,False
Atyrau,32,2023-04-14,24,54.72815277777775,55.92480555555553,False,False
Atyrau,32,2023-04-15,24,50.32830555555552,51.233631944444404,False,False
Atyrau,32,2023-04-16,24,48.47326388888887,43.72749305555553,True,False
Atyrau,32,2023-04-17,24,63.20597222222219,61.72424999999996,True,False
Atyrau,32,2023-04-18,24,67.79410416666664,65.1442083333333,True,False
Atyrau,32,2023-04-19,24,66.33679166666664,67.4636597222222,False,False
Atyrau,32,2023-04-21,24,51.969493055555525,47.871159722222195,True,False
Atyrau,32,2023-04-22,24,75.44331944444441,71.23019444444441,True,False
Atyrau,32,2023-04-23,24,47.032881944444426,46.193437499999966,True,False
Atyrau,32,2023-04-24,24,56.86613194444441,55.39641666666663,True,False
Atyrau,32,2023-04-25,24,54.91234027777774,53.735520833333304,True,False
Atyrau,32,2023-04-26,24,67.29868749999996,67.3648819444444,False,False
Atyrau,32,2023-04-27,24,52.06511111111109,53.78837499999995,False,False
Atyrau,32,2023-04-28,24,46.71323611111109,44.35923611111107,True,False
Atyrau,32,2023-04-29,24,47.1361458333333,44.6297222222222,True,False
Atyrau,32,2023-04-30,24,50.021069444444414,47.80117361111107,True,False
Atyrau,32,2023-05-02,19,46.890903508771906,46.50250877192981,True,False
Atyrau,32,2023-05-03,24,42.397805555555514,42.14349999999997,True,False
Atyrau,32,2023-05-04,24,56.83460416666663,57.222506944444426,False,False
Atyrau,32,2023-05-05,24,52.97738888888886,52.131493055555524,True,False
Atyrau,32,2023-05-06,24,45.25949999999997,45.19868749999997,True,False
Atyrau,32,2023-05-07,24,63.2980833333333,61.84307638888885,True,False
Atyrau,32,2023-05-08,24,69.45876388888885,65.99811111111107,True,False
Atyrau,32,2023-05-09,24,53.41445833333329,51.02599999999996,True,False
Atyrau,32,2023-05-10,24,61.13510416666664,61.92150694444442,False,False
Atyrau,32,2023-05-11,24,59.079722222222195,54.24858333333331,True,False
Atyrau,32,2023-05-12,24,54.783333333333296,53.93252777777774,True,False
Atyrau,32,2023-05-13,24,64.82290972222218,64.82511111111107,False,False
Atyrau,32,2023-05-14,24,55.61285416666663,53.5394583333333,True,False
Atyrau,32,2023-05-15,24,71.16095833333331,70.92350694444441,True,False
Atyrau,32,2023-05-16,24,60.4600972222222,57.417993055555534,True,False
Atyrau,32,2023-05-17,24,53.57209027777776,53.742340277777764,False,False
Atyrau,32,2023-05-18,24,61.551673611111084,59.998680555555524,True,False
Atyrau,32,2023-05-19,24,49.37894444444441,44.739187499999964,True,False
Atyrau,32,2023-05-20,24,50.79944444444441,49.882548611111076,True,False
Atyrau,32,2023-05-21,24,53.42026388888885,51.775937499999976,True,False
Atyrau,32,2023-05-22,24,52.10584027777775,50.04369444444441,True,False
Atyrau,32,2023-05-23,24,57.123902777777744,57.97640277777774,False,False
Atyrau,32,2023-05-24,24,51.04845138888885,47.75629861111108,True,False
Atyrau,32,2023-05-25,24,55.85038194444442,52.75429166666664,True,False
Atyrau,32,2023-05-26,18,67.70507407407405,66.22149999999998,True,False
Atyrau,32,2023-05-27,24,68.05119444444442,66.56028472222219,True,False
Atyrau,32,2023-05-28,24,69.56974305555552,65.77354861111107,True,False
Atyrau,32,2023-05-29,24,65.58998611111109,61.945243055555515,True,False
Atyrau,32,2023-05-30,24,63.31474305555552,58.58654861111108,True,False
Atyrau,32,2023-05-31,24,66.74520833333331,63.3166736111111,True,False
Atyrau,32,2023-06-01,24,61.156138888888854,55.91563194444442,True,False
Atyrau,32,2023-06-02,24,56.46789583333331,55.3314583333333,True,False
Atyrau,32,2023-06-03,24,63.467083333333306,62.30409027777774,True,False
Atyrau,32,2023-06-04,24,46.138749999999966,43.848048611111075,True,False
Atyrau,32,2023-06-05,24,59.25081249999996,58.971715277777754,True,False
Atyrau,32,2023-06-06,24,55.102381944444424,51.72220138888886,True,False
Atyrau,32,2023-06-07,24,54.14731249999997,54.24237499999996,False,False
Atyrau,32,2023-06-08,24,66.48500694444441,62.61275694444441,True,False
Atyrau,32,2023-06-09,24,74.81334027777774,70.73822916666664,True,False
Atyrau,32,2023-06-10,24,65.4720208333333,60.49734027777776,True,False
Atyrau,32,2023-06-11,24,52.998486111111085,50.64953472222219,True,False
Atyrau,32,2023-06-12,24,49.072958333333304,47.45464583333331,True,False
Atyrau,32,2023-06-13,24,67.44024305555551,64.80834722222218,True,False
Atyrau,32,2023-06-14,24,54.1355833333333,51.33818055555552,True,False
Atyrau,32,2023-06-15,24,42.98243749999998,40.40597916666664,True,False
Atyrau,32,2023-06-16,24,69.4875833333333,68.46379861111109,True,False
Atyrau,32,2023-06-17,24,53.85527083333329,52.05185416666662,True,False
Atyrau,32,2023-06-18,24,56.26445138888886,54.069590277777756,True,False
Atyrau,32,2023-06-19,24,30.252534722222197,29.991493055555523,True,False
Atyrau,32,2023-06-20,24,70.61163888888885,71.71053472222219,False,False
Atyrau,32,2023-06-21,24,63.136361111111086,64.25250694444442,False,False
Atyrau,32,2023-06-22,24,77.05732638888887,70.43006944444441,True,False
Atyrau,32,2023-06-23,24,63.2913958333333,61.867569444444406,True,False
Atyrau,32,2023-06-24,24,57.403548611111084,56.5307847222222,True,False
Atyrau,32,2023-06-25,24,58.36002777777773,56.27228472222219,True,False
Atyrau,32,2023-06-26,24,60.478499999999976,59.576090277777745,True,False
Atyrau,32,2023-06-27,24,56.70247916666663,54.22143749999998,True,False
Atyrau,32,2023-06-28,24,69.20339583333329,67.49361805555553,True,False
Atyrau,32,2023-06-29,24,59.48909722222219,53.442624999999964,True,False
Atyrau,32,2023-06-30,24,60.37535416666665,55.6040208333333,True,False
Atyrau,32,2023-07-01,24,60.42011805555552,57.498458333333296,True,False
Atyrau,32,2023-07-02,24,57.72480555555552,57.90206249999997,False,False
Atyrau,32,2023-07-03,24,45.98829166666664,43.84590277777775,True,False
Atyrau,32,2023-07-04,24,46.28706944444442,43.89099999999996,True,False
Atyrau,32,2023-07-05,24,57.50620833333331,54.833041666666624,True,False
Atyrau,32,2023-07-06,24,53.422284722222194,48.877118055555535,True,False
Atyrau,32,2023-07-07,24,56.98390277777775,54.865263888888855,True,False
Atyrau,32,2023-07-08,24,53.763111111111094,51.09269444444442,True,False
Atyrau,32,2023-07-09,24,55.36693749999997,52.95722916666662,True,False
Atyrau,32,2023-07-10,23,58.82516666666664,57.14473913043475,True,False
Atyrau,32,2023-07-11,24,52.740013888888846,48.91851388888886,True,False
Atyrau,32,2023-07-12,19,67.14151754385962,65.19073684210521,True,False
Atyrau,32,2023-07-13,24,45.73670138888886,45.11831944444443,True,False
Atyrau,32,2023-07-14,24,61.848618055555534,61.71412499999997,True,False
Atyrau,32,2023-07-15,24,55.69160416666665,56.30496527777774,False,False
Atyrau,32,2023-07-16,24,45.76084722222217,52.360090277777736,False,False
Atyrau,32,2023-07-17,24,57.47018055555552,62.95043749999997,False,False
Atyrau,32,2023-07-18,24,67.47105555555552,75.58675694444442,False,False
Atyrau,32,2023-07-19,24,65.13482638888884,66.71418055555553,False,False
Atyrau,32,2023-07-20,24,64.13293055555552,68.70242361111109,False,False
Atyrau,32,2023-07-21,24,60.137458333333306,64.47852083333332,False,False
Atyrau,32,2023-07-22,23,73.47428260869562,74.96010869565214,False,False
Atyrau,32,2023-07-23,23,58.45269565217389,58.00061594202895,True,False
Atyrau,32,2023-07-24,24,69.2698819444444,78.39906944444442,False,False
Atyrau,32,2023-07-25,24,62.69506944444441,69.80692361111109,False,False
Atyrau,32,2023-07-26,24,60.35356249999996,67.99113888888884,False,False
Atyrau,32,2023-07-27,24,53.48608333333329,55.51981249999997,False,False
Atyrau,32,2023-07-28,24,74.64547916666665,77.9562222222222,False,False
Atyrau,32,2023-07-29,24,59.21184027777775,65.77462499999997,False,False
Atyrau,32,2023-07-30,24,75.61380555555552,77.1016944444444,False,False
Atyrau,32,2023-07-31,24,43.90411805555553,46.608305555555525,False,False
Atyrau,32,2023-08-01,24,66.8663333333333,73.29305555555551,False,False
Atyrau,32,2023-08-02,24,60.23926388888885,61.549027777777745,False,False
Atyrau,32,2023-08-03,24,59.252013888888854,59.35450694444441,False,False
Atyrau,32,2023-08-04,20,47.40116666666663,51.267533333333304,False,False
Atyrau,32,2023-08-05,24,60.68605555555553,65.92107638888886,False,False
Atyrau,32,2023-08-06,24,69.63541666666664,70.93828472222219,False,False
Atyrau,32,2023-08-07,24,72.0339583333333,72.44831944444441,False,False
Atyrau,32,2023-08-08,24,68.72103472222219,75.27355555555553,False,False
Atyrau,32,2023-08-09,24,75.0304722222222,83.59947222222219,False,False
Atyrau,32,2023-08-10,24,56.40120833333331,58.381180555555524,False,False
Atyrau,32,2023-08-11,24,65.74398611111107,67.4415833333333,False,False
Atyrau,32,2023-08-12,24,67.03399305555551,69.76351388888885,False,False
Atyrau,32,2023-08-13,24,53.15140972222218,53.807437499999956,False,False
Atyrau,32,2023-08-14,24,61.49963194444441,65.5963194444444,False,False
Atyrau,32,2023-08-15,24,69.07454861111107,74.20980555555552,False,False
Atyrau,32,2023-08-16,24,63.52513194444441,69.84702083333329,False,False
Atyrau,32,2023-08-17,24,57.73487499999996,61.07979861111108,False,False
Atyrau,32,2023-08-18,20,45.15374166666663,52.44434166666662,False,False
Atyrau,32,2023-08-19,24,50.042326388888874,51.2783958333333,False,False
Atyrau,32,2023-08-20,24,59.2200069444444,65.15458333333329,False,False
Atyrau,32,2023-08-21,24,54.452020833333286,58.45412499999997,False,False
Atyrau,32,2023-08-22,24,54.49101388888886,58.7599097222222,False,False
Atyrau,32,2023-08-23,24,55.47715972222219,60.868333333333304,False,False
Atyrau,32,2023-08-24,24,47.96711805555552,50.82526388888886,False,False
Atyrau,32,2023-08-25,24,57.50221527777774,66.40354166666664,False,False
Atyrau,32,2023-08-26,24,42.28810416666664,50.87384027777775,False,False
Atyrau,32,2023-08-27,24,73.5532083333333,78.90480555555553,False,False
Atyrau,32,2023-08-28,24,58.53979166666662,64.87877777777776,False,False
Atyrau,32,2023-08-29,24,70.77962499999995,77.84211805555553,False,False
Atyrau,32,2023-08-30,24,65.34135416666663,68.82701388888884,False,False
Atyrau,32,2023-08-31,22,73.65919696969695,75.74468181818177,False,False
Atyrau,32,2023-09-01,24,60.6820833333333,68.60241666666664,False,False
Atyrau,32,2023-09-02,24,45.97607638888886,53.291173611111084,False,False
Atyrau,32,2023-09-03,24,66.01697222222221,70.01386111111107,False,False
Atyrau,32,2023-09-04,24,57.71086111111108,62.299097222222194,False,False
Atyrau,32,2023-09-05,24,62.89410416666663,71.09642361111108,False,False
Atyrau,32,2023-09-07,24,37.8167083333333,43.24087499999995,False,False
Atyrau,32,2023-09-08,24,59.70649305555553,66.7990069444444,False,False
Atyrau,32,2023-09-09,21,51.051404761904735,50.98073015873014,True,False
Atyrau,32,2023-09-10,24,73.53930555555553,79.30038194444442,False,False
Atyrau,32,2023-09-11,24,62.97593055555552,67.64646527777775,False,False
Atyrau,32,2023-09-12,24,51.15411805555552,56.495812499999964,False,False
Atyrau,32,2023-09-13,24,61.13455555555552,66.12255555555554,False,False
Atyrau,32,2023-09-14,24,54.82016666666664,58.08897222222219,False,False
Atyrau,32,2023-09-15,24,75.37336805555553,80.21837499999998,False,False
Atyrau,32,2023-09-16,24,52.47211805555552,56.50726388888887,False,False
Atyrau,32,2023-09-17,24,55.12653472222218,60.10384722222219,False,False
Atyrau,32,2023-09-18,24,62.46002777777773,69.12221527777774,False,False
Atyrau,32,2023-09-19,24,48.9184583333333,54.401222222222195,False,False
Atyrau,32,2023-09-20,24,67.36622916666663,77.43255555555552,False,False
Atyrau,32,2023-09-21,24,60.692979166666625,61.54918055555553,False,False
Atyrau,32,2023-09-22,24,74.31181249999997,75.06642361111108,False,False
Atyrau,32,2023-09-23,24,58.071576388888865,62.59717361111108,False,False
Atyrau,32,2023-09-24,24,63.23974305555553,65.23265277777774,False,False
Atyrau,32,2023-09-25,24,61.45270138888886,64.6243333333333,False,False
Atyrau,32,2023-09-26,24,56.595624999999984,59.018861111111086,False,False
Atyrau,32,2023-09-27,24,57.07650694444442,64.92695138888887,False,False
Atyrau,32,2023-09-28,24,48.208263888888865,54.82729166666664,False,False
Atyrau,32,2023-09-29,24,63.23390972222219,68.07899999999997,False,False
Atyrau,32,2023-09-30,24,62.11006944444441,67.74899999999998,False,False
Atyrau,32,2023-10-01,24,56.70690277777776,60.86479166666664,False,False
Atyrau,32,2023-10-02,24,55.943645833333306,58.2046458333333,False,False
Atyrau,32,2023-10-03,24,86.37913888888886,91.06456944444443,False,False
Atyrau,32,2023-10-04,24,71.42013888888884,78.23231249999998,False,False
Atyrau,32,2023-10-05,24,59.28088194444442,62.29034722222219,False,False
Atyrau,32,2023-10-06,24,70.4466597222222,77.56097916666664,False,False
Atyrau,32,2023-10-07,24,58.24550694444442,61.04909027777774,False,False
Atyrau,32,2023-10-08,24,68.28122916666665,66.47382638888887,True,False
Atyrau,32,2023-10-09,24,53.08332638888885,64.0169722222222,False,False
Atyrau,32,2023-10-10,24,47.693034722222194,43.37978472222219,True,False
Atyrau,32,2023-10-11,24,61.67754861111109,55.54424305555553,True,False
Atyrau,32,2023-10-12,24,59.76752083333329,49.78156249999998,True,True
Atyrau,32,2023-10-13,24,64.71445138888886,58.99638888888887,True,False
Atyrau,32,2023-10-14,24,62.81770138888885,58.195104166666646,True,False
Atyrau,32,2023-10-15,24,73.60905555555553,72.70899999999996,True,False
Atyrau,32,2023-10-16,24,54.52221527777775,50.96595138888886,True,False
Atyrau,32,2023-10-17,24,62.23622916666664,61.26949999999997,True,False
Atyrau,32,2023-10-18,24,70.34029861111107,62.38024999999997,True,False
Atyrau,32,2023-10-19,24,60.51561111111108,57.843263888888856,True,False
Atyrau,32,2023-10-20,24,64.22904166666663,58.40512499999996,True,False
Atyrau,32,2023-10-21,24,58.12003472222219,54.689868055555515,True,False
Atyrau,32,2023-10-22,24,66.96932638888886,62.112444444444414,True,False
Atyrau,32,2023-10-23,24,69.86897916666663,60.537243055555514,True,False
Atyrau,32,2023-10-24,24,73.46534027777776,64.37743749999997,True,False
Atyrau,32,2023-10-25,24,57.51413888888886,54.70753472222219,True,False
Atyrau,32,2023-10-26,24,65.5602083333333,54.379819444444415,True,True
Atyrau,32,2023-10-27,24,66.93418055555553,56.47168055555553,True,False
Atyrau,32,2023-10-28,24,68.36815277777775,66.85797916666662,True,False
Atyrau,32,2023-10-29,24,41.472270833333305,43.73418055555555,False,False
Atyrau,32,2023-10-30,24,46.02769444444444,44.717375000000004,True,False
Atyrau,32,2023-10-31,24,61.09427777777777,52.32065277777778,True,False
Atyrau,32,2023-11-01,24,64.9616875,64.14147916666667,True,False
Atyrau,32,2023-11-02,24,56.59195833333334,50.04859027777778,True,False
Atyrau,32,2023-11-03,24,58.315756944444445,58.049361111111104,True,False
Atyrau,32,2023-11-04,24,60.888868055555555,58.96404861111111,True,False
Atyrau,32,2023-11-05,24,68.79359027777778,64.151125,True,False
Atyrau,32,2023-11-06,24,69.32016666666667,62.851875,True,False
Atyrau,32,2023-11-07,24,76.18778472222222,68.36302083333334,True,False
Atyrau,32,2023-11-08,24,50.57816666666667,48.40495138888889,True,False
Atyrau,32,2023-11-09,24,65.695375,59.9864375,True,False
Atyrau,32,2023-11-10,24,62.55757638888889,59.063520833333335,True,False
Atyrau,32,2023-11-11,24,62.594854166666664,55.54719444444444,True,False
Atyrau,32,2023-11-12,24,60.86445138888888,49.34663888888889,True,True
Atyrau,32,2023-11-13,24,72.42796527777777,61.32895138888889,True,False
Atyrau,32,2023-11-14,24,64.31684722222222,55.28473611111111,True,False
Atyrau,32,2023-11-15,24,70.15867361111111,65.1533888888889,True,False
Atyrau,32,2023-11-16,24,80.63706944444445,64.71149305555555,True,True
Atyrau,32,2023-11-17,24,66.12236111111112,56.47544444444444,True,False
Atyrau,32,2023-11-18,24,80.06386805555555,66.37510416666667,True,True
Atyrau,32,2023-11-19,24,68.30750694444446,53.76665972222222,True,True
Atyrau,32,2023-11-20,24,51.923187500000004,45.48871527777778,True,False
Atyrau,32,2023-11-21,24,66.06484027777778,57.915930555555555,True,False
Atyrau,32,2023-11-22,24,64.85263194444444,50.489576388888885,True,True
Atyrau,32,2023-11-23,24,57.60344444444444,40.80090972222222,True,True
Atyrau,32,2023-11-24,24,56.07884027777778,38.3864375,True,True
Atyrau,32,2023-11-25,24,52.172958333333334,42.02568055555556,True,True
Atyrau,32,2023-11-26,24,63.477875000000004,51.20588888888889,True,True
Atyrau,32,2023-11-27,24,61.81007638888889,50.48722916666667,True,True
Atyrau,32,2023-11-28,24,56.467597222222224,47.5065625,True,False
Atyrau,32,2023-11-29,24,57.98379166666666,44.28084722222223,True,True
Atyrau,32,2023-11-30,24,49.28819444444445,35.783229166666665,True,True
Atyrau,32,2023-12-01,24,57.540708333333335,46.45345138888889,True,True
Atyrau,32,2023-12-02,24,70.42689583333333,56.11145833333333,True,True
Atyrau,32,2023-12-03,24,63.347590277777776,52.119284722222226,True,True
Atyrau,32,2023-12-04,24,61.82820833333333,52.204173611111116,True,False
Atyrau,32,2023-12-05,24,54.378951388888886,45.236763888888895,True,True
Atyrau,32,2023-12-06,24,61.788375,44.276048611111115,True,True
Atyrau,32,2023-12-07,24,49.23815277777778,31.50765277777778,True,True
Atyrau,32,2023-12-08,24,50.92966666666666,34.04813194444444,True,True
Atyrau,32,2023-12-12,24,43.40427777777777,20.406895833333333,True,True
Atyrau,32,2023-12-13,24,43.548673611111106,19.33345138888889,True,True
Atyrau,32,2023-12-14,24,36.1679375,18.6611875,True,True
Atyrau,32,2023-12-15,24,41.27504166666667,22.606180555555554,True,True
Atyrau,32,2023-12-16,24,40.189256944444445,21.516263888888886,True,True
Atyrau,32,2023-12-17,24,40.947340277777776,24.647854166666665,True,True
Atyrau,32,2023-12-18,24,43.70775694444444,27.478013888888892,True,True
Atyrau,32,2023-12-19,24,46.39739583333334,32.718069444444446,True,True
Atyrau,32,2023-12-20,24,46.18058333333334,34.478659722222226,True,True
Atyrau,32,2023-12-21,24,49.26639583333333,36.99021527777778,True,True
Atyrau,32,2023-12-22,24,50.911368055555556,37.14890972222222,True,True
Atyrau,32,2023-12-23,24,44.21409027777778,33.89778472222222,True,True
Atyrau,32,2023-12-24,24,48.893631944444444,37.42136111111111,True,True
Atyrau,32,2023-12-25,24,48.98995138888889,38.76304861111111,True,True
Atyrau,32,2023-12-26,24,45.532472222222225,33.747618055555556,True,True
Atyrau,32,2023-12-27,24,54.11600694444445,43.20602777777777,True,True
Atyrau,32,2023-12-28,24,56.025395833333334,42.94132638888889,True,True
Atyrau,32,2023-12-29,24,52.66676388888889,37.886895833333334,True,True
Atyrau,32,2023-12-30,24,45.10525694444445,34.521340277777774,True,True
Atyrau,32,2023-12-31,24,48.524951388888894,37.88831944444444,True,True
Atyrau,32,2024-01-01,24,49.919999999999995,40.614777777777775,True,True
Atyrau,32,2024-01-02,24,51.04911805555556,37.075381944444445,True,True
Atyrau,32,2024-01-03,24,48.38211111111111,34.969743055555554,True,True
Atyrau,32,2024-01-04,24,43.50060416666667,32.96725,True,True
Atyrau,32,2024-01-05,24,55.01701388888889,42.7635625,True,True
Atyrau,32,2024-01-06,24,51.68548611111111,40.904381944444445,True,True
Atyrau,32,2024-01-07,24,50.51647916666667,37.66947222222222,True,True
Atyrau,32,2024-01-08,24,44.31118055555555,28.237895833333337,True,True
Atyrau,32,2024-01-09,24,46.86479166666667,27.15320138888889,True,True
Atyrau,32,2024-01-10,24,45.674125000000004,24.58458333333333,True,True
Atyrau,32,2024-01-11,24,44.81751388888889,23.61659722222222,True,True
Atyrau,32,2024-01-12,24,42.45556944444444,27.479125,True,True
Atyrau,32,2024-01-13,24,49.14844444444444,30.97675,True,True
Atyrau,32,2024-01-14,24,43.029090277777776,19.656187499999998,True,True
Atyrau,32,2024-01-15,24,43.041500000000006,20.15820833333333,True,True
Atyrau,32,2024-01-16,24,42.91845138888889,21.252798611111114,True,True
Atyrau,32,2024-01-17,24,42.78336805555555,24.808833333333336,True,True
Atyrau,32,2024-01-18,24,49.21700694444444,31.793944444444445,True,True
Atyrau,32,2024-01-19,24,46.180618055555556,29.40209722222222,True,True
Atyrau,32,2024-01-20,24,46.572965277777776,30.293666666666667,True,True
Atyrau,32,2024-01-21,24,42.14339583333334,30.322152777777777,True,True
Atyrau,32,2024-01-22,24,43.76519444444444,28.392638888888886,True,True
Atyrau,32,2024-01-23,24,49.63199305555556,26.830472222222223,True,True
Atyrau,32,2024-01-24,24,40.162909722222224,25.00401388888889,True,True
Atyrau,32,2024-01-25,24,44.08634722222222,27.928145833333332,True,True
Atyrau,32,2024-01-26,24,41.71447916666667,26.211069444444444,True,True
Atyrau,32,2024-01-27,24,42.26818055555555,30.855270833333336,True,True
Atyrau,32,2024-01-28,24,41.74720138888889,31.626548611111108,True,True
Atyrau,32,2024-01-29,24,38.381166666666665,26.182930555555554,True,True
Atyrau,32,2024-01-30,24,40.263375,26.717680555555557,True,True
Atyrau,32,2024-01-31,24,40.79096527777778,31.85609722222222,True,True
Atyrau,32,2024-02-01,24,50.677305555555556,42.67633333333333,True,False
Atyrau,32,2024-02-02,24,51.170812500000004,41.95815277777778,True,True
Atyrau,32,2024-02-03,24,51.29277083333333,40.47,True,True
Atyrau,32,2024-02-04,24,50.63570138888889,39.696083333333334,True,True
Atyrau,32,2024-02-05,24,46.72552083333334,45.25674305555555,True,False
Atyrau,32,2024-02-06,24,51.02957638888889,45.13888194444445,True,False
Atyrau,32,2024-02-07,24,53.05086111111111,45.75983333333334,True,False
Atyrau,32,2024-02-08,24,53.11801388888889,49.91363888888889,True,False
Atyrau,32,2024-02-09,24,48.42903472222222,46.17906250000001,True,False
Atyrau,32,2024-02-10,24,54.54728472222222,45.13471527777778,True,True
Atyrau,32,2024-02-11,24,47.13509027777778,37.3245625,True,True
Atyrau,32,2024-02-12,24,46.90754861111111,39.45509027777778,True,False
Atyrau,32,2024-02-13,24,57.98197916666667,47.31689583333333,True,True
Atyrau,32,2024-02-14,24,52.514006944444446,46.8811875,True,False
Atyrau,32,2024-02-15,24,53.14130555555556,44.78967361111111,True,False
Atyrau,32,2024-02-16,24,41.049104166666666,25.8105625,True,True
Atyrau,32,2024-02-17,24,38.61163888888889,25.174701388888888,True,True
Atyrau,32,2024-02-18,24,41.08402777777778,28.32596527777778,True,True
Atyrau,32,2024-02-19,24,37.775284722222224,26.23086111111111,True,True
Atyrau,32,2024-02-20,24,42.03380555555555,31.170875,True,True
Atyrau,32,2024-02-21,24,39.75577777777778,29.655347222222222,True,True
Atyrau,32,2024-02-22,24,44.25525694444445,32.74370138888889,True,True
Atyrau,32,2024-02-23,24,41.05661111111112,28.71247222222222,True,True
Atyrau,32,2024-02-24,24,46.06571527777778,32.686840277777776,True,True
Atyrau,32,2024-02-25,24,41.58433333333333,29.77752083333333,True,True
Atyrau,32,2024-02-26,24,41.8945625,30.213166666666666,True,True
Atyrau,32,2024-02-27,24,51.88013194444445,37.37623611111111,True,True
Atyrau,32,2024-02-28,24,51.139180555555555,40.938631944444445,True,True
Atyrau,32,2024-02-29,24,52.542319444444445,43.90022916666667,True,False
Atyrau,32,2024-03-01,24,55.9793611111111,49.68302083333333,True,False
Atyrau,32,2024-03-02,24,53.722361111111105,48.62970138888889,True,False
Atyrau,32,2024-03-03,24,52.738395833333335,45.7630625,True,False
Atyrau,32,2024-03-04,24,50.08159722222222,43.34988194444444,True,False
Atyrau,32,2024-03-05,24,47.13831944444445,40.40934722222222,True,False
Atyrau,32,2024-03-06,24,53.62114583333334,50.92067361111111,True,False
Atyrau,32,2024-03-07,24,58.08998611111111,50.61519444444445,True,False
Atyrau,32,2024-03-08,24,55.9915,44.19120833333333,True,True
Atyrau,32,2024-03-09,24,48.66824305555556,42.479979166666666,True,False
Atyrau,32,2024-03-10,24,48.76188194444445,42.70195833333333,True,False
Atyrau,32,2024-03-11,24,54.75871527777778,47.17982638888889,True,False
Atyrau,32,2024-03-12,24,56.414861111111115,49.945812499999995,True,False
Atyrau,32,2024-03-13,24,56.09480555555555,46.37176388888889,True,True
Atyrau,32,2024-03-14,24,43.32570138888889,36.56131944444444,True,False
Atyrau,32,2024-03-15,24,50.14736805555555,43.443125,True,False
Atyrau,32,2024-03-16,24,46.93083333333334,43.032604166666665,True,False
Atyrau,32,2024-03-17,24,50.118340277777776,48.00636111111111,True,False
Atyrau,32,2024-03-18,24,47.12770833333334,41.66464583333333,True,False
Atyrau,32,2024-03-19,24,45.885416666666664,41.56093055555556,True,False
Atyrau,32,2024-03-20,24,42.16919444444444,36.53646527777778,True,False
Atyrau,32,2024-03-21,24,48.01991666666667,46.02863194444444,True,False
Atyrau,32,2024-03-22,24,54.46423611111111,49.85695833333333,True,False
Atyrau,32,2024-03-23,24,41.57028472222222,35.81829861111111,True,False
Atyrau,32,2024-03-24,24,46.680993055555554,47.428715277777776,False,False
Atyrau,32,2024-03-25,24,41.83904861111111,47.579208333333334,False,False
Atyrau,32,2024-03-26,24,48.27964583333334,54.08661111111112,False,False
Atyrau,32,2024-03-27,24,42.29430555555555,45.35491666666667,False,False
Atyrau,32,2024-03-28,24,38.29815277777778,39.981944444444444,False,False
Atyrau,32,2024-03-29,24,45.73963888888889,47.172270833333336,False,False
Atyrau,32,2024-03-30,24,51.299368055555554,53.200291666666665,False,False
Atyrau,32,2024-03-31,24,55.59022222222222,68.29145138888889,False,False
Atyrau,32,2024-04-01,24,55.479659722222216,64.55977777777778,False,False
Atyrau,32,2024-04-02,24,56.05231944444444,74.84238194444444,False,False
Atyrau,32,2024-04-03,24,43.15752777777777,51.66765277777778,False,False
Atyrau,32,2024-04-04,24,64.13220833333334,71.06652777777778,False,False
Atyrau,32,2024-04-05,24,61.3130625,71.09798611111111,False,False
Atyrau,32,2024-04-06,24,41.33855555555555,53.88425,False,False
Atyrau,32,2024-04-07,24,38.52213888888889,49.296,False,False
Atyrau,32,2024-04-08,24,65.62597916666667,84.52389583333333,False,False
Atyrau,32,2024-04-09,24,47.4515625,58.22906944444444,False,False
Atyrau,32,2024-04-10,24,40.5423125,60.75143055555555,False,False
Atyrau,32,2024-04-11,24,23.22378472222222,26.516840277777778,False,False
Atyrau,32,2024-04-12,24,45.85748611111111,47.844881944444445,False,False
Atyrau,32,2024-04-13,24,48.58761111111111,48.175375,True,False
Atyrau,32,2024-04-14,24,22.62226388888889,27.514131944444443,False,False
Atyrau,32,2024-04-15,24,23.34872916666667,27.29272916666667,False,False
Atyrau,32,2024-04-16,24,30.908243055555555,34.76865277777778,False,False
Atyrau,32,2024-04-17,24,22.742951388888887,27.021256944444445,False,False
Atyrau,32,2024-04-18,24,9.366430555555555,10.660812499999999,False,False
Atyrau,32,2024-04-19,24,1.0981458333333334,1.110298611111111,False,False
Atyrau,32,2024-04-20,24,1.1741527777777778,1.2002430555555554,False,False
Atyrau,32,2024-04-21,24,1.2812222222222223,1.3066458333333333,False,False
Atyrau,32,2024-04-22,24,1.1164722222222223,1.1440833333333333,False,False
Atyrau,32,2024-04-23,24,1.334701388888889,1.3110694444444444,True,False
Atyrau,32,2024-04-24,24,3.7557152777777776,3.5562291666666668,True,False
Atyrau,32,2024-04-25,24,15.757263888888888,17.075409722222222,False,False
Atyrau,32,2024-04-26,24,3.6648680555555555,3.652243055555555,True,False
Atyrau,32,2024-04-27,24,1.4493958333333332,1.4063263888888888,True,False
Atyrau,32,2024-04-28,24,15.827506944444444,16.977,False,False
Atyrau,32,2024-04-29,24,12.306409722222222,14.332173611111111,False,False
Atyrau,32,2024-04-30,24,5.417131944444445,5.490756944444445,False,False
Atyrau,32,2024-05-01,24,31.18427777777778,42.81644444444444,False,False
Atyrau,32,2024-05-02,24,13.349104166666665,15.085465277777779,False,False
Atyrau,32,2024-05-03,24,16.46409027777778,19.863881944444447,False,False
Atyrau,32,2024-05-04,24,39.675104166666664,47.23184722222223,False,False
Atyrau,32,2024-05-05,24,45.66064583333334,49.76376388888889,False,False
Atyrau,32,2024-05-06,24,32.782784722222225,44.12988194444444,False,False
Atyrau,32,2024-05-07,24,20.766111111111112,25.988548611111113,False,False
Atyrau,32,2024-05-08,24,34.18052083333333,44.309111111111115,False,False
Atyrau,32,2024-05-09,24,56.40122222222222,60.1940625,False,False
Atyrau,32,2024-05-10,24,51.33880555555555,58.89161805555555,False,False
Atyrau,32,2024-05-11,24,33.61995833333334,43.32203472222222,False,False
Atyrau,32,2024-05-12,24,21.41385416666665,27.057124999999985,False,False
Atyrau,32,2024-05-13,24,22.4216458333333,23.638444444444417,False,False
Atyrau,32,2024-05-14,24,51.50555555555553,61.77720138888886,False,False
Atyrau,32,2024-05-15,24,34.27068749999999,43.85795138888887,False,False
Atyrau,32,2024-05-16,24,34.980576388888885,36.30047222222222,False,False
Atyrau,32,2024-05-17,24,28.24304861111111,32.470326388888886,False,False
Atyrau,32,2024-05-18,24,33.47655555555556,39.101687500000004,False,False
Atyrau,32,2024-05-19,24,21.845625,23.371354166666666,False,False
Atyrau,32,2024-05-20,24,16.861868055555558,19.4310625,False,False
Atyrau,32,2024-05-21,24,21.792694444444447,25.844631944444444,False,False
Atyrau,32,2024-05-22,24,2.5893819444444444,2.4563263888888884,True,False
Atyrau,32,2024-05-23,24,1.1228749999999998,1.1554444444444443,False,False
Atyrau,32,2024-05-24,21,9.35838095238094,14.113349206349195,False,False
Atyrau,32,2024-05-25,24,38.70144444444444,47.71234027777778,False,False
Atyrau,32,2024-05-26,24,14.384055555555555,17.317243055555558,False,False
Atyrau,32,2024-05-27,24,1.1276666666666666,1.1490277777777778,False,False
Atyrau,32,2024-05-28,24,1.2664236111111111,1.328548611111111,False,False
Atyrau,32,2024-05-29,24,1.1116458333333334,1.1682083333333333,False,False
Atyrau,32,2024-05-30,24,0.9746458333333333,0.9908402777777777,False,False
Atyrau,32,2024-05-31,24,0.7630277777777777,0.781125,False,False
Atyrau,32,2024-06-01,24,0.7637291666666667,0.7585208333333333,True,False
Atyrau,32,2024-06-02,24,0.9495833333333333,0.9586111111111112,False,False
Atyrau,32,2024-06-03,24,18.09126388888889,16.591868055555555,True,False
Atyrau,32,2024-06-04,24,48.21122916666667,39.13238888888889,True,True
Atyrau,32,2024-06-05,24,36.19600694444444,30.64170833333333,True,False
Atyrau,32,2024-06-06,24,35.32310416666667,28.734520833333335,True,True
Atyrau,32,2024-06-07,24,37.316069444444445,26.315840277777777,True,True
Atyrau,32,2024-06-08,24,31.86972222222222,24.490958333333328,True,True
Atyrau,32,2024-08-19,24,45.68482638888889,43.837465277777774,True,False
Atyrau,32,2024-08-20,24,41.74272916666667,42.0719375,False,False
Atyrau,32,2024-08-21,24,44.58132638888889,43.23281944444444,True,False
Atyrau,32,2024-08-22,24,42.60033333333333,43.99304861111111,False,False
Atyrau,32,2024-08-23,24,50.087375,52.128680555555555,False,False
Atyrau,32,2024-08-24,24,44.60527777777778,46.04307638888889,False,False
Atyrau,32,2024-08-25,24,54.670298611111114,56.771902777777775,False,False
Atyrau,32,2024-08-26,24,47.05335416666667,49.28039583333333,False,False
Atyrau,32,2024-08-27,24,53.31002083333333,52.93105555555556,True,False
Atyrau,32,2024-08-28,24,42.56622222222222,43.41690277777778,False,False
Atyrau,32,2024-08-29,24,51.3503125,53.85559722222222,False,False
Atyrau,32,2024-08-30,24,48.014097222222226,50.13532638888889,False,False
Atyrau,32,2024-08-31,24,58.073187499999996,59.99346527777778,False,False
Atyrau,32,2024-09-01,24,55.407354166666664,55.61659027777778,False,False
Atyrau,32,2024-09-02,24,46.255409722222225,49.14226388888889,False,False
Atyrau,32,2024-09-03,24,50.991736111111116,55.71953472222222,False,False
Atyrau,32,2024-09-04,24,51.601215277777776,54.831069444444445,False,False
Atyrau,32,2024-09-05,24,46.26743055555554,47.91377083333333,False,False
Atyrau,32,2024-09-06,24,58.03938888888889,57.43895833333334,True,False
Atyrau,32,2024-09-07,24,44.59229861111111,47.476576388888894,False,False
Atyrau,32,2024-09-08,24,49.25819444444445,49.67184722222222,False,False
Atyrau,32,2024-09-09,24,55.29152777777778,58.56655555555556,False,False
Atyrau,32,2024-09-10,24,56.13885416666667,57.44094444444445,False,False
Atyrau,32,2024-09-11,24,49.68264583333333,52.53290972222222,False,False
Atyrau,32,2024-09-12,24,57.468333333333334,60.10702083333334,False,False
Atyrau,32,2024-09-13,24,58.85165972222222,60.359076388888894,False,False
Atyrau,32,2024-09-14,24,51.74957638888889,53.49011111111111,False,False
Atyrau,32,2024-09-15,24,53.57918055555555,56.03809722222223,False,False
Atyrau,32,2024-09-16,24,54.9128125,55.709652777777784,False,False
Atyrau,32,2024-09-17,24,46.02504861111111,49.05045138888889,False,False
Atyrau,32,2024-09-18,24,46.80942361111111,49.775187499999994,False,False
Atyrau,32,2024-09-19,24,47.995666666666665,50.385111111111115,False,False
Atyrau,32,2024-09-20,24,44.5506875,47.828402777777775,False,False
Atyrau,32,2024-09-21,24,46.340694444444445,46.734520833333335,False,False
Atyrau,32,2024-09-22,24,53.60415277777778,56.91111111111112,False,False
Atyrau,32,2024-09-23,24,51.95779166666667,53.66919444444445,False,False
Atyrau,32,2024-09-24,24,50.55714583333333,53.06646527777778,False,False
Atyrau,32,2024-09-25,24,44.913868055555554,50.46381944444445,False,False
Atyrau,32,2024-09-26,24,37.88633333333333,38.77215972222222,False,False
Atyrau,32,2024-09-27,24,43.215631944444446,45.06514583333333,False,False
Atyrau,32,2024-09-28,24,43.98434027777778,47.64670833333333,False,False
Atyrau,32,2024-09-29,24,44.16777083333333,48.04453472222222,False,False
Atyrau,32,2024-09-30,24,49.16572222222222,52.07152777777778,False,False
Atyrau,32,2024-10-01,24,56.388125,57.006,False,False
Atyrau,32,2024-10-02,24,38.56804861111111,40.82181944444444,False,False
Atyrau,32,2024-10-03,24,47.455937500000005,49.320249999999994,False,False
Atyrau,32,2024-10-04,24,43.18877777777777,43.406312500000006,False,False
Atyrau,32,2024-10-05,24,42.32021527777778,43.90721527777777,False,False
Atyrau,32,2024-10-06,24,48.870652777777785,53.37509722222222,False,False
Atyrau,32,2024-10-07,24,49.24904166666666,48.316,True,False
Atyrau,32,2024-10-08,24,42.01497222222222,41.72071527777778,True,False
Atyrau,32,2025-01-14,24,33.61495138888889,25.199861111111108,True,True
Atyrau,32,2025-01-15,24,33.267152777777774,26.478576388888886,True,True
Atyrau,32,2025-01-16,24,30.545354166666666,26.237979166666666,True,False
Atyrau,32,2025-01-17,24,33.91014583333334,26.952375,True,True
Atyrau,32,2025-01-18,24,40.949555555555555,28.78106944444444,True,True
Atyrau,32,2025-01-19,24,42.15452777777778,31.24392361111111,True,True
Atyrau,32,2025-01-20,24,40.738930555555555,29.399215277777774,True,True
Atyrau,32,2025-01-21,24,49.203743055555556,34.77670138888889,True,True
Atyrau,32,2025-01-22,24,41.895208333333336,25.07609722222222,True,True
Atyrau,32,2025-01-23,24,42.88848611111111,20.64609722222222,True,True
Atyrau,32,2025-01-24,24,38.350763888888885,19.392256944444444,True,True
Atyrau,32,2025-01-25,24,35.425104166666664,22.52192361111111,True,True
Atyrau,32,2025-01-26,24,38.56772916666667,23.550409722222224,True,True
Atyrau,32,2025-01-27,24,44.54617361111111,29.705527777777778,True,True
Atyrau,32,2025-01-28,24,40.39670833333333,26.899743055555557,True,True
Atyrau,32,2025-01-29,24,40.02838888888889,26.656319444444446,True,True
Atyrau,32,2025-01-30,24,39.224243055555554,25.379604166666667,True,True
Atyrau,32,2025-01-31,24,43.03959722222223,29.837166666666665,True,True
Atyrau,32,2025-02-01,24,41.33575694444445,27.28084027777778,True,True
Atyrau,32,2025-02-02,24,43.00575,28.21134722222222,True,True
Atyrau,32,2025-02-03,24,42.746048611111114,29.147423611111112,True,True
Atyrau,32,2025-02-04,24,38.02025,27.503937500000003,True,True
Atyrau,32,2025-02-05,24,40.46826388888889,26.32490972222222,True,True
Atyrau,32,2025-02-06,24,39.868604166666664,24.09109722222222,True,True
Atyrau,32,2025-02-07,24,38.24559722222222,22.65375,True,True
Atyrau,32,2025-02-08,24,40.14910416666667,20.367256944444446,True,True
Atyrau,32,2025-02-09,24,34.343069444444446,18.488618055555555,True,True
Atyrau,32,2025-02-10,24,34.60159027777778,18.12588888888889,True,True
Atyrau,32,2025-02-11,24,35.73320833333333,22.203027777777777,True,True
Atyrau,32,2025-02-12,24,37.391243055555556,21.94315277777778,True,True
Atyrau,32,2025-02-13,24,35.560972222222226,21.258791666666667,True,True
Atyrau,32,2025-02-14,24,34.8006875,22.39154861111111,True,True
Atyrau,32,2025-02-15,24,34.95902777777778,22.435625,True,True
Atyrau,32,2025-02-16,24,33.55698611111111,22.276347222222224,True,True
Atyrau,32,2025-02-17,24,36.04038888888889,24.797104166666667,True,True
Atyrau,32,2025-02-18,24,35.12155555555555,20.162625000000002,True,True
Atyrau,32,2025-02-19,24,32.48875694444445,16.003006944444444,True,True
Atyrau,32,2025-02-20,24,30.79336111111111,14.780888888888889,True,True
Atyrau,32,2025-02-21,24,31.49607638888889,16.146416666666667,True,True
Atyrau,32,2025-02-22,24,30.070888888888888,17.068708333333333,True,True
Atyrau,32,2025-02-23,24,30.61747916666667,16.31332638888889,True,True
Atyrau,32,2025-02-24,24,29.96755555555556,16.14645833333333,True,True
Atyrau,32,2025-02-25,24,30.45573611111111,15.0536875,True,True
Atyrau,32,2025-02-26,24,31.121604166666668,16.362333333333336,True,True
Atyrau,32,2025-02-27,24,29.386916666666664,15.162284722222223,True,True
Atyrau,32,2025-02-28,24,31.971652777777777,15.587847222222223,True,True
Atyrau,32,2025-03-01,24,30.129958333333335,14.676493055555556,True,True
Atyrau,32,2025-03-02,24,31.599722222222223,16.57267361111111,True,True
Atyrau,32,2025-03-03,24,31.933666666666667,13.863666666666667,True,True
Atyrau,32,2025-03-04,24,31.95067361111111,17.385097222222225,True,True
Atyrau,32,2025-03-05,24,33.05685416666667,21.44520138888889,True,True
Atyrau,32,2025-03-06,24,35.06113194444445,24.503027777777778,True,True
Atyrau,32,2025-03-07,24,40.050270833333336,30.703930555555555,True,True
Atyrau,32,2025-03-08,24,37.96836805555555,28.421125,True,True
Atyrau,32,2025-03-09,24,37.911520833333334,28.589055555555557,True,True
Atyrau,32,2025-03-10,24,36.14125694444444,28.633416666666665,True,True
Atyrau,32,2025-03-11,24,42.63284027777778,34.09721527777778,True,True
Atyrau,32,2025-03-12,24,43.80821527777778,37.83726388888889,True,False
Atyrau,32,2025-03-13,24,42.50963194444444,37.59054166666667,True,False
Atyrau,32,2025-03-14,24,39.56410416666667,36.64315972222222,True,False
Atyrau,32,2025-03-15,24,38.744277777777775,39.58434027777778,False,False
Atyrau,32,2025-03-16,24,45.86579166666667,48.84813194444445,False,False
Atyrau,32,2025-03-17,24,43.329729166666674,48.05731944444445,False,False
Atyrau,32,2025-03-18,24,57.86420138888889,64.85091666666666,False,False
Atyrau,32,2025-03-19,24,48.470756944444446,51.03361805555556,False,False
Atyrau,32,2025-03-20,24,49.147638888888885,48.57286805555555,True,False
Atyrau,32,2025-03-21,24,48.74397916666667,42.93452777777778,True,False
Atyrau,32,2025-03-22,24,46.01580555555555,42.78902777777778,True,False
Atyrau,32,2025-03-23,24,43.67008333333333,36.00604861111111,True,True
Atyrau,32,2025-03-24,24,42.88023611111111,36.255090277777775,True,False
Atyrau,32,2025-03-25,24,44.12459722222223,38.94083333333334,True,False
Atyrau,32,2025-03-26,24,44.574284722222224,40.73688194444444,True,False
Atyrau,32,2025-03-27,24,38.062916666666666,29.17161111111111,True,True
Atyrau,32,2025-03-28,24,43.69940277777778,38.20232638888889,True,False
Atyrau,32,2025-03-29,24,53.76174305555556,49.16821527777778,True,False
Atyrau,32,2025-03-30,24,55.064902777777775,60.669798611111105,False,False
Atyrau,32,2025-03-31,24,48.548680555555556,50.161520833333334,False,False
Atyrau,32,2025-04-01,24,58.24863194444444,66.40903472222222,False,False
Atyrau,32,2025-04-02,24,64.54597222222222,68.19705555555555,False,False
Atyrau,32,2025-04-03,24,38.36870138888889,44.464840277777775,False,False
Atyrau,32,2025-04-04,24,51.726756944444446,56.48563194444444,False,False
Atyrau,32,2025-04-05,24,47.36183333333333,63.79420833333334,False,False
Atyrau,32,2025-04-06,24,56.62146527777778,58.93590972222222,False,False
Atyrau,32,2025-04-07,24,45.46279166666667,41.60185416666667,True,False
Atyrau,32,2025-04-08,24,45.84388888888889,59.48533333333334,False,False
Atyrau,32,2025-04-09,24,39.07938888888889,43.70211805555556,False,False
Atyrau,32,2025-04-10,24,34.61958333333333,29.951631944444443,True,False
Atyrau,32,2025-04-11,24,37.67055555555556,29.963284722222223,True,True
Atyrau,32,2025-04-12,24,33.40906944444445,28.467868055555556,True,False
Atyrau,32,2025-04-13,24,39.64902777777778,33.90538194444445,True,False
Atyrau,32,2025-04-14,21,43.18907142857142,37.80723809523808,True,False
Atyrau,32,2025-04-16,24,40.469,32.25092361111111,True,True
Atyrau,32,2025-04-17,24,45.64927083333333,38.29195833333333,True,False
Atyrau,32,2025-04-18,24,45.484659722222226,36.32440277777778,True,True
Atyrau,32,2025-04-19,24,42.128062500000006,31.912000000000003,True,True
Atyrau,32,2025-04-20,24,46.85902777777778,39.85022222222222,True,False
Atyrau,32,2025-04-21,24,49.16858333333334,40.160645833333334,True,True
Atyrau,32,2025-04-22,22,39.66606818181817,35.8653106060606,True,False
Atyrau,32,2025-04-23,24,50.85078472222222,40.56435416666667,True,True
Atyrau,32,2025-04-24,24,44.62147916666667,38.749652777777776,True,False
Atyrau,32,2025-04-25,24,50.772687499999996,41.25465972222222,True,True
Atyrau,32,2025-04-26,24,55.03540277777778,46.8331875,True,False
Atyrau,32,2025-04-27,24,44.68770138888889,39.513416666666664,True,False
Atyrau,32,2025-04-28,24,48.18553472222222,46.003770833333334,True,False
Atyrau,32,2025-04-29,24,44.96534027777778,39.788895833333335,True,False
Atyrau,32,2025-04-30,24,44.22403472222222,38.20926388888889,True,False
Atyrau,32,2025-05-01,24,46.62359027777777,44.40923611111111,True,False
Atyrau,32,2025-05-02,24,42.588631944444444,41.226284722222225,True,False
Atyrau,32,2025-05-03,24,50.14093055555555,45.74175694444444,True,False
Atyrau,32,2025-05-04,24,41.047979166666664,34.805083333333336,True,False
Atyrau,32,2025-05-05,24,46.55034027777777,44.003347222222224,True,False
Atyrau,32,2025-05-06,24,46.43434722222222,46.19126388888889,True,False
Atyrau,32,2025-05-07,24,44.64101388888889,40.59793055555556,True,False
Atyrau,32,2025-05-08,24,42.31013194444444,39.93186111111111,True,False
Atyrau,32,2025-05-09,24,47.68579166666667,40.30031944444445,True,False
Atyrau,32,2025-05-10,24,37.45968055555556,32.12088194444444,True,False
Atyrau,32,2025-05-11,24,45.27079166666667,37.058347222222224,True,True
Atyrau,32,2025-05-12,24,41.631236111111114,34.79813888888889,True,False
Atyrau,32,2025-05-13,24,44.72463888888888,39.21395138888889,True,False
Atyrau,32,2025-05-14,24,41.54054861111111,38.17540277777778,True,False
Atyrau,32,2025-05-15,24,40.67013194444444,34.847770833333335,True,False
Atyrau,32,2025-05-16,24,46.615208333333335,40.018458333333335,True,False
Atyrau,32,2025-05-17,24,44.70516666666666,35.89297222222222,True,True
Atyrau,32,2025-05-18,24,44.61158333333333,38.78178472222222,True,False
Atyrau,32,2025-05-19,24,41.73867361111111,36.138687499999996,True,False
Atyrau,32,2025-05-20,24,48.564506944444446,37.98704166666666,True,True
Atyrau,32,2025-05-21,24,42.07696527777777,36.768722222222216,True,False
Atyrau,32,2025-05-22,24,47.73141666666667,38.17067361111111,True,True
Atyrau,32,2025-05-23,24,43.82485416666666,38.78411805555555,True,False
Atyrau,32,2025-05-24,24,51.751798611111106,43.07595138888889,True,True
Atyrau,32,2025-05-25,24,42.073006944444444,38.22207638888889,True,False
Atyrau,32,2025-05-26,24,45.64190277777777,38.6255625,True,False
Atyrau,32,2025-05-27,24,41.34551388888889,36.346333333333334,True,False
Atyrau,32,2025-05-28,24,30.907611111111112,27.447215277777776,True,False
Atyrau,32,2025-05-29,24,43.942145833333335,40.64352083333333,True,False
Atyrau,32,2025-05-30,24,48.24654166666667,40.16723611111111,True,True
Atyrau,32,2025-05-31,24,44.826249999999995,41.54966666666667,True,False
Atyrau,32,2025-06-01,24,45.867875,38.193979166666665,True,True
Atyrau,32,2025-06-02,24,42.17228472222222,38.10582638888889,True,False
Atyrau,32,2025-06-03,24,44.194590277777785,39.77149305555556,True,False
Atyrau,32,2025-06-04,24,44.058548611111114,37.970055555555554,True,False
Atyrau,32,2025-06-05,24,45.96208333333333,40.000277777777775,True,False
Atyrau,32,2025-06-06,24,47.55336805555555,42.10176388888889,True,False
Atyrau,32,2025-06-07,24,45.17966666666666,39.04536805555556,True,False
Atyrau,32,2025-06-08,24,36.09916666666667,30.20606944444444,True,False
Atyrau,32,2025-06-09,24,37.43391666666667,34.66017361111111,True,False
Atyrau,32,2025-06-10,24,43.23492361111111,38.26756944444444,True,False
Atyrau,32,2025-06-11,24,44.88638888888889,39.68853472222222,True,False
Atyrau,32,2025-06-12,24,41.31164583333333,35.30472222222222,True,False
Atyrau,32,2025-06-13,24,39.27398611111111,34.692,True,False
Atyrau,32,2025-06-14,24,40.10754861111111,35.72835416666667,True,False
Atyrau,32,2025-06-15,21,41.0541984126984,38.64234126984126,True,False
Atyrau,32,2025-06-16,23,41.73088405797102,32.58573913043478,True,True
Atyrau,32,2025-06-17,24,38.025194444444445,32.295993055555556,True,False
Atyrau,32,2025-06-18,24,41.18595833333333,34.99572916666667,True,False
Atyrau,32,2025-06-19,24,37.65265277777778,34.2485,True,False
Atyrau,32,2025-06-20,23,36.47757971014492,29.80314492753622,True,True
Atyrau,32,2025-06-21,24,32.546194444444446,26.116979166666667,True,True
Atyrau,32,2025-06-22,24,39.372479166666665,35.50777083333333,True,False
Atyrau,32,2025-06-23,24,40.60418055555556,35.87730555555556,True,False
Atyrau,32,2025-06-24,24,41.92545833333333,35.896319444444444,True,False
Atyrau,32,2025-06-25,24,40.046395833333335,33.8124375,True,False
Atyrau,32,2025-06-26,24,37.34149305555555,36.906909722222224,True,False
Atyrau,32,2025-06-27,24,35.784868055555556,32.95268055555555,True,False
Atyrau,32,2025-06-28,24,38.69956944444444,35.42868055555555,True,False
Atyrau,32,2025-06-29,24,39.201548611111114,34.8869375,True,False
Atyrau,32,2025-06-30,24,38.95416666666667,34.746381944444444,True,False
Atyrau,32,2025-07-01,24,35.4433125,32.53666666666667,True,False
Atyrau,32,2025-07-02,24,33.01836111111111,28.424055555555555,True,False
Atyrau,32,2025-07-03,24,34.30195833333333,29.45786111111111,True,False
Atyrau,32,2025-07-04,24,41.819493055555554,36.78545138888889,True,False
Atyrau,32,2025-07-05,24,35.948819444444446,33.56675,True,False
Atyrau,32,2025-07-06,24,40.23052777777777,30.54998611111111,True,True
Atyrau,32,2025-07-07,24,37.221805555555555,29.373048611111113,True,True
Atyrau,32,2025-07-08,24,39.79136805555556,31.809486111111113,True,True
Atyrau,32,2025-07-09,24,36.230444444444444,33.59104166666667,True,False
Atyrau,32,2025-07-10,24,42.123625,35.86080555555556,True,False
Atyrau,32,2025-07-11,24,35.06813888888889,27.730173611111113,True,True
Atyrau,32,2025-07-12,24,42.12931944444444,35.342555555555556,True,False
Atyrau,32,2025-07-13,24,28.561736111111106,23.874736111111105,True,False
Atyrau,32,2025-07-14,24,38.93438888888889,33.64089583333333,True,False
Atyrau,32,2025-07-15,24,35.06216666666666,30.21823611111111,True,False
Atyrau,32,2025-07-16,24,35.07091666666667,29.556159722222223,True,False
Atyrau,32,2025-07-17,24,34.23309027777778,28.909006944444446,True,False
Atyrau,32,2025-07-18,24,29.601875000000003,30.89740972222222,False,False
Atyrau,32,2025-07-19,24,31.37715972222222,25.43590277777778,True,True
Atyrau,32,2025-07-20,24,38.45440277777778,31.91376388888889,True,True
Atyrau,32,2025-07-21,24,33.146166666666666,29.477784722222225,True,False
Atyrau,32,2025-07-22,24,39.45071527777778,34.47526388888889,True,False
Atyrau,32,2025-07-23,24,36.42313888888889,30.16852777777778,True,True
Atyrau,32,2025-07-24,24,36.99023611111111,32.93975694444445,True,False
Atyrau,32,2025-07-25,24,32.663000000000004,25.93433333333333,True,True
Atyrau,32,2025-07-26,24,34.849944444444446,30.920104166666665,True,False
Atyrau,32,2025-07-27,24,40.94779166666667,31.490256944444443,True,True
Atyrau,32,2025-07-28,24,38.024791666666665,31.996854166666665,True,False
Atyrau,32,2025-07-29,24,46.114784722222225,41.428472222222226,True,False
Atyrau,32,2025-07-30,24,40.58850694444445,35.47013194444445,True,False
Atyrau,32,2025-07-31,24,40.408145833333336,32.73985416666667,True,True
Atyrau,32,2025-08-01,24,41.301291666666664,33.01360416666667,True,True
Atyrau,32,2025-08-02,24,33.85126388888889,28.460812500000003,True,False
Atyrau,32,2025-08-03,24,38.15197916666666,31.432715277777778,True,True
Atyrau,32,2025-08-04,24,38.761673611111114,35.526555555555554,True,False
Atyrau,32,2025-08-05,24,36.19520833333333,32.252854166666665,True,False
Atyrau,32,2025-08-06,24,33.09315277777778,28.30044444444444,True,False
Atyrau,32,2025-08-07,24,28.761687500000004,23.171354166666664,True,True
Atyrau,32,2025-08-08,24,37.25566666666666,34.23888888888889,True,False
Atyrau,32,2025-08-09,24,34.416534722222224,31.747763888888887,True,False
Atyrau,32,2025-08-10,24,32.05014583333333,30.674944444444446,True,False
Atyrau,32,2025-08-11,24,40.07734027777778,32.04054166666666,True,True
Atyrau,32,2025-08-12,24,39.348284722222225,38.4333125,True,False
Atyrau,32,2025-08-13,24,36.426541666666665,33.62672916666667,True,False
Atyrau,32,2025-08-14,24,40.140499999999996,36.417722222222224,True,False
Atyrau,32,2025-08-15,24,36.066916666666664,34.90230555555556,True,False
Atyrau,32,2025-08-16,24,37.20747222222222,33.53121527777778,True,False
Atyrau,32,2025-08-17,24,41.311819444444446,33.919423611111114,True,True
Atyrau,32,2025-08-18,24,37.84723611111111,30.44977777777778,True,True
Atyrau,32,2025-08-19,24,39.34922916666667,37.615722222222225,True,False
Atyrau,32,2025-08-20,24,32.889208333333336,30.4573125,True,False
Atyrau,32,2025-08-21,24,37.47250694444444,31.238895833333334,True,False
Atyrau,32,2025-08-22,24,35.62661805555556,28.843263888888888,True,True
Atyrau,32,2025-08-23,24,35.264125,28.04176388888889,True,True
Atyrau,32,2025-08-24,24,38.51373611111111,31.972194444444444,True,True
Atyrau,32,2025-08-25,24,38.09504166666667,32.401312499999996,True,False
Atyrau,32,2025-08-26,24,31.450784722222224,27.499854166666665,True,False
Atyrau,32,2025-08-27,24,37.963875,33.25490972222222,True,False
Atyrau,32,2025-08-28,24,36.54396527777778,34.16551388888889,True,False
Atyrau,32,2025-08-29,23,28.738637681159418,24.35721739130435,True,False
Atyrau,32,2025-08-30,24,33.2090625,27.401694444444445,True,True
Atyrau,32,2025-08-31,24,30.906625000000002,25.96009722222222,True,False
Atyrau,32,2025-09-01,24,35.14240972222222,30.113375,True,False
Atyrau,32,2025-09-02,24,33.37927083333333,27.860541666666652,True,False
Atyrau,32,2025-09-03,24,37.24574305555555,32.635131944444446,True,False
Atyrau,32,2025-09-04,24,41.68736805555556,33.52291666666667,True,True
Atyrau,32,2025-09-05,24,34.97529166666666,26.548930555555554,True,True
Atyrau,32,2025-09-06,24,43.004875,33.93152083333333,True,True
Atyrau,32,2025-09-07,24,34.04457638888889,31.621236111111113,True,False
Atyrau,32,2025-09-08,24,35.84013888888889,29.475173611111114,True,True
Atyrau,32,2025-09-09,24,37.679270833333334,30.70521527777778,True,True
Atyrau,32,2025-09-10,24,35.147576388888886,28.864527777777777,True,True
Atyrau,32,2025-09-11,24,30.20297222222222,27.812138888888892,True,False
Atyrau,32,2025-09-12,24,31.764131944444443,26.233999999999998,True,True
Atyrau,32,2025-09-13,24,34.9420625,28.395861111111106,True,True
Atyrau,32,2025-09-19,24,31.4679375,25.660097222222223,True,True
Atyrau,32,2025-09-20,24,33.81693055555555,28.199520833333334,True,False
Atyrau,32,2025-09-21,24,38.67936111111111,36.58240277777778,True,False
Atyrau,32,2025-09-22,24,36.95858333333333,29.283944444444444,True,True
Atyrau,32,2025-09-23,24,41.50633333333333,32.435743055555555,True,True
Atyrau,32,2025-09-24,24,37.52940972222222,33.142048611111115,True,False
Atyrau,32,2025-09-25,24,39.85888888888889,33.31065972222222,True,False
Atyrau,32,2025-09-26,24,36.27064583333333,30.77988888888889,True,False
Atyrau,32,2025-09-27,24,36.313972222222226,31.903826388888888,True,False
Atyrau,32,2025-09-28,24,33.33965972222222,25.755020833333333,True,True
Atyrau,32,2025-09-29,24,28.868805555555554,25.127770833333333,True,False
Atyrau,32,2025-09-30,24,27.38445138888889,22.982993055555553,True,False
Atyrau,32,2025-10-01,24,24.624277777777774,17.84188194444444,True,True
Atyrau,32,2025-10-16,24,31.1549375,25.618277777777777,True,True
Atyrau,32,2025-10-17,24,31.69209027777778,26.66903472222222,True,False
Atyrau,32,2025-10-18,24,26.303319444444444,23.925527777777777,True,False
Atyrau,32,2025-10-19,24,26.492979166666668,20.56070138888889,True,True
Atyrau,32,2025-10-20,24,24.70561111111111,21.40336111111111,True,False
Atyrau,32,2025-10-23,24,28.949951388888888,24.220847222222222,True,False
Atyrau,32,2025-10-24,24,30.573229166666664,25.576597222222222,True,False
Atyrau,32,2025-10-25,24,27.111125,23.452298611111114,True,False
Atyrau,32,2025-10-26,24,28.905013888888888,22.8436875,True,True
Atyrau,32,2025-10-27,24,33.797645833333334,29.506125,True,False
Atyrau,32,2025-10-28,24,34.09263888888889,31.211944444444445,True,False
Atyrau,32,2025-10-29,24,35.97329166666667,29.700888888888887,True,True
Atyrau,32,2025-10-30,24,32.80019444444444,30.942409722222223,True,False
Atyrau,32,2025-10-31,24,28.37427083333333,25.997756944444443,True,False
Atyrau,32,2025-11-01,24,32.049701388888884,30.143402777777776,True,False
Atyrau,32,2025-11-02,24,28.413979166666667,24.732166666666668,True,False
Atyrau,32,2025-11-03,24,27.37023611111111,21.864979166666668,True,True
Atyrau,32,2025-11-04,24,21.822805555555558,14.594840277777777,True,True
Atyrau,32,2025-11-05,24,19.295222222222222,13.43017361111111,True,True
Atyrau,32,2025-11-06,24,16.638118055555555,11.388541666666667,True,True
Atyrau,32,2025-11-07,24,16.290979166666666,11.224673611111113,True,True
Atyrau,32,2025-11-08,24,19.332916666666666,15.175131944444445,True,True
Atyrau,32,2025-11-09,24,23.45726388888889,18.0904375,True,True
Atyrau,32,2025-11-10,24,29.087374999999998,23.837319444444447,True,True
Atyrau,32,2025-11-11,24,30.028881944444446,22.960145833333332,True,True
Atyrau,32,2025-11-12,24,32.418458333333334,26.328784722222224,True,True
Atyrau,32,2025-11-13,24,27.561555555555557,22.631854166666667,True,True
Atyrau,32,2025-11-14,24,23.891381944444444,19.813645833333332,True,True
Atyrau,32,2025-11-15,24,25.724326388888887,20.033493055555557,True,True
Atyrau,32,2025-11-16,24,26.904916666666665,21.418854166666666,True,True
Atyrau,32,2025-11-17,24,28.91207638888889,23.67888888888889,True,True
Atyrau,32,2025-11-18,24,26.370840277777777,19.963104166666664,True,True
Atyrau,32,2025-11-19,24,23.369444444444444,17.919458333333335,True,True
Atyrau,32,2025-11-20,24,32.63784027777778,26.899243055555555,True,True
Atyrau,32,2025-11-27,24,23.538451388888888,17.006555555555554,True,True
Atyrau,32,2025-12-09,24,20.023819444444445,13.888840277777776,True,True
Atyrau,32,2025-12-10,24,14.456458333333332,7.192972222222223,True,True
Atyrau,32,2025-12-11,24,11.120395833333333,4.665819444444444,True,True
Atyrau,32,2025-12-12,24,10.322694444444444,4.501215277777778,True,True
Atyrau,32,2025-12-13,24,12.190229166666667,6.999430555555556,True,True
Atyrau,32,2025-12-14,24,11.7796875,6.016055555555556,True,True
Atyrau,32,2025-12-15,24,12.55047222222222,5.082861111111112,True,True
Atyrau,32,2025-12-16,24,13.188534722222222,5.104666666666667,True,True
Atyrau,32,2025-12-17,24,12.493986111111111,4.7003055555555555,True,True
Atyrau,32,2025-12-18,24,14.542625,6.956201388888889,True,True
Atyrau,32,2025-12-19,24,14.654333333333334,8.067347222222223,True,True
Atyrau,32,2025-12-20,24,16.323888888888888,9.981604166666667,True,True
Atyrau,32,2025-12-21,24,17.735069444444445,9.123951388888889,True,True
Atyrau,32,2025-12-22,22,15.089159090909073,8.743416666666645,True,True
Atyrau,33,2022-01-01,23,0.0,0.0,False,False
Atyrau,33,2022-01-02,23,0.0,0.0,False,False
Atyrau,33,2022-01-03,21,0.0,0.0,False,False
Atyrau,33,2022-01-04,19,0.0,0.0,False,False
Atyrau,33,2022-01-14,18,0.0,0.0,False,False
Atyrau,33,2022-01-15,22,0.0,0.0,False,False
Atyrau,33,2022-01-16,24,0.0,0.0,False,False
Atyrau,33,2022-01-17,24,0.0,0.0,False,False
Atyrau,33,2022-01-18,24,0.0,0.0,False,False
Atyrau,33,2022-01-19,24,0.0,0.0,False,False
Atyrau,33,2022-01-21,24,0.0,0.0,False,False
Atyrau,33,2022-01-22,24,0.0,0.0,False,False
Atyrau,33,2022-01-23,23,0.0,0.0,False,False
Atyrau,33,2022-01-24,23,0.0,0.0,False,False
Atyrau,33,2022-01-25,24,0.0,0.0,False,False
Atyrau,33,2022-01-26,24,0.0,0.0,False,False
Atyrau,33,2022-01-27,24,0.0,0.0,False,False
Atyrau,33,2022-01-28,24,0.0,0.0,False,False
Atyrau,33,2022-01-29,24,0.0,0.0,False,False
Atyrau,33,2022-01-30,24,0.0,0.0,False,False
Atyrau,33,2022-01-31,22,0.0,0.0,False,False
Atyrau,33,2022-02-01,23,0.0,0.0,False,False
Atyrau,33,2022-02-02,22,0.0,0.0,False,False
Atyrau,33,2022-02-03,24,0.0,0.0,False,False
Atyrau,33,2022-02-04,24,0.0,0.0,False,False
Atyrau,33,2022-02-05,24,0.0,0.0,False,False
Atyrau,33,2022-02-06,24,0.0,0.0,False,False
Atyrau,33,2022-02-07,24,0.0,0.0,False,False
Atyrau,33,2022-02-08,24,0.0,0.0,False,False
Atyrau,33,2022-02-09,24,0.0,0.0,False,False
Atyrau,33,2022-02-10,24,0.0,0.0,False,False
Atyrau,33,2022-02-11,22,0.0,0.0,False,False
Atyrau,33,2022-02-12,24,0.0,0.0,False,False
Atyrau,33,2022-02-13,24,0.0,0.0,False,False
Atyrau,33,2022-02-14,24,0.0,0.0,False,False
Atyrau,33,2022-02-15,24,0.0,0.0,False,False
Atyrau,33,2022-02-17,24,0.0,0.0,False,False
Atyrau,33,2022-02-18,24,0.0,0.0,False,False
Atyrau,33,2022-02-19,24,0.0,0.0,False,False
Atyrau,33,2022-02-21,24,0.0,0.0,False,False
Atyrau,33,2022-02-22,24,0.0,0.0,False,False
Atyrau,33,2022-02-23,22,0.0,0.0,False,False
Atyrau,33,2022-02-24,23,0.0,0.0,False,False
Atyrau,33,2022-02-25,24,0.0,0.0,False,False
Atyrau,33,2022-02-26,23,0.0,0.0,False,False
Atyrau,33,2022-02-27,23,0.0,0.0,False,False
Atyrau,33,2022-02-28,24,0.0,0.0,False,False
Atyrau,33,2022-03-02,24,0.0,0.0,False,False
Atyrau,33,2022-03-03,22,0.0,0.0,False,False
Atyrau,33,2022-03-04,24,0.0,0.0,False,False
Atyrau,33,2022-03-08,24,0.0,0.0,False,False
Atyrau,33,2022-03-09,21,0.0,0.0,False,False
Atyrau,33,2022-03-10,24,0.0,0.0,False,False
Atyrau,33,2022-03-11,24,0.0,0.0,False,False
Atyrau,33,2022-03-12,21,0.0,0.0,False,False
Atyrau,33,2022-03-13,24,0.0,0.0,False,False
Atyrau,33,2022-03-14,24,0.0,0.0,False,False
Atyrau,33,2022-03-15,23,0.0,0.0,False,False
Atyrau,33,2022-03-16,24,0.0,0.0,False,False
Atyrau,33,2022-03-17,24,0.0,0.0,False,False
Atyrau,33,2022-03-18,24,0.0,0.0,False,False
Atyrau,33,2022-03-19,24,0.0,0.0,False,False
Atyrau,33,2022-03-20,24,0.0,0.0,False,False
Atyrau,33,2022-03-22,24,0.0,0.0,False,False
Atyrau,33,2022-03-23,24,0.0,0.0,False,False
Atyrau,33,2022-03-24,21,0.0,0.0,False,False
Atyrau,33,2022-03-25,24,0.0,0.0,False,False
Atyrau,33,2022-03-26,23,0.0,0.0,False,False
Atyrau,33,2022-03-27,21,0.0,0.0,False,False
Atyrau,33,2022-03-28,24,0.0,0.0,False,False
Atyrau,33,2022-03-30,24,0.0,0.0,False,False
Atyrau,33,2022-04-01,18,0.0,0.0,False,False
Atyrau,33,2022-04-02,20,0.0,0.0,False,False
Atyrau,33,2022-04-06,21,0.0,0.0,False,False
Atyrau,33,2022-04-07,20,0.0,0.0,False,False
Atyrau,33,2022-04-09,24,0.0,0.0,False,False
Atyrau,33,2022-04-10,24,0.0,0.0,False,False
Atyrau,33,2022-04-11,24,0.0,0.0,False,False
Atyrau,33,2022-04-12,24,0.0,0.0,False,False
Atyrau,33,2022-04-13,20,0.0,0.0,False,False
Atyrau,33,2024-03-05,24,0.0,0.0,False,False
Atyrau,33,2024-03-06,24,0.0,0.0,False,False
Atyrau,33,2024-03-07,24,0.0,0.0,False,False
Atyrau,33,2024-03-08,24,0.0,0.0,False,False
Atyrau,33,2024-03-09,24,0.0,0.0,False,False
Atyrau,33,2024-03-10,24,0.0,0.0,False,False
Atyrau,33,2024-03-11,24,0.0,0.0,False,False
Atyrau,33,2024-03-12,24,0.0,0.0,False,False
Atyrau,33,2024-03-13,24,0.0,0.0,False,False
Atyrau,33,2024-03-14,24,0.0,0.0,False,False
Atyrau,33,2024-03-15,24,0.0,0.0,False,False
Atyrau,33,2024-03-16,24,0.0,0.0,False,False
Atyrau,33,2024-03-17,24,0.0,0.0,False,False
Atyrau,33,2024-03-18,24,0.0,0.0,False,False
Atyrau,33,2024-03-19,24,0.0,0.0,False,False
Atyrau,33,2024-03-20,24,0.0,0.0,False,False
Atyrau,33,2024-03-21,24,0.0,0.0,False,False
Atyrau,33,2024-03-22,24,0.0,0.0,False,False
Atyrau,33,2024-03-23,24,0.0,0.0,False,False
Atyrau,33,2024-03-24,24,0.0,0.0,False,False
Atyrau,33,2024-03-25,24,0.0,0.0,False,False
Atyrau,33,2024-03-26,22,0.0,0.0,False,False
Atyrau,33,2024-03-27,24,0.0,0.0,False,False
Atyrau,33,2024-03-28,24,0.0,0.0,False,False
Atyrau,33,2024-03-29,24,0.0,0.0,False,False
Atyrau,33,2024-03-30,24,0.0,0.0,False,False
Atyrau,33,2024-03-31,24,0.0,0.0,False,False
Atyrau,33,2024-04-01,24,0.0,0.0,False,False
Atyrau,33,2024-04-02,24,0.0,0.0,False,False
Atyrau,33,2024-04-03,24,0.0,0.0,False,False
Atyrau,33,2024-04-04,24,0.0,0.0,False,False
Atyrau,33,2024-04-05,24,0.0,0.0,False,False
Atyrau,33,2024-04-06,24,0.0,0.0,False,False
Atyrau,33,2024-04-07,24,0.0,0.0,False,False
Atyrau,33,2024-04-08,20,0.0,0.0,False,False
Atyrau,33,2024-04-09,24,0.0,0.0,False,False
Atyrau,33,2024-04-10,24,0.0,0.0,False,False
Atyrau,33,2024-04-11,24,0.0,0.0,False,False
Atyrau,33,2024-04-12,24,0.0,0.0,False,False
Atyrau,33,2024-04-13,24,0.0,0.0,False,False
Atyrau,33,2024-04-14,24,0.0,0.0,False,False
Atyrau,33,2024-04-15,24,0.0,0.0,False,False
Atyrau,33,2024-04-16,24,0.0,0.0,False,False
Atyrau,33,2024-04-17,24,0.0,0.0,False,False
Atyrau,33,2024-04-18,24,0.0,0.0,False,False
Atyrau,33,2024-04-19,24,0.0,0.0,False,False
Atyrau,33,2024-04-20,24,0.0,0.0,False,False
Atyrau,33,2024-04-21,24,0.0,0.0,False,False
Atyrau,33,2024-04-22,24,0.0,0.0,False,False
Atyrau,33,2024-04-23,24,0.0,0.0,False,False
Atyrau,33,2024-04-24,24,0.0,0.0,False,False
Atyrau,33,2024-04-25,24,0.0,0.0,False,False
Atyrau,33,2024-04-26,24,0.0,0.0,False,False
Atyrau,33,2024-04-27,24,0.0,0.0,False,False
Atyrau,33,2024-04-28,24,0.0,0.0,False,False
Atyrau,33,2024-04-29,24,0.0,0.0,False,False
Atyrau,33,2024-04-30,24,0.0,0.0,False,False
Atyrau,33,2024-05-01,24,0.0,0.0,False,False
Atyrau,33,2024-05-02,24,0.0,0.0,False,False
Atyrau,33,2024-05-03,24,0.0,0.0,False,False
Atyrau,33,2024-05-04,24,0.0,0.0,False,False
Atyrau,33,2024-05-05,24,0.0,0.0,False,False
Atyrau,33,2024-05-06,24,0.0,0.0,False,False
Atyrau,33,2024-05-07,24,0.0,0.0,False,False
Atyrau,33,2024-05-08,21,0.0,0.0,False,False
Atyrau,33,2024-05-09,24,0.0,0.0,False,False
Atyrau,33,2024-05-10,24,0.0,0.0,False,False
Atyrau,33,2024-05-11,24,0.0,0.0,False,False
Atyrau,33,2024-05-12,24,0.0,0.0,False,False
Atyrau,33,2024-05-13,24,0.0,0.0,False,False
Atyrau,33,2024-05-14,24,0.0,0.0,False,False
Atyrau,33,2024-05-15,24,0.0,0.0,False,False
Atyrau,33,2024-05-16,24,0.0,0.0,False,False
Atyrau,33,2024-05-17,24,0.0,0.0,False,False
Atyrau,33,2024-05-18,24,0.0,0.0,False,False
Atyrau,33,2024-05-19,24,0.0,0.0,False,False
Atyrau,33,2024-05-20,24,0.0,0.0,False,False
Atyrau,33,2024-05-21,22,0.0,0.0,False,False
Atyrau,33,2024-05-22,24,0.0,0.0,False,False
Atyrau,33,2024-05-23,21,0.0,0.0,False,False
Atyrau,33,2024-05-24,24,0.0,0.0,False,False
Atyrau,33,2024-05-25,24,0.0,0.0,False,False
Atyrau,33,2024-05-26,24,0.0,0.0,False,False
Atyrau,33,2024-05-27,24,0.0,0.0,False,False
Atyrau,33,2024-05-28,20,0.0,0.0,False,False
Atyrau,33,2024-05-29,24,0.0,0.0,False,False
Atyrau,33,2024-05-30,24,0.0,0.0,False,False
Atyrau,33,2024-05-31,24,0.0,0.0,False,False
Atyrau,33,2024-06-01,24,0.0,0.0,False,False
Atyrau,33,2024-06-02,24,0.0,0.0,False,False
Atyrau,33,2024-06-03,24,0.0,0.0,False,False
Atyrau,33,2024-06-04,22,0.0,0.0,False,False
Atyrau,33,2024-06-05,24,0.0,0.0,False,False
Atyrau,33,2024-06-06,24,0.0,0.0,False,False
Atyrau,33,2024-06-07,24,0.0,0.0,False,False
Atyrau,33,2024-06-08,24,0.0,0.0,False,False
Atyrau,33,2024-08-19,24,0.0,0.0,False,False
Atyrau,33,2024-08-20,24,0.0,0.0,False,False
Atyrau,33,2024-08-21,24,0.0,0.0,False,False
Atyrau,33,2024-08-22,24,0.0,0.0,False,False
Atyrau,33,2024-08-23,24,0.0,0.0,False,False
Atyrau,33,2024-08-24,24,0.0,0.0,False,False
Atyrau,33,2024-08-25,24,0.0,0.0,False,False
Atyrau,33,2024-08-26,24,0.0,0.0,False,False
Atyrau,33,2024-08-27,24,0.0,0.0,False,False
Atyrau,33,2024-08-28,24,0.0,0.0,False,False
Atyrau,33,2024-08-29,24,0.0,0.0,False,False
Atyrau,33,2024-08-30,24,0.0,0.0,False,False
Atyrau,33,2024-08-31,24,0.0,0.0,False,False
Atyrau,33,2024-09-01,24,0.0,0.0,False,False
Atyrau,33,2024-09-02,24,0.0,0.0,False,False
Atyrau,33,2024-09-03,24,0.0,0.0,False,False
Atyrau,33,2024-09-04,24,0.0,0.0,False,False
Atyrau,33,2024-09-05,24,0.0,0.0,False,False
Atyrau,33,2024-09-06,24,0.0,0.0,False,False
Atyrau,33,2024-09-07,24,0.0,0.0,False,False
Atyrau,33,2024-09-08,24,0.0,0.0,False,False
Atyrau,33,2024-09-09,24,0.0,0.0,False,False
Atyrau,33,2024-09-10,18,0.0,0.0,False,False
Atyrau,33,2024-09-11,22,0.0,0.0,False,False
Atyrau,33,2024-09-12,24,0.0,0.0,False,False
Atyrau,33,2024-09-13,24,0.0,0.0,False,False
Atyrau,33,2024-09-14,24,0.0,0.0,False,False
Atyrau,33,2024-09-15,24,0.0,0.0,False,False
Atyrau,33,2024-09-16,24,0.0,0.0,False,False
Atyrau,33,2024-09-17,24,0.0,0.0,False,False
Atyrau,33,2024-09-18,24,0.0,0.0,False,False
Atyrau,33,2024-09-19,24,0.0,0.0,False,False
Atyrau,33,2024-09-20,24,0.0,0.0,False,False
Atyrau,33,2024-09-21,22,0.0,0.0,False,False
Atyrau,33,2024-09-22,24,0.0,0.0,False,False
Atyrau,33,2024-09-23,24,0.0,0.0,False,False
Atyrau,33,2024-09-24,24,0.0,0.0,False,False
Atyrau,33,2024-09-25,24,0.0,0.0,False,False
Atyrau,33,2024-09-26,24,0.0,0.0,False,False
Atyrau,33,2024-09-27,24,0.0,0.0,False,False
Atyrau,33,2024-09-28,24,0.0,0.0,False,False
Atyrau,33,2024-09-29,24,0.0,0.0,False,False
Atyrau,33,2024-09-30,24,0.0,0.0,False,False
Atyrau,33,2024-10-01,24,0.0,0.0,False,False
Atyrau,33,2024-10-02,24,0.0,0.0,False,False
Atyrau,33,2024-10-03,24,0.0,0.0,False,False
Atyrau,33,2024-10-04,24,0.0,0.0,False,False
Atyrau,86,2022-01-01,21,0.0,0.0,False,False
Atyrau,86,2022-01-02,22,0.0,0.0,False,False
Atyrau,86,2022-01-03,21,0.004444444444444443,0.004444444444444443,False,False
Atyrau,86,2022-01-04,18,0.003333333333333333,0.003333333333333333,False,False
Atyrau,86,2022-01-12,22,0.0,0.0,False,False
Atyrau,86,2022-01-13,21,0.0,0.0,False,False
Atyrau,86,2022-01-14,19,0.0,0.0,False,False
Atyrau,86,2022-01-15,23,0.0,0.0,False,False
Atyrau,86,2022-01-16,21,0.0,0.0,False,False
Atyrau,86,2022-01-17,21,0.0,0.0,False,False
Atyrau,86,2022-01-18,19,0.0,0.0,False,False
Atyrau,86,2022-01-19,20,0.0,0.0,False,False
Atyrau,86,2022-01-21,21,0.010079365079365075,0.010079365079365075,False,False
Atyrau,86,2022-01-22,23,0.0,0.0,False,False
Atyrau,86,2022-01-23,22,0.0,0.0,False,False
Atyrau,86,2022-01-24,20,0.0,0.0,False,False
Atyrau,86,2022-01-25,21,0.0,0.0,False,False
Atyrau,86,2022-01-26,22,0.0,0.0,False,False
Atyrau,86,2022-01-27,24,0.0,0.0,False,False
Atyrau,86,2022-01-28,21,0.0,0.0,False,False
Atyrau,86,2022-01-29,22,0.0,0.0,False,False
Atyrau,86,2022-01-30,22,0.0,0.0,False,False
Atyrau,86,2022-01-31,22,0.0,0.0,False,False
Atyrau,86,2022-02-02,24,0.0,0.0,False,False
Atyrau,86,2022-02-03,18,0.0,0.0,False,False
Atyrau,86,2022-02-04,21,0.0,0.0,False,False
Atyrau,86,2022-02-05,19,0.046842105263152634,0.046842105263152634,False,False
Atyrau,86,2022-02-06,20,0.030916666666666665,0.030916666666666665,False,False
Atyrau,86,2022-02-07,19,0.0,0.0,False,False
Atyrau,86,2022-02-08,23,0.0,0.0,False,False
Atyrau,86,2022-02-09,24,0.0,0.0,False,False
Atyrau,86,2022-02-10,21,0.0,0.0,False,False
Atyrau,86,2022-02-11,23,0.0,0.0,False,False
Atyrau,86,2022-02-12,23,0.0,0.0,False,False
Atyrau,86,2022-02-13,21,0.04261904761904285,0.04261904761904285,False,False
Atyrau,86,2022-02-14,22,0.037196969696962116,0.037196969696962116,False,False
Atyrau,86,2022-02-15,23,0.0,0.0,False,False
Atyrau,86,2022-02-26,20,0.0,0.0,False,False
Atyrau,86,2022-02-27,23,0.0,0.0,False,False
Atyrau,86,2022-02-28,20,0.0,0.0,False,False
Atyrau,86,2022-03-02,22,0.0063636363636363595,0.0063636363636363595,False,False
Atyrau,86,2022-03-03,19,0.0,0.0,False,False
Atyrau,86,2022-03-04,20,0.0,0.0,False,False
Atyrau,86,2022-03-05,21,0.0,0.0,False,False
Atyrau,86,2022-03-06,23,0.0007246376811594174,0.0007246376811594174,False,False
Atyrau,86,2022-03-07,18,0.05027777777777776,0.05027777777777776,False,False
Atyrau,86,2022-03-08,22,0.0,0.0,False,False
Atyrau,86,2022-03-09,20,0.0,0.0,False,False
Atyrau,86,2022-03-10,20,0.0,0.0,False,False
Atyrau,86,2022-03-11,21,0.02317460317460317,0.02317460317460317,False,False
Atyrau,86,2022-03-12,19,0.0028070175438596476,0.0028070175438596476,False,False
Atyrau,86,2022-03-13,21,0.04388888888888411,0.04388888888888411,False,False
Atyrau,86,2022-03-14,23,0.0,0.0,False,False
Atyrau,86,2022-03-15,21,0.0,0.0,False,False
Atyrau,86,2022-03-16,21,0.0,0.0,False,False
Atyrau,86,2022-03-17,22,0.0,0.0,False,False
Atyrau,86,2022-03-18,20,0.0055,0.0055,False,False
Atyrau,86,2022-03-19,21,0.0,0.0,False,False
Atyrau,86,2022-03-20,20,0.0,0.0,False,False
Atyrau,86,2022-03-21,24,0.0,0.0,False,False
Atyrau,86,2022-03-23,23,0.0,0.0,False,False
Atyrau,86,2022-03-24,23,0.0,0.0,False,False
Atyrau,86,2022-03-25,21,0.0,0.0,False,False
Atyrau,86,2022-03-26,23,0.0011594202898550696,0.0011594202898550696,False,False
Atyrau,86,2022-03-27,22,0.003560606060606059,0.003560606060606059,False,False
Atyrau,86,2022-03-28,23,0.0,0.0,False,False
Atyrau,86,2022-03-30,20,0.0,0.0,False,False
Atyrau,86,2022-03-31,19,0.0,0.0,False,False
Atyrau,86,2022-04-01,23,0.0,0.0,False,False
Atyrau,86,2022-04-02,21,0.0,0.0,False,False
Atyrau,86,2022-04-03,23,0.0,0.0,False,False
Atyrau,86,2022-04-04,20,0.03933333333332832,0.03933333333332832,False,False
Atyrau,86,2022-04-05,22,0.00015151515151515,0.00015151515151515,False,False
Atyrau,86,2022-04-08,22,0.00015151515151515,0.00015151515151515,False,False
Atyrau,86,2022-04-09,22,0.00015151515151515,0.00015151515151515,False,False
Atyrau,86,2022-04-10,21,0.003174603174603167,0.003174603174603167,False,False
Atyrau,86,2022-04-11,20,0.015833333333333324,0.015833333333333324,False,False
Atyrau,86,2022-04-12,21,0.00928571428571428,0.00928571428571428,False,False
Atyrau,86,2022-04-13,22,0.008863636363636358,0.008863636363636358,False,False
Atyrau,86,2022-04-14,23,0.021739130434782608,0.021739130434782608,False,False
Atyrau,86,2022-04-15,20,0.008999999999999996,0.008999999999999996,False,False
Atyrau,86,2022-04-16,22,0.01,0.01,False,False
Atyrau,86,2022-04-17,23,0.01,0.01,False,False
Atyrau,86,2022-04-18,22,0.01,0.01,False,False
Atyrau,86,2022-04-19,22,0.01,0.01,False,False
Atyrau,86,2022-04-20,19,0.01,0.01,False,False
Atyrau,86,2022-04-23,24,0.01916666666666667,0.01916666666666667,False,False
Atyrau,86,2022-04-24,19,0.01,0.01,False,False
Atyrau,86,2022-04-25,19,0.008947368421052633,0.008947368421052633,False,False
Atyrau,86,2022-04-26,18,0.012222222222222223,0.03222222222222222,False,False
Atyrau,86,2022-04-27,21,0.006666666666666652,0.006666666666666652,False,False
Atyrau,86,2022-05-02,23,0.12992753623187533,0.12992753623187533,False,False
Atyrau,86,2022-05-03,23,0.09702898550724637,0.09702898550724637,False,False
Atyrau,86,2022-05-04,20,0.17366666666666167,0.17416666666666164,False,False
Atyrau,86,2022-05-05,22,0.01924242424242424,0.01924242424242424,False,False
Atyrau,86,2022-05-06,22,0.0,0.0,False,False
Atyrau,86,2022-05-07,23,0.0,0.0,False,False
Atyrau,86,2022-05-08,21,0.0,0.0,False,False
Atyrau,86,2022-05-09,20,0.0035000000000000005,0.0035000000000000005,False,False
Atyrau,86,2022-05-11,22,0.0,0.0,False,False
Atyrau,86,2022-05-12,19,0.0,0.0,False,False
Atyrau,86,2022-05-13,18,0.0,0.0,False,False
Atyrau,86,2022-05-14,20,0.0,0.0,False,False
Atyrau,86,2022-05-15,23,0.0,0.0,False,False
Atyrau,86,2022-05-16,19,0.0,0.0,False,False
Atyrau,86,2022-05-17,20,0.0,0.0,False,False
Atyrau,86,2022-05-19,19,0.0,0.0,False,False
Atyrau,86,2022-05-20,20,0.0,0.0,False,False
Atyrau,86,2022-05-21,24,0.0,0.0,False,False
Atyrau,86,2022-05-22,22,0.0,0.0,False,False
Atyrau,86,2022-05-23,23,0.0,0.0,False,False
Atyrau,86,2022-05-24,18,0.0,0.0,False,False
Atyrau,86,2022-05-25,21,0.0,0.0,False,False
Atyrau,86,2022-05-26,20,0.0,0.0,False,False
Atyrau,86,2022-05-27,20,0.0,0.0,False,False
Atyrau,86,2022-05-28,21,0.0,0.0,False,False
Atyrau,86,2022-05-30,22,0.0,0.0,False,False
Atyrau,86,2022-05-31,20,0.0,0.0,False,False
Atyrau,86,2022-06-01,20,0.0,0.0,False,False
Atyrau,86,2022-06-02,22,0.0,0.0,False,False
Atyrau,86,2022-06-03,21,0.0,0.0,False,False
Atyrau,86,2022-06-04,21,0.0,0.0,False,False
Atyrau,86,2022-06-05,21,0.0,0.0,False,False
Atyrau,86,2022-06-06,22,0.0,0.0,False,False
Atyrau,86,2022-06-07,20,0.0,0.0,False,False
Atyrau,86,2022-06-13,23,0.0,0.0,False,False
Atyrau,86,2022-06-14,21,0.0,0.0,False,False
Atyrau,86,2022-06-15,19,0.0,0.0,False,False
Atyrau,86,2022-06-16,20,0.0,0.0,False,False
Atyrau,86,2022-06-21,21,0.0,0.0,False,False
Atyrau,86,2022-06-22,18,0.0,0.0,False,False
Atyrau,86,2022-06-23,19,0.0,0.0,False,False
Atyrau,86,2022-06-24,23,0.0,0.0,False,False
Atyrau,86,2022-06-25,22,0.0,0.0,False,False
Atyrau,86,2022-06-26,19,0.0,0.0,False,False
Atyrau,86,2022-06-27,21,0.0,0.0,False,False
Atyrau,86,2022-06-28,22,0.0,0.0,False,False
Atyrau,86,2022-06-30,20,0.0,0.0,False,False
Atyrau,86,2022-07-02,19,0.0,0.0,False,False
Atyrau,86,2022-07-03,20,0.0,0.0,False,False
Atyrau,86,2022-07-04,22,0.0,0.0,False,False
Atyrau,86,2022-07-05,22,0.0,0.0,False,False
Atyrau,86,2022-07-06,18,0.0,0.0,False,False
Atyrau,86,2022-07-07,20,0.0,0.0,False,False
Atyrau,86,2022-07-08,18,0.008888888888888889,0.008888888888888889,False,False
Atyrau,86,2022-07-09,20,0.00075,0.00075,False,False
Atyrau,86,2022-07-10,23,0.0,0.0,False,False
Atyrau,86,2022-07-11,23,0.0,0.0,False,False
Atyrau,86,2022-07-13,21,0.0,0.0,False,False
Atyrau,86,2022-07-14,23,0.0,0.0,False,False
Atyrau,86,2022-07-15,21,0.0,0.0,False,False
Atyrau,86,2022-07-16,22,0.0,0.0,False,False
Atyrau,86,2022-07-17,22,0.0,0.0,False,False
Atyrau,86,2022-07-18,21,0.0,0.0,False,False
Atyrau,86,2022-07-19,22,0.0,0.0,False,False
Atyrau,86,2022-07-20,21,0.0,0.0,False,False
Atyrau,86,2022-07-21,21,0.0,0.0,False,False
Atyrau,86,2022-07-22,19,0.0,0.0,False,False
Atyrau,86,2022-07-23,20,0.0,0.0,False,False
Atyrau,86,2022-07-24,22,0.0,0.0,False,False
Atyrau,86,2022-07-25,21,0.0,0.0,False,False
Atyrau,86,2022-07-26,21,0.0,0.0,False,False
Atyrau,86,2022-07-27,24,0.0,0.0,False,False
Atyrau,86,2022-07-28,21,0.0,0.0,False,False
Atyrau,86,2022-07-30,23,0.0,0.0,False,False
Atyrau,86,2022-07-31,21,0.0,0.0,False,False
Atyrau,86,2022-08-01,22,0.0,0.0,False,False
Atyrau,86,2022-08-02,21,0.0,0.0,False,False
Atyrau,86,2022-08-03,22,0.0,0.0,False,False
Atyrau,86,2022-08-04,21,0.0,0.0,False,False
Atyrau,86,2022-08-05,23,0.0,0.0,False,False
Atyrau,86,2022-08-06,20,0.0,0.0,False,False
Atyrau,86,2022-08-07,23,0.0,0.0,False,False
Atyrau,86,2022-08-08,20,0.0,0.0,False,False
Atyrau,86,2022-08-09,23,0.0,0.0,False,False
Atyrau,86,2022-08-10,20,0.0,0.0,False,False
Atyrau,86,2022-08-11,21,0.0,0.0,False,False
Atyrau,86,2022-08-12,21,0.0,0.0,False,False
Atyrau,86,2022-08-13,21,0.0,0.0,False,False
Atyrau,86,2022-08-14,22,0.0,0.0,False,False
Atyrau,86,2022-08-15,20,0.0,0.0,False,False
Atyrau,86,2022-08-16,23,0.0,0.0,False,False
Atyrau,86,2022-08-17,24,0.0,0.0,False,False
Atyrau,86,2022-08-18,19,0.0,0.0,False,False
Atyrau,86,2022-08-20,20,0.0,0.0,False,False
Atyrau,86,2022-08-21,23,0.0,0.0,False,False
Atyrau,86,2022-08-22,23,0.0,0.0,False,False
Atyrau,86,2022-08-23,21,0.0,0.0,False,False
Atyrau,86,2022-08-24,22,0.0,0.0,False,False
Atyrau,86,2022-08-25,18,0.0,0.0,False,False
Atyrau,86,2022-08-26,22,0.0,0.0,False,False
Atyrau,86,2022-08-27,20,0.0,0.0,False,False
Atyrau,86,2022-08-28,18,0.0,0.0,False,False
Atyrau,86,2022-08-31,23,0.0,0.0,False,False
Atyrau,86,2022-09-01,24,0.0,0.0,False,False
Atyrau,86,2022-09-02,23,0.0,0.0,False,False
Atyrau,86,2022-09-03,21,0.0,0.0,False,False
Atyrau,86,2022-09-04,19,0.0,0.0,False,False
Atyrau,86,2022-09-05,21,0.0,0.0,False,False
Atyrau,86,2022-09-06,21,0.0,0.0,False,False
Atyrau,86,2022-09-07,22,0.0,0.0,False,False
Atyrau,86,2022-09-08,19,0.0,0.0,False,False
Atyrau,86,2022-09-09,22,0.0,0.0,False,False
Atyrau,86,2022-09-10,20,0.0,0.0,False,False
Atyrau,86,2022-09-11,21,0.0,0.0,False,False
Atyrau,86,2022-09-12,23,0.0,0.0,False,False
Atyrau,86,2022-09-13,22,0.0,0.0,False,False
Atyrau,86,2022-09-14,23,0.0,0.0,False,False
Atyrau,86,2022-09-15,24,0.0,0.0,False,False
Atyrau,86,2022-09-16,21,0.0,0.0,False,False
Atyrau,86,2022-09-17,21,0.0,0.0,False,False
Atyrau,86,2022-09-18,19,0.0,0.0,False,False
Atyrau,86,2022-09-19,20,0.0,0.0,False,False
Atyrau,86,2022-09-20,20,0.0,0.0,False,False
Atyrau,86,2022-09-21,22,0.0,0.0,False,False
Atyrau,86,2022-09-22,21,0.0,0.0,False,False
Atyrau,86,2022-09-24,23,0.0,0.0,False,False
Atyrau,86,2022-09-25,22,0.0,0.0,False,False
Atyrau,86,2022-09-26,21,0.0,0.0,False,False
Atyrau,86,2022-09-27,20,0.0,0.0,False,False
Atyrau,86,2022-09-28,23,0.0,0.0,False,False
Atyrau,86,2022-09-30,20,0.0025,0.0025,False,False
Atyrau,86,2022-10-01,22,0.01,0.01,False,False
Atyrau,86,2022-10-02,21,0.005952380952380952,0.005952380952380952,False,False
Atyrau,86,2022-10-03,20,0.01,0.01,False,False
Atyrau,86,2022-10-04,18,0.01,0.01,False,False
Atyrau,86,2022-10-05,23,0.01,0.01,False,False
Atyrau,86,2022-10-06,21,0.009682539682539681,0.009682539682539681,False,False
Atyrau,86,2022-10-07,21,0.01,0.01,False,False
Atyrau,86,2022-10-08,21,0.007936507936507933,0.007936507936507933,False,False
Atyrau,86,2022-10-09,21,0.01,0.01,False,False
Atyrau,86,2022-10-10,20,0.00883333333333333,0.00883333333333333,False,False
Atyrau,86,2022-10-11,19,0.0010526315789473684,0.0010526315789473684,False,False
Atyrau,86,2022-10-12,22,0.0,0.0,False,False
Atyrau,86,2022-10-13,22,0.0,0.0,False,False
Atyrau,86,2022-10-14,21,0.0,0.0,False,False
Atyrau,86,2022-10-16,21,0.0,0.0,False,False
Atyrau,86,2022-10-17,22,0.0,0.0,False,False
Atyrau,86,2022-10-18,18,0.0,0.0,False,False
Atyrau,86,2022-10-19,23,0.0,0.0,False,False
Atyrau,86,2022-10-20,22,0.0,0.0,False,False
Atyrau,86,2022-10-21,21,0.0,0.0,False,False
Atyrau,86,2022-10-22,23,0.0,0.0,False,False
Atyrau,86,2022-10-23,22,0.00045454545454545455,0.00045454545454545455,False,False
Atyrau,86,2022-10-24,19,0.0005263157894736842,0.0005263157894736842,False,False
Atyrau,86,2022-10-25,19,0.0,0.0,False,False
Atyrau,86,2022-10-26,24,0.0,0.0,False,False
Atyrau,86,2022-10-27,21,0.0015873015873015765,0.0015873015873015765,False,False
Atyrau,86,2022-10-28,20,0.000416666666666665,0.000416666666666665,False,False
Atyrau,86,2022-10-29,21,0.0,0.0,False,False
Atyrau,86,2022-10-30,23,0.0,0.0,False,False
Atyrau,86,2022-11-01,18,0.0,0.0,False,False
Atyrau,86,2022-11-02,21,0.0,0.0,False,False
Atyrau,86,2022-11-03,21,0.0,0.0,False,False
Atyrau,86,2022-11-04,23,0.0,0.0,False,False
Atyrau,86,2022-11-23,24,0.0,0.0,False,False
Atyrau,86,2022-11-24,22,0.0,0.0,False,False
Atyrau,86,2022-11-25,21,0.0,0.0,False,False
Atyrau,86,2022-11-26,21,0.0,0.0,False,False
Atyrau,86,2022-11-27,22,0.0,0.0,False,False
Atyrau,86,2022-11-28,21,0.0,0.0,False,False
Atyrau,86,2022-11-29,22,0.0,0.0,False,False
Atyrau,86,2022-11-30,21,0.0,0.0,False,False
Atyrau,86,2022-12-02,24,0.0,0.0,False,False
Atyrau,86,2022-12-03,21,0.0,0.0,False,False
Atyrau,86,2022-12-12,24,0.0,0.0,False,False
Atyrau,86,2022-12-13,24,0.0,0.0,False,False
Atyrau,86,2022-12-14,24,0.0,0.0,False,False
Atyrau,86,2022-12-15,24,0.0,0.0,False,False
Atyrau,86,2022-12-16,24,0.0,0.0,False,False
Atyrau,86,2022-12-17,24,0.0,0.0,False,False
Atyrau,86,2022-12-18,24,0.0,0.0,False,False
Atyrau,86,2022-12-19,24,0.0,0.0,False,False
Atyrau,86,2022-12-20,19,0.0,0.0,False,False
Atyrau,86,2022-12-21,24,0.0,0.0,False,False
Atyrau,86,2022-12-22,24,0.0,0.0,False,False
Atyrau,86,2022-12-23,24,0.0,0.0,False,False
Atyrau,86,2022-12-24,24,0.0,0.0,False,False
Atyrau,86,2022-12-25,24,0.0,0.0,False,False
Atyrau,86,2022-12-26,24,0.0,0.0,False,False
Atyrau,86,2022-12-27,21,0.0,0.0,False,False
Atyrau,86,2024-02-19,20,0.0,0.0,False,False
Atyrau,86,2024-02-20,24,0.0,0.0,False,False
