object_id,image_id,scene_id,video_id,class,category_id,crop_path,image_path,bbox_x,bbox_y,bbox_width,bbox_height,image_width,image_height,iscrowd,license_id,license_name,license_url,flickr_url,flickr_photo_page,creator,title,modification,coco_url,image_sha256,crop_sha256,geography,date_captured_metadata
132002,206487,206487,not_available_still_image,car,3,processed/crops/132002.png,raw/images/000000206487.jpg,0.0,209.63,239.71,269.92,640,480,0,4,Attribution License,http://creativecommons.org/licenses/by/2.0/,http://farm9.staticflickr.com/8010/7686978996_27b7fdfdbf_z.jpg,https://www.flickr.com/photo.gne?id=7686978996,not supplied in COCO metadata; original Flickr source linked,COCO photograph 206487; original title not supplied,bounding-box crop; per-image original license retained,http://images.cocodataset.org/val2017/000000206487.jpg,3df6eaf2b80be894a9909549b5177958ab932776d4e8a5843c51464710284b5f,d092f93d5073fdada2ec25d3ad79249a9d5fa39866454463fcda7d23f0dee6d6,not specified by COCO image metadata; not claimed Atyrau,2013-11-16 01:34:49
132162,274272,274272,not_available_still_image,car,3,processed/crops/132162.png,raw/images/000000274272.jpg,24.77,383.23,189.94,92.9,640,480,0,4,Attribution License,http://creativecommons.org/licenses/by/2.0/,http://farm9.staticflickr.com/8484/8234130537_419b91e4d8_z.jpg,https://www.flickr.com/photo.gne?id=8234130537,not supplied in COCO metadata; original Flickr source linked,COCO photograph 274272; original title not supplied,bounding-box crop; per-image original license retained,http://images.cocodataset.org/val2017/000000274272.jpg,e87ab7fa2006444ffb6f71b65a5743d33365313b30c96c8b559de7dc7891a404,5360f7ba1bf6cd382b81e1bad5a9b515026527c86b21f80e5229856ee0af9322,not specified by COCO image metadata; not claimed Atyrau,2013-11-16 18:53:18
132407,165039,165039,not_available_still_image,car,3,processed/crops/132407.png,raw/images/000000165039.jpg,382.92,161.85,183.66,78.05,640,427,0,1,Attribution-NonCommercial-ShareAlike License,http://creativecommons.org/licenses/by-nc-sa/2.0/,http://farm9.staticflickr.com/8202/8235500461_b4791f81aa_z.jpg,https://www.flickr.com/photo.gne?id=8235500461,not supplied in COCO metadata; original Flickr source linked,COCO photograph 165039; original title not supplied,bounding-box crop; per-image original license retained,http://images.cocodataset.org/val2017/000000165039.jpg,e33ff0c52506ec5f5eea55ca9a3306f3bdc2ba6596ceedefcadf3b59541c1458,c38933c7f158b3fa569a1fca914a68c9e91658598678a5ab5eef8ea43ab6e57a,not specified by COCO image metadata; not claimed Atyrau,2013-11-17 00:23:35
132423,414510,414510,not_available_still_image,car,3,processed/crops/132423.png,raw/images/000000414510.jpg,195.71,193.63,185.05,94.24,480,640,0,4,Attribution License,http://creativecommons.org/licenses/by/2.0/,http://farm7.staticflickr.com/6011/5883783041_745340195b_z.jpg,https://www.flickr.com/photo.gne?id=5883783041,not supplied in COCO metadata; original Flickr source linked,COCO photograph 414510; original title not supplied,bounding-box crop; per-image original license retained,http://images.cocodataset.org/val2017/000000414510.jpg,f6f2620707df79c606e0c1cfab462860ece49bee7768f0fb2dbdfac7bdf8346e,4d341967e0724ca1890901a454b40a0b30837b1ec535d10e1dc7b60269307c37,not specified by COCO image metadata; not claimed Atyrau,2013-11-15 03:55:44
132538,527220,527220,not_available_still_image,car,3,processed/crops/132538.png,raw/images/000000527220.jpg,3.0,3.5,163.0,154.5,500,169,0,1,Attribution-NonCommercial-ShareAlike License,http://creativecommons.org/licenses/by-nc-sa/2.0/,http://farm5.staticflickr.com/4025/4337157345_574610f058_z.jpg,https://www.flickr.com/photo.gne?id=4337157345,not supplied in COCO metadata; original Flickr source linked,COCO photograph 527220; original title not supplied,bounding-box crop; per-image original license retained,http://images.cocodataset.org/val2017/000000527220.jpg,4924216bbf86e812d729c8c9cde904d4a9827020c7cfc22787af0fa67dd6c6c7,86049879c938873d54b08a01861accd30e67339737f350a0a655808dcd20db86,not specified by COCO image metadata; not claimed Atyrau,2013-11-15 09:48:05
132558,138979,138979,not_available_still_image,car,3,processed/crops/132558.png,raw/images/000000138979.jpg,312.4,174.06,327.6,246.44,640,426,0,4,Attribution License,http://creativecommons.org/licenses/by/2.0/,http://farm9.staticflickr.com/8471/8149448889_244498909c_z.jpg,https://www.flickr.com/photo.gne?id=8149448889,not supplied in COCO metadata; original Flickr source linked,COCO photograph 138979; original title not supplied,bounding-box crop; per-image original license retained,http://images.cocodataset.org/val2017/000000138979.jpg,1422f5ad941613d3a62795c276abda2ed3b45972d0fc84d9df5a1a715338131e,84b8008031ea798ba112582e086c2e98b2923fd0eeb09e1074dbccc47a4821f0,not specified by COCO image metadata; not claimed Atyrau,2013-11-17 00:36:42
132577,122166,122166,not_available_still_image,car,3,processed/crops/132577.png,raw/images/000000122166.jpg,320.0,292.13,126.97,109.42,640,480,0,1,Attribution-NonCommercial-ShareAlike License,http://creativecommons.org/licenses/by-nc-sa/2.0/,http://farm4.staticflickr.com/3021/2581636027_11c600d5d0_z.jpg,https://www.flickr.com/photo.gne?id=2581636027,not supplied in COCO metadata; original Flickr source linked,COCO photograph 122166; original title not supplied,bounding-box crop; per-image original license retained,http://images.cocodataset.org/val2017/000000122166.jpg,914e39f9c79ced1a519f1003c410b3ed7bfbc8315df4e0e0c35ac421079e9c6d,f3956fc5ac6ca9849bf50b600a771f57606bdd01f23965c466b9616069e083f5,not specified by COCO image metadata; not claimed Atyrau,2013-11-14 11:22:58
132687,495146,495146,not_available_still_image,car,3,processed/crops/132687.png,raw/images/000000495146.jpg,235.35,376.77,198.2,103.23,640,480,0,4,Attribution License,http://creativecommons.org/licenses/by/2.0/,http://farm8.staticflickr.com/7375/9211776644_83a3bd9c9b_z.jpg,https://www.flickr.com/photo.gne?id=9211776644,not supplied in COCO metadata; original Flickr source linked,COCO photograph 495146; original title not supplied,bounding-box crop; per-image original license retained,http://images.cocodataset.org/val2017/000000495146.jpg,cc4814681163a70e29c6aa2bb463b4d6a3c52a3c23f77b38357498c5ffee2d38,0f5f5b5c9deb8d0ba0b143399fa476bc6b3227ec7c823624d611dd064c9c348c,not specified by COCO image metadata; not claimed Atyrau,2013-11-17 03:29:05
132867,566758,566758,not_available_still_image,car,3,processed/crops/132867.png,raw/images/000000566758.jpg,538.82,177.32,94.35,49.87,640,480,0,4,Attribution License,http://creativecommons.org/licenses/by/2.0/,http://farm9.staticflickr.com/8476/8369612010_fc2424973c_z.jpg,https://www.flickr.com/photo.gne?id=8369612010,not supplied in COCO metadata; original Flickr source linked,COCO photograph 566758; original title not supplied,bounding-box crop; per-image original license retained,http://images.cocodataset.org/val2017/000000566758.jpg,c2548168a658da18c7f19980f8ca53d2564b6378e33d010f3697b808b09e96e3,e0f6773bec9ded310cf58e726764721b5867cdbbc844592b5fb217effd516dca,not specified by COCO image metadata; not claimed Atyrau,2013-11-16 23:51:13
132909,160012,160012,not_available_still_image,car,3,processed/crops/132909.png,raw/images/000000160012.jpg,507.6,5.78,106.08,67.42,640,461,0,4,Attribution License,http://creativecommons.org/licenses/by/2.0/,http://farm5.staticflickr.com/4009/4409615060_2f5554e232_z.jpg,https://www.flickr.com/photo.gne?id=4409615060,not supplied in COCO metadata; original Flickr source linked,COCO photograph 160012; original title not supplied,bounding-box crop; per-image original license retained,http://images.cocodataset.org/val2017/000000160012.jpg,b660ce7ce72dcfa459181967524c53f9360318652c0014790da9fa096ccf1ae2,495d817d23760b1396c4af9d5cb0a28aa8c9ab713ecc08c6e11ed8527960ccdc,not specified by COCO image metadata; not claimed Atyrau,2013-11-23 03:07:08
133049,213605,213605,not_available_still_image,car,3,processed/crops/133049.png,raw/images/000000213605.jpg,358.87,445.2,121.12,147.35,480,640,0,4,Attribution License,http://creativecommons.org/licenses/by/2.0/,http://farm9.staticflickr.com/8047/8120656306_9e6dcf4184_z.jpg,https://www.flickr.com/photo.gne?id=8120656306,not supplied in COCO metadata; original Flickr source linked,COCO photograph 213605; original title not supplied,bounding-box crop; per-image original license retained,http://images.cocodataset.org/val2017/000000213605.jpg,fa2219d8ac3130ba9ca1e1c9c7ed2b19949a99850854cae14734b9abbd477583,0ad832874eec6a5de6bbd41a5aefece1918dab996453601160b1764ccad97c45,not specified by COCO image metadata; not claimed Atyrau,2013-11-17 00:19:29
133097,78823,78823,not_available_still_image,car,3,processed/crops/133097.png,raw/images/000000078823.jpg,9.29,160.0,466.58,314.84,640,480,0,4,Attribution License,http://creativecommons.org/licenses/by/2.0/,http://farm1.staticflickr.com/9/13918737_12ed28cb16_z.jpg,https://www.flickr.com/photo.gne?id=13918737,not supplied in COCO metadata; original Flickr source linked,COCO photograph 78823; original title not supplied,bounding-box crop; per-image original license retained,http://images.cocodataset.org/val2017/000000078823.jpg,d9fe245622dc52d9c977eb501aa70d23a9e0fb61e2873879db6c0a89b1bc6b88,126a31dde136e4abb360e85735f33fbdbfb301cffaab7cef5770b0c1530afcb0,not specified by COCO image metadata; not claimed Atyrau,2013-11-15 07:46:39
133150,369812,369812,not_available_still_image,car,3,processed/crops/133150.png,raw/images/000000369812.jpg,322.91,521.22,73.18,47.99,640,637,0,5,Attribution-ShareAlike License,http://creativecommons.org/licenses/by-sa/2.0/,http://farm6.staticflickr.com/5449/7098368435_ac519fdec5_z.jpg,https://www.flickr.com/photo.gne?id=7098368435,not supplied in COCO metadata; original Flickr source linked,COCO photograph 369812; original title not supplied,bounding-box crop; per-image original license retained,http://images.cocodataset.org/val2017/000000369812.jpg,36900b1e1c06b097382afab38134ff4d655634f23287c47d7b6aaaee016cca4e,d6ecbf3e3eadfbea3c9cf838845769e0b5d8a223cdb382a01dc2d00d40542575,not specified by COCO image metadata; not claimed Atyrau,2013-11-17 00:34:58
133197,530099,530099,not_available_still_image,car,3,processed/crops/133197.png,raw/images/000000530099.jpg,113.71,234.68,385.48,134.67,500,375,0,1,Attribution-NonCommercial-ShareAlike License,http://creativecommons.org/licenses/by-nc-sa/2.0/,http://farm1.staticflickr.com/26/45673753_cb341da776_z.jpg,https://www.flickr.com/photo.gne?id=45673753,not supplied in COCO metadata; original Flickr source linked,COCO photograph 530099; original title not supplied,bounding-box crop; per-image original license retained,http://images.cocodataset.org/val2017/000000530099.jpg,ff6dbb424b63a078204e3a6705dd73c985470692b23ce29628cd3d4964817d07,c5fa20890960814b12de8dd7237411ae25df5a9c652aae5f0d5f7d9324e4310f,not specified by COCO image metadata; not claimed Atyrau,2013-11-15 07:14:25
133570,338625,338625,not_available_still_image,car,3,processed/crops/133570.png,raw/images/000000338625.jpg,10.32,236.07,115.62,41.29,640,480,0,2,Attribution-NonCommercial License,http://creativecommons.org/licenses/by-nc/2.0/,http://farm6.staticflickr.com/5471/9063817118_fb589ae433_z.jpg,https://www.flickr.com/photo.gne?id=9063817118,not supplied in COCO metadata; original Flickr source linked,COCO photograph 338625; original title not supplied,bounding-box crop; per-image original license retained,http://images.cocodataset.org/val2017/000000338625.jpg,7b4da0464933e5669fab644bb183beb3e8f45a99a27c4d25667213e5efc83b79,4ae1b1fba681a956d7797857b3c8d8a1d47ab158e17542c31b05a9d50040b952,not specified by COCO image metadata; not claimed Atyrau,2013-11-16 21:39:30
133698,147740,147740,not_available_still_image,car,3,processed/crops/133698.png,raw/images/000000147740.jpg,0.0,284.81,181.93,189.12,640,480,0,4,Attribution License,http://creativecommons.org/licenses/by/2.0/,http://farm9.staticflickr.com/8042/8026451116_b1bd0c0c0a_z.jpg,https://www.flickr.com/photo.gne?id=8026451116,not supplied in COCO metadata; original Flickr source linked,COCO photograph 147740; original title not supplied,bounding-box crop; per-image original license retained,http://images.cocodataset.org/val2017/000000147740.jpg,0384b4bff79f53a0f2bcc54c99c0f7dc24660dd33f37c9b6dfa6adaa1e4a88ce,3b2f713f7289538f80619d403ff4d66458f6a3e66c4e1ea8a13a9706b09f0707,not specified by COCO image metadata; not claimed Atyrau,2013-11-15 18:42:49
133800,367680,367680,not_available_still_image,car,3,processed/crops/133800.png,raw/images/000000367680.jpg,286.51,167.18,103.1,73.42,450,338,0,1,Attribution-NonCommercial-ShareAlike License,http://creativecommons.org/licenses/by-nc-sa/2.0/,http://farm1.staticflickr.com/22/34251540_bec994ec35_z.jpg,https://www.flickr.com/photo.gne?id=34251540,not supplied in COCO metadata; original Flickr source linked,COCO photograph 367680; original title not supplied,bounding-box crop; per-image original license retained,http://images.cocodataset.org/val2017/000000367680.jpg,15a0aa08ef2c7dc21f247375f72459b6ee3f99b57a98482e5251294fc324b231,637e1e8d238ffeb729a2144e3aa2c2df26c3f3ee484b60072cdfb55fb9a62076,not specified by COCO image metadata; not claimed Atyrau,2013-11-15 08:23:02
133807,23272,23272,not_available_still_image,car,3,processed/crops/133807.png,raw/images/000000023272.jpg,0.0,0.08,499.46,370.98,500,375,0,1,Attribution-NonCommercial-ShareAlike License,http://creativecommons.org/licenses/by-nc-sa/2.0/,http://farm2.staticflickr.com/1152/816415585_d2b609d618_z.jpg,https://www.flickr.com/photo.gne?id=816415585,not supplied in COCO metadata; original Flickr source linked,COCO photograph 23272; original title not supplied,bounding-box crop; per-image original license retained,http://images.cocodataset.org/val2017/000000023272.jpg,3a20a6c0f0c7d33b9c4d9a4fe9023446ce3f92e90b37792cb791c8e3d3ac4cb4,b3dd986ca49d595e8199093ee350748f7886ec8ab39db318556c82624e290a6e,not specified by COCO image metadata; not claimed Atyrau,2013-11-15 07:12:19
134130,78823,78823,not_available_still_image,car,3,processed/crops/134130.png,raw/images/000000078823.jpg,1.29,150.59,186.23,261.24,640,480,0,4,Attribution License,http://creativecommons.org/licenses/by/2.0/,http://farm1.staticflickr.com/9/13918737_12ed28cb16_z.jpg,https://www.flickr.com/photo.gne?id=13918737,not supplied in COCO metadata; original Flickr source linked,COCO photograph 78823; original title not supplied,bounding-box crop; per-image original license retained,http://images.cocodataset.org/val2017/000000078823.jpg,d9fe245622dc52d9c977eb501aa70d23a9e0fb61e2873879db6c0a89b1bc6b88,d2b56be7b23c1f8c7ad2184d421e001871349d6717da4f8f0cc9bd567212f055,not specified by COCO image metadata; not claimed Atyrau,2013-11-15 07:46:39
134179,57149,57149,not_available_still_image,car,3,processed/crops/134179.png,raw/images/000000057149.jpg,269.97,269.06,198.35,151.51,640,427,0,5,Attribution-ShareAlike License,http://creativecommons.org/licenses/by-sa/2.0/,http://farm9.staticflickr.com/8505/8541387897_fbf4b3050a_z.jpg,https://www.flickr.com/photo.gne?id=8541387897,not supplied in COCO metadata; original Flickr source linked,COCO photograph 57149; original title not supplied,bounding-box crop; per-image original license retained,http://images.cocodataset.org/val2017/000000057149.jpg,4e57fdaa7e50f2f384087931a026ad14252f976289b636213d24b2f61f64f544,ae6d23b55b27320ffd220552940e3a549f64d7d6d9248d4f4b80bf941191bed4,not specified by COCO image metadata; not claimed Atyrau,2013-11-17 08:00:43
134237,198489,198489,not_available_still_image,car,3,processed/crops/134237.png,raw/images/000000198489.jpg,190.34,39.31,237.66,110.35,428,640,0,1,Attribution-NonCommercial-ShareAlike License,http://creativecommons.org/licenses/by-nc-sa/2.0/,http://farm6.staticflickr.com/5062/5655707182_0530f68fe9_z.jpg,https://www.flickr.com/photo.gne?id=5655707182,not supplied in COCO metadata; original Flickr source linked,COCO photograph 198489; original title not supplied,bounding-box crop; per-image original license retained,http://images.cocodataset.org/val2017/000000198489.jpg,d199d17ae41effbdd7b190888b03331e18905084d55c98bf6f7b6d9eb688c02a,bba5d3f94b249bff41d8522bb67997f4205535556c36b8f510be9251b8a7b50a,not specified by COCO image metadata; not claimed Atyrau,2013-11-18 10:53:48
134420,167122,167122,not_available_still_image,car,3,processed/crops/134420.png,raw/images/000000167122.jpg,32.73,215.81,607.27,264.19,640,480,0,1,Attribution-NonCommercial-ShareAlike License,http://creativecommons.org/licenses/by-nc-sa/2.0/,http://farm2.staticflickr.com/1100/538718655_aef41a4977_z.jpg,https://www.flickr.com/photo.gne?id=538718655,not supplied in COCO metadata; original Flickr source linked,COCO photograph 167122; original title not supplied,bounding-box crop; per-image original license retained,http://images.cocodataset.org/val2017/000000167122.jpg,9a86c4231709eb0432dadfa7e3c1ff3bea7bb310da1023343ec53525c9f37c89,fd442c928fd83a16899693bd3f330b65e4f9c2b36b5531a62019d87d51576bab,not specified by COCO image metadata; not claimed Atyrau,2013-11-15 07:20:59
134511,39484,39484,not_available_still_image,car,3,processed/crops/134511.png,raw/images/000000039484.jpg,314.45,336.44,101.23,56.4,640,437,0,1,Attribution-NonCommercial-ShareAlike License,http://creativecommons.org/licenses/by-nc-sa/2.0/,http://farm1.staticflickr.com/157/433085755_cb9d22dd8b_z.jpg,https://www.flickr.com/photo.gne?id=433085755,not supplied in COCO metadata; original Flickr source linked,COCO photograph 39484; original title not supplied,bounding-box crop; per-image original license retained,http://images.cocodataset.org/val2017/000000039484.jpg,dd5ee58026d819fb399dff4339efd842c936746c404abda74ad42cc2a499bc5b,776a0ce1d4e26f93b063051fac1730717fb9e74281ec5f2e41de2a87473cc899,not specified by COCO image metadata; not claimed Atyrau,2013-11-17 00:11:51
134706,498286,498286,not_available_still_image,car,3,processed/crops/134706.png,raw/images/000000498286.jpg,429.31,336.21,189.31,83.79,640,480,0,4,Attribution License,http://creativecommons.org/licenses/by/2.0/,http://farm7.staticflickr.com/6195/6048065934_bfaf1be964_z.jpg,https://www.flickr.com/photo.gne?id=6048065934,not supplied in COCO metadata; original Flickr source linked,COCO photograph 498286; original title not supplied,bounding-box crop; per-image original license retained,http://images.cocodataset.org/val2017/000000498286.jpg,3253772566d47969b4ca29bdd608d84b9876a09ec6b25435ff00c27bf9c1b207,88960acffa87b600833e0b6b2b30b2a44fabe8297f04085c05bd58931d3931b8,not specified by COCO image metadata; not claimed Atyrau,2013-11-15 07:38:08
134797,269632,269632,not_available_still_image,car,3,processed/crops/134797.png,raw/images/000000269632.jpg,554.86,237.25,85.14,107.67,640,427,0,5,Attribution-ShareAlike License,http://creativecommons.org/licenses/by-sa/2.0/,http://farm8.staticflickr.com/7287/9106564326_f1af288935_z.jpg,https://www.flickr.com/photo.gne?id=9106564326,not supplied in COCO metadata; original Flickr source linked,COCO photograph 269632; original title not supplied,bounding-box crop; per-image original license retained,http://images.cocodataset.org/val2017/000000269632.jpg,eacd77dd985fd0c0ea4a761c6087956a885394240033649296cb015e4469485e,207dec940dbd76468fecf87eaea967ca477efb31bebea9220d060c00c8f0a5de,not specified by COCO image metadata; not claimed Atyrau,2013-11-16 21:32:43
134802,142585,142585,not_available_still_image,car,3,processed/crops/134802.png,raw/images/000000142585.jpg,178.4,266.56,188.01,176.0,375,500,0,1,Attribution-NonCommercial-ShareAlike License,http://creativecommons.org/licenses/by-nc-sa/2.0/,http://farm1.staticflickr.com/34/71378280_e180ffc9d5_z.jpg,https://www.flickr.com/photo.gne?id=71378280,not supplied in COCO metadata; original Flickr source linked,COCO photograph 142585; original title not supplied,bounding-box crop; per-image original license retained,http://images.cocodataset.org/val2017/000000142585.jpg,41277a4ea32031b3486e839d18ca61506931002fca4ff9214686c63e9c6bb983,90ed1790284ec0f29b612912cbad6d5b6a16746a68bd6e7424499547aad2bde0,not specified by COCO image metadata; not claimed Atyrau,2013-11-16 18:05:52
134902,67213,67213,not_available_still_image,car,3,processed/crops/134902.png,raw/images/000000067213.jpg,220.36,329.98,239.41,79.68,640,485,0,2,Attribution-NonCommercial License,http://creativecommons.org/licenses/by-nc/2.0/,http://farm9.staticflickr.com/8404/8705829095_38b805b1c4_z.jpg,https://www.flickr.com/photo.gne?id=8705829095,not supplied in COCO metadata; original Flickr source linked,COCO photograph 67213; original title not supplied,bounding-box crop; per-image original license retained,http://images.cocodataset.org/val2017/000000067213.jpg,7c456c6e20d11fa40248d67b7d816d0aaf8106b1635243bdd1ba044245f05f8e,079e624350570aa57dc455543655112b2906ee2c0dc3b143ae3024e5aeb7d160,not specified by COCO image metadata; not claimed Atyrau,2013-11-15 08:01:26
134933,177934,177934,not_available_still_image,car,3,processed/crops/134933.png,raw/images/000000177934.jpg,298.73,170.1,75.1,60.19,640,480,0,1,Attribution-NonCommercial-ShareAlike License,http://creativecommons.org/licenses/by-nc-sa/2.0/,http://farm7.staticflickr.com/6021/5994119446_b5ec8e1e76_z.jpg,https://www.flickr.com/photo.gne?id=5994119446,not supplied in COCO metadata; original Flickr source linked,COCO photograph 177934; original title not supplied,bounding-box crop; per-image original license retained,http://images.cocodataset.org/val2017/000000177934.jpg,81c836a2c877b44c79b0dbab615b3d07f6c7b2a98455e78554d57a6c9ed7e6ff,36b2f77248c87b9a0832cb6a9f3b5c5911c32db856b8c3a110871c08bc638b70,not specified by COCO image metadata; not claimed Atyrau,2013-11-15 14:11:59
134980,396338,396338,not_available_still_image,car,3,processed/crops/134980.png,raw/images/000000396338.jpg,0.0,133.15,291.09,289.26,640,427,0,2,Attribution-NonCommercial License,http://creativecommons.org/licenses/by-nc/2.0/,http://farm9.staticflickr.com/8451/8027479332_1d4833f074_z.jpg,https://www.flickr.com/photo.gne?id=8027479332,not supplied in COCO metadata; original Flickr source linked,COCO photograph 396338; original title not supplied,bounding-box crop; per-image original license retained,http://images.cocodataset.org/val2017/000000396338.jpg,d316e263395e5724b7627cec7df7045df058c746e7180bf93b87d10976c662c6,d439ab3cca18608cd052f2aea204a4410d67406cf6794f389e78c0d64afff56f,not specified by COCO image metadata; not claimed Atyrau,2013-11-17 19:34:07
135132,393093,393093,not_available_still_image,car,3,processed/crops/135132.png,raw/images/000000393093.jpg,282.56,355.03,75.76,46.45,640,424,0,1,Attribution-NonCommercial-ShareAlike License,http://creativecommons.org/licenses/by-nc-sa/2.0/,http://farm6.staticflickr.com/5454/9427417851_b15176a325_z.jpg,https://www.flickr.com/photo.gne?id=9427417851,not supplied in COCO metadata; original Flickr source linked,COCO photograph 393093; original title not supplied,bounding-box crop; per-image original license retained,http://images.cocodataset.org/val2017/000000393093.jpg,624c5f297bf60acc8e87553772a60cdd580b108560d8e0a02eaba8cdc8bdbb33,3b879ab53b24ecdd21d56cf8740fa18336febd2825b1d59ede2e7fa6a49b9132,not specified by COCO image metadata; not claimed Atyrau,2013-11-17 07:52:59
135179,426372,426372,not_available_still_image,car,3,processed/crops/135179.png,raw/images/000000426372.jpg,73.46,104.4,140.5,132.24,640,427,0,2,Attribution-NonCommercial License,http://creativecommons.org/licenses/by-nc/2.0/,http://farm9.staticflickr.com/8120/8601665941_922d321a47_z.jpg,https://www.flickr.com/photo.gne?id=8601665941,not supplied in COCO metadata; original Flickr source linked,COCO photograph 426372; original title not supplied,bounding-box crop; per-image original license retained,http://images.cocodataset.org/val2017/000000426372.jpg,2008ffc31ea397b00e132ab370a273a61ac65d00d7ad76789fb43ef404f88ca5,41783060628243d12537ffb0fd9562916db331dfbbc8cdc6fcd7ff5f74fc18b6,not specified by COCO image metadata; not claimed Atyrau,2013-11-17 18:31:03
135222,177934,177934,not_available_still_image,car,3,processed/crops/135222.png,raw/images/000000177934.jpg,425.11,163.46,40.02,40.31,640,480,0,1,Attribution-NonCommercial-ShareAlike License,http://creativecommons.org/licenses/by-nc-sa/2.0/,http://farm7.staticflickr.com/6021/5994119446_b5ec8e1e76_z.jpg,https://www.flickr.com/photo.gne?id=5994119446,not supplied in COCO metadata; original Flickr source linked,COCO photograph 177934; original title not supplied,bounding-box crop; per-image original license retained,http://images.cocodataset.org/val2017/000000177934.jpg,81c836a2c877b44c79b0dbab615b3d07f6c7b2a98455e78554d57a6c9ed7e6ff,366b2818b2060e5857250eaeb95cb9ba618bc1a75c7a5c8dd8aa083370070016,not specified by COCO image metadata; not claimed Atyrau,2013-11-15 14:11:59
135232,17207,17207,not_available_still_image,car,3,processed/crops/135232.png,raw/images/000000017207.jpg,482.06,82.4,156.57,235.88,640,480,0,2,Attribution-NonCommercial License,http://creativecommons.org/licenses/by-nc/2.0/,http://farm6.staticflickr.com/5131/5537426848_a4508fe44f_z.jpg,https://www.flickr.com/photo.gne?id=5537426848,not supplied in COCO metadata; original Flickr source linked,COCO photograph 17207; original title not supplied,bounding-box crop; per-image original license retained,http://images.cocodataset.org/val2017/000000017207.jpg,fd477a26cf3682083ae6633c3778fcce9e53fdfbb0670232d608865ddb606884,95d66b69d5dcd803e0b9fe460a53a5a027649f1dd44953fa612b87f2788864a0,not specified by COCO image metadata; not claimed Atyrau,2013-11-15 10:53:00
135321,577932,577932,not_available_still_image,car,3,processed/crops/135321.png,raw/images/000000577932.jpg,495.12,245.3,144.8,290.77,640,543,0,4,Attribution License,http://creativecommons.org/licenses/by/2.0/,http://farm5.staticflickr.com/4019/5159956078_f820c56d6f_z.jpg,https://www.flickr.com/photo.gne?id=5159956078,not supplied in COCO metadata; original Flickr source linked,COCO photograph 577932; original title not supplied,bounding-box crop; per-image original license retained,http://images.cocodataset.org/val2017/000000577932.jpg,593d4d8a69f21f4821e0bdd1d9f90e77084b31fb951090b549915a986b0633fe,4ff71cfa3fddf8adac9295296176ae4218afd0fb39b75418a0a421a22a41b89f,not specified by COCO image metadata; not claimed Atyrau,2013-11-15 01:10:04
135585,466156,466156,not_available_still_image,car,3,processed/crops/135585.png,raw/images/000000466156.jpg,0.0,18.75,500.0,329.84,500,375,0,1,Attribution-NonCommercial-ShareAlike License,http://creativecommons.org/licenses/by-nc-sa/2.0/,http://farm4.staticflickr.com/3477/3177868532_908224bc68_z.jpg,https://www.flickr.com/photo.gne?id=3177868532,not supplied in COCO metadata; original Flickr source linked,COCO photograph 466156; original title not supplied,bounding-box crop; per-image original license retained,http://images.cocodataset.org/val2017/000000466156.jpg,e43e0f3812afca36cf093b4d3373eb11cbe4bbc8bfbc4e5a57cb5a04b3580e9b,76c5b40e9dbd73058acb282e7500a9c3849f921827af55969d333245c25860a3,not specified by COCO image metadata; not claimed Atyrau,2013-11-15 07:11:59
135720,538364,538364,not_available_still_image,car,3,processed/crops/135720.png,raw/images/000000538364.jpg,519.23,145.55,68.12,88.77,640,480,0,4,Attribution License,http://creativecommons.org/licenses/by/2.0/,http://farm9.staticflickr.com/8042/7933423348_c30bd9bd4e_z.jpg,https://www.flickr.com/photo.gne?id=7933423348,not supplied in COCO metadata; original Flickr source linked,COCO photograph 538364; original title not supplied,bounding-box crop; per-image original license retained,http://images.cocodataset.org/val2017/000000538364.jpg,1b05f4958120b8ab11c5a3b00449320455e16c1a9795871e8e42913c1a04be69,82480758b0764c8064cc33af252d33221c665253ce918c5b2b995a0e14e87c62,not specified by COCO image metadata; not claimed Atyrau,2013-11-15 19:00:10
135748,17627,17627,not_available_still_image,car,3,processed/crops/135748.png,raw/images/000000017627.jpg,264.65,235.3,110.57,67.29,640,480,0,1,Attribution-NonCommercial-ShareAlike License,http://creativecommons.org/licenses/by-nc-sa/2.0/,http://farm5.staticflickr.com/4145/4977243989_c2efb1b911_z.jpg,https://www.flickr.com/photo.gne?id=4977243989,not supplied in COCO metadata; original Flickr source linked,COCO photograph 17627; original title not supplied,bounding-box crop; per-image original license retained,http://images.cocodataset.org/val2017/000000017627.jpg,bad16bff668a52e7df757c6382244c86b416315b86a52749dd7bc6ec68e7092f,9763f5d72bb56b45543249aa895de778e1ec0881e65c30c92eca17d09cc9fd1f,not specified by COCO image metadata; not claimed Atyrau,2013-11-16 15:13:53
136075,334555,334555,not_available_still_image,car,3,processed/crops/136075.png,raw/images/000000334555.jpg,125.67,160.79,44.36,46.2,640,426,0,1,Attribution-NonCommercial-ShareAlike License,http://creativecommons.org/licenses/by-nc-sa/2.0/,http://farm4.staticflickr.com/3489/3838201332_b8ba6c3aeb_z.jpg,https://www.flickr.com/photo.gne?id=3838201332,not supplied in COCO metadata; original Flickr source linked,COCO photograph 334555; original title not supplied,bounding-box crop; per-image original license retained,http://images.cocodataset.org/val2017/000000334555.jpg,4a388fd316719eb740ad6b6c710dc5b8cf13be8abdff0030597ae15fd71b63aa,9ca4978dd564275ca695b07826c55ab0757894be6b92ef09ecd4b8b832e7fb2b,not specified by COCO image metadata; not claimed Atyrau,2013-11-17 16:53:29
136756,315187,315187,not_available_still_image,car,3,processed/crops/136756.png,raw/images/000000315187.jpg,194.95,350.42,125.95,51.05,640,448,0,1,Attribution-NonCommercial-ShareAlike License,http://creativecommons.org/licenses/by-nc-sa/2.0/,http://farm9.staticflickr.com/8451/7980026353_fdc782e256_z.jpg,https://www.flickr.com/photo.gne?id=7980026353,not supplied in COCO metadata; original Flickr source linked,COCO photograph 315187; original title not supplied,bounding-box crop; per-image original license retained,http://images.cocodataset.org/val2017/000000315187.jpg,29fcdb959434fddb1f1d11716cf3fd57d3d73310567b9be43046533a00fbd235,5e0572aa6e6b30e93c7e3173ce77d52a3c9357fd07dcd953ba1b20b89f84fab5,not specified by COCO image metadata; not claimed Atyrau,2013-11-16 17:39:51
136849,17627,17627,not_available_still_image,car,3,processed/crops/136849.png,raw/images/000000017627.jpg,30.14,233.37,117.33,94.28,640,480,0,1,Attribution-NonCommercial-ShareAlike License,http://creativecommons.org/licenses/by-nc-sa/2.0/,http://farm5.staticflickr.com/4145/4977243989_c2efb1b911_z.jpg,https://www.flickr.com/photo.gne?id=4977243989,not supplied in COCO metadata; original Flickr source linked,COCO photograph 17627; original title not supplied,bounding-box crop; per-image original license retained,http://images.cocodataset.org/val2017/000000017627.jpg,bad16bff668a52e7df757c6382244c86b416315b86a52749dd7bc6ec68e7092f,7933393911c5e0a24dc1b680a687399acc25ddb5eaa3b7da6d6bafaac1e2c48c,not specified by COCO image metadata; not claimed Atyrau,2013-11-16 15:13:53
136867,230008,230008,not_available_still_image,car,3,processed/crops/136867.png,raw/images/000000230008.jpg,434.32,74.32,205.68,236.91,640,360,0,1,Attribution-NonCommercial-ShareAlike License,http://creativecommons.org/licenses/by-nc-sa/2.0/,http://farm7.staticflickr.com/6040/6354716703_18487f986e_z.jpg,https://www.flickr.com/photo.gne?id=6354716703,not supplied in COCO metadata; original Flickr source linked,COCO photograph 230008; original title not supplied,bounding-box crop; per-image original license retained,http://images.cocodataset.org/val2017/000000230008.jpg,71685782cd06160eb22c6b1bf4da9149374e41f878767c7bb1f5e41183c2d120,ad4b7f0b18a821c31a96e5d001e5b853f6092d58619899a97c00baa1eb308d7f,not specified by COCO image metadata; not claimed Atyrau,2013-11-15 16:38:21
136901,76417,76417,not_available_still_image,car,3,processed/crops/136901.png,raw/images/000000076417.jpg,190.17,153.23,449.83,316.61,640,478,0,1,Attribution-NonCommercial-ShareAlike License,http://creativecommons.org/licenses/by-nc-sa/2.0/,http://farm9.staticflickr.com/8058/8237067692_38007c0051_z.jpg,https://www.flickr.com/photo.gne?id=8237067692,not supplied in COCO metadata; original Flickr source linked,COCO photograph 76417; original title not supplied,bounding-box crop; per-image original license retained,http://images.cocodataset.org/val2017/000000076417.jpg,740a8f0e6c980ad0587bb352a909308782f8c3a7fa3853cc6b06aa2ed1ff4675,849c46479151285290cf6af9fe292ba787e97b5085369bb648d9b42df17e26ee,not specified by COCO image metadata; not claimed Atyrau,2013-11-16 18:35:39
136903,17627,17627,not_available_still_image,car,3,processed/crops/136903.png,raw/images/000000017627.jpg,27.3,214.68,77.94,51.73,640,480,0,1,Attribution-NonCommercial-ShareAlike License,http://creativecommons.org/licenses/by-nc-sa/2.0/,http://farm5.staticflickr.com/4145/4977243989_c2efb1b911_z.jpg,https://www.flickr.com/photo.gne?id=4977243989,not supplied in COCO metadata; original Flickr source linked,COCO photograph 17627; original title not supplied,bounding-box crop; per-image original license retained,http://images.cocodataset.org/val2017/000000017627.jpg,bad16bff668a52e7df757c6382244c86b416315b86a52749dd7bc6ec68e7092f,e35b9cfec99793a11292d1470bf5d68ac2b169c7929b69e4e97b579a1f05b35d,not specified by COCO image metadata; not claimed Atyrau,2013-11-16 15:13:53
137016,357737,357737,not_available_still_image,car,3,processed/crops/137016.png,raw/images/000000357737.jpg,63.14,112.73,335.84,144.81,640,480,0,1,Attribution-NonCommercial-ShareAlike License,http://creativecommons.org/licenses/by-nc-sa/2.0/,http://farm4.staticflickr.com/3267/2877115654_ec12cbc121_z.jpg,https://www.flickr.com/photo.gne?id=2877115654,not supplied in COCO metadata; original Flickr source linked,COCO photograph 357737; original title not supplied,bounding-box crop; per-image original license retained,http://images.cocodataset.org/val2017/000000357737.jpg,2807fcb8cc5b8787e149247b2dc01f9dff1c56cc66cf9759ae1f58f39fd9879c,5222553fe81aa4b237af899e7ebaa879dfb11a7025c6639c274c9622c5d0b9fe,not specified by COCO image metadata; not claimed Atyrau,2013-11-15 04:23:02
137078,177934,177934,not_available_still_image,car,3,processed/crops/137078.png,raw/images/000000177934.jpg,457.65,157.53,97.72,73.98,640,480,0,1,Attribution-NonCommercial-ShareAlike License,http://creativecommons.org/licenses/by-nc-sa/2.0/,http://farm7.staticflickr.com/6021/5994119446_b5ec8e1e76_z.jpg,https://www.flickr.com/photo.gne?id=5994119446,not supplied in COCO metadata; original Flickr source linked,COCO photograph 177934; original title not supplied,bounding-box crop; per-image original license retained,http://images.cocodataset.org/val2017/000000177934.jpg,81c836a2c877b44c79b0dbab615b3d07f6c7b2a98455e78554d57a6c9ed7e6ff,51266ae0e35c27f3deb1687ed9ee38a9dffe282af599bf8e1805bc8e75ed67e3,not specified by COCO image metadata; not claimed Atyrau,2013-11-15 14:11:59
137156,356612,356612,not_available_still_image,car,3,processed/crops/137156.png,raw/images/000000356612.jpg,201.58,187.96,122.28,99.69,640,416,0,1,Attribution-NonCommercial-ShareAlike License,http://creativecommons.org/licenses/by-nc-sa/2.0/,http://farm3.staticflickr.com/2780/4444985182_6197c4ba62_z.jpg,https://www.flickr.com/photo.gne?id=4444985182,not supplied in COCO metadata; original Flickr source linked,COCO photograph 356612; original title not supplied,bounding-box crop; per-image original license retained,http://images.cocodataset.org/val2017/000000356612.jpg,92d4db8b8ea208bddba73c0c89331960e194cf87eb5841e3050f62796131a60e,4c1b94a1cc4d4bbb2131804ffb8ef3408b84951f94632ee394493e2a48cdea25,not specified by COCO image metadata; not claimed Atyrau,2013-11-17 16:54:43
137157,580418,580418,not_available_still_image,car,3,processed/crops/137157.png,raw/images/000000580418.jpg,598.56,252.19,40.62,109.68,640,428,0,1,Attribution-NonCommercial-ShareAlike License,http://creativecommons.org/licenses/by-nc-sa/2.0/,http://farm3.staticflickr.com/2104/1809331550_7750b413ba_z.jpg,https://www.flickr.com/photo.gne?id=1809331550,not supplied in COCO metadata; original Flickr source linked,COCO photograph 580418; original title not supplied,bounding-box crop; per-image original license retained,http://images.cocodataset.org/val2017/000000580418.jpg,2387868faabda108661e76843ac40a74a72f9d4e370a7e52dd31430647e41c7a,e293fdf7d326beb23d9fea42a7a61b4822bb6871e434487b9dea30b041e0295c,not specified by COCO image metadata; not claimed Atyrau,2013-11-17 17:07:26
137242,520009,520009,not_available_still_image,car,3,processed/crops/137242.png,raw/images/000000520009.jpg,0.0,334.4,216.24,77.6,500,412,0,4,Attribution License,http://creativecommons.org/licenses/by/2.0/,http://farm1.staticflickr.com/223/502213596_22f391ea0e_z.jpg,https://www.flickr.com/photo.gne?id=502213596,not supplied in COCO metadata; original Flickr source linked,COCO photograph 520009; original title not supplied,bounding-box crop; per-image original license retained,http://images.cocodataset.org/val2017/000000520009.jpg,54617d5196a0d66e47f083ce2ecc67c990b5415eca52302dafdc0591597d4e02,2126c07b71ac10f9f0455a48a08ee75e4b5a49d3d071de9e1fc7cdb7b8f1a963,not specified by COCO image metadata; not claimed Atyrau,2013-11-16 14:22:20
137287,284725,284725,not_available_still_image,car,3,processed/crops/137287.png,raw/images/000000284725.jpg,147.53,290.17,230.79,86.11,640,427,0,4,Attribution License,http://creativecommons.org/licenses/by/2.0/,http://farm8.staticflickr.com/7375/9766932005_d859b2b6da_z.jpg,https://www.flickr.com/photo.gne?id=9766932005,not supplied in COCO metadata; original Flickr source linked,COCO photograph 284725; original title not supplied,bounding-box crop; per-image original license retained,http://images.cocodataset.org/val2017/000000284725.jpg,10ab8075df3cd9e3344d12fbb764a3c977e809bd06726649b686dd68abcbdf07,a5e4cd8ab69e90a75dcd8497337da269cfb04479604beec12586683c1eb329da,not specified by COCO image metadata; not claimed Atyrau,2013-11-16 19:57:50
137342,172330,172330,not_available_still_image,car,3,processed/crops/137342.png,raw/images/000000172330.jpg,471.74,79.74,166.2,304.52,640,480,0,1,Attribution-NonCommercial-ShareAlike License,http://creativecommons.org/licenses/by-nc-sa/2.0/,http://farm8.staticflickr.com/7071/7255497726_e2e4ee6f2b_z.jpg,https://www.flickr.com/photo.gne?id=7255497726,not supplied in COCO metadata; original Flickr source linked,COCO photograph 172330; original title not supplied,bounding-box crop; per-image original license retained,http://images.cocodataset.org/val2017/000000172330.jpg,ef1b61b35ac3aa2af9d9cdb01f52ac79703a5ad0f0fbe036d6aecb94c07c212f,1e05fa5aa7a09661dae849a7ea7e7720bb949e98c0e6c2bbf80430a3947f4be0,not specified by COCO image metadata; not claimed Atyrau,2013-11-15 07:21:17
137446,68093,68093,not_available_still_image,car,3,processed/crops/137446.png,raw/images/000000068093.jpg,332.19,75.61,307.81,110.0,640,480,0,1,Attribution-NonCommercial-ShareAlike License,http://creativecommons.org/licenses/by-nc-sa/2.0/,http://farm5.staticflickr.com/4120/4803479594_4fea166ab0_z.jpg,https://www.flickr.com/photo.gne?id=4803479594,not supplied in COCO metadata; original Flickr source linked,COCO photograph 68093; original title not supplied,bounding-box crop; per-image original license retained,http://images.cocodataset.org/val2017/000000068093.jpg,c5f288d7a94cace0aa18389b07caaf48af32fc3a49a99a17794456a116016244,22231e67fbd03b3ef7494a81b9af77642a60f64f5443af7dff57592465bda206,not specified by COCO image metadata; not claimed Atyrau,2013-11-15 12:39:06
137559,436883,436883,not_available_still_image,car,3,processed/crops/137559.png,raw/images/000000436883.jpg,572.52,154.7,67.48,207.78,640,421,0,2,Attribution-NonCommercial License,http://creativecommons.org/licenses/by-nc/2.0/,http://farm9.staticflickr.com/8199/8228898324_49568e69b1_z.jpg,https://www.flickr.com/photo.gne?id=8228898324,not supplied in COCO metadata; original Flickr source linked,COCO photograph 436883; original title not supplied,bounding-box crop; per-image original license retained,http://images.cocodataset.org/val2017/000000436883.jpg,65cb98085b86ed663a6812a9368364178d845b3458694f1d8d23783f3b848477,23764f14b095f2d47d4cf4bd7fc6dd75cd6abeaf763298f58835b370f350f720,not specified by COCO image metadata; not claimed Atyrau,2013-11-17 00:18:47
137842,446651,446651,not_available_still_image,car,3,processed/crops/137842.png,raw/images/000000446651.jpg,0.0,78.73,223.37,249.47,640,426,0,1,Attribution-NonCommercial-ShareAlike License,http://creativecommons.org/licenses/by-nc-sa/2.0/,http://farm9.staticflickr.com/8318/8000471504_6726c52ae2_z.jpg,https://www.flickr.com/photo.gne?id=8000471504,not supplied in COCO metadata; original Flickr source linked,COCO photograph 446651; original title not supplied,bounding-box crop; per-image original license retained,http://images.cocodataset.org/val2017/000000446651.jpg,68c8ba3c72603ed69835bf0f7be7f943daeadb12778a5fb0ab3606a3b0b79124,ae35070c1253fc87b2520b2f18638ef5587338c2095dbf67dbc625e349139657,not specified by COCO image metadata; not claimed Atyrau,2013-11-15 18:59:48
137923,39484,39484,not_available_still_image,car,3,processed/crops/137923.png,raw/images/000000039484.jpg,428.54,340.44,93.98,56.38,640,437,0,1,Attribution-NonCommercial-ShareAlike License,http://creativecommons.org/licenses/by-nc-sa/2.0/,http://farm1.staticflickr.com/157/433085755_cb9d22dd8b_z.jpg,https://www.flickr.com/photo.gne?id=433085755,not supplied in COCO metadata; original Flickr source linked,COCO photograph 39484; original title not supplied,bounding-box crop; per-image original license retained,http://images.cocodataset.org/val2017/000000039484.jpg,dd5ee58026d819fb399dff4339efd842c936746c404abda74ad42cc2a499bc5b,6de7a9e7a74d4ef7ff62870acbe02c150f1fc423d026eb035fad4b5994041d78,not specified by COCO image metadata; not claimed Atyrau,2013-11-17 00:11:51
138143,301376,301376,not_available_still_image,car,3,processed/crops/138143.png,raw/images/000000301376.jpg,246.46,372.69,55.67,45.07,333,500,0,4,Attribution License,http://creativecommons.org/licenses/by/2.0/,http://farm4.staticflickr.com/3059/2718408461_4af7105d49_z.jpg,https://www.flickr.com/photo.gne?id=2718408461,not supplied in COCO metadata; original Flickr source linked,COCO photograph 301376; original title not supplied,bounding-box crop; per-image original license retained,http://images.cocodataset.org/val2017/000000301376.jpg,57ead4a94a6df986a161c014c0719b6c37b52ea2aa2246c297ec44db06eb7a2e,7963049690f6cca354c3ad73888ff317616de450cb2620af14ad6ecde76fc579,not specified by COCO image metadata; not claimed Atyrau,2013-11-14 22:36:36
138180,274272,274272,not_available_still_image,car,3,processed/crops/138180.png,raw/images/000000274272.jpg,0.0,392.59,83.04,87.41,640,480,0,4,Attribution License,http://creativecommons.org/licenses/by/2.0/,http://farm9.staticflickr.com/8484/8234130537_419b91e4d8_z.jpg,https://www.flickr.com/photo.gne?id=8234130537,not supplied in COCO metadata; original Flickr source linked,COCO photograph 274272; original title not supplied,bounding-box crop; per-image original license retained,http://images.cocodataset.org/val2017/000000274272.jpg,e87ab7fa2006444ffb6f71b65a5743d33365313b30c96c8b559de7dc7891a404,15de62da6b42db5d359f23d76f2c351ef8d9c55f529904024710f28fb00598af,not specified by COCO image metadata; not claimed Atyrau,2013-11-16 18:53:18
138210,10363,10363,not_available_still_image,car,3,processed/crops/138210.png,raw/images/000000010363.jpg,90.83,27.17,549.17,333.83,640,361,0,1,Attribution-NonCommercial-ShareAlike License,http://creativecommons.org/licenses/by-nc-sa/2.0/,http://farm4.staticflickr.com/3027/2477308902_443e5baf08_z.jpg,https://www.flickr.com/photo.gne?id=2477308902,not supplied in COCO metadata; original Flickr source linked,COCO photograph 10363; original title not supplied,bounding-box crop; per-image original license retained,http://images.cocodataset.org/val2017/000000010363.jpg,2fd23c4c491520182a703d0df9c604f6b7ee8a592ad8743897870cf0260f47b2,f95a131d3a0ff6b5a495b6d86ab5fb6faf3643df8a3dc0f79ca39ffda6c53770,not specified by COCO image metadata; not claimed Atyrau,2013-11-15 07:08:52
138362,372260,372260,not_available_still_image,car,3,processed/crops/138362.png,raw/images/000000372260.jpg,0.0,315.65,117.63,210.85,427,640,0,5,Attribution-ShareAlike License,http://creativecommons.org/licenses/by-sa/2.0/,http://farm6.staticflickr.com/5350/9918453144_050959b8b5_z.jpg,https://www.flickr.com/photo.gne?id=9918453144,not supplied in COCO metadata; original Flickr source linked,COCO photograph 372260; original title not supplied,bounding-box crop; per-image original license retained,http://images.cocodataset.org/val2017/000000372260.jpg,48ae887c9520533893d3f7afa853f20db4bc3376def97692b0bd410e715f674c,f1012b48ad6ab6dc9192b77ef1aab989736c68b28043892fa40fdce0e18f8867,not specified by COCO image metadata; not claimed Atyrau,2013-11-24 12:08:52
138667,296224,296224,not_available_still_image,car,3,processed/crops/138667.png,raw/images/000000296224.jpg,0.0,185.9,57.31,40.82,640,480,0,1,Attribution-NonCommercial-ShareAlike License,http://creativecommons.org/licenses/by-nc-sa/2.0/,http://farm9.staticflickr.com/8405/8669252036_b87610bf35_z.jpg,https://www.flickr.com/photo.gne?id=8669252036,not supplied in COCO metadata; original Flickr source linked,COCO photograph 296224; original title not supplied,bounding-box crop; per-image original license retained,http://images.cocodataset.org/val2017/000000296224.jpg,bfdfaa35d64439d19781ad60ff92fa5b3d7b90a7293f1603574951871d2238b9,59632695a5f7b26b40f3415b9e5830fe9e5b56932286644d1a4c7a6303aa2c76,not specified by COCO image metadata; not claimed Atyrau,2013-11-16 22:29:32
138741,142472,142472,not_available_still_image,car,3,processed/crops/138741.png,raw/images/000000142472.jpg,203.35,372.65,131.1,62.96,640,480,0,4,Attribution License,http://creativecommons.org/licenses/by/2.0/,http://farm8.staticflickr.com/7274/7871818696_6bf4905675_z.jpg,https://www.flickr.com/photo.gne?id=7871818696,not supplied in COCO metadata; original Flickr source linked,COCO photograph 142472; original title not supplied,bounding-box crop; per-image original license retained,http://images.cocodataset.org/val2017/000000142472.jpg,db7173813c230d969afa81c1012904f95a680a4b6b756eb07e17e6727c88c0dd,4f50103ba62d6fb6d8f2f977dd776d90565dd2bcd1acdca7088850d67c4942e2,not specified by COCO image metadata; not claimed Atyrau,2013-11-16 17:57:20
138764,493286,493286,not_available_still_image,car,3,processed/crops/138764.png,raw/images/000000493286.jpg,67.54,162.13,530.69,188.38,640,359,0,1,Attribution-NonCommercial-ShareAlike License,http://creativecommons.org/licenses/by-nc-sa/2.0/,http://farm6.staticflickr.com/5253/5498103201_188a9bd260_z.jpg,https://www.flickr.com/photo.gne?id=5498103201,not supplied in COCO metadata; original Flickr source linked,COCO photograph 493286; original title not supplied,bounding-box crop; per-image original license retained,http://images.cocodataset.org/val2017/000000493286.jpg,7610385fe1a4819702e3f027396998018f681b1b845351c3c345c80d8ca50d45,f297a76b0eccb2edf58a00ece18a3cb43a63d01e0249c1a9654c7fdbdd0e8025,not specified by COCO image metadata; not claimed Atyrau,2013-11-15 10:15:10
138814,338986,338986,not_available_still_image,car,3,processed/crops/138814.png,raw/images/000000338986.jpg,294.98,523.05,108.02,103.88,403,640,0,4,Attribution License,http://creativecommons.org/licenses/by/2.0/,http://farm8.staticflickr.com/7284/8715827786_9ffcac1fa5_z.jpg,https://www.flickr.com/photo.gne?id=8715827786,not supplied in COCO metadata; original Flickr source linked,COCO photograph 338986; original title not supplied,bounding-box crop; per-image original license retained,http://images.cocodataset.org/val2017/000000338986.jpg,62fee3f216c3cb2af25eac42d4b1b48acf30652ea1e8dd154aa4dcca480b852f,772a15dee6424352d1ec852278b8da0f16af1a7ceb6f154d19625d0212d44611,not specified by COCO image metadata; not claimed Atyrau,2013-11-17 10:11:26
138819,580418,580418,not_available_still_image,car,3,processed/crops/138819.png,raw/images/000000580418.jpg,564.2,248.67,62.11,95.42,640,428,0,1,Attribution-NonCommercial-ShareAlike License,http://creativecommons.org/licenses/by-nc-sa/2.0/,http://farm3.staticflickr.com/2104/1809331550_7750b413ba_z.jpg,https://www.flickr.com/photo.gne?id=1809331550,not supplied in COCO metadata; original Flickr source linked,COCO photograph 580418; original title not supplied,bounding-box crop; per-image original license retained,http://images.cocodataset.org/val2017/000000580418.jpg,2387868faabda108661e76843ac40a74a72f9d4e370a7e52dd31430647e41c7a,ad4e5b2d6a6743d62eddcda3a58fe2b9b7ce83bff1d71262d2e8565196c63989,not specified by COCO image metadata; not claimed Atyrau,2013-11-17 17:07:26
139161,85376,85376,not_available_still_image,car,3,processed/crops/139161.png,raw/images/000000085376.jpg,166.17,331.72,100.29,54.06,480,640,0,5,Attribution-ShareAlike License,http://creativecommons.org/licenses/by-sa/2.0/,http://farm8.staticflickr.com/7059/6867232585_0d4ea34bae_z.jpg,https://www.flickr.com/photo.gne?id=6867232585,not supplied in COCO metadata; original Flickr source linked,COCO photograph 85376; original title not supplied,bounding-box crop; per-image original license retained,http://images.cocodataset.org/val2017/000000085376.jpg,0c61f0ddf5a17a348a194e16232f78d62391008b3e0aa4a204ce77c4ef6182c8,948bafe934424c632539c0ecfd5b49e72ca008e32e513f424400bce8801aedc6,not specified by COCO image metadata; not claimed Atyrau,2013-11-15 21:08:59
139204,176606,176606,not_available_still_image,car,3,processed/crops/139204.png,raw/images/000000176606.jpg,63.32,195.27,65.2,54.02,640,480,0,1,Attribution-NonCommercial-ShareAlike License,http://creativecommons.org/licenses/by-nc-sa/2.0/,http://farm9.staticflickr.com/8293/7747168158_e56e2cd2c6_z.jpg,https://www.flickr.com/photo.gne?id=7747168158,not supplied in COCO metadata; original Flickr source linked,COCO photograph 176606; original title not supplied,bounding-box crop; per-image original license retained,http://images.cocodataset.org/val2017/000000176606.jpg,f04bdd313c6a9d75b3cc70d37191a99ac0bd1097eec19cee5094990bef49ea82,f1595adedc664474b493eb28b24dc02d512b10090e2ce83f6e857a6a7285fb87,not specified by COCO image metadata; not claimed Atyrau,2013-11-16 21:09:06
139223,538364,538364,not_available_still_image,car,3,processed/crops/139223.png,raw/images/000000538364.jpg,261.52,138.4,138.84,130.23,640,480,0,4,Attribution License,http://creativecommons.org/licenses/by/2.0/,http://farm9.staticflickr.com/8042/7933423348_c30bd9bd4e_z.jpg,https://www.flickr.com/photo.gne?id=7933423348,not supplied in COCO metadata; original Flickr source linked,COCO photograph 538364; original title not supplied,bounding-box crop; per-image original license retained,http://images.cocodataset.org/val2017/000000538364.jpg,1b05f4958120b8ab11c5a3b00449320455e16c1a9795871e8e42913c1a04be69,c1b3d032361afe823802a416116ae4ab514d24f6a241100ed7b77a4b6b1b223b,not specified by COCO image metadata; not claimed Atyrau,2013-11-15 19:00:10
139394,220732,220732,not_available_still_image,car,3,processed/crops/139394.png,raw/images/000000220732.jpg,450.25,236.03,177.01,41.79,640,480,0,2,Attribution-NonCommercial License,http://creativecommons.org/licenses/by-nc/2.0/,http://farm8.staticflickr.com/7278/8150890633_42a81c8e17_z.jpg,https://www.flickr.com/photo.gne?id=8150890633,not supplied in COCO metadata; original Flickr source linked,COCO photograph 220732; original title not supplied,bounding-box crop; per-image original license retained,http://images.cocodataset.org/val2017/000000220732.jpg,81b9254c750f52ebc8fcc5fa421ab8a3ac430db19f541bfb7541adada76a6a30,0c66bfcbecaaaaeb4aba9139282e81e4b4eb01e17ec47de228e8fee58ffb70ed,not specified by COCO image metadata; not claimed Atyrau,2013-11-17 19:20:15
139476,423617,423617,not_available_still_image,car,3,processed/crops/139476.png,raw/images/000000423617.jpg,126.5,289.96,138.04,111.74,640,480,0,4,Attribution License,http://creativecommons.org/licenses/by/2.0/,http://farm9.staticflickr.com/8479/8195678412_8d8d906379_z.jpg,https://www.flickr.com/photo.gne?id=8195678412,not supplied in COCO metadata; original Flickr source linked,COCO photograph 423617; original title not supplied,bounding-box crop; per-image original license retained,http://images.cocodataset.org/val2017/000000423617.jpg,ce5546bb400da57646e0de544763fc44c925fc5495e764083f2bcfebba5c76f0,dd4358617e4737946705b60a76508297ca8a69d61dde8304a5aae74292fdc280,not specified by COCO image metadata; not claimed Atyrau,2013-11-17 00:28:01
139497,491213,491213,not_available_still_image,car,3,processed/crops/139497.png,raw/images/000000491213.jpg,60.27,81.36,243.23,162.51,640,480,0,2,Attribution-NonCommercial License,http://creativecommons.org/licenses/by-nc/2.0/,http://farm1.staticflickr.com/58/187193638_5a515951f1_z.jpg,https://www.flickr.com/photo.gne?id=187193638,not supplied in COCO metadata; original Flickr source linked,COCO photograph 491213; original title not supplied,bounding-box crop; per-image original license retained,http://images.cocodataset.org/val2017/000000491213.jpg,b9f186905d79293541967dae1b13c0b45f01a7eec0904226cfde2fa358689548,70762dedb7aa0443087f0bf054df146525b64bf2119ae6816c68fc432cbe08d5,not specified by COCO image metadata; not claimed Atyrau,2013-11-15 09:26:21
139744,334555,334555,not_available_still_image,car,3,processed/crops/139744.png,raw/images/000000334555.jpg,448.82,182.37,131.57,78.41,640,426,0,1,Attribution-NonCommercial-ShareAlike License,http://creativecommons.org/licenses/by-nc-sa/2.0/,http://farm4.staticflickr.com/3489/3838201332_b8ba6c3aeb_z.jpg,https://www.flickr.com/photo.gne?id=3838201332,not supplied in COCO metadata; original Flickr source linked,COCO photograph 334555; original title not supplied,bounding-box crop; per-image original license retained,http://images.cocodataset.org/val2017/000000334555.jpg,4a388fd316719eb740ad6b6c710dc5b8cf13be8abdff0030597ae15fd71b63aa,1fc3b596006f26f373aea3b939c856d37614da8fff6cb7faec7d9fa056abb36b,not specified by COCO image metadata; not claimed Atyrau,2013-11-17 16:53:29
139755,461751,461751,not_available_still_image,car,3,processed/crops/139755.png,raw/images/000000461751.jpg,3.84,31.97,636.16,350.35,640,569,0,4,Attribution License,http://creativecommons.org/licenses/by/2.0/,http://farm6.staticflickr.com/5035/7145171189_ac4034c5f3_z.jpg,https://www.flickr.com/photo.gne?id=7145171189,not supplied in COCO metadata; original Flickr source linked,COCO photograph 461751; original title not supplied,bounding-box crop; per-image original license retained,http://images.cocodataset.org/val2017/000000461751.jpg,7dcf0c5f5135b3e8eedbda7794d0eb4a03e129a742468620a6e3918a14f79fca,647647fa86f36420aa907a9c3223c7e0df19d85e3dbada5cec62cc94ee63a471,not specified by COCO image metadata; not claimed Atyrau,2013-11-14 14:36:56
139801,423617,423617,not_available_still_image,car,3,processed/crops/139801.png,raw/images/000000423617.jpg,408.41,341.33,156.82,124.89,640,480,0,4,Attribution License,http://creativecommons.org/licenses/by/2.0/,http://farm9.staticflickr.com/8479/8195678412_8d8d906379_z.jpg,https://www.flickr.com/photo.gne?id=8195678412,not supplied in COCO metadata; original Flickr source linked,COCO photograph 423617; original title not supplied,bounding-box crop; per-image original license retained,http://images.cocodataset.org/val2017/000000423617.jpg,ce5546bb400da57646e0de544763fc44c925fc5495e764083f2bcfebba5c76f0,7e42ef568e8d52cd12fd406d148a5753478baecb06db1a32e4c8ddffa587d791,not specified by COCO image metadata; not claimed Atyrau,2013-11-17 00:28:01
140294,277005,277005,not_available_still_image,car,3,processed/crops/140294.png,raw/images/000000277005.jpg,391.47,251.47,161.25,84.68,640,426,0,1,Attribution-NonCommercial-ShareAlike License,http://creativecommons.org/licenses/by-nc-sa/2.0/,http://farm7.staticflickr.com/6233/6315596287_a690deabd9_z.jpg,https://www.flickr.com/photo.gne?id=6315596287,not supplied in COCO metadata; original Flickr source linked,COCO photograph 277005; original title not supplied,bounding-box crop; per-image original license retained,http://images.cocodataset.org/val2017/000000277005.jpg,3cfea124dbcca946c927f9fefe4314b1a41ff8374adb316bdd969aca100b3d85,7ea13ed1070d74824b240862376a3f09805cfdbc3c979f2fed743477afb0d934,not specified by COCO image metadata; not claimed Atyrau,2013-11-16 23:46:25
140394,580418,580418,not_available_still_image,car,3,processed/crops/140394.png,raw/images/000000580418.jpg,153.8,207.1,95.57,54.41,640,428,0,1,Attribution-NonCommercial-ShareAlike License,http://creativecommons.org/licenses/by-nc-sa/2.0/,http://farm3.staticflickr.com/2104/1809331550_7750b413ba_z.jpg,https://www.flickr.com/photo.gne?id=1809331550,not supplied in COCO metadata; original Flickr source linked,COCO photograph 580418; original title not supplied,bounding-box crop; per-image original license retained,http://images.cocodataset.org/val2017/000000580418.jpg,2387868faabda108661e76843ac40a74a72f9d4e370a7e52dd31430647e41c7a,c48a90bd2ff0d929a61b8ee567f5bd0bdde6d6b7b40165b4c1cc8fb9b71b1157,not specified by COCO image metadata; not claimed Atyrau,2013-11-17 17:07:26
140522,17178,17178,not_available_still_image,car,3,processed/crops/140522.png,raw/images/000000017178.jpg,433.73,108.19,206.27,318.81,640,427,0,2,Attribution-NonCommercial License,http://creativecommons.org/licenses/by-nc/2.0/,http://farm4.staticflickr.com/3354/3626704406_be9d80e909_z.jpg,https://www.flickr.com/photo.gne?id=3626704406,not supplied in COCO metadata; original Flickr source linked,COCO photograph 17178; original title not supplied,bounding-box crop; per-image original license retained,http://images.cocodataset.org/val2017/000000017178.jpg,89dd925868177ba4f2e4f82eb5f530bb8b839079bb58f872d78d8ab322c5a305,5277eccfa1c1b77ad922bfc0d97745dae4583dd6a83affc880c201734ba85573,not specified by COCO image metadata; not claimed Atyrau,2013-11-15 08:30:55
140589,426372,426372,not_available_still_image,car,3,processed/crops/140589.png,raw/images/000000426372.jpg,0.28,163.6,61.45,83.22,640,427,0,2,Attribution-NonCommercial License,http://creativecommons.org/licenses/by-nc/2.0/,http://farm9.staticflickr.com/8120/8601665941_922d321a47_z.jpg,https://www.flickr.com/photo.gne?id=8601665941,not supplied in COCO metadata; original Flickr source linked,COCO photograph 426372; original title not supplied,bounding-box crop; per-image original license retained,http://images.cocodataset.org/val2017/000000426372.jpg,2008ffc31ea397b00e132ab370a273a61ac65d00d7ad76789fb43ef404f88ca5,047f8fb584ff45fcb5a1cb183ac377b7002d97a0dead84c101dcea7aea47a6d1,not specified by COCO image metadata; not claimed Atyrau,2013-11-17 18:31:03
140812,134886,134886,not_available_still_image,car,3,processed/crops/140812.png,raw/images/000000134886.jpg,429.35,373.47,63.87,60.86,640,480,0,4,Attribution License,http://creativecommons.org/licenses/by/2.0/,http://farm5.staticflickr.com/4128/5048434632_d18999fce8_z.jpg,https://www.flickr.com/photo.gne?id=5048434632,not supplied in COCO metadata; original Flickr source linked,COCO photograph 134886; original title not supplied,bounding-box crop; per-image original license retained,http://images.cocodataset.org/val2017/000000134886.jpg,a3eb8a72558bd091480d96592617432c273da3842462cc2bf04d65f0bd721f71,bfb28395398985771d9ae5874332e344ba2eb12fad16a42cc43496ae4a093de8,not specified by COCO image metadata; not claimed Atyrau,2013-11-16 05:17:13
140876,577932,577932,not_available_still_image,car,3,processed/crops/140876.png,raw/images/000000577932.jpg,183.24,227.4,84.67,55.07,640,543,0,4,Attribution License,http://creativecommons.org/licenses/by/2.0/,http://farm5.staticflickr.com/4019/5159956078_f820c56d6f_z.jpg,https://www.flickr.com/photo.gne?id=5159956078,not supplied in COCO metadata; original Flickr source linked,COCO photograph 577932; original title not supplied,bounding-box crop; per-image original license retained,http://images.cocodataset.org/val2017/000000577932.jpg,593d4d8a69f21f4821e0bdd1d9f90e77084b31fb951090b549915a986b0633fe,5357f7ec05616be6ccedaaf0e9369cf271076937e1e4f1da4604269ed452749f,not specified by COCO image metadata; not claimed Atyrau,2013-11-15 01:10:04
141299,39484,39484,not_available_still_image,car,3,processed/crops/141299.png,raw/images/000000039484.jpg,391.62,334.62,57.83,54.26,640,437,0,1,Attribution-NonCommercial-ShareAlike License,http://creativecommons.org/licenses/by-nc-sa/2.0/,http://farm1.staticflickr.com/157/433085755_cb9d22dd8b_z.jpg,https://www.flickr.com/photo.gne?id=433085755,not supplied in COCO metadata; original Flickr source linked,COCO photograph 39484; original title not supplied,bounding-box crop; per-image original license retained,http://images.cocodataset.org/val2017/000000039484.jpg,dd5ee58026d819fb399dff4339efd842c936746c404abda74ad42cc2a499bc5b,b46c5b8a6b37b0ca82c98fb1561069d5cf7a049c1256e26615e99005b8bb633c,not specified by COCO image metadata; not claimed Atyrau,2013-11-17 00:11:51
141360,17627,17627,not_available_still_image,car,3,processed/crops/141360.png,raw/images/000000017627.jpg,168.49,237.08,101.88,60.81,640,480,0,1,Attribution-NonCommercial-ShareAlike License,http://creativecommons.org/licenses/by-nc-sa/2.0/,http://farm5.staticflickr.com/4145/4977243989_c2efb1b911_z.jpg,https://www.flickr.com/photo.gne?id=4977243989,not supplied in COCO metadata; original Flickr source linked,COCO photograph 17627; original title not supplied,bounding-box crop; per-image original license retained,http://images.cocodataset.org/val2017/000000017627.jpg,bad16bff668a52e7df757c6382244c86b416315b86a52749dd7bc6ec68e7092f,0cc5646405720050b896f6847428fa40b1e9f7c87ea4f81ed530c1ba923ca0d4,not specified by COCO image metadata; not claimed Atyrau,2013-11-16 15:13:53
141621,550691,550691,not_available_still_image,car,3,processed/crops/141621.png,raw/images/000000550691.jpg,116.23,285.85,85.03,71.03,640,480,0,5,Attribution-ShareAlike License,http://creativecommons.org/licenses/by-sa/2.0/,http://farm6.staticflickr.com/5544/10112477424_03333e9845_z.jpg,https://www.flickr.com/photo.gne?id=10112477424,not supplied in COCO metadata; original Flickr source linked,COCO photograph 550691; original title not supplied,bounding-box crop; per-image original license retained,http://images.cocodataset.org/val2017/000000550691.jpg,168105cac7f4cc2c85faa655e68dc817c2178ea23f7fd1edb9d50843efdf1aab,e26c3dca7e6992cd85eac0433be5489b1b0ace2bec20e457440343e883b04ea1,not specified by COCO image metadata; not claimed Atyrau,2013-11-16 19:38:43
141756,85376,85376,not_available_still_image,car,3,processed/crops/141756.png,raw/images/000000085376.jpg,38.16,320.95,155.06,54.63,480,640,0,5,Attribution-ShareAlike License,http://creativecommons.org/licenses/by-sa/2.0/,http://farm8.staticflickr.com/7059/6867232585_0d4ea34bae_z.jpg,https://www.flickr.com/photo.gne?id=6867232585,not supplied in COCO metadata; original Flickr source linked,COCO photograph 85376; original title not supplied,bounding-box crop; per-image original license retained,http://images.cocodataset.org/val2017/000000085376.jpg,0c61f0ddf5a17a348a194e16232f78d62391008b3e0aa4a204ce77c4ef6182c8,ecad7d644f28bde351261d40d205bc84d3dec64adff7eaf0e853aebc817cb1b2,not specified by COCO image metadata; not claimed Atyrau,2013-11-15 21:08:59
141859,17627,17627,not_available_still_image,car,3,processed/crops/141859.png,raw/images/000000017627.jpg,412.11,234.99,71.72,50.55,640,480,0,1,Attribution-NonCommercial-ShareAlike License,http://creativecommons.org/licenses/by-nc-sa/2.0/,http://farm5.staticflickr.com/4145/4977243989_c2efb1b911_z.jpg,https://www.flickr.com/photo.gne?id=4977243989,not supplied in COCO metadata; original Flickr source linked,COCO photograph 17627; original title not supplied,bounding-box crop; per-image original license retained,http://images.cocodataset.org/val2017/000000017627.jpg,bad16bff668a52e7df757c6382244c86b416315b86a52749dd7bc6ec68e7092f,d80ee71e2993869160c0e6a372af2e44f4990a3e354783a352eaad06fd6a720d,not specified by COCO image metadata; not claimed Atyrau,2013-11-16 15:13:53
142693,67213,67213,not_available_still_image,car,3,processed/crops/142693.png,raw/images/000000067213.jpg,0.81,305.17,197.12,107.1,640,485,0,2,Attribution-NonCommercial License,http://creativecommons.org/licenses/by-nc/2.0/,http://farm9.staticflickr.com/8404/8705829095_38b805b1c4_z.jpg,https://www.flickr.com/photo.gne?id=8705829095,not supplied in COCO metadata; original Flickr source linked,COCO photograph 67213; original title not supplied,bounding-box crop; per-image original license retained,http://images.cocodataset.org/val2017/000000067213.jpg,7c456c6e20d11fa40248d67b7d816d0aaf8106b1635243bdd1ba044245f05f8e,aa8b8a08b8802a486c3f9c9333765ff3b70d38949f95a5279f6fadb3e4ced238,not specified by COCO image metadata; not claimed Atyrau,2013-11-15 08:01:26
142937,156071,156071,not_available_still_image,car,3,processed/crops/142937.png,raw/images/000000156071.jpg,305.77,76.16,161.54,46.22,640,480,0,2,Attribution-NonCommercial License,http://creativecommons.org/licenses/by-nc/2.0/,http://farm9.staticflickr.com/8369/8563113883_e5ef304217_z.jpg,https://www.flickr.com/photo.gne?id=8563113883,not supplied in COCO metadata; original Flickr source linked,COCO photograph 156071; original title not supplied,bounding-box crop; per-image original license retained,http://images.cocodataset.org/val2017/000000156071.jpg,f097478ac969638fae642da941b78820fc2939b30e72eb9152c31205401fa357,7e7d4404055f75bfabdcc2031be1194ad58f8debfde7e26b651963a4747f99d4,not specified by COCO image metadata; not claimed Atyrau,2013-11-16 12:42:51
143398,67213,67213,not_available_still_image,car,3,processed/crops/143398.png,raw/images/000000067213.jpg,141.69,324.6,100.27,80.66,640,485,0,2,Attribution-NonCommercial License,http://creativecommons.org/licenses/by-nc/2.0/,http://farm9.staticflickr.com/8404/8705829095_38b805b1c4_z.jpg,https://www.flickr.com/photo.gne?id=8705829095,not supplied in COCO metadata; original Flickr source linked,COCO photograph 67213; original title not supplied,bounding-box crop; per-image original license retained,http://images.cocodataset.org/val2017/000000067213.jpg,7c456c6e20d11fa40248d67b7d816d0aaf8106b1635243bdd1ba044245f05f8e,cf6da0027bad4da06ce1a715976afa21bbbbcfacfdafc9579858ac2db968c162,not specified by COCO image metadata; not claimed Atyrau,2013-11-15 08:01:26
143672,67213,67213,not_available_still_image,car,3,processed/crops/143672.png,raw/images/000000067213.jpg,442.7,340.69,179.41,68.65,640,485,0,2,Attribution-NonCommercial License,http://creativecommons.org/licenses/by-nc/2.0/,http://farm9.staticflickr.com/8404/8705829095_38b805b1c4_z.jpg,https://www.flickr.com/photo.gne?id=8705829095,not supplied in COCO metadata; original Flickr source linked,COCO photograph 67213; original title not supplied,bounding-box crop; per-image original license retained,http://images.cocodataset.org/val2017/000000067213.jpg,7c456c6e20d11fa40248d67b7d816d0aaf8106b1635243bdd1ba044245f05f8e,4cdf6605e4db6e705d21fafb3643951f6b6b0140927afeecb97734167910fe97,not specified by COCO image metadata; not claimed Atyrau,2013-11-15 08:01:26
143876,17627,17627,not_available_still_image,car,3,processed/crops/143876.png,raw/images/000000017627.jpg,479.23,234.76,90.21,50.47,640,480,0,1,Attribution-NonCommercial-ShareAlike License,http://creativecommons.org/licenses/by-nc-sa/2.0/,http://farm5.staticflickr.com/4145/4977243989_c2efb1b911_z.jpg,https://www.flickr.com/photo.gne?id=4977243989,not supplied in COCO metadata; original Flickr source linked,COCO photograph 17627; original title not supplied,bounding-box crop; per-image original license retained,http://images.cocodataset.org/val2017/000000017627.jpg,bad16bff668a52e7df757c6382244c86b416315b86a52749dd7bc6ec68e7092f,382bbe0e1d029e5b805902d98fc4c50bc69a4815aa1f5132dfb3b1de01a11fef,not specified by COCO image metadata; not claimed Atyrau,2013-11-16 15:13:53
143886,156071,156071,not_available_still_image,car,3,processed/crops/143886.png,raw/images/000000156071.jpg,446.87,74.21,81.16,46.77,640,480,0,2,Attribution-NonCommercial License,http://creativecommons.org/licenses/by-nc/2.0/,http://farm9.staticflickr.com/8369/8563113883_e5ef304217_z.jpg,https://www.flickr.com/photo.gne?id=8563113883,not supplied in COCO metadata; original Flickr source linked,COCO photograph 156071; original title not supplied,bounding-box crop; per-image original license retained,http://images.cocodataset.org/val2017/000000156071.jpg,f097478ac969638fae642da941b78820fc2939b30e72eb9152c31205401fa357,19ca4ea57f084aef25f13b8e85ade52da166376a227b0e6822282298dd8c1f5c,not specified by COCO image metadata; not claimed Atyrau,2013-11-16 12:42:51
144078,301376,301376,not_available_still_image,car,3,processed/crops/144078.png,raw/images/000000301376.jpg,1.49,392.29,96.6,85.78,333,500,0,4,Attribution License,http://creativecommons.org/licenses/by/2.0/,http://farm4.staticflickr.com/3059/2718408461_4af7105d49_z.jpg,https://www.flickr.com/photo.gne?id=2718408461,not supplied in COCO metadata; original Flickr source linked,COCO photograph 301376; original title not supplied,bounding-box crop; per-image original license retained,http://images.cocodataset.org/val2017/000000301376.jpg,57ead4a94a6df986a161c014c0719b6c37b52ea2aa2246c297ec44db06eb7a2e,0a29e204c0d26a83e582f4b1910fd946c6e0d6c6fa73167e4728c1909d618857,not specified by COCO image metadata; not claimed Atyrau,2013-11-14 22:36:36
144235,369812,369812,not_available_still_image,car,3,processed/crops/144235.png,raw/images/000000369812.jpg,456.64,497.91,181.79,130.26,640,637,0,5,Attribution-ShareAlike License,http://creativecommons.org/licenses/by-sa/2.0/,http://farm6.staticflickr.com/5449/7098368435_ac519fdec5_z.jpg,https://www.flickr.com/photo.gne?id=7098368435,not supplied in COCO metadata; original Flickr source linked,COCO photograph 369812; original title not supplied,bounding-box crop; per-image original license retained,http://images.cocodataset.org/val2017/000000369812.jpg,36900b1e1c06b097382afab38134ff4d655634f23287c47d7b6aaaee016cca4e,fac3e47badd68640d061a8956e049d56ebb524e87f5602d974fd6562db5438ae,not specified by COCO image metadata; not claimed Atyrau,2013-11-17 00:34:58
144376,122166,122166,not_available_still_image,car,3,processed/crops/144376.png,raw/images/000000122166.jpg,460.76,302.77,48.67,45.16,640,480,0,1,Attribution-NonCommercial-ShareAlike License,http://creativecommons.org/licenses/by-nc-sa/2.0/,http://farm4.staticflickr.com/3021/2581636027_11c600d5d0_z.jpg,https://www.flickr.com/photo.gne?id=2581636027,not supplied in COCO metadata; original Flickr source linked,COCO photograph 122166; original title not supplied,bounding-box crop; per-image original license retained,http://images.cocodataset.org/val2017/000000122166.jpg,914e39f9c79ced1a519f1003c410b3ed7bfbc8315df4e0e0c35ac421079e9c6d,35ff3c34a96e645df3bb3789c479c102ebcd4c0ccfc6950718150b1872b574db,not specified by COCO image metadata; not claimed Atyrau,2013-11-14 11:22:58
144531,542625,542625,not_available_still_image,car,3,processed/crops/144531.png,raw/images/000000542625.jpg,375.37,147.6,116.5,62.56,640,480,0,4,Attribution License,http://creativecommons.org/licenses/by/2.0/,http://farm8.staticflickr.com/7415/9089660689_e77a462f81_z.jpg,https://www.flickr.com/photo.gne?id=9089660689,not supplied in COCO metadata; original Flickr source linked,COCO photograph 542625; original title not supplied,bounding-box crop; per-image original license retained,http://images.cocodataset.org/val2017/000000542625.jpg,96bcf0e82d56c029bbb5f440727dbd0daf156a14327a5a83d6fd68ba67f62712,a2d9184066711d4208154abe055b64ac1fca394cc975fedb19e90c4932a53366,not specified by COCO image metadata; not claimed Atyrau,2013-11-16 23:00:05
144569,122166,122166,not_available_still_image,car,3,processed/crops/144569.png,raw/images/000000122166.jpg,367.19,280.64,86.39,77.94,640,480,0,1,Attribution-NonCommercial-ShareAlike License,http://creativecommons.org/licenses/by-nc-sa/2.0/,http://farm4.staticflickr.com/3021/2581636027_11c600d5d0_z.jpg,https://www.flickr.com/photo.gne?id=2581636027,not supplied in COCO metadata; original Flickr source linked,COCO photograph 122166; original title not supplied,bounding-box crop; per-image original license retained,http://images.cocodataset.org/val2017/000000122166.jpg,914e39f9c79ced1a519f1003c410b3ed7bfbc8315df4e0e0c35ac421079e9c6d,a5df44e691e9ada75681c8ac8353130addf50d740e3abd0b281a02bfa8fd62a5,not specified by COCO image metadata; not claimed Atyrau,2013-11-14 11:22:58
144627,379800,379800,not_available_still_image,car,3,processed/crops/144627.png,raw/images/000000379800.jpg,562.87,318.85,77.13,58.04,640,493,0,2,Attribution-NonCommercial License,http://creativecommons.org/licenses/by-nc/2.0/,http://farm7.staticflickr.com/6002/5961981073_80aa5344c2_z.jpg,https://www.flickr.com/photo.gne?id=5961981073,not supplied in COCO metadata; original Flickr source linked,COCO photograph 379800; original title not supplied,bounding-box crop; per-image original license retained,http://images.cocodataset.org/val2017/000000379800.jpg,3f4a4f14981c3bca97393ced16eadf72f295d9e05c3253e7da7e3a6f8dc8f3fc,450dafacd5917d2c86ca6e246e168abaf56bbd8119f828c493d26b14b05698de,not specified by COCO image metadata; not claimed Atyrau,2013-11-17 04:42:38
144786,260925,260925,not_available_still_image,car,3,processed/crops/144786.png,raw/images/000000260925.jpg,1.08,28.65,638.92,445.4,640,480,0,1,Attribution-NonCommercial-ShareAlike License,http://creativecommons.org/licenses/by-nc-sa/2.0/,http://farm3.staticflickr.com/2665/4235326825_33f8a9fe8f_z.jpg,https://www.flickr.com/photo.gne?id=4235326825,not supplied in COCO metadata; original Flickr source linked,COCO photograph 260925; original title not supplied,bounding-box crop; per-image original license retained,http://images.cocodataset.org/val2017/000000260925.jpg,772da4e47a7ec53f1ca83ca29f92fccc426e03be39641aa5fafb6db5fc913240,b68edaa60909df2f9d10fbf54e9aaa68edb5f6ab611d98b2be984b7732257841,not specified by COCO image metadata; not claimed Atyrau,2013-11-15 07:16:10
145084,122166,122166,not_available_still_image,car,3,processed/crops/145084.png,raw/images/000000122166.jpg,158.18,264.32,164.98,153.06,640,480,0,1,Attribution-NonCommercial-ShareAlike License,http://creativecommons.org/licenses/by-nc-sa/2.0/,http://farm4.staticflickr.com/3021/2581636027_11c600d5d0_z.jpg,https://www.flickr.com/photo.gne?id=2581636027,not supplied in COCO metadata; original Flickr source linked,COCO photograph 122166; original title not supplied,bounding-box crop; per-image original license retained,http://images.cocodataset.org/val2017/000000122166.jpg,914e39f9c79ced1a519f1003c410b3ed7bfbc8315df4e0e0c35ac421079e9c6d,58b39ca2b6db6e986253899cc0840035af74c0bc5ced45bceeb3b275cf253508,not specified by COCO image metadata; not claimed Atyrau,2013-11-14 11:22:58
145173,39484,39484,not_available_still_image,car,3,processed/crops/145173.png,raw/images/000000039484.jpg,36.82,365.51,229.28,71.49,640,437,0,1,Attribution-NonCommercial-ShareAlike License,http://creativecommons.org/licenses/by-nc-sa/2.0/,http://farm1.staticflickr.com/157/433085755_cb9d22dd8b_z.jpg,https://www.flickr.com/photo.gne?id=433085755,not supplied in COCO metadata; original Flickr source linked,COCO photograph 39484; original title not supplied,bounding-box crop; per-image original license retained,http://images.cocodataset.org/val2017/000000039484.jpg,dd5ee58026d819fb399dff4339efd842c936746c404abda74ad42cc2a499bc5b,eb8dc117e2dfbfd20b5c8e3d19c109872744e41d5adc5d9601c7c0d95799ce5f,not specified by COCO image metadata; not claimed Atyrau,2013-11-17 00:11:51
145333,172330,172330,not_available_still_image,car,3,processed/crops/145333.png,raw/images/000000172330.jpg,61.48,1.08,578.16,310.65,640,480,0,1,Attribution-NonCommercial-ShareAlike License,http://creativecommons.org/licenses/by-nc-sa/2.0/,http://farm8.staticflickr.com/7071/7255497726_e2e4ee6f2b_z.jpg,https://www.flickr.com/photo.gne?id=7255497726,not supplied in COCO metadata; original Flickr source linked,COCO photograph 172330; original title not supplied,bounding-box crop; per-image original license retained,http://images.cocodataset.org/val2017/000000172330.jpg,ef1b61b35ac3aa2af9d9cdb01f52ac79703a5ad0f0fbe036d6aecb94c07c212f,e3f34a26e535e917d6fe53ad3946be5bd392b563f16bcdc98a449f4b3d527d80,not specified by COCO image metadata; not claimed Atyrau,2013-11-15 07:21:17
145351,85376,85376,not_available_still_image,car,3,processed/crops/145351.png,raw/images/000000085376.jpg,2.88,370.82,87.73,90.6,480,640,0,5,Attribution-ShareAlike License,http://creativecommons.org/licenses/by-sa/2.0/,http://farm8.staticflickr.com/7059/6867232585_0d4ea34bae_z.jpg,https://www.flickr.com/photo.gne?id=6867232585,not supplied in COCO metadata; original Flickr source linked,COCO photograph 85376; original title not supplied,bounding-box crop; per-image original license retained,http://images.cocodataset.org/val2017/000000085376.jpg,0c61f0ddf5a17a348a194e16232f78d62391008b3e0aa4a204ce77c4ef6182c8,c72ef569f7153944f6a2f3efa37d04727352fcfb0355017d55ee75d64dfe2435,not specified by COCO image metadata; not claimed Atyrau,2013-11-15 21:08:59
145436,414510,414510,not_available_still_image,car,3,processed/crops/145436.png,raw/images/000000414510.jpg,46.08,197.41,60.3,43.37,480,640,0,4,Attribution License,http://creativecommons.org/licenses/by/2.0/,http://farm7.staticflickr.com/6011/5883783041_745340195b_z.jpg,https://www.flickr.com/photo.gne?id=5883783041,not supplied in COCO metadata; original Flickr source linked,COCO photograph 414510; original title not supplied,bounding-box crop; per-image original license retained,http://images.cocodataset.org/val2017/000000414510.jpg,f6f2620707df79c606e0c1cfab462860ece49bee7768f0fb2dbdfac7bdf8346e,1c3ad7c42b1e6002f351969d1c1d26ed979940ed446f12b33ff4d8e1751c5984,not specified by COCO image metadata; not claimed Atyrau,2013-11-15 03:55:44
145507,577932,577932,not_available_still_image,car,3,processed/crops/145507.png,raw/images/000000577932.jpg,34.4,221.68,67.46,48.71,640,543,0,4,Attribution License,http://creativecommons.org/licenses/by/2.0/,http://farm5.staticflickr.com/4019/5159956078_f820c56d6f_z.jpg,https://www.flickr.com/photo.gne?id=5159956078,not supplied in COCO metadata; original Flickr source linked,COCO photograph 577932; original title not supplied,bounding-box crop; per-image original license retained,http://images.cocodataset.org/val2017/000000577932.jpg,593d4d8a69f21f4821e0bdd1d9f90e77084b31fb951090b549915a986b0633fe,9d51dd7862a4abf67604c1b13144dbd70e15d7b7e76b89f02864577c69acbcf2,not specified by COCO image metadata; not claimed Atyrau,2013-11-15 01:10:04
145718,39484,39484,not_available_still_image,car,3,processed/crops/145718.png,raw/images/000000039484.jpg,0.69,347.84,112.94,88.61,640,437,0,1,Attribution-NonCommercial-ShareAlike License,http://creativecommons.org/licenses/by-nc-sa/2.0/,http://farm1.staticflickr.com/157/433085755_cb9d22dd8b_z.jpg,https://www.flickr.com/photo.gne?id=433085755,not supplied in COCO metadata; original Flickr source linked,COCO photograph 39484; original title not supplied,bounding-box crop; per-image original license retained,http://images.cocodataset.org/val2017/000000039484.jpg,dd5ee58026d819fb399dff4339efd842c936746c404abda74ad42cc2a499bc5b,7756003f6eedccb244c2c0efb6f677de129a9784982c7c12f175e67c88cdf982,not specified by COCO image metadata; not claimed Atyrau,2013-11-17 00:11:51
145780,78823,78823,not_available_still_image,car,3,processed/crops/145780.png,raw/images/000000078823.jpg,594.08,175.0,45.2,128.07,640,480,0,4,Attribution License,http://creativecommons.org/licenses/by/2.0/,http://farm1.staticflickr.com/9/13918737_12ed28cb16_z.jpg,https://www.flickr.com/photo.gne?id=13918737,not supplied in COCO metadata; original Flickr source linked,COCO photograph 78823; original title not supplied,bounding-box crop; per-image original license retained,http://images.cocodataset.org/val2017/000000078823.jpg,d9fe245622dc52d9c977eb501aa70d23a9e0fb61e2873879db6c0a89b1bc6b88,41dc49bbc39ed3610eb3bd1b74dc8b0493c6bf76dc0ad144cf7f6872a32dd390,not specified by COCO image metadata; not claimed Atyrau,2013-11-15 07:46:39
146263,172330,172330,not_available_still_image,car,3,processed/crops/146263.png,raw/images/000000172330.jpg,1.08,1.63,269.8,209.11,640,480,0,1,Attribution-NonCommercial-ShareAlike License,http://creativecommons.org/licenses/by-nc-sa/2.0/,http://farm8.staticflickr.com/7071/7255497726_e2e4ee6f2b_z.jpg,https://www.flickr.com/photo.gne?id=7255497726,not supplied in COCO metadata; original Flickr source linked,COCO photograph 172330; original title not supplied,bounding-box crop; per-image original license retained,http://images.cocodataset.org/val2017/000000172330.jpg,ef1b61b35ac3aa2af9d9cdb01f52ac79703a5ad0f0fbe036d6aecb94c07c212f,5e483382d6ed6536dfae4bbd5c9fa180bbadb2349318e69f4c2e2f3ac8074590,not specified by COCO image metadata; not claimed Atyrau,2013-11-15 07:21:17
147483,414510,414510,not_available_still_image,car,3,processed/crops/147483.png,raw/images/000000414510.jpg,169.69,163.9,68.19,74.14,480,640,0,4,Attribution License,http://creativecommons.org/licenses/by/2.0/,http://farm7.staticflickr.com/6011/5883783041_745340195b_z.jpg,https://www.flickr.com/photo.gne?id=5883783041,not supplied in COCO metadata; original Flickr source linked,COCO photograph 414510; original title not supplied,bounding-box crop; per-image original license retained,http://images.cocodataset.org/val2017/000000414510.jpg,f6f2620707df79c606e0c1cfab462860ece49bee7768f0fb2dbdfac7bdf8346e,afed2762e6690c1d19527bc39bf9d73b90309a62b449c1b441277799d40fd395,not specified by COCO image metadata; not claimed Atyrau,2013-11-15 03:55:44
162814,95843,95843,not_available_still_image,bus,6,processed/crops/162814.png,raw/images/000000095843.jpg,130.79,63.32,435.32,332.22,640,421,0,1,Attribution-NonCommercial-ShareAlike License,http://creativecommons.org/licenses/by-nc-sa/2.0/,http://farm9.staticflickr.com/8396/8627099292_8fae44f9f3_z.jpg,https://www.flickr.com/photo.gne?id=8627099292,not supplied in COCO metadata; original Flickr source linked,COCO photograph 95843; original title not supplied,bounding-box crop; per-image original license retained,http://images.cocodataset.org/val2017/000000095843.jpg,acdda826fba82c8fefee046272d00f9b5a644d9478160c5d17b1bbbc1d051f0c,cd2e3be6418c6cd45de34f2e8933f3928a5413ad6d7afbd78c1ce0959f5faed1,not specified by COCO image metadata; not claimed Atyrau,2013-11-16 22:35:23
162827,315187,315187,not_available_still_image,bus,6,processed/crops/162827.png,raw/images/000000315187.jpg,293.59,287.49,267.17,126.99,640,448,0,1,Attribution-NonCommercial-ShareAlike License,http://creativecommons.org/licenses/by-nc-sa/2.0/,http://farm9.staticflickr.com/8451/7980026353_fdc782e256_z.jpg,https://www.flickr.com/photo.gne?id=7980026353,not supplied in COCO metadata; original Flickr source linked,COCO photograph 315187; original title not supplied,bounding-box crop; per-image original license retained,http://images.cocodataset.org/val2017/000000315187.jpg,29fcdb959434fddb1f1d11716cf3fd57d3d73310567b9be43046533a00fbd235,9d265ef60b9eb1d30875658909a2fb4123259cae4d1cc5bde68ff8d32bdba233,not specified by COCO image metadata; not claimed Atyrau,2013-11-16 17:39:51
162869,429109,429109,not_available_still_image,bus,6,processed/crops/162869.png,raw/images/000000429109.jpg,306.1,182.31,305.13,102.68,640,427,0,5,Attribution-ShareAlike License,http://creativecommons.org/licenses/by-sa/2.0/,http://farm9.staticflickr.com/8347/8171276414_19d5eb8e3f_z.jpg,https://www.flickr.com/photo.gne?id=8171276414,not supplied in COCO metadata; original Flickr source linked,COCO photograph 429109; original title not supplied,bounding-box crop; per-image original license retained,http://images.cocodataset.org/val2017/000000429109.jpg,1a1a5f1df7d5cf7f3146b333755f402889be7e7dacdd2e0728650f6f99c25ffb,fee8c4f5f61100fca2e90a0824676dfffe7db43e81f82ec4456132781938f6f4,not specified by COCO image metadata; not claimed Atyrau,2013-11-16 15:44:36
162917,179265,179265,not_available_still_image,bus,6,processed/crops/162917.png,raw/images/000000179265.jpg,286.23,150.3,152.21,110.09,640,426,0,1,Attribution-NonCommercial-ShareAlike License,http://creativecommons.org/licenses/by-nc-sa/2.0/,http://farm4.staticflickr.com/3687/9208871949_4c6df39740_z.jpg,https://www.flickr.com/photo.gne?id=9208871949,not supplied in COCO metadata; original Flickr source linked,COCO photograph 179265; original title not supplied,bounding-box crop; per-image original license retained,http://images.cocodataset.org/val2017/000000179265.jpg,1fc867afe91c5a84b66bd6eaada8d8bcca2ce65b15433be23ba0e70c3af34410,a9a87d7224baf7816c59da826442b1b0eb1d35f7d664521e650da36325eff5f7,not specified by COCO image metadata; not claimed Atyrau,2013-11-16 21:30:16
162961,138979,138979,not_available_still_image,bus,6,processed/crops/162961.png,raw/images/000000138979.jpg,75.63,88.31,564.37,293.89,640,426,0,4,Attribution License,http://creativecommons.org/licenses/by/2.0/,http://farm9.staticflickr.com/8471/8149448889_244498909c_z.jpg,https://www.flickr.com/photo.gne?id=8149448889,not supplied in COCO metadata; original Flickr source linked,COCO photograph 138979; original title not supplied,bounding-box crop; per-image original license retained,http://images.cocodataset.org/val2017/000000138979.jpg,1422f5ad941613d3a62795c276abda2ed3b45972d0fc84d9df5a1a715338131e,dfe3ce8109101518183fc8a41173b35bad81635784f9b75aeadad5471b94c2e5,not specified by COCO image metadata; not claimed Atyrau,2013-11-17 00:36:42
162975,296224,296224,not_available_still_image,bus,6,processed/crops/162975.png,raw/images/000000296224.jpg,53.33,31.93,530.07,439.73,640,480,0,1,Attribution-NonCommercial-ShareAlike License,http://creativecommons.org/licenses/by-nc-sa/2.0/,http://farm9.staticflickr.com/8405/8669252036_b87610bf35_z.jpg,https://www.flickr.com/photo.gne?id=8669252036,not supplied in COCO metadata; original Flickr source linked,COCO photograph 296224; original title not supplied,bounding-box crop; per-image original license retained,http://images.cocodataset.org/val2017/000000296224.jpg,bfdfaa35d64439d19781ad60ff92fa5b3d7b90a7293f1603574951871d2238b9,093865685df1952fef715112feabe6f6d1b2726cae50c315172bf870be711310,not specified by COCO image metadata; not claimed Atyrau,2013-11-16 22:29:32
162985,17207,17207,not_available_still_image,bus,6,processed/crops/162985.png,raw/images/000000017207.jpg,40.99,1.08,448.72,372.13,640,480,0,2,Attribution-NonCommercial License,http://creativecommons.org/licenses/by-nc/2.0/,http://farm6.staticflickr.com/5131/5537426848_a4508fe44f_z.jpg,https://www.flickr.com/photo.gne?id=5537426848,not supplied in COCO metadata; original Flickr source linked,COCO photograph 17207; original title not supplied,bounding-box crop; per-image original license retained,http://images.cocodataset.org/val2017/000000017207.jpg,fd477a26cf3682083ae6633c3778fcce9e53fdfbb0670232d608865ddb606884,8aa8fe2c912e3b42b25976e15e3ac39a7252d6e7dc923947b1077c61d44e3255,not specified by COCO image metadata; not claimed Atyrau,2013-11-15 10:53:00
162989,122606,122606,not_available_still_image,bus,6,processed/crops/162989.png,raw/images/000000122606.jpg,80.72,11.84,461.7,456.32,640,480,0,1,Attribution-NonCommercial-ShareAlike License,http://creativecommons.org/licenses/by-nc-sa/2.0/,http://farm9.staticflickr.com/8208/8249670581_16a9b67080_z.jpg,https://www.flickr.com/photo.gne?id=8249670581,not supplied in COCO metadata; original Flickr source linked,COCO photograph 122606; original title not supplied,bounding-box crop; per-image original license retained,http://images.cocodataset.org/val2017/000000122606.jpg,0a52f0b754a2d186b8c4a46e7f1105ebe61f18f1494d500ee6f39c75f6ce7c3a,1c672dc591de0bb87d9cdff5aba775fd1aaf8309c766eff107fa7af55a381482,not specified by COCO image metadata; not claimed Atyrau,2013-11-17 00:14:47
163021,334371,334371,not_available_still_image,bus,6,processed/crops/163021.png,raw/images/000000334371.jpg,233.76,185.95,193.07,110.72,640,419,0,2,Attribution-NonCommercial License,http://creativecommons.org/licenses/by-nc/2.0/,http://farm4.staticflickr.com/3111/2894440031_7dbf4edafa_z.jpg,https://www.flickr.com/photo.gne?id=2894440031,not supplied in COCO metadata; original Flickr source linked,COCO photograph 334371; original title not supplied,bounding-box crop; per-image original license retained,http://images.cocodataset.org/val2017/000000334371.jpg,92974746d650d1562788bde333d087df29ca666662b5b35855cac1f9e62f21b8,4bd82067ac8fcb4ffdafdb501d138fe20c79b0d27d4de4fd4a7a5069b9cf23ab,not specified by COCO image metadata; not claimed Atyrau,2013-11-16 18:14:44
163053,455085,455085,not_available_still_image,bus,6,processed/crops/163053.png,raw/images/000000455085.jpg,2.88,4.67,409.88,547.96,427,640,0,4,Attribution License,http://creativecommons.org/licenses/by/2.0/,http://farm9.staticflickr.com/8328/8376341185_a823707710_z.jpg,https://www.flickr.com/photo.gne?id=8376341185,not supplied in COCO metadata; original Flickr source linked,COCO photograph 455085; original title not supplied,bounding-box crop; per-image original license retained,http://images.cocodataset.org/val2017/000000455085.jpg,022d2068d525b03a753287c333c09026fe22b9ae6d8071d4e8c757cbed32bdc4,064efc1fd9c67c33c4c02736ac92a954a9c2ffb2732424d71ce7d93e4b5d2950,not specified by COCO image metadata; not claimed Atyrau,2013-11-16 18:12:50
163111,520009,520009,not_available_still_image,bus,6,processed/crops/163111.png,raw/images/000000520009.jpg,220.87,289.23,187.74,104.54,500,412,0,4,Attribution License,http://creativecommons.org/licenses/by/2.0/,http://farm1.staticflickr.com/223/502213596_22f391ea0e_z.jpg,https://www.flickr.com/photo.gne?id=502213596,not supplied in COCO metadata; original Flickr source linked,COCO photograph 520009; original title not supplied,bounding-box crop; per-image original license retained,http://images.cocodataset.org/val2017/000000520009.jpg,54617d5196a0d66e47f083ce2ecc67c990b5415eca52302dafdc0591597d4e02,4fc2d1c6a8aba7c3ad40eb52a21c19db10280251f8cbd0193d9eb7975834fa12,not specified by COCO image metadata; not claimed Atyrau,2013-11-16 14:22:20
163170,255749,255749,not_available_still_image,bus,6,processed/crops/163170.png,raw/images/000000255749.jpg,113.9,117.49,356.04,198.12,640,424,0,1,Attribution-NonCommercial-ShareAlike License,http://creativecommons.org/licenses/by-nc-sa/2.0/,http://farm9.staticflickr.com/8096/8465488129_315834b855_z.jpg,https://www.flickr.com/photo.gne?id=8465488129,not supplied in COCO metadata; original Flickr source linked,COCO photograph 255749; original title not supplied,bounding-box crop; per-image original license retained,http://images.cocodataset.org/val2017/000000255749.jpg,6b7e93b3bddf3c69af9f2411c46d7b3321ca0eebb18009c8476eb8f620ebd1a6,7c6563378537d04c50460a8a9fd68dd3a7d02d5d4fe467d3afff2bcd893121b9,not specified by COCO image metadata; not claimed Atyrau,2013-11-16 18:00:43
163434,566758,566758,not_available_still_image,bus,6,processed/crops/163434.png,raw/images/000000566758.jpg,31.35,106.49,496.22,245.4,640,480,0,4,Attribution License,http://creativecommons.org/licenses/by/2.0/,http://farm9.staticflickr.com/8476/8369612010_fc2424973c_z.jpg,https://www.flickr.com/photo.gne?id=8369612010,not supplied in COCO metadata; original Flickr source linked,COCO photograph 566758; original title not supplied,bounding-box crop; per-image original license retained,http://images.cocodataset.org/val2017/000000566758.jpg,c2548168a658da18c7f19980f8ca53d2564b6378e33d010f3697b808b09e96e3,321ce442deebde971f4464e618dd20579b47a9075464cf3fba7b59ef9f1cfbc5,not specified by COCO image metadata; not claimed Atyrau,2013-11-16 23:51:13
163637,534673,534673,not_available_still_image,bus,6,processed/crops/163637.png,raw/images/000000534673.jpg,43.05,79.21,549.95,325.02,640,480,0,4,Attribution License,http://creativecommons.org/licenses/by/2.0/,http://farm8.staticflickr.com/7054/8689267710_94db8887b8_z.jpg,https://www.flickr.com/photo.gne?id=8689267710,not supplied in COCO metadata; original Flickr source linked,COCO photograph 534673; original title not supplied,bounding-box crop; per-image original license retained,http://images.cocodataset.org/val2017/000000534673.jpg,e3596c112886930b23b8e698ad5f637a1fe7522f45acc7f7a927b4a7e294757a,cda84789c76e46df6b9eb0da99517b243222097fd53ab471854ff30750aa923a,not specified by COCO image metadata; not claimed Atyrau,2013-11-16 22:27:21
163642,226154,226154,not_available_still_image,bus,6,processed/crops/163642.png,raw/images/000000226154.jpg,145.83,104.82,385.1,277.99,640,507,0,1,Attribution-NonCommercial-ShareAlike License,http://creativecommons.org/licenses/by-nc-sa/2.0/,http://farm4.staticflickr.com/3757/9069274194_986a78ab27_z.jpg,https://www.flickr.com/photo.gne?id=9069274194,not supplied in COCO metadata; original Flickr source linked,COCO photograph 226154; original title not supplied,bounding-box crop; per-image original license retained,http://images.cocodataset.org/val2017/000000226154.jpg,c1c4315fd2043e9a2ae44d5e9176a1b844b3dd5d50c2b0b74fdd3084dc0d216e,7858c3686ae67e1a49d9d44321eba3a6a90308959916986c00a5e8948d04a88c,not specified by COCO image metadata; not claimed Atyrau,2013-11-16 21:38:05
163692,449432,449432,not_available_still_image,bus,6,processed/crops/163692.png,raw/images/000000449432.jpg,3.03,104.67,601.22,185.45,640,427,0,1,Attribution-NonCommercial-ShareAlike License,http://creativecommons.org/licenses/by-nc-sa/2.0/,http://farm7.staticflickr.com/6004/5922831081_1fbca9ab03_z.jpg,https://www.flickr.com/photo.gne?id=5922831081,not supplied in COCO metadata; original Flickr source linked,COCO photograph 449432; original title not supplied,bounding-box crop; per-image original license retained,http://images.cocodataset.org/val2017/000000449432.jpg,8f9aded677bac57da1d4b55e370dbc97456b332ccfb5620d4cd20917843aa830,b3ac320c5cab3f464fbb70b2ba65383bb0b48e4620f9e38fc21d9d71935e0462,not specified by COCO image metadata; not claimed Atyrau,2013-11-18 10:38:40
163705,423617,423617,not_available_still_image,bus,6,processed/crops/163705.png,raw/images/000000423617.jpg,150.34,118.22,292.08,221.21,640,480,0,4,Attribution License,http://creativecommons.org/licenses/by/2.0/,http://farm9.staticflickr.com/8479/8195678412_8d8d906379_z.jpg,https://www.flickr.com/photo.gne?id=8195678412,not supplied in COCO metadata; original Flickr source linked,COCO photograph 423617; original title not supplied,bounding-box crop; per-image original license retained,http://images.cocodataset.org/val2017/000000423617.jpg,ce5546bb400da57646e0de544763fc44c925fc5495e764083f2bcfebba5c76f0,5ee1365ed46cbf0174d1ef29a29da856968240a32ff26620b39b80987886b6b9,not specified by COCO image metadata; not claimed Atyrau,2013-11-17 00:28:01
163716,249219,249219,not_available_still_image,bus,6,processed/crops/163716.png,raw/images/000000249219.jpg,92.57,184.07,426.26,272.33,640,479,0,2,Attribution-NonCommercial License,http://creativecommons.org/licenses/by-nc/2.0/,http://farm9.staticflickr.com/8080/8349093393_7d27562e6e_z.jpg,https://www.flickr.com/photo.gne?id=8349093393,not supplied in COCO metadata; original Flickr source linked,COCO photograph 249219; original title not supplied,bounding-box crop; per-image original license retained,http://images.cocodataset.org/val2017/000000249219.jpg,141d3cf96e4324705add1db8eba08c16be30aed16e927f4dae0bfc60d9a265d0,7ae55e7df53ecc7a27f0bd411032433792ddd1374647e865e635d4dbe1a2a07d,not specified by COCO image metadata; not claimed Atyrau,2013-11-16 23:46:58
164102,280710,280710,not_available_still_image,bus,6,processed/crops/164102.png,raw/images/000000280710.jpg,83.96,243.09,55.66,54.06,640,480,0,4,Attribution License,http://creativecommons.org/licenses/by/2.0/,http://farm8.staticflickr.com/7320/9655397508_cf2472680c_z.jpg,https://www.flickr.com/photo.gne?id=9655397508,not supplied in COCO metadata; original Flickr source linked,COCO photograph 280710; original title not supplied,bounding-box crop; per-image original license retained,http://images.cocodataset.org/val2017/000000280710.jpg,1a76947fe2c8d39ae21d346118c413bfe06817dda5424e3451ef870db487fe49,53a1726c2ceaa8e1af1fd52d0bf0a408543467250f6367adc019c15b1b455780,not specified by COCO image metadata; not claimed Atyrau,2013-11-16 20:09:15
164236,512564,512564,not_available_still_image,bus,6,processed/crops/164236.png,raw/images/000000512564.jpg,380.68,276.96,71.03,70.04,640,424,0,1,Attribution-NonCommercial-ShareAlike License,http://creativecommons.org/licenses/by-nc-sa/2.0/,http://farm9.staticflickr.com/8248/8586248634_f182e9e343_z.jpg,https://www.flickr.com/photo.gne?id=8586248634,not supplied in COCO metadata; original Flickr source linked,COCO photograph 512564; original title not supplied,bounding-box crop; per-image original license retained,http://images.cocodataset.org/val2017/000000512564.jpg,9286b499e47f7e38a13413a09c0738e59f62d0ef16397006350bfef1bc2fed5d,3845d71ef8baf5600136900f901c5f2bf4930899d32fdd9a356f92464d8fc00e,not specified by COCO image metadata; not claimed Atyrau,2013-11-16 17:44:50
164381,210273,210273,not_available_still_image,bus,6,processed/crops/164381.png,raw/images/000000210273.jpg,96.61,189.12,126.57,129.46,640,428,0,4,Attribution License,http://creativecommons.org/licenses/by/2.0/,http://farm6.staticflickr.com/5163/5336041838_1a09008014_z.jpg,https://www.flickr.com/photo.gne?id=5336041838,not supplied in COCO metadata; original Flickr source linked,COCO photograph 210273; original title not supplied,bounding-box crop; per-image original license retained,http://images.cocodataset.org/val2017/000000210273.jpg,3ec23de63592c1eef86740fd46fed2cb66170fca02b695d37e6ae379dcee4355,b90441d7bc593dd3fcb1c5f70af6916108c89fa781d4d709e243f775a4a2a98e,not specified by COCO image metadata; not claimed Atyrau,2013-11-15 09:01:55
164456,347544,347544,not_available_still_image,bus,6,processed/crops/164456.png,raw/images/000000347544.jpg,244.85,70.11,312.81,334.38,640,480,0,1,Attribution-NonCommercial-ShareAlike License,http://creativecommons.org/licenses/by-nc-sa/2.0/,http://farm1.staticflickr.com/29/50050818_1d113a22bc_z.jpg,https://www.flickr.com/photo.gne?id=50050818,not supplied in COCO metadata; original Flickr source linked,COCO photograph 347544; original title not supplied,bounding-box crop; per-image original license retained,http://images.cocodataset.org/val2017/000000347544.jpg,9d9cbb07a6f3b727e1f45c0208cad1ec6f83f41814752bc4c9bcec1ddfe2909d,f49346278715b3645474d6e5e5feb23663d15eb09d726e0ffca997b2fc2ffaf2,not specified by COCO image metadata; not claimed Atyrau,2013-11-16 18:05:35
164483,165039,165039,not_available_still_image,bus,6,processed/crops/164483.png,raw/images/000000165039.jpg,91.16,47.98,312.06,295.5,640,427,0,1,Attribution-NonCommercial-ShareAlike License,http://creativecommons.org/licenses/by-nc-sa/2.0/,http://farm9.staticflickr.com/8202/8235500461_b4791f81aa_z.jpg,https://www.flickr.com/photo.gne?id=8235500461,not supplied in COCO metadata; original Flickr source linked,COCO photograph 165039; original title not supplied,bounding-box crop; per-image original license retained,http://images.cocodataset.org/val2017/000000165039.jpg,e33ff0c52506ec5f5eea55ca9a3306f3bdc2ba6596ceedefcadf3b59541c1458,ce8314648622d2e86094ab057d726b0d22fb10bc06fb2b8d11e48a4fd7fc8e83,not specified by COCO image metadata; not claimed Atyrau,2013-11-17 00:23:35
164596,114884,114884,not_available_still_image,bus,6,processed/crops/164596.png,raw/images/000000114884.jpg,217.05,73.02,53.01,58.3,500,329,0,2,Attribution-NonCommercial License,http://creativecommons.org/licenses/by-nc/2.0/,http://farm2.staticflickr.com/1214/621731859_2b3692c424_z.jpg,https://www.flickr.com/photo.gne?id=621731859,not supplied in COCO metadata; original Flickr source linked,COCO photograph 114884; original title not supplied,bounding-box crop; per-image original license retained,http://images.cocodataset.org/val2017/000000114884.jpg,f4b8351984bceef7b96b22f66f12d0bc463b0118be5b9d8493ae1e432908e044,9eba9f5fecbbaec651e165f451a860e068a3a9424dc95a2390f02e257fd6cc64,not specified by COCO image metadata; not claimed Atyrau,2013-11-18 06:30:33
164623,196843,196843,not_available_still_image,bus,6,processed/crops/164623.png,raw/images/000000196843.jpg,1.08,50.7,637.48,379.68,640,480,0,1,Attribution-NonCommercial-ShareAlike License,http://creativecommons.org/licenses/by-nc-sa/2.0/,http://farm4.staticflickr.com/3743/9916443776_91a58c2b62_z.jpg,https://www.flickr.com/photo.gne?id=9916443776,not supplied in COCO metadata; original Flickr source linked,COCO photograph 196843; original title not supplied,bounding-box crop; per-image original license retained,http://images.cocodataset.org/val2017/000000196843.jpg,7bafbbaa286e2fcb78d30b5192d09a82a05d231778a5d1b84929c1de64b566ae,a6af2b37de14ed122de423789b79b09e047ba8a71fddd3a0c26461c341bc4d90,not specified by COCO image metadata; not claimed Atyrau,2013-11-16 19:57:47
164679,356612,356612,not_available_still_image,bus,6,processed/crops/164679.png,raw/images/000000356612.jpg,0.0,130.0,251.55,93.77,640,416,0,1,Attribution-NonCommercial-ShareAlike License,http://creativecommons.org/licenses/by-nc-sa/2.0/,http://farm3.staticflickr.com/2780/4444985182_6197c4ba62_z.jpg,https://www.flickr.com/photo.gne?id=4444985182,not supplied in COCO metadata; original Flickr source linked,COCO photograph 356612; original title not supplied,bounding-box crop; per-image original license retained,http://images.cocodataset.org/val2017/000000356612.jpg,92d4db8b8ea208bddba73c0c89331960e194cf87eb5841e3050f62796131a60e,4cc5c8414cf6a2829a5ef0b967ce34aaacea66a20755302d6378e7725d512356,not specified by COCO image metadata; not claimed Atyrau,2013-11-17 16:54:43
164847,468124,468124,not_available_still_image,bus,6,processed/crops/164847.png,raw/images/000000468124.jpg,64.5,134.13,550.21,240.35,640,459,0,2,Attribution-NonCommercial License,http://creativecommons.org/licenses/by-nc/2.0/,http://farm4.staticflickr.com/3452/3951591332_a116028f33_z.jpg,https://www.flickr.com/photo.gne?id=3951591332,not supplied in COCO metadata; original Flickr source linked,COCO photograph 468124; original title not supplied,bounding-box crop; per-image original license retained,http://images.cocodataset.org/val2017/000000468124.jpg,741146235c81e978c8dae22c59159c0762a9d75fad9dbbe3511d3ec62196adca,51a5456ec9332d725ed4bc1e2003ed9dc78dd202ec219a5c4d987b8a4aea1be4,not specified by COCO image metadata; not claimed Atyrau,2013-11-16 17:47:12
164994,42070,42070,not_available_still_image,bus,6,processed/crops/164994.png,raw/images/000000042070.jpg,108.15,18.41,468.28,438.36,640,512,0,1,Attribution-NonCommercial-ShareAlike License,http://creativecommons.org/licenses/by-nc-sa/2.0/,http://farm4.staticflickr.com/3816/9234762892_045193b1ea_z.jpg,https://www.flickr.com/photo.gne?id=9234762892,not supplied in COCO metadata; original Flickr source linked,COCO photograph 42070; original title not supplied,bounding-box crop; per-image original license retained,http://images.cocodataset.org/val2017/000000042070.jpg,818c02b337b36d985a332535bd5526fa8f958823b1c910e86579fe4294dcbcb1,0dac6ab7a4baa7595187e9e616475491e9bd6988a783aad2b504eecad524222c,not specified by COCO image metadata; not claimed Atyrau,2013-11-16 21:14:37
165026,357748,357748,not_available_still_image,bus,6,processed/crops/165026.png,raw/images/000000357748.jpg,53.09,1.9,586.91,422.57,640,480,0,2,Attribution-NonCommercial License,http://creativecommons.org/licenses/by-nc/2.0/,http://farm8.staticflickr.com/7330/8728802899_1024d4ed4b_z.jpg,https://www.flickr.com/photo.gne?id=8728802899,not supplied in COCO metadata; original Flickr source linked,COCO photograph 357748; original title not supplied,bounding-box crop; per-image original license retained,http://images.cocodataset.org/val2017/000000357748.jpg,1dd50c5845ec4c97b94d799626e324fc2f1a8f66f93039c65189863593c524b9,45fa7124aa10944f259bd7667238f71d10ae1f045a94e4855a2385ca65f70dd6,not specified by COCO image metadata; not claimed Atyrau,2013-11-16 22:15:21
165041,17627,17627,not_available_still_image,bus,6,processed/crops/165041.png,raw/images/000000017627.jpg,1.08,1.08,155.32,472.45,640,480,0,1,Attribution-NonCommercial-ShareAlike License,http://creativecommons.org/licenses/by-nc-sa/2.0/,http://farm5.staticflickr.com/4145/4977243989_c2efb1b911_z.jpg,https://www.flickr.com/photo.gne?id=4977243989,not supplied in COCO metadata; original Flickr source linked,COCO photograph 17627; original title not supplied,bounding-box crop; per-image original license retained,http://images.cocodataset.org/val2017/000000017627.jpg,bad16bff668a52e7df757c6382244c86b416315b86a52749dd7bc6ec68e7092f,08a6e98ea442100c44203c6fc5d934f3c49ee5778c7762a1bbb805b766e2ed0b,not specified by COCO image metadata; not claimed Atyrau,2013-11-16 15:13:53
165069,2006,2006,not_available_still_image,bus,6,processed/crops/165069.png,raw/images/000000002006.jpg,46.38,80.9,563.06,345.17,640,480,0,1,Attribution-NonCommercial-ShareAlike License,http://creativecommons.org/licenses/by-nc-sa/2.0/,http://farm9.staticflickr.com/8257/8654672225_f697267374_z.jpg,https://www.flickr.com/photo.gne?id=8654672225,not supplied in COCO metadata; original Flickr source linked,COCO photograph 2006; original title not supplied,bounding-box crop; per-image original license retained,http://images.cocodataset.org/val2017/000000002006.jpg,eda4af13818b566f8fa4f479e76286ad90cd5da2e8dfd530be0ab3637e1482ed,2f9eafc654b5489526ebd0a389ef512703e0dda00087381203f2f3e2dc0c64ed,not specified by COCO image metadata; not claimed Atyrau,2013-11-16 22:41:06
165070,142472,142472,not_available_still_image,bus,6,processed/crops/165070.png,raw/images/000000142472.jpg,576.08,326.52,63.19,65.35,640,480,0,4,Attribution License,http://creativecommons.org/licenses/by/2.0/,http://farm8.staticflickr.com/7274/7871818696_6bf4905675_z.jpg,https://www.flickr.com/photo.gne?id=7871818696,not supplied in COCO metadata; original Flickr source linked,COCO photograph 142472; original title not supplied,bounding-box crop; per-image original license retained,http://images.cocodataset.org/val2017/000000142472.jpg,db7173813c230d969afa81c1012904f95a680a4b6b756eb07e17e6727c88c0dd,b91f716e8acf3f132133cb0482493b905b90ce7323c6a2ba6009e2b50f19e0ed,not specified by COCO image metadata; not claimed Atyrau,2013-11-16 17:57:20
165084,336658,336658,not_available_still_image,bus,6,processed/crops/165084.png,raw/images/000000336658.jpg,458.6,289.91,117.06,80.15,640,428,0,1,Attribution-NonCommercial-ShareAlike License,http://creativecommons.org/licenses/by-nc-sa/2.0/,http://farm9.staticflickr.com/8449/8073983061_9c02ab2ae6_z.jpg,https://www.flickr.com/photo.gne?id=8073983061,not supplied in COCO metadata; original Flickr source linked,COCO photograph 336658; original title not supplied,bounding-box crop; per-image original license retained,http://images.cocodataset.org/val2017/000000336658.jpg,df6714f025c3c3020d592110ef0742d4b75b1d9383817cb2e4713678338de4ba,ff3259753ab9782208176c5df610c60dcd83922d1a1407b94e6e0ade849183dd,not specified by COCO image metadata; not claimed Atyrau,2013-11-16 17:47:10
165101,206487,206487,not_available_still_image,bus,6,processed/crops/165101.png,raw/images/000000206487.jpg,1.08,143.24,451.89,177.3,640,480,0,4,Attribution License,http://creativecommons.org/licenses/by/2.0/,http://farm9.staticflickr.com/8010/7686978996_27b7fdfdbf_z.jpg,https://www.flickr.com/photo.gne?id=7686978996,not supplied in COCO metadata; original Flickr source linked,COCO photograph 206487; original title not supplied,bounding-box crop; per-image original license retained,http://images.cocodataset.org/val2017/000000206487.jpg,3df6eaf2b80be894a9909549b5177958ab932776d4e8a5843c51464710284b5f,7646628bf6639545816617b5318f7a1b1d4e690a002fd9dfabe941b792bcdc3b,not specified by COCO image metadata; not claimed Atyrau,2013-11-16 01:34:49
165112,15338,15338,not_available_still_image,bus,6,processed/crops/165112.png,raw/images/000000015338.jpg,444.95,171.72,91.05,100.05,640,424,0,1,Attribution-NonCommercial-ShareAlike License,http://creativecommons.org/licenses/by-nc-sa/2.0/,http://farm9.staticflickr.com/8526/8519097250_f635a04651_z.jpg,https://www.flickr.com/photo.gne?id=8519097250,not supplied in COCO metadata; original Flickr source linked,COCO photograph 15338; original title not supplied,bounding-box crop; per-image original license retained,http://images.cocodataset.org/val2017/000000015338.jpg,b9e7f3f58e1568b0af83d0494d21614a38bb212da2d4b14bc36bd002c0b6f0ad,bbc1277c368c06a364ca079bcfd7b59ae0d2683da37e36180a01749884dc0dc4,not specified by COCO image metadata; not claimed Atyrau,2013-11-16 17:43:06
165136,377723,377723,not_available_still_image,bus,6,processed/crops/165136.png,raw/images/000000377723.jpg,377.14,148.08,233.96,196.53,640,427,0,4,Attribution License,http://creativecommons.org/licenses/by/2.0/,http://farm9.staticflickr.com/8354/8303563388_c0b3b1939a_z.jpg,https://www.flickr.com/photo.gne?id=8303563388,not supplied in COCO metadata; original Flickr source linked,COCO photograph 377723; original title not supplied,bounding-box crop; per-image original license retained,http://images.cocodataset.org/val2017/000000377723.jpg,47a58184ee83f6c0c483a2ca1f2ce4550b08170a9576c8e78bda16693a591786,e951f0cccf99506a94a43ef20e6f1ed894416aa3c683e89a7401557781c8505d,not specified by COCO image metadata; not claimed Atyrau,2013-11-16 15:36:41
165162,507797,507797,not_available_still_image,bus,6,processed/crops/165162.png,raw/images/000000507797.jpg,1.54,0.38,224.23,333.02,640,425,0,1,Attribution-NonCommercial-ShareAlike License,http://creativecommons.org/licenses/by-nc-sa/2.0/,http://farm9.staticflickr.com/8342/8222296772_f34777ac9b_z.jpg,https://www.flickr.com/photo.gne?id=8222296772,not supplied in COCO metadata; original Flickr source linked,COCO photograph 507797; original title not supplied,bounding-box crop; per-image original license retained,http://images.cocodataset.org/val2017/000000507797.jpg,c44a9df9185a2d9b8fb78cf8c15d2a890f166b936e93f4bd0181df6861d1379e,4724fb56f7dc87216e555175aa92c081d91213c4302fc4e3639e98041bb095b3,not specified by COCO image metadata; not claimed Atyrau,2013-11-17 00:26:08
165194,213605,213605,not_available_still_image,bus,6,processed/crops/165194.png,raw/images/000000213605.jpg,17.26,365.3,368.18,201.35,480,640,0,4,Attribution License,http://creativecommons.org/licenses/by/2.0/,http://farm9.staticflickr.com/8047/8120656306_9e6dcf4184_z.jpg,https://www.flickr.com/photo.gne?id=8120656306,not supplied in COCO metadata; original Flickr source linked,COCO photograph 213605; original title not supplied,bounding-box crop; per-image original license retained,http://images.cocodataset.org/val2017/000000213605.jpg,fa2219d8ac3130ba9ca1e1c9c7ed2b19949a99850854cae14734b9abbd477583,5df5dfa0e25eee3effdf92f715e3b5a2931a29a9d001682a501161d97ed87d5c,not specified by COCO image metadata; not claimed Atyrau,2013-11-17 00:19:29
165230,233727,233727,not_available_still_image,bus,6,processed/crops/165230.png,raw/images/000000233727.jpg,81.2,83.2,377.32,245.5,640,427,0,5,Attribution-ShareAlike License,http://creativecommons.org/licenses/by-sa/2.0/,http://farm9.staticflickr.com/8514/8507593850_2b80bee7cc_z.jpg,https://www.flickr.com/photo.gne?id=8507593850,not supplied in COCO metadata; original Flickr source linked,COCO photograph 233727; original title not supplied,bounding-box crop; per-image original license retained,http://images.cocodataset.org/val2017/000000233727.jpg,51af6bee62011f2031b93e7039c81bf8ad65d484146ac8f2541a530d410644a0,742931424c921708a51f8810202c092c100f66b699456a8d623a70882849edb8,not specified by COCO image metadata; not claimed Atyrau,2013-11-16 23:14:52
165242,516143,516143,not_available_still_image,bus,6,processed/crops/165242.png,raw/images/000000516143.jpg,63.36,183.73,486.44,204.02,640,480,0,4,Attribution License,http://creativecommons.org/licenses/by/2.0/,http://farm8.staticflickr.com/7103/7209556862_8431c062d7_z.jpg,https://www.flickr.com/photo.gne?id=7209556862,not supplied in COCO metadata; original Flickr source linked,COCO photograph 516143; original title not supplied,bounding-box crop; per-image original license retained,http://images.cocodataset.org/val2017/000000516143.jpg,dfb9978fb742680c4d5eabda1c8966cca24687eb084a017830764fc37dc51726,431a77cba840a241cc72c6cb7524f3b46826f51d1d607d793a9b8643b5f90bba,not specified by COCO image metadata; not claimed Atyrau,2013-11-16 18:41:48
165289,274272,274272,not_available_still_image,bus,6,processed/crops/165289.png,raw/images/000000274272.jpg,182.29,199.55,457.71,280.45,640,480,0,4,Attribution License,http://creativecommons.org/licenses/by/2.0/,http://farm9.staticflickr.com/8484/8234130537_419b91e4d8_z.jpg,https://www.flickr.com/photo.gne?id=8234130537,not supplied in COCO metadata; original Flickr source linked,COCO photograph 274272; original title not supplied,bounding-box crop; per-image original license retained,http://images.cocodataset.org/val2017/000000274272.jpg,e87ab7fa2006444ffb6f71b65a5743d33365313b30c96c8b559de7dc7891a404,a93f58aeb833f2ce592ca75d021e93f9ed24c94cb29a85cac799d117b6cdd3de,not specified by COCO image metadata; not claimed Atyrau,2013-11-16 18:53:18
165382,350023,350023,not_available_still_image,bus,6,processed/crops/165382.png,raw/images/000000350023.jpg,537.88,426.38,93.94,52.66,640,480,0,2,Attribution-NonCommercial License,http://creativecommons.org/licenses/by-nc/2.0/,http://farm4.staticflickr.com/3275/2838112020_69cf2381cb_z.jpg,https://www.flickr.com/photo.gne?id=2838112020,not supplied in COCO metadata; original Flickr source linked,COCO photograph 350023; original title not supplied,bounding-box crop; per-image original license retained,http://images.cocodataset.org/val2017/000000350023.jpg,93ae8ddf49d3289ccb6262bd74f9cab4b625283cc57d3013c95ff9651cea7c48,7967e4ed45803804feec4901cf575b530e1c79291b58a0ec7ac43a04daf163d6,not specified by COCO image metadata; not claimed Atyrau,2013-11-16 17:25:37
165411,176037,176037,not_available_still_image,bus,6,processed/crops/165411.png,raw/images/000000176037.jpg,274.35,127.61,264.43,199.09,640,431,0,4,Attribution License,http://creativecommons.org/licenses/by/2.0/,http://farm9.staticflickr.com/8046/8140155314_abf7a6c841_z.jpg,https://www.flickr.com/photo.gne?id=8140155314,not supplied in COCO metadata; original Flickr source linked,COCO photograph 176037; original title not supplied,bounding-box crop; per-image original license retained,http://images.cocodataset.org/val2017/000000176037.jpg,64001499037f4314e4deb5cf0f85e9f0b06331370f1e8901bd1057b47c5ddf42,e7335fb1e231fe033b0007db65f756ccff136ecc9abc17d28379b5a0100f4ef2,not specified by COCO image metadata; not claimed Atyrau,2013-11-17 00:38:11
165543,226802,226802,not_available_still_image,bus,6,processed/crops/165543.png,raw/images/000000226802.jpg,370.97,166.6,71.63,46.59,640,360,0,1,Attribution-NonCommercial-ShareAlike License,http://creativecommons.org/licenses/by-nc-sa/2.0/,http://farm9.staticflickr.com/8204/8217265056_8a21671a5c_z.jpg,https://www.flickr.com/photo.gne?id=8217265056,not supplied in COCO metadata; original Flickr source linked,COCO photograph 226802; original title not supplied,bounding-box crop; per-image original license retained,http://images.cocodataset.org/val2017/000000226802.jpg,1be10574bd4a77358d6d778a5f1badf4ea2f081ebe59ce07db7e9105d07c4e0c,6500039a9389c2984e30392e4037aa49a02c892d3059fdbf47e0d178b7405313,not specified by COCO image metadata; not claimed Atyrau,2013-11-16 19:21:28
165567,484404,484404,not_available_still_image,bus,6,processed/crops/165567.png,raw/images/000000484404.jpg,0.0,196.61,209.4,102.02,640,480,0,4,Attribution License,http://creativecommons.org/licenses/by/2.0/,http://farm9.staticflickr.com/8519/8621095125_f3b1b07192_z.jpg,https://www.flickr.com/photo.gne?id=8621095125,not supplied in COCO metadata; original Flickr source linked,COCO photograph 484404; original title not supplied,bounding-box crop; per-image original license retained,http://images.cocodataset.org/val2017/000000484404.jpg,c61e17a3b972aaa3f9525eeaf181538f544263b1f44e840f05eb892eee2e898e,73b0ab9b5cb7ce1bc7c59ee28af979ae689140d71408fac1f0c49237311660d3,not specified by COCO image metadata; not claimed Atyrau,2013-11-16 22:55:18
165647,452321,452321,not_available_still_image,bus,6,processed/crops/165647.png,raw/images/000000452321.jpg,389.04,135.78,250.96,299.69,640,480,0,5,Attribution-ShareAlike License,http://creativecommons.org/licenses/by-sa/2.0/,http://farm6.staticflickr.com/5334/9618201274_317408969f_z.jpg,https://www.flickr.com/photo.gne?id=9618201274,not supplied in COCO metadata; original Flickr source linked,COCO photograph 452321; original title not supplied,bounding-box crop; per-image original license retained,http://images.cocodataset.org/val2017/000000452321.jpg,52e7facbcbf94731d50ff073c5a403aa4582a0ed068a48cab75018dda6a044cb,95cfeabfa05d5863f2757b1380af82eaaaf16d66d3c9c5b266f109f4181e6c76,not specified by COCO image metadata; not claimed Atyrau,2013-11-16 20:25:03
165690,284725,284725,not_available_still_image,bus,6,processed/crops/165690.png,raw/images/000000284725.jpg,68.01,134.89,433.41,174.77,640,427,0,4,Attribution License,http://creativecommons.org/licenses/by/2.0/,http://farm8.staticflickr.com/7375/9766932005_d859b2b6da_z.jpg,https://www.flickr.com/photo.gne?id=9766932005,not supplied in COCO metadata; original Flickr source linked,COCO photograph 284725; original title not supplied,bounding-box crop; per-image original license retained,http://images.cocodataset.org/val2017/000000284725.jpg,10ab8075df3cd9e3344d12fbb764a3c977e809bd06726649b686dd68abcbdf07,725449ddf8fa6e432eecdc36f695b4b0e54d5690a95e86de175f6d8d2a7c7653,not specified by COCO image metadata; not claimed Atyrau,2013-11-16 19:57:50
165772,187144,187144,not_available_still_image,bus,6,processed/crops/165772.png,raw/images/000000187144.jpg,2.16,120.48,409.88,262.11,640,480,0,1,Attribution-NonCommercial-ShareAlike License,http://creativecommons.org/licenses/by-nc-sa/2.0/,http://farm9.staticflickr.com/8422/7858381216_44ea734652_z.jpg,https://www.flickr.com/photo.gne?id=7858381216,not supplied in COCO metadata; original Flickr source linked,COCO photograph 187144; original title not supplied,bounding-box crop; per-image original license retained,http://images.cocodataset.org/val2017/000000187144.jpg,ecda88adbae1ca905ecf37007ef2ce11013109523964dca9bf1ed856f26cbcfb,42230fe41531a5718b174177faad2afba3c1a10817d95047da6b1a1dccc500ca,not specified by COCO image metadata; not claimed Atyrau,2013-11-16 19:21:51
165837,338625,338625,not_available_still_image,bus,6,processed/crops/165837.png,raw/images/000000338625.jpg,136.22,80.54,350.27,238.92,640,480,0,2,Attribution-NonCommercial License,http://creativecommons.org/licenses/by-nc/2.0/,http://farm6.staticflickr.com/5471/9063817118_fb589ae433_z.jpg,https://www.flickr.com/photo.gne?id=9063817118,not supplied in COCO metadata; original Flickr source linked,COCO photograph 338625; original title not supplied,bounding-box crop; per-image original license retained,http://images.cocodataset.org/val2017/000000338625.jpg,7b4da0464933e5669fab644bb183beb3e8f45a99a27c4d25667213e5efc83b79,2c527c428c45019ee2bec7491b23488bd82e841ff14ff8f766a67b17a6eb1a20,not specified by COCO image metadata; not claimed Atyrau,2013-11-16 21:39:30
165934,200839,200839,not_available_still_image,bus,6,processed/crops/165934.png,raw/images/000000200839.jpg,88.45,168.27,377.53,149.93,640,480,0,1,Attribution-NonCommercial-ShareAlike License,http://creativecommons.org/licenses/by-nc-sa/2.0/,http://farm3.staticflickr.com/2586/3797937048_ba702b915b_z.jpg,https://www.flickr.com/photo.gne?id=3797937048,not supplied in COCO metadata; original Flickr source linked,COCO photograph 200839; original title not supplied,bounding-box crop; per-image original license retained,http://images.cocodataset.org/val2017/000000200839.jpg,154ccc80280800738f0c67dd2c1aeb1622079408d311327d18314b96cbadd67c,4959cdd045507728c6690e88748f02e443434f0fb7ade1331a197fb78fad68e0,not specified by COCO image metadata; not claimed Atyrau,2013-11-15 11:46:30
165939,446206,446206,not_available_still_image,bus,6,processed/crops/165939.png,raw/images/000000446206.jpg,13.41,273.52,173.6,97.53,640,385,0,2,Attribution-NonCommercial License,http://creativecommons.org/licenses/by-nc/2.0/,http://farm9.staticflickr.com/8336/8079936048_15133bdb38_z.jpg,https://www.flickr.com/photo.gne?id=8079936048,not supplied in COCO metadata; original Flickr source linked,COCO photograph 446206; original title not supplied,bounding-box crop; per-image original license retained,http://images.cocodataset.org/val2017/000000446206.jpg,37f631d7cf9ff3f54abb80600fa15651061c228fb1265b95888847de72e06bae,0b445d203e671b4d2c3324feafa155c15d94377760457ed9fea93661c2ac8f71,not specified by COCO image metadata; not claimed Atyrau,2013-11-16 15:58:19
166137,27768,27768,not_available_still_image,bus,6,processed/crops/166137.png,raw/images/000000027768.jpg,0.0,167.47,573.41,435.57,612,612,0,1,Attribution-NonCommercial-ShareAlike License,http://creativecommons.org/licenses/by-nc-sa/2.0/,http://farm3.staticflickr.com/2856/9216477741_80665fccb9_z.jpg,https://www.flickr.com/photo.gne?id=9216477741,not supplied in COCO metadata; original Flickr source linked,COCO photograph 27768; original title not supplied,bounding-box crop; per-image original license retained,http://images.cocodataset.org/val2017/000000027768.jpg,f9d68320358d980c1ef077c986316729fc3bd42b7e18e4433bf29b157f1f20f6,8a187389de48e9978354394dcfb0d6e8841c1e4c50e37797d465dfa172ab22b9,not specified by COCO image metadata; not claimed Atyrau,2013-11-16 21:27:14
166153,452321,452321,not_available_still_image,bus,6,processed/crops/166153.png,raw/images/000000452321.jpg,2.16,209.26,183.37,87.37,640,480,0,5,Attribution-ShareAlike License,http://creativecommons.org/licenses/by-sa/2.0/,http://farm6.staticflickr.com/5334/9618201274_317408969f_z.jpg,https://www.flickr.com/photo.gne?id=9618201274,not supplied in COCO metadata; original Flickr source linked,COCO photograph 452321; original title not supplied,bounding-box crop; per-image original license retained,http://images.cocodataset.org/val2017/000000452321.jpg,52e7facbcbf94731d50ff073c5a403aa4582a0ed068a48cab75018dda6a044cb,9bb272e4b181d5d5bd83532e403cf42d980c501d302e746f3d09f949498b7f05,not specified by COCO image metadata; not claimed Atyrau,2013-11-16 20:25:03
166186,394275,394275,not_available_still_image,bus,6,processed/crops/166186.png,raw/images/000000394275.jpg,90.96,83.02,521.06,289.67,640,393,0,1,Attribution-NonCommercial-ShareAlike License,http://creativecommons.org/licenses/by-nc-sa/2.0/,http://farm6.staticflickr.com/5452/9067049583_1983c51d88_z.jpg,https://www.flickr.com/photo.gne?id=9067049583,not supplied in COCO metadata; original Flickr source linked,COCO photograph 394275; original title not supplied,bounding-box crop; per-image original license retained,http://images.cocodataset.org/val2017/000000394275.jpg,bc9abed26b6569469bf53d051250140b913ca331c185087e640ae0cf9c934b88,c621493711d879c903f9c489db9804b1b57878e26a5c1e99ff1de4ca39b25d10,not specified by COCO image metadata; not claimed Atyrau,2013-11-16 21:39:53
166272,367680,367680,not_available_still_image,bus,6,processed/crops/166272.png,raw/images/000000367680.jpg,43.95,125.81,153.94,66.93,450,338,0,1,Attribution-NonCommercial-ShareAlike License,http://creativecommons.org/licenses/by-nc-sa/2.0/,http://farm1.staticflickr.com/22/34251540_bec994ec35_z.jpg,https://www.flickr.com/photo.gne?id=34251540,not supplied in COCO metadata; original Flickr source linked,COCO photograph 367680; original title not supplied,bounding-box crop; per-image original license retained,http://images.cocodataset.org/val2017/000000367680.jpg,15a0aa08ef2c7dc21f247375f72459b6ee3f99b57a98482e5251294fc324b231,3c19079e6cb1bb19b64d3b6e7413a7a9f64daf48ae8ce59c4cb474249ceb3a33,not specified by COCO image metadata; not claimed Atyrau,2013-11-15 08:23:02
166445,311909,311909,not_available_still_image,bus,6,processed/crops/166445.png,raw/images/000000311909.jpg,0.0,46.81,639.78,401.26,640,496,0,1,Attribution-NonCommercial-ShareAlike License,http://creativecommons.org/licenses/by-nc-sa/2.0/,http://farm9.staticflickr.com/8062/8169978824_bcfa9e0e1f_z.jpg,https://www.flickr.com/photo.gne?id=8169978824,not supplied in COCO metadata; original Flickr source linked,COCO photograph 311909; original title not supplied,bounding-box crop; per-image original license retained,http://images.cocodataset.org/val2017/000000311909.jpg,f79fdaca57226b29458020701e10a441fb21e6180e5bebd059c4b01f86bd0cd7,46ea27c7375d4944608a4b2aadc926889d1edc23e08fa83d12e0bde9165e4716,not specified by COCO image metadata; not claimed Atyrau,2013-11-17 00:32:51
166466,423519,423519,not_available_still_image,bus,6,processed/crops/166466.png,raw/images/000000423519.jpg,14.32,227.79,435.25,302.1,460,640,0,4,Attribution License,http://creativecommons.org/licenses/by/2.0/,http://farm4.staticflickr.com/3754/10191731076_ac8f52461a_z.jpg,https://www.flickr.com/photo.gne?id=10191731076,not supplied in COCO metadata; original Flickr source linked,COCO photograph 423519; original title not supplied,bounding-box crop; per-image original license retained,http://images.cocodataset.org/val2017/000000423519.jpg,a6a6d1615bf3fcab74358eb32672f579939c11d1513ad291a89669462c8b43a8,1f253aef932abc8f209a2781906a292a3bd32f8e8dc558631ec6dce866068e4d,not specified by COCO image metadata; not claimed Atyrau,2013-11-16 19:42:23
166497,514376,514376,not_available_still_image,bus,6,processed/crops/166497.png,raw/images/000000514376.jpg,288.43,182.96,215.25,156.05,640,480,0,4,Attribution License,http://creativecommons.org/licenses/by/2.0/,http://farm3.staticflickr.com/2842/8750726399_6f14b42d73_z.jpg,https://www.flickr.com/photo.gne?id=8750726399,not supplied in COCO metadata; original Flickr source linked,COCO photograph 514376; original title not supplied,bounding-box crop; per-image original license retained,http://images.cocodataset.org/val2017/000000514376.jpg,951d0f6e435a5cafbdc7fa40f8e5f42467c0ecb2259576c7ffc2eb784e3193a7,e7312aa96ef59758750a7597b89bde66e1b0086aaf3c269ec33e2e0f244f2a80,not specified by COCO image metadata; not claimed Atyrau,2013-11-17 04:40:06
166500,211674,211674,not_available_still_image,bus,6,processed/crops/166500.png,raw/images/000000211674.jpg,205.28,38.04,336.66,352.17,640,406,0,1,Attribution-NonCommercial-ShareAlike License,http://creativecommons.org/licenses/by-nc-sa/2.0/,http://farm8.staticflickr.com/7440/9185873300_048066a2e1_z.jpg,https://www.flickr.com/photo.gne?id=9185873300,not supplied in COCO metadata; original Flickr source linked,COCO photograph 211674; original title not supplied,bounding-box crop; per-image original license retained,http://images.cocodataset.org/val2017/000000211674.jpg,35668e0f1e026343b862ec9e0663558c92aa60883ecffde2a98f5c3832b4aa7f,84c4cf57e4eda56533ba7873c627bfaf6028e105f44ee217836ecf90a5aa9133,not specified by COCO image metadata; not claimed Atyrau,2013-11-16 21:28:44
166510,114884,114884,not_available_still_image,bus,6,processed/crops/166510.png,raw/images/000000114884.jpg,1.48,51.01,120.51,100.55,500,329,0,2,Attribution-NonCommercial License,http://creativecommons.org/licenses/by-nc/2.0/,http://farm2.staticflickr.com/1214/621731859_2b3692c424_z.jpg,https://www.flickr.com/photo.gne?id=621731859,not supplied in COCO metadata; original Flickr source linked,COCO photograph 114884; original title not supplied,bounding-box crop; per-image original license retained,http://images.cocodataset.org/val2017/000000114884.jpg,f4b8351984bceef7b96b22f66f12d0bc463b0118be5b9d8493ae1e432908e044,1693bf153676d77ed4953f0610b2696f1c54f8e9f092eb87fac3439100242ac5,not specified by COCO image metadata; not claimed Atyrau,2013-11-18 06:30:33
166585,280710,280710,not_available_still_image,bus,6,processed/crops/166585.png,raw/images/000000280710.jpg,158.26,204.52,340.46,150.64,640,480,0,4,Attribution License,http://creativecommons.org/licenses/by/2.0/,http://farm8.staticflickr.com/7320/9655397508_cf2472680c_z.jpg,https://www.flickr.com/photo.gne?id=9655397508,not supplied in COCO metadata; original Flickr source linked,COCO photograph 280710; original title not supplied,bounding-box crop; per-image original license retained,http://images.cocodataset.org/val2017/000000280710.jpg,1a76947fe2c8d39ae21d346118c413bfe06817dda5424e3451ef870db487fe49,33d2e5f8a06ecd3786a8814378f94efa4f21b62a99cde2c2069c3a3538d6d0c3,not specified by COCO image metadata; not claimed Atyrau,2013-11-16 20:09:15
166669,210273,210273,not_available_still_image,bus,6,processed/crops/166669.png,raw/images/000000210273.jpg,228.91,133.93,65.4,88.49,640,428,0,4,Attribution License,http://creativecommons.org/licenses/by/2.0/,http://farm6.staticflickr.com/5163/5336041838_1a09008014_z.jpg,https://www.flickr.com/photo.gne?id=5336041838,not supplied in COCO metadata; original Flickr source linked,COCO photograph 210273; original title not supplied,bounding-box crop; per-image original license retained,http://images.cocodataset.org/val2017/000000210273.jpg,3ec23de63592c1eef86740fd46fed2cb66170fca02b695d37e6ae379dcee4355,3cbeb6c3b1b76e4a90a2435b4c8cf75b31ef44f944be6030c3d6ad4a2eebd199,not specified by COCO image metadata; not claimed Atyrau,2013-11-15 09:01:55
166857,362682,362682,not_available_still_image,bus,6,processed/crops/166857.png,raw/images/000000362682.jpg,82.87,56.87,463.54,261.68,640,427,0,4,Attribution License,http://creativecommons.org/licenses/by/2.0/,http://farm9.staticflickr.com/8528/8575643656_6194a29a31_z.jpg,https://www.flickr.com/photo.gne?id=8575643656,not supplied in COCO metadata; original Flickr source linked,COCO photograph 362682; original title not supplied,bounding-box crop; per-image original license retained,http://images.cocodataset.org/val2017/000000362682.jpg,840ceaeff4c9d12ebbf3820ef38426091e6a28782ec6cceea9f265cf8cfb2651,32dbe97088562ba914cd3df65e746c25a16d18a7a0ad41fa7aa2483f178262e0,not specified by COCO image metadata; not claimed Atyrau,2013-11-16 23:00:40
166867,545219,545219,not_available_still_image,bus,6,processed/crops/166867.png,raw/images/000000545219.jpg,113.26,90.61,477.84,323.59,640,480,0,1,Attribution-NonCommercial-ShareAlike License,http://creativecommons.org/licenses/by-nc-sa/2.0/,http://farm3.staticflickr.com/2820/9582692230_cdb7b55f1e_z.jpg,https://www.flickr.com/photo.gne?id=9582692230,not supplied in COCO metadata; original Flickr source linked,COCO photograph 545219; original title not supplied,bounding-box crop; per-image original license retained,http://images.cocodataset.org/val2017/000000545219.jpg,4a419d23d2d2137bf145b3affe935b85e8fbe93855a121ac6bd8ec81195703f0,9a560e99ee79c3434de792416cfde34fcb8db9b7aaed8c829c38c0555b2cae6d,not specified by COCO image metadata; not claimed Atyrau,2013-11-16 20:19:15
167209,436883,436883,not_available_still_image,bus,6,processed/crops/167209.png,raw/images/000000436883.jpg,99.34,37.84,461.68,343.43,640,421,0,2,Attribution-NonCommercial License,http://creativecommons.org/licenses/by-nc/2.0/,http://farm9.staticflickr.com/8199/8228898324_49568e69b1_z.jpg,https://www.flickr.com/photo.gne?id=8228898324,not supplied in COCO metadata; original Flickr source linked,COCO photograph 436883; original title not supplied,bounding-box crop; per-image original license retained,http://images.cocodataset.org/val2017/000000436883.jpg,65cb98085b86ed663a6812a9368364178d845b3458694f1d8d23783f3b848477,7655506a9b15aea7507407f46150f861dce43c656c0e96603774c2bda915342d,not specified by COCO image metadata; not claimed Atyrau,2013-11-17 00:18:47
167358,415536,415536,not_available_still_image,bus,6,processed/crops/167358.png,raw/images/000000415536.jpg,258.88,173.66,122.96,143.46,640,480,0,4,Attribution License,http://creativecommons.org/licenses/by/2.0/,http://farm9.staticflickr.com/8193/8395338258_0f5e408112_z.jpg,https://www.flickr.com/photo.gne?id=8395338258,not supplied in COCO metadata; original Flickr source linked,COCO photograph 415536; original title not supplied,bounding-box crop; per-image original license retained,http://images.cocodataset.org/val2017/000000415536.jpg,a02be69d9dbaf2ebb1e21950d1a0c54238ea6b479b8200c46fd3330de5863236,be09285eda7842f5197a826e928f610b34dee81d62c5437b6201f44fab9f2587,not specified by COCO image metadata; not claimed Atyrau,2013-11-16 23:39:46
167454,269632,269632,not_available_still_image,bus,6,processed/crops/167454.png,raw/images/000000269632.jpg,98.83,53.73,393.42,307.06,640,427,0,5,Attribution-ShareAlike License,http://creativecommons.org/licenses/by-sa/2.0/,http://farm8.staticflickr.com/7287/9106564326_f1af288935_z.jpg,https://www.flickr.com/photo.gne?id=9106564326,not supplied in COCO metadata; original Flickr source linked,COCO photograph 269632; original title not supplied,bounding-box crop; per-image original license retained,http://images.cocodataset.org/val2017/000000269632.jpg,eacd77dd985fd0c0ea4a761c6087956a885394240033649296cb015e4469485e,07603a04e488cfbf1f4971200becc1e13d45e22980350bc78f0a8e080a19c927,not specified by COCO image metadata; not claimed Atyrau,2013-11-16 21:32:43
167495,278848,278848,not_available_still_image,bus,6,processed/crops/167495.png,raw/images/000000278848.jpg,70.47,43.51,317.84,258.87,480,640,0,1,Attribution-NonCommercial-ShareAlike License,http://creativecommons.org/licenses/by-nc-sa/2.0/,http://farm5.staticflickr.com/4130/5202284149_e1b057697c_z.jpg,https://www.flickr.com/photo.gne?id=5202284149,not supplied in COCO metadata; original Flickr source linked,COCO photograph 278848; original title not supplied,bounding-box crop; per-image original license retained,http://images.cocodataset.org/val2017/000000278848.jpg,a306321447aa9c6ade4dc28a173f2cba38e1decee4941c89f0749b17fe24fed0,bdc916101c990f7bfbfde7ad61679cd031395785fdf3ace97ec191a4e9ff131d,not specified by COCO image metadata; not claimed Atyrau,2013-11-16 15:41:51
167514,142585,142585,not_available_still_image,bus,6,processed/crops/167514.png,raw/images/000000142585.jpg,0.0,0.0,88.76,493.26,375,500,0,1,Attribution-NonCommercial-ShareAlike License,http://creativecommons.org/licenses/by-nc-sa/2.0/,http://farm1.staticflickr.com/34/71378280_e180ffc9d5_z.jpg,https://www.flickr.com/photo.gne?id=71378280,not supplied in COCO metadata; original Flickr source linked,COCO photograph 142585; original title not supplied,bounding-box crop; per-image original license retained,http://images.cocodataset.org/val2017/000000142585.jpg,41277a4ea32031b3486e839d18ca61506931002fca4ff9214686c63e9c6bb983,55211698124cd6938e90fbb00ff005be5b59352256538c44477a739d39a76884,not specified by COCO image metadata; not claimed Atyrau,2013-11-16 18:05:52
167538,550691,550691,not_available_still_image,bus,6,processed/crops/167538.png,raw/images/000000550691.jpg,192.0,59.33,250.25,351.64,640,480,0,5,Attribution-ShareAlike License,http://creativecommons.org/licenses/by-sa/2.0/,http://farm6.staticflickr.com/5544/10112477424_03333e9845_z.jpg,https://www.flickr.com/photo.gne?id=10112477424,not supplied in COCO metadata; original Flickr source linked,COCO photograph 550691; original title not supplied,bounding-box crop; per-image original license retained,http://images.cocodataset.org/val2017/000000550691.jpg,168105cac7f4cc2c85faa655e68dc817c2178ea23f7fd1edb9d50843efdf1aab,c9002e198fe7595a0feb08e3dbc9754a03817b35d0efacea1fb94c7e9615752e,not specified by COCO image metadata; not claimed Atyrau,2013-11-16 19:38:43
167614,128372,128372,not_available_still_image,bus,6,processed/crops/167614.png,raw/images/000000128372.jpg,0.0,73.89,416.44,305.13,640,427,0,5,Attribution-ShareAlike License,http://creativecommons.org/licenses/by-sa/2.0/,http://farm9.staticflickr.com/8479/8172792873_5d083ef147_z.jpg,https://www.flickr.com/photo.gne?id=8172792873,not supplied in COCO metadata; original Flickr source linked,COCO photograph 128372; original title not supplied,bounding-box crop; per-image original license retained,http://images.cocodataset.org/val2017/000000128372.jpg,6076863986b65a05fc9fd1edd1558cacee52db9b1e0c263ae3a02b1047f2617f,48ab80af1ff12041abd6c25f3885f431eadf03b3243918bfb61de3bf1a597f0a,not specified by COCO image metadata; not claimed Atyrau,2013-11-17 00:29:42
167628,201934,201934,not_available_still_image,bus,6,processed/crops/167628.png,raw/images/000000201934.jpg,0.84,58.7,261.83,239.02,500,375,0,1,Attribution-NonCommercial-ShareAlike License,http://creativecommons.org/licenses/by-nc-sa/2.0/,http://farm1.staticflickr.com/14/15602482_41fd96ddb6_z.jpg,https://www.flickr.com/photo.gne?id=15602482,not supplied in COCO metadata; original Flickr source linked,COCO photograph 201934; original title not supplied,bounding-box crop; per-image original license retained,http://images.cocodataset.org/val2017/000000201934.jpg,a5702ac025e235ee3de6205238323c50ef6792142b53e8b379a41e57f037a2cf,aa31499f26e4ffc1f85cc1664586482a0a15fe88850559fa8586b5cdd3c0271d,not specified by COCO image metadata; not claimed Atyrau,2013-11-16 18:02:42
167768,114884,114884,not_available_still_image,bus,6,processed/crops/167768.png,raw/images/000000114884.jpg,178.69,68.7,46.25,65.62,500,329,0,2,Attribution-NonCommercial License,http://creativecommons.org/licenses/by-nc/2.0/,http://farm2.staticflickr.com/1214/621731859_2b3692c424_z.jpg,https://www.flickr.com/photo.gne?id=621731859,not supplied in COCO metadata; original Flickr source linked,COCO photograph 114884; original title not supplied,bounding-box crop; per-image original license retained,http://images.cocodataset.org/val2017/000000114884.jpg,f4b8351984bceef7b96b22f66f12d0bc463b0118be5b9d8493ae1e432908e044,ddd92e421f2182dd14bb46dc393eda95a76a72f5530073e281099e3a05e803f8,not specified by COCO image metadata; not claimed Atyrau,2013-11-18 06:30:33
167828,233771,233771,not_available_still_image,bus,6,processed/crops/167828.png,raw/images/000000233771.jpg,1.07,323.82,62.21,121.17,640,640,0,2,Attribution-NonCommercial License,http://creativecommons.org/licenses/by-nc/2.0/,http://farm2.staticflickr.com/1304/4660238513_56f3b73555_z.jpg,https://www.flickr.com/photo.gne?id=4660238513,not supplied in COCO metadata; original Flickr source linked,COCO photograph 233771; original title not supplied,bounding-box crop; per-image original license retained,http://images.cocodataset.org/val2017/000000233771.jpg,74a1c2c7bab09dd89ecda08fe54e44d2478fa1e90ac4dc8fd172226f9fdd9119,b9117cc65105bcfce40ac35579440eb8c055d65d690c9ade18d823db4d67095f,not specified by COCO image metadata; not claimed Atyrau,2013-11-18 05:20:56
167841,423617,423617,not_available_still_image,bus,6,processed/crops/167841.png,raw/images/000000423617.jpg,50.7,42.07,154.24,159.64,640,480,0,4,Attribution License,http://creativecommons.org/licenses/by/2.0/,http://farm9.staticflickr.com/8479/8195678412_8d8d906379_z.jpg,https://www.flickr.com/photo.gne?id=8195678412,not supplied in COCO metadata; original Flickr source linked,COCO photograph 423617; original title not supplied,bounding-box crop; per-image original license retained,http://images.cocodataset.org/val2017/000000423617.jpg,ce5546bb400da57646e0de544763fc44c925fc5495e764083f2bcfebba5c76f0,25009a88ef31db8cc0c351255b725bada13a7a9816b44e2d5af450140ccacc3a,not specified by COCO image metadata; not claimed Atyrau,2013-11-17 00:28:01
167880,128051,128051,not_available_still_image,bus,6,processed/crops/167880.png,raw/images/000000128051.jpg,115.69,39.39,346.24,215.19,640,360,0,1,Attribution-NonCommercial-ShareAlike License,http://creativecommons.org/licenses/by-nc-sa/2.0/,http://farm4.staticflickr.com/3770/9384095365_8b8587e528_z.jpg,https://www.flickr.com/photo.gne?id=9384095365,not supplied in COCO metadata; original Flickr source linked,COCO photograph 128051; original title not supplied,bounding-box crop; per-image original license retained,http://images.cocodataset.org/val2017/000000128051.jpg,2497ae695583057b6adda26f862de2287d2052933c14b7f0a6027ecbb09a079c,0a6b0bb8f22eefba78364658dbf300b0be40aa321032e0a31ffff1aa263d9f4f,not specified by COCO image metadata; not claimed Atyrau,2013-11-16 21:05:04
167974,550691,550691,not_available_still_image,bus,6,processed/crops/167974.png,raw/images/000000550691.jpg,5.39,216.81,161.8,108.94,640,480,0,5,Attribution-ShareAlike License,http://creativecommons.org/licenses/by-sa/2.0/,http://farm6.staticflickr.com/5544/10112477424_03333e9845_z.jpg,https://www.flickr.com/photo.gne?id=10112477424,not supplied in COCO metadata; original Flickr source linked,COCO photograph 550691; original title not supplied,bounding-box crop; per-image original license retained,http://images.cocodataset.org/val2017/000000550691.jpg,168105cac7f4cc2c85faa655e68dc817c2178ea23f7fd1edb9d50843efdf1aab,eb70ca9eafde90fd8fc6912c3bdffe2f6eecae2be3906a476ce50f5ac9c2ea35,not specified by COCO image metadata; not claimed Atyrau,2013-11-16 19:38:43
168151,15338,15338,not_available_still_image,bus,6,processed/crops/168151.png,raw/images/000000015338.jpg,264.58,201.17,84.19,59.23,640,424,0,1,Attribution-NonCommercial-ShareAlike License,http://creativecommons.org/licenses/by-nc-sa/2.0/,http://farm9.staticflickr.com/8526/8519097250_f635a04651_z.jpg,https://www.flickr.com/photo.gne?id=8519097250,not supplied in COCO metadata; original Flickr source linked,COCO photograph 15338; original title not supplied,bounding-box crop; per-image original license retained,http://images.cocodataset.org/val2017/000000015338.jpg,b9e7f3f58e1568b0af83d0494d21614a38bb212da2d4b14bc36bd002c0b6f0ad,9c88d45d999121658d90105e8dea5748187341e35fd5b8c9fe9589c76f526206,not specified by COCO image metadata; not claimed Atyrau,2013-11-16 17:43:06
168219,143931,143931,not_available_still_image,bus,6,processed/crops/168219.png,raw/images/000000143931.jpg,0.0,0.0,638.56,472.45,640,480,0,1,Attribution-NonCommercial-ShareAlike License,http://creativecommons.org/licenses/by-nc-sa/2.0/,http://farm9.staticflickr.com/8474/8145963753_2e334946c7_z.jpg,https://www.flickr.com/photo.gne?id=8145963753,not supplied in COCO metadata; original Flickr source linked,COCO photograph 143931; original title not supplied,bounding-box crop; per-image original license retained,http://images.cocodataset.org/val2017/000000143931.jpg,45cf81830e1b95dc25a9be1ebdf2798238b9bda4dc3e34e589442c5c9ad98aad,54e3526bea54643889122123865975af47186a2d2adb0979669cfbfa194cf4d9,not specified by COCO image metadata; not claimed Atyrau,2013-11-16 15:38:46
168224,306136,306136,not_available_still_image,bus,6,processed/crops/168224.png,raw/images/000000306136.jpg,100.67,323.96,326.48,289.07,428,640,0,1,Attribution-NonCommercial-ShareAlike License,http://creativecommons.org/licenses/by-nc-sa/2.0/,http://farm2.staticflickr.com/1008/662109385_922436e3a3_z.jpg,https://www.flickr.com/photo.gne?id=662109385,not supplied in COCO metadata; original Flickr source linked,COCO photograph 306136; original title not supplied,bounding-box crop; per-image original license retained,http://images.cocodataset.org/val2017/000000306136.jpg,4409dddd7ba4c58cd3c8f37f170075677db1284d34e75bd312b9cb84f528268d,c2b391c00f94de06b1f8e0330537ec68f4957df658adc2d7b60b77fa4b6e873f,not specified by COCO image metadata; not claimed Atyrau,2013-11-16 17:07:05
168340,392722,392722,not_available_still_image,bus,6,processed/crops/168340.png,raw/images/000000392722.jpg,426.8,143.53,213.2,199.62,640,423,0,4,Attribution License,http://creativecommons.org/licenses/by/2.0/,http://farm3.staticflickr.com/2829/9953419346_8bcbd5480f_z.jpg,https://www.flickr.com/photo.gne?id=9953419346,not supplied in COCO metadata; original Flickr source linked,COCO photograph 392722; original title not supplied,bounding-box crop; per-image original license retained,http://images.cocodataset.org/val2017/000000392722.jpg,137bbeb12ff0d4152279be001c8c5e59b03e2aac88a939db1a3667fd4aac72c6,62a86da3c0b1329b1e6e6890ce3d7959930a3814eeefdbbb5fa1ed0972da4a90,not specified by COCO image metadata; not claimed Atyrau,2013-11-16 19:30:46
168542,568290,568290,not_available_still_image,bus,6,processed/crops/168542.png,raw/images/000000568290.jpg,191.91,126.66,284.99,166.0,640,427,0,5,Attribution-ShareAlike License,http://creativecommons.org/licenses/by-sa/2.0/,http://farm8.staticflickr.com/7342/9305416099_b62431c75b_z.jpg,https://www.flickr.com/photo.gne?id=9305416099,not supplied in COCO metadata; original Flickr source linked,COCO photograph 568290; original title not supplied,bounding-box crop; per-image original license retained,http://images.cocodataset.org/val2017/000000568290.jpg,116519cb932504866058215a0cca5e5d03b4af04a71e540db38c5caefb8d4725,67bc58f1abc5b13152f346b2b36ce1c6156652a68e1cf44132a4e143c533d363,not specified by COCO image metadata; not claimed Atyrau,2013-11-16 21:20:17
168737,210273,210273,not_available_still_image,bus,6,processed/crops/168737.png,raw/images/000000210273.jpg,576.16,159.42,63.84,74.94,640,428,0,4,Attribution License,http://creativecommons.org/licenses/by/2.0/,http://farm6.staticflickr.com/5163/5336041838_1a09008014_z.jpg,https://www.flickr.com/photo.gne?id=5336041838,not supplied in COCO metadata; original Flickr source linked,COCO photograph 210273; original title not supplied,bounding-box crop; per-image original license retained,http://images.cocodataset.org/val2017/000000210273.jpg,3ec23de63592c1eef86740fd46fed2cb66170fca02b695d37e6ae379dcee4355,fd5ebf0d7e01acb42e01666aab8fd0a9a91096550a78efcb91654016f19e37aa,not specified by COCO image metadata; not claimed Atyrau,2013-11-15 09:01:55
168769,220732,220732,not_available_still_image,bus,6,processed/crops/168769.png,raw/images/000000220732.jpg,0.0,275.57,640.0,204.43,640,480,0,2,Attribution-NonCommercial License,http://creativecommons.org/licenses/by-nc/2.0/,http://farm8.staticflickr.com/7278/8150890633_42a81c8e17_z.jpg,https://www.flickr.com/photo.gne?id=8150890633,not supplied in COCO metadata; original Flickr source linked,COCO photograph 220732; original title not supplied,bounding-box crop; per-image original license retained,http://images.cocodataset.org/val2017/000000220732.jpg,81b9254c750f52ebc8fcc5fa421ab8a3ac430db19f541bfb7541adada76a6a30,bdc44bf4c995ccebc65be40c3beafb14ebf7ba13b46cfe0520045409816a6ac5,not specified by COCO image metadata; not claimed Atyrau,2013-11-17 19:20:15
168869,365655,365655,not_available_still_image,bus,6,processed/crops/168869.png,raw/images/000000365655.jpg,45.2,161.09,411.61,156.76,640,427,0,4,Attribution License,http://creativecommons.org/licenses/by/2.0/,http://farm4.staticflickr.com/3788/9708425604_ea76a33375_z.jpg,https://www.flickr.com/photo.gne?id=9708425604,not supplied in COCO metadata; original Flickr source linked,COCO photograph 365655; original title not supplied,bounding-box crop; per-image original license retained,http://images.cocodataset.org/val2017/000000365655.jpg,66762bdbb86e5f1aa51134a1ea4e02c9c70f0e9c3bcb6beae6d25c97e2adb4c9,4db912fdd0033901c9595baec9a02a210c314a74b3fbca8e1c2e7ea41248de7f,not specified by COCO image metadata; not claimed Atyrau,2013-11-16 20:14:41
168899,114884,114884,not_available_still_image,bus,6,processed/crops/168899.png,raw/images/000000114884.jpg,87.04,61.35,98.88,83.98,500,329,0,2,Attribution-NonCommercial License,http://creativecommons.org/licenses/by-nc/2.0/,http://farm2.staticflickr.com/1214/621731859_2b3692c424_z.jpg,https://www.flickr.com/photo.gne?id=621731859,not supplied in COCO metadata; original Flickr source linked,COCO photograph 114884; original title not supplied,bounding-box crop; per-image original license retained,http://images.cocodataset.org/val2017/000000114884.jpg,f4b8351984bceef7b96b22f66f12d0bc463b0118be5b9d8493ae1e432908e044,6e4622583c06d07aee3703d741cb897883159090eccf36792c87a25d79347020,not specified by COCO image metadata; not claimed Atyrau,2013-11-18 06:30:33
168938,220732,220732,not_available_still_image,bus,6,processed/crops/168938.png,raw/images/000000220732.jpg,415.47,164.22,223.01,92.5,640,480,0,2,Attribution-NonCommercial License,http://creativecommons.org/licenses/by-nc/2.0/,http://farm8.staticflickr.com/7278/8150890633_42a81c8e17_z.jpg,https://www.flickr.com/photo.gne?id=8150890633,not supplied in COCO metadata; original Flickr source linked,COCO photograph 220732; original title not supplied,bounding-box crop; per-image original license retained,http://images.cocodataset.org/val2017/000000220732.jpg,81b9254c750f52ebc8fcc5fa421ab8a3ac430db19f541bfb7541adada76a6a30,995f31e481c9d41c360b342c824ddf9701ed3651f1127bbd28fcd731ae5a3df3,not specified by COCO image metadata; not claimed Atyrau,2013-11-17 19:20:15
168982,542856,542856,not_available_still_image,bus,6,processed/crops/168982.png,raw/images/000000542856.jpg,3.84,169.84,591.08,211.1,640,427,0,4,Attribution License,http://creativecommons.org/licenses/by/2.0/,http://farm9.staticflickr.com/8285/7826926496_3aa9e9d112_z.jpg,https://www.flickr.com/photo.gne?id=7826926496,not supplied in COCO metadata; original Flickr source linked,COCO photograph 542856; original title not supplied,bounding-box crop; per-image original license retained,http://images.cocodataset.org/val2017/000000542856.jpg,9bd2d9be44355c59e3599f1f5ddcfc06bf8209a0f24b655538e891ae6a4b3fcf,a673620ebb9ca0a14bba3908308d56969d7eb4435025e27ae74ab05274558b01,not specified by COCO image metadata; not claimed Atyrau,2013-11-16 18:48:32
169148,355817,355817,not_available_still_image,bus,6,processed/crops/169148.png,raw/images/000000355817.jpg,132.67,131.6,496.18,201.7,640,480,0,2,Attribution-NonCommercial License,http://creativecommons.org/licenses/by-nc/2.0/,http://farm6.staticflickr.com/5322/8791879882_3638745527_z.jpg,https://www.flickr.com/photo.gne?id=8791879882,not supplied in COCO metadata; original Flickr source linked,COCO photograph 355817; original title not supplied,bounding-box crop; per-image original license retained,http://images.cocodataset.org/val2017/000000355817.jpg,836a61cf14d0e291a5a86d4a6f2a14a075b04a7dae9e51c9fb284c5b43a2d1d0,36c6e457ff04011ea0b542592cbb4646e3b6ab2b19a7c7c9639ba742e9ca57e7,not specified by COCO image metadata; not claimed Atyrau,2013-11-16 22:01:16
169222,210273,210273,not_available_still_image,bus,6,processed/crops/169222.png,raw/images/000000210273.jpg,293.68,100.0,48.14,59.87,640,428,0,4,Attribution License,http://creativecommons.org/licenses/by/2.0/,http://farm6.staticflickr.com/5163/5336041838_1a09008014_z.jpg,https://www.flickr.com/photo.gne?id=5336041838,not supplied in COCO metadata; original Flickr source linked,COCO photograph 210273; original title not supplied,bounding-box crop; per-image original license retained,http://images.cocodataset.org/val2017/000000210273.jpg,3ec23de63592c1eef86740fd46fed2cb66170fca02b695d37e6ae379dcee4355,482ce394159f90909992994dce614b287c97b25a53750cfe0109c6709be08fe1,not specified by COCO image metadata; not claimed Atyrau,2013-11-15 09:01:55
243017,515025,515025,not_available_still_image,car,3,processed/crops/243017.png,raw/images/000000515025.jpg,416.78,113.51,106.69,45.35,640,427,0,1,Attribution-NonCommercial-ShareAlike License,http://creativecommons.org/licenses/by-nc-sa/2.0/,http://farm4.staticflickr.com/3113/2454066623_2f9e111686_z.jpg,https://www.flickr.com/photo.gne?id=2454066623,not supplied in COCO metadata; original Flickr source linked,COCO photograph 515025; original title not supplied,bounding-box crop; per-image original license retained,http://images.cocodataset.org/val2017/000000515025.jpg,842bf70b9f111af1b4ad64b8451d74a2032737e6a68d224665e441413dcd7b02,b3dbd91f8679cc3a5f45ec71d9507e4c3001d22a97a90d2ba8fd60ecf6f0782a,not specified by COCO image metadata; not claimed Atyrau,2013-11-17 18:43:15
243841,301376,301376,not_available_still_image,car,3,processed/crops/243841.png,raw/images/000000301376.jpg,234.6,365.65,45.42,46.5,333,500,0,4,Attribution License,http://creativecommons.org/licenses/by/2.0/,http://farm4.staticflickr.com/3059/2718408461_4af7105d49_z.jpg,https://www.flickr.com/photo.gne?id=2718408461,not supplied in COCO metadata; original Flickr source linked,COCO photograph 301376; original title not supplied,bounding-box crop; per-image original license retained,http://images.cocodataset.org/val2017/000000301376.jpg,57ead4a94a6df986a161c014c0719b6c37b52ea2aa2246c297ec44db06eb7a2e,65464eb378e443bc21eaee99e032617dbe7276a4ba903ba855d9c33fb864435d,not specified by COCO image metadata; not claimed Atyrau,2013-11-14 22:36:36
244022,206487,206487,not_available_still_image,car,3,processed/crops/244022.png,raw/images/000000206487.jpg,408.33,280.19,56.4,40.05,640,480,0,4,Attribution License,http://creativecommons.org/licenses/by/2.0/,http://farm9.staticflickr.com/8010/7686978996_27b7fdfdbf_z.jpg,https://www.flickr.com/photo.gne?id=7686978996,not supplied in COCO metadata; original Flickr source linked,COCO photograph 206487; original title not supplied,bounding-box crop; per-image original license retained,http://images.cocodataset.org/val2017/000000206487.jpg,3df6eaf2b80be894a9909549b5177958ab932776d4e8a5843c51464710284b5f,d21c52d0da61f1f1da269c512d77f2bd22572f112b241ea5717134a79c02d244,not specified by COCO image metadata; not claimed Atyrau,2013-11-16 01:34:49
244989,65350,65350,not_available_still_image,car,3,processed/crops/244989.png,raw/images/000000065350.jpg,54.03,1.13,212.54,84.55,640,427,0,4,Attribution License,http://creativecommons.org/licenses/by/2.0/,http://farm5.staticflickr.com/4139/4869131880_ae3de10447_z.jpg,https://www.flickr.com/photo.gne?id=4869131880,not supplied in COCO metadata; original Flickr source linked,COCO photograph 65350; original title not supplied,bounding-box crop; per-image original license retained,http://images.cocodataset.org/val2017/000000065350.jpg,963a129714e3675b99b6a405a2cb46eca5678241358bb6b6bbefc3c3f1943ae0,451309f84e2490eed6e2c9247a1eb954a129118bedbc3214a28b420e1dbb5dde,not specified by COCO image metadata; not claimed Atyrau,2013-11-20 05:15:48
245050,65350,65350,not_available_still_image,car,3,processed/crops/245050.png,raw/images/000000065350.jpg,0.48,0.21,63.5,66.41,640,427,0,4,Attribution License,http://creativecommons.org/licenses/by/2.0/,http://farm5.staticflickr.com/4139/4869131880_ae3de10447_z.jpg,https://www.flickr.com/photo.gne?id=4869131880,not supplied in COCO metadata; original Flickr source linked,COCO photograph 65350; original title not supplied,bounding-box crop; per-image original license retained,http://images.cocodataset.org/val2017/000000065350.jpg,963a129714e3675b99b6a405a2cb46eca5678241358bb6b6bbefc3c3f1943ae0,c64efaf269592464f2997f432dacd399595f2143fcc4dfd04b539f00ec65b7cc,not specified by COCO image metadata; not claimed Atyrau,2013-11-20 05:15:48
247738,74256,74256,not_available_still_image,bus,6,processed/crops/247738.png,raw/images/000000074256.jpg,114.34,80.9,268.58,211.41,640,480,0,1,Attribution-NonCommercial-ShareAlike License,http://creativecommons.org/licenses/by-nc-sa/2.0/,http://farm1.staticflickr.com/206/453880431_bfd1082e3f_z.jpg,https://www.flickr.com/photo.gne?id=453880431,not supplied in COCO metadata; original Flickr source linked,COCO photograph 74256; original title not supplied,bounding-box crop; per-image original license retained,http://images.cocodataset.org/val2017/000000074256.jpg,c1a04e7a9714d78380912be1652b14a7dc8a37966f56862e4f8a633ebeda7201,2c750b8c21bc3feec0f007df1b77825a4bf966762effe2ac94b333b30b35f373,not specified by COCO image metadata; not claimed Atyrau,2013-11-24 09:22:28
247936,210273,210273,not_available_still_image,bus,6,processed/crops/247936.png,raw/images/000000210273.jpg,306.81,142.19,71.18,74.05,640,428,0,4,Attribution License,http://creativecommons.org/licenses/by/2.0/,http://farm6.staticflickr.com/5163/5336041838_1a09008014_z.jpg,https://www.flickr.com/photo.gne?id=5336041838,not supplied in COCO metadata; original Flickr source linked,COCO photograph 210273; original title not supplied,bounding-box crop; per-image original license retained,http://images.cocodataset.org/val2017/000000210273.jpg,3ec23de63592c1eef86740fd46fed2cb66170fca02b695d37e6ae379dcee4355,82fb877f563dc8edcb3732f8608792e175c921a39a0d671ab6746f34e5353851,not specified by COCO image metadata; not claimed Atyrau,2013-11-15 09:01:55
247983,445834,445834,not_available_still_image,bus,6,processed/crops/247983.png,raw/images/000000445834.jpg,157.37,17.27,397.25,360.79,640,427,0,2,Attribution-NonCommercial License,http://creativecommons.org/licenses/by-nc/2.0/,http://farm8.staticflickr.com/7188/6904138627_c6a14d355e_z.jpg,https://www.flickr.com/photo.gne?id=6904138627,not supplied in COCO metadata; original Flickr source linked,COCO photograph 445834; original title not supplied,bounding-box crop; per-image original license retained,http://images.cocodataset.org/val2017/000000445834.jpg,b054ec7280c2da3a51643e2aceb32fe81cb9d78535ad5d8e01b0caa8a3110007,ebc4257fb387b1faf2772ba2672c65e9529743fed51dd899028c78901bebe486,not specified by COCO image metadata; not claimed Atyrau,2013-11-14 16:59:58
248017,334371,334371,not_available_still_image,bus,6,processed/crops/248017.png,raw/images/000000334371.jpg,16.01,170.66,106.39,89.45,640,419,0,2,Attribution-NonCommercial License,http://creativecommons.org/licenses/by-nc/2.0/,http://farm4.staticflickr.com/3111/2894440031_7dbf4edafa_z.jpg,https://www.flickr.com/photo.gne?id=2894440031,not supplied in COCO metadata; original Flickr source linked,COCO photograph 334371; original title not supplied,bounding-box crop; per-image original license retained,http://images.cocodataset.org/val2017/000000334371.jpg,92974746d650d1562788bde333d087df29ca666662b5b35855cac1f9e62f21b8,016cf706f93a466039511e9c0ac797dea8a5829a86267d960d70d091e2aeb606,not specified by COCO image metadata; not claimed Atyrau,2013-11-16 18:14:44
248156,233771,233771,not_available_still_image,bus,6,processed/crops/248156.png,raw/images/000000233771.jpg,52.82,321.59,452.01,133.24,640,640,0,2,Attribution-NonCommercial License,http://creativecommons.org/licenses/by-nc/2.0/,http://farm2.staticflickr.com/1304/4660238513_56f3b73555_z.jpg,https://www.flickr.com/photo.gne?id=4660238513,not supplied in COCO metadata; original Flickr source linked,COCO photograph 233771; original title not supplied,bounding-box crop; per-image original license retained,http://images.cocodataset.org/val2017/000000233771.jpg,74a1c2c7bab09dd89ecda08fe54e44d2478fa1e90ac4dc8fd172226f9fdd9119,da01691a615321133a4e0ec479244ae67f982d702dfd743e246f06ac014f8658,not specified by COCO image metadata; not claimed Atyrau,2013-11-18 05:20:56
248173,334371,334371,not_available_still_image,bus,6,processed/crops/248173.png,raw/images/000000334371.jpg,416.18,205.26,129.93,86.63,640,419,0,2,Attribution-NonCommercial License,http://creativecommons.org/licenses/by-nc/2.0/,http://farm4.staticflickr.com/3111/2894440031_7dbf4edafa_z.jpg,https://www.flickr.com/photo.gne?id=2894440031,not supplied in COCO metadata; original Flickr source linked,COCO photograph 334371; original title not supplied,bounding-box crop; per-image original license retained,http://images.cocodataset.org/val2017/000000334371.jpg,92974746d650d1562788bde333d087df29ca666662b5b35855cac1f9e62f21b8,84d6119a8b17d82aca22b1d9d2d4b298c4ec8c0f48eba4cd144039a9591fd764,not specified by COCO image metadata; not claimed Atyrau,2013-11-16 18:14:44
248552,452321,452321,not_available_still_image,bus,6,processed/crops/248552.png,raw/images/000000452321.jpg,287.07,224.25,110.59,65.45,640,480,0,5,Attribution-ShareAlike License,http://creativecommons.org/licenses/by-sa/2.0/,http://farm6.staticflickr.com/5334/9618201274_317408969f_z.jpg,https://www.flickr.com/photo.gne?id=9618201274,not supplied in COCO metadata; original Flickr source linked,COCO photograph 452321; original title not supplied,bounding-box crop; per-image original license retained,http://images.cocodataset.org/val2017/000000452321.jpg,52e7facbcbf94731d50ff073c5a403aa4582a0ed068a48cab75018dda6a044cb,ec04c1e96cbeb6fb684813d280ce9b690913434e156749c9399f7dc356fe970d,not specified by COCO image metadata; not claimed Atyrau,2013-11-16 20:25:03
344336,476119,476119,not_available_still_image,car,3,processed/crops/344336.png,raw/images/000000476119.jpg,240.72,77.47,203.47,119.41,640,427,0,4,Attribution License,http://creativecommons.org/licenses/by/2.0/,http://farm8.staticflickr.com/7046/7062224927_570b4f61f7_z.jpg,https://www.flickr.com/photo.gne?id=7062224927,not supplied in COCO metadata; original Flickr source linked,COCO photograph 476119; original title not supplied,bounding-box crop; per-image original license retained,http://images.cocodataset.org/val2017/000000476119.jpg,b1e77b03b318546e0725250efdfb28a1ce24414750ae8e8c3b5097c5ffddf415,b7bbfa0c045fd5c5dcd0a31737f716e0d52f03b7cb7d45ac9feba2937cee27ab,not specified by COCO image metadata; not claimed Atyrau,2013-11-20 01:19:46
344442,157365,157365,not_available_still_image,car,3,processed/crops/344442.png,raw/images/000000157365.jpg,1.53,193.05,123.95,183.42,427,640,0,1,Attribution-NonCommercial-ShareAlike License,http://creativecommons.org/licenses/by-nc-sa/2.0/,http://farm8.staticflickr.com/7088/7395470824_97083f76e6_z.jpg,https://www.flickr.com/photo.gne?id=7395470824,not supplied in COCO metadata; original Flickr source linked,COCO photograph 157365; original title not supplied,bounding-box crop; per-image original license retained,http://images.cocodataset.org/val2017/000000157365.jpg,5cbfd4a00bec8586b5528c968a62d109e028a7ce99cd843b4862313e52934b43,d13a29ab2a836263e02b8812eb52fffe6f2fec9b076a5197e1e321e39413e42a,not specified by COCO image metadata; not claimed Atyrau,2013-11-20 01:04:19
344685,144333,144333,not_available_still_image,car,3,processed/crops/344685.png,raw/images/000000144333.jpg,3.64,132.5,269.38,140.58,426,640,0,1,Attribution-NonCommercial-ShareAlike License,http://creativecommons.org/licenses/by-nc-sa/2.0/,http://farm5.staticflickr.com/4134/4782858440_3885462451_z.jpg,https://www.flickr.com/photo.gne?id=4782858440,not supplied in COCO metadata; original Flickr source linked,COCO photograph 144333; original title not supplied,bounding-box crop; per-image original license retained,http://images.cocodataset.org/val2017/000000144333.jpg,7acabef5186a84189013c5fc859fe9e76f9507a00b20dc758d3e916d16a0f96c,31ca7ff8861d391bd3e8d43785e0fec0d575446751c9dd051c7cd78993312150,not specified by COCO image metadata; not claimed Atyrau,2013-11-14 22:58:37
344755,363188,363188,not_available_still_image,car,3,processed/crops/344755.png,raw/images/000000363188.jpg,590.03,198.92,49.97,106.42,640,425,0,1,Attribution-NonCommercial-ShareAlike License,http://creativecommons.org/licenses/by-nc-sa/2.0/,http://farm7.staticflickr.com/6104/6273496716_e3e3412551_z.jpg,https://www.flickr.com/photo.gne?id=6273496716,not supplied in COCO metadata; original Flickr source linked,COCO photograph 363188; original title not supplied,bounding-box crop; per-image original license retained,http://images.cocodataset.org/val2017/000000363188.jpg,59190452476d225d4848c3f874074340a2743456dfb95bc6e749e6b135ce862e,71a93e823615ab7d6f79f31d4b1b8762304feddcc1977e4af070d47c3a19aadf,not specified by COCO image metadata; not claimed Atyrau,2013-11-24 08:11:34
344759,414133,414133,not_available_still_image,car,3,processed/crops/344759.png,raw/images/000000414133.jpg,465.98,198.47,174.02,139.15,640,480,0,2,Attribution-NonCommercial License,http://creativecommons.org/licenses/by-nc/2.0/,http://farm6.staticflickr.com/5264/5645800004_8431283a85_z.jpg,https://www.flickr.com/photo.gne?id=5645800004,not supplied in COCO metadata; original Flickr source linked,COCO photograph 414133; original title not supplied,bounding-box crop; per-image original license retained,http://images.cocodataset.org/val2017/000000414133.jpg,e0f6ceccdafeb5578deb7876cbfaa0a19f44a19f580b7123c865a941b6e9dcee,43b80bafc9ca47a674c159732a238d2a36f01f699619a523977c1e9e1bcf1e55,not specified by COCO image metadata; not claimed Atyrau,2013-11-17 09:08:07
344800,141597,141597,not_available_still_image,car,3,processed/crops/344800.png,raw/images/000000141597.jpg,377.85,234.97,176.24,115.53,640,427,0,1,Attribution-NonCommercial-ShareAlike License,http://creativecommons.org/licenses/by-nc-sa/2.0/,http://farm2.staticflickr.com/1139/1001175021_58db3270de_z.jpg,https://www.flickr.com/photo.gne?id=1001175021,not supplied in COCO metadata; original Flickr source linked,COCO photograph 141597; original title not supplied,bounding-box crop; per-image original license retained,http://images.cocodataset.org/val2017/000000141597.jpg,25c14df824e33813379628baba9adad6a93ebc5003667a88ef3c113d74689c05,0208561efcec609b7c7b5225c57766a8284e8e4115b8de4a7e310651822d3f2f,not specified by COCO image metadata; not claimed Atyrau,2013-11-15 10:47:02
344967,499768,499768,not_available_still_image,car,3,processed/crops/344967.png,raw/images/000000499768.jpg,42.68,39.85,167.12,73.71,640,428,0,4,Attribution License,http://creativecommons.org/licenses/by/2.0/,http://farm2.staticflickr.com/1212/1463670693_c822bbd9e0_z.jpg,https://www.flickr.com/photo.gne?id=1463670693,not supplied in COCO metadata; original Flickr source linked,COCO photograph 499768; original title not supplied,bounding-box crop; per-image original license retained,http://images.cocodataset.org/val2017/000000499768.jpg,8570324bcf64969f77f938941778a8fc69ec5a8943f0945511ce4ab09bce5a3a,dc88cbb1d56fac5d04228e9ad04a1937641ce237f15f122b682ccd277bfb823c,not specified by COCO image metadata; not claimed Atyrau,2013-11-16 22:09:22
345187,289938,289938,not_available_still_image,car,3,processed/crops/345187.png,raw/images/000000289938.jpg,575.21,214.55,64.79,62.36,640,426,0,1,Attribution-NonCommercial-ShareAlike License,http://creativecommons.org/licenses/by-nc-sa/2.0/,http://farm9.staticflickr.com/8481/8166884831_fd9c86108c_z.jpg,https://www.flickr.com/photo.gne?id=8166884831,not supplied in COCO metadata; original Flickr source linked,COCO photograph 289938; original title not supplied,bounding-box crop; per-image original license retained,http://images.cocodataset.org/val2017/000000289938.jpg,f6c60eada61cc6c2358599ba213e8c196eb37ce4a3bd12fdfb10932e524233cb,a87852fef2da265a07cf93839ab1d1009cd0f55c18868a243632dfd51e18c01b,not specified by COCO image metadata; not claimed Atyrau,2013-11-20 08:12:24
345550,376284,376284,not_available_still_image,car,3,processed/crops/345550.png,raw/images/000000376284.jpg,37.33,46.74,59.73,73.17,500,333,0,1,Attribution-NonCommercial-ShareAlike License,http://creativecommons.org/licenses/by-nc-sa/2.0/,http://farm3.staticflickr.com/2056/1734699920_7e194ec591_z.jpg,https://www.flickr.com/photo.gne?id=1734699920,not supplied in COCO metadata; original Flickr source linked,COCO photograph 376284; original title not supplied,bounding-box crop; per-image original license retained,http://images.cocodataset.org/val2017/000000376284.jpg,eb6f932ea8c4865107c802e4a9d23730d0991f6c869b63f8f314471c42f83eb2,6c237695a0a3a04c8a0ed01bef4a2ba388a03b04e54050dd6b5852ab3569d68a,not specified by COCO image metadata; not claimed Atyrau,2013-11-15 05:48:38
345791,417779,417779,not_available_still_image,car,3,processed/crops/345791.png,raw/images/000000417779.jpg,199.94,100.62,57.61,43.68,640,480,0,1,Attribution-NonCommercial-ShareAlike License,http://creativecommons.org/licenses/by-nc-sa/2.0/,http://farm2.staticflickr.com/1350/1484121641_4876770b31_z.jpg,https://www.flickr.com/photo.gne?id=1484121641,not supplied in COCO metadata; original Flickr source linked,COCO photograph 417779; original title not supplied,bounding-box crop; per-image original license retained,http://images.cocodataset.org/val2017/000000417779.jpg,a7b3cb4fedaf10a1b16043a9ab11d562538dec26ef555cb3525ac763fda9b22b,a0f84a27f5e2f4f0fa044a63c7ae5bab9efaf0679bfec4d93daf45c9bbba9177,not specified by COCO image metadata; not claimed Atyrau,2013-11-16 23:26:17
345852,283318,283318,not_available_still_image,car,3,processed/crops/345852.png,raw/images/000000283318.jpg,479.79,276.33,100.56,75.32,640,427,0,1,Attribution-NonCommercial-ShareAlike License,http://creativecommons.org/licenses/by-nc-sa/2.0/,http://farm1.staticflickr.com/42/122162055_4ca3dd3014_z.jpg,https://www.flickr.com/photo.gne?id=122162055,not supplied in COCO metadata; original Flickr source linked,COCO photograph 283318; original title not supplied,bounding-box crop; per-image original license retained,http://images.cocodataset.org/val2017/000000283318.jpg,4b94d49605715fe88957ac8838ba58746a9082d5beee2928429f4bda101477ee,3e32a94a054cd52536f8e433290e43fb5c8c44e74ad5ea80d2c8c4d0540f5911,not specified by COCO image metadata; not claimed Atyrau,2013-11-17 01:41:21
346013,283037,283037,not_available_still_image,car,3,processed/crops/346013.png,raw/images/000000283037.jpg,0.77,357.03,92.03,90.44,427,640,0,1,Attribution-NonCommercial-ShareAlike License,http://creativecommons.org/licenses/by-nc-sa/2.0/,http://farm1.staticflickr.com/168/436562444_d724afa60c_z.jpg,https://www.flickr.com/photo.gne?id=436562444,not supplied in COCO metadata; original Flickr source linked,COCO photograph 283037; original title not supplied,bounding-box crop; per-image original license retained,http://images.cocodataset.org/val2017/000000283037.jpg,468c710d83cdc6db7be6b4a2c0902d2e02aeba6dc364f214a7dcb8bc85c441d4,3cdd23e7d72d9abf891ed6e7206b000e95e02b380211fee3aa0f4227f1f237df,not specified by COCO image metadata; not claimed Atyrau,2013-11-16 18:19:56
346032,297681,297681,not_available_still_image,car,3,processed/crops/346032.png,raw/images/000000297681.jpg,404.26,284.94,128.46,48.95,640,433,0,1,Attribution-NonCommercial-ShareAlike License,http://creativecommons.org/licenses/by-nc-sa/2.0/,http://farm5.staticflickr.com/4079/4881539780_02c394dd34_z.jpg,https://www.flickr.com/photo.gne?id=4881539780,not supplied in COCO metadata; original Flickr source linked,COCO photograph 297681; original title not supplied,bounding-box crop; per-image original license retained,http://images.cocodataset.org/val2017/000000297681.jpg,854a1a8c19dd9a428efd4fb35900b48f2606cf784238883cf0ae9ca1a0eaf0e4,b776b43385492381ae1f484ec2089d190025539a803d3ea9ae2f04ac089f3093,not specified by COCO image metadata; not claimed Atyrau,2013-11-17 02:17:38
346188,376284,376284,not_available_still_image,car,3,processed/crops/346188.png,raw/images/000000376284.jpg,71.41,26.87,182.66,116.52,500,333,0,1,Attribution-NonCommercial-ShareAlike License,http://creativecommons.org/licenses/by-nc-sa/2.0/,http://farm3.staticflickr.com/2056/1734699920_7e194ec591_z.jpg,https://www.flickr.com/photo.gne?id=1734699920,not supplied in COCO metadata; original Flickr source linked,COCO photograph 376284; original title not supplied,bounding-box crop; per-image original license retained,http://images.cocodataset.org/val2017/000000376284.jpg,eb6f932ea8c4865107c802e4a9d23730d0991f6c869b63f8f314471c42f83eb2,e801e1e1f2aa598a1d83d36a8513c7a6d4808054ae62a7dab762afe75ee6388b,not specified by COCO image metadata; not claimed Atyrau,2013-11-15 05:48:38
346193,89556,89556,not_available_still_image,car,3,processed/crops/346193.png,raw/images/000000089556.jpg,294.36,156.5,124.23,70.58,640,480,0,4,Attribution License,http://creativecommons.org/licenses/by/2.0/,http://farm7.staticflickr.com/6093/6210323230_57fab50c4b_z.jpg,https://www.flickr.com/photo.gne?id=6210323230,not supplied in COCO metadata; original Flickr source linked,COCO photograph 89556; original title not supplied,bounding-box crop; per-image original license retained,http://images.cocodataset.org/val2017/000000089556.jpg,b78eb0eb1250b86210658687ff5063428e0cbff2858d4e07d8dee107ae1964f8,94a31097f625ec86921c84e7aa22499a4f5d49d9b87e9b603ef6805fa1cba428,not specified by COCO image metadata; not claimed Atyrau,2013-11-15 05:44:24
346281,171382,171382,not_available_still_image,car,3,processed/crops/346281.png,raw/images/000000171382.jpg,262.35,184.1,179.62,65.13,640,426,0,5,Attribution-ShareAlike License,http://creativecommons.org/licenses/by-sa/2.0/,http://farm4.staticflickr.com/3401/4572932047_8619a2bfac_z.jpg,https://www.flickr.com/photo.gne?id=4572932047,not supplied in COCO metadata; original Flickr source linked,COCO photograph 171382; original title not supplied,bounding-box crop; per-image original license retained,http://images.cocodataset.org/val2017/000000171382.jpg,f96faf8870853b0f11e2746eb86cb0dbc7e34c1b4903e3d912aa857002ef9bf3,bfd27539dd95908fbeaed0b85ae0bd06af0f490b065985b7982483956b2176d7,not specified by COCO image metadata; not claimed Atyrau,2013-11-20 05:53:49
346467,157928,157928,not_available_still_image,car,3,processed/crops/346467.png,raw/images/000000157928.jpg,0.0,99.48,108.92,147.89,640,480,0,2,Attribution-NonCommercial License,http://creativecommons.org/licenses/by-nc/2.0/,http://farm8.staticflickr.com/7013/6787196535_776c956d40_z.jpg,https://www.flickr.com/photo.gne?id=6787196535,not supplied in COCO metadata; original Flickr source linked,COCO photograph 157928; original title not supplied,bounding-box crop; per-image original license retained,http://images.cocodataset.org/val2017/000000157928.jpg,9f3b22d40647c37afbd9f45e010a139b77d0cbe6ccb000d3d718227bac5e42ef,8e422d3381d5e6450ed591bd9060ad6ebf37c6582dd7f068dd374f479ca365f0,not specified by COCO image metadata; not claimed Atyrau,2013-11-19 21:30:39
346834,192716,192716,not_available_still_image,car,3,processed/crops/346834.png,raw/images/000000192716.jpg,0.0,589.23,55.52,49.6,518,640,0,2,Attribution-NonCommercial License,http://creativecommons.org/licenses/by-nc/2.0/,http://farm4.staticflickr.com/3674/9012908466_2b84e6d18e_z.jpg,https://www.flickr.com/photo.gne?id=9012908466,not supplied in COCO metadata; original Flickr source linked,COCO photograph 192716; original title not supplied,bounding-box crop; per-image original license retained,http://images.cocodataset.org/val2017/000000192716.jpg,9a3223f94d7aaf079d3831b10c07ee5a84f36071c55c633394dd5c93a67c9c07,b3c30b1d365442d30828ad336bce601ac6912356e76c3de84b35f8f964e1d8d4,not specified by COCO image metadata; not claimed Atyrau,2013-11-17 08:55:12
346895,350148,350148,not_available_still_image,car,3,processed/crops/346895.png,raw/images/000000350148.jpg,338.8,131.31,103.62,52.13,480,640,0,4,Attribution License,http://creativecommons.org/licenses/by/2.0/,http://farm4.staticflickr.com/3434/3275441569_eee9434daf_z.jpg,https://www.flickr.com/photo.gne?id=3275441569,not supplied in COCO metadata; original Flickr source linked,COCO photograph 350148; original title not supplied,bounding-box crop; per-image original license retained,http://images.cocodataset.org/val2017/000000350148.jpg,887b3caf92b74588d54005ebdf8dfbf925af064c64fb0c6ca64549b121684b46,d30458cb9dd3941ef773f330c61e2185e41bb61c57576c99cc16de8b8cf06648,not specified by COCO image metadata; not claimed Atyrau,2013-11-20 01:38:20
346929,204871,204871,not_available_still_image,car,3,processed/crops/346929.png,raw/images/000000204871.jpg,371.62,111.56,84.27,81.5,612,612,0,1,Attribution-NonCommercial-ShareAlike License,http://creativecommons.org/licenses/by-nc-sa/2.0/,http://farm9.staticflickr.com/8352/8301686238_c8f6ee0544_z.jpg,https://www.flickr.com/photo.gne?id=8301686238,not supplied in COCO metadata; original Flickr source linked,COCO photograph 204871; original title not supplied,bounding-box crop; per-image original license retained,http://images.cocodataset.org/val2017/000000204871.jpg,f471e48c808ea689a1e3a4a1214bc03e81a95195146b0c42601dbd6eaa006c89,28c9f0aeec4bb6f64723b0abd044c9ede9afc16669f38cf43bc44aa816d78510,not specified by COCO image metadata; not claimed Atyrau,2013-11-16 22:31:12
346962,98392,98392,not_available_still_image,car,3,processed/crops/346962.png,raw/images/000000098392.jpg,244.19,516.38,235.81,123.62,480,640,0,4,Attribution License,http://creativecommons.org/licenses/by/2.0/,http://farm3.staticflickr.com/2502/4159425709_43b95a16d7_z.jpg,https://www.flickr.com/photo.gne?id=4159425709,not supplied in COCO metadata; original Flickr source linked,COCO photograph 98392; original title not supplied,bounding-box crop; per-image original license retained,http://images.cocodataset.org/val2017/000000098392.jpg,c976adf7599725c1bab7fbae692611501e7a33fb5e182c3e301f985205340ecf,3faa5be0779381bb29365abe6e98199ac488e25cc608f444f8b06652a33e5cff,not specified by COCO image metadata; not claimed Atyrau,2013-11-16 17:30:52
347045,354829,354829,not_available_still_image,car,3,processed/crops/347045.png,raw/images/000000354829.jpg,81.74,84.27,289.89,154.21,500,375,0,1,Attribution-NonCommercial-ShareAlike License,http://creativecommons.org/licenses/by-nc-sa/2.0/,http://farm1.staticflickr.com/5/7213514_c15cc3c285_z.jpg,https://www.flickr.com/photo.gne?id=7213514,not supplied in COCO metadata; original Flickr source linked,COCO photograph 354829; original title not supplied,bounding-box crop; per-image original license retained,http://images.cocodataset.org/val2017/000000354829.jpg,f8aec0d916d028160154b1cbcad21339322d355ba37c6b588f6110778465923a,1066110540899c75786a91a6c70d5c909489a34629cc58bcd94ce0407c4c2790,not specified by COCO image metadata; not claimed Atyrau,2013-11-16 23:36:39
347138,293071,293071,not_available_still_image,car,3,processed/crops/347138.png,raw/images/000000293071.jpg,0.2,153.33,90.5,66.02,335,500,0,4,Attribution License,http://creativecommons.org/licenses/by/2.0/,http://farm1.staticflickr.com/199/466347034_10b9e3efe4_z.jpg,https://www.flickr.com/photo.gne?id=466347034,not supplied in COCO metadata; original Flickr source linked,COCO photograph 293071; original title not supplied,bounding-box crop; per-image original license retained,http://images.cocodataset.org/val2017/000000293071.jpg,20f701233b0235e3f6e31e11c8b4364c1aedd954a5fc7d2d5610aaa8318d0528,f007f51cd1b47ea4968caea7b50dae87585e023c47c1d5b2844eb6f6ee2538a0,not specified by COCO image metadata; not claimed Atyrau,2013-11-16 22:12:21
347459,227511,227511,not_available_still_image,car,3,processed/crops/347459.png,raw/images/000000227511.jpg,65.73,286.89,160.49,88.11,500,375,0,4,Attribution License,http://creativecommons.org/licenses/by/2.0/,http://farm4.staticflickr.com/3035/2569060763_a6f46a570d_z.jpg,https://www.flickr.com/photo.gne?id=2569060763,not supplied in COCO metadata; original Flickr source linked,COCO photograph 227511; original title not supplied,bounding-box crop; per-image original license retained,http://images.cocodataset.org/val2017/000000227511.jpg,9fc4da31a5388bb29c1348ba37e139af14e63eba2d39bfd07d48756df87912cb,927d66aaa31890996de95b32def204f917f49ad984ff3815ed1ffc6cdb29bf98,not specified by COCO image metadata; not claimed Atyrau,2013-11-15 05:55:54
347629,287291,287291,not_available_still_image,car,3,processed/crops/347629.png,raw/images/000000287291.jpg,0.0,225.84,128.93,144.95,500,375,0,2,Attribution-NonCommercial License,http://creativecommons.org/licenses/by-nc/2.0/,http://farm4.staticflickr.com/3326/3259041418_48c260317a_z.jpg,https://www.flickr.com/photo.gne?id=3259041418,not supplied in COCO metadata; original Flickr source linked,COCO photograph 287291; original title not supplied,bounding-box crop; per-image original license retained,http://images.cocodataset.org/val2017/000000287291.jpg,e6dfa7707e0369473b6ac5d90377963b4d92042f0fe68b238cb01ee3d93c8118,4c2c54bdb2b3ecf7ed6f7407000e0b0934b636b9a78d59a8c81b56f34fb1fde9,not specified by COCO image metadata; not claimed Atyrau,2013-11-16 17:08:17
347788,215723,215723,not_available_still_image,car,3,processed/crops/347788.png,raw/images/000000215723.jpg,1.08,97.08,638.92,377.53,640,480,0,2,Attribution-NonCommercial License,http://creativecommons.org/licenses/by-nc/2.0/,http://farm3.staticflickr.com/2794/4366396806_83e920de19_z.jpg,https://www.flickr.com/photo.gne?id=4366396806,not supplied in COCO metadata; original Flickr source linked,COCO photograph 215723; original title not supplied,bounding-box crop; per-image original license retained,http://images.cocodataset.org/val2017/000000215723.jpg,20e15853e22f5d69312b821e846671af204a12dc24631bc46f4ef8e72da19be7,52b6d03e5d4da20a3db8dd64f846fc48f12eddb9a2e8b3f07c926f3a34a27245,not specified by COCO image metadata; not claimed Atyrau,2013-11-16 14:38:10
347918,293071,293071,not_available_still_image,car,3,processed/crops/347918.png,raw/images/000000293071.jpg,73.45,148.9,208.3,82.19,335,500,0,4,Attribution License,http://creativecommons.org/licenses/by/2.0/,http://farm1.staticflickr.com/199/466347034_10b9e3efe4_z.jpg,https://www.flickr.com/photo.gne?id=466347034,not supplied in COCO metadata; original Flickr source linked,COCO photograph 293071; original title not supplied,bounding-box crop; per-image original license retained,http://images.cocodataset.org/val2017/000000293071.jpg,20f701233b0235e3f6e31e11c8b4364c1aedd954a5fc7d2d5610aaa8318d0528,03e31d371a19b818db792171f10550fcd3047ddf9f51f18ba7b8fde0e0f951a3,not specified by COCO image metadata; not claimed Atyrau,2013-11-16 22:12:21
347982,439623,439623,not_available_still_image,car,3,processed/crops/347982.png,raw/images/000000439623.jpg,73.68,148.63,329.22,175.14,480,640,0,1,Attribution-NonCommercial-ShareAlike License,http://creativecommons.org/licenses/by-nc-sa/2.0/,http://farm5.staticflickr.com/4122/4778652256_33e264bef6_z.jpg,https://www.flickr.com/photo.gne?id=4778652256,not supplied in COCO metadata; original Flickr source linked,COCO photograph 439623; original title not supplied,bounding-box crop; per-image original license retained,http://images.cocodataset.org/val2017/000000439623.jpg,5e1c869e6d688c942b73cb143b181f0a616435024dd3be44641d549527dea2be,a6e222d964313446d53c0ef022c594d6385392bd66bb673514f3172fe7c44e72,not specified by COCO image metadata; not claimed Atyrau,2013-11-16 20:38:46
348077,166664,166664,not_available_still_image,car,3,processed/crops/348077.png,raw/images/000000166664.jpg,0.0,144.34,137.96,282.66,640,427,0,1,Attribution-NonCommercial-ShareAlike License,http://creativecommons.org/licenses/by-nc-sa/2.0/,http://farm8.staticflickr.com/7114/7548238532_a0ed74f2dd_z.jpg,https://www.flickr.com/photo.gne?id=7548238532,not supplied in COCO metadata; original Flickr source linked,COCO photograph 166664; original title not supplied,bounding-box crop; per-image original license retained,http://images.cocodataset.org/val2017/000000166664.jpg,36f607358c9e9dcd1a9c50a0cef18356d6b04d6d4924a22114b8ca1613219bdd,62008f15ea46ba048901c5127ef02d9ce1bbffdb9e3f0bf8d3ef0a18958e1836,not specified by COCO image metadata; not claimed Atyrau,2013-11-18 02:07:35
348329,84170,84170,not_available_still_image,car,3,processed/crops/348329.png,raw/images/000000084170.jpg,132.29,261.12,97.96,76.02,640,480,0,4,Attribution License,http://creativecommons.org/licenses/by/2.0/,http://farm9.staticflickr.com/8190/8134254727_0b28cabe93_z.jpg,https://www.flickr.com/photo.gne?id=8134254727,not supplied in COCO metadata; original Flickr source linked,COCO photograph 84170; original title not supplied,bounding-box crop; per-image original license retained,http://images.cocodataset.org/val2017/000000084170.jpg,74de1d85ded730e719dbf35407dc4160976d9da86f2b310f8df6bb388586afa3,8674b1482313c5779a0a32ac975198cbd799f7997f2bb027c47bfa563596063d,not specified by COCO image metadata; not claimed Atyrau,2013-11-17 00:36:46
348515,26926,26926,not_available_still_image,car,3,processed/crops/348515.png,raw/images/000000026926.jpg,61.03,187.51,76.02,43.05,423,640,0,1,Attribution-NonCommercial-ShareAlike License,http://creativecommons.org/licenses/by-nc-sa/2.0/,http://farm4.staticflickr.com/3293/2799068320_646e3d9b08_z.jpg,https://www.flickr.com/photo.gne?id=2799068320,not supplied in COCO metadata; original Flickr source linked,COCO photograph 26926; original title not supplied,bounding-box crop; per-image original license retained,http://images.cocodataset.org/val2017/000000026926.jpg,7126855b6fe8548a6b9da18d8424f803c0eeb37deb3f5764f95f4d60d1915b37,5b981722ee6d1f27ef5f3cf39518f9701bf326bd52bda9d32bfaf168201ce78e,not specified by COCO image metadata; not claimed Atyrau,2013-11-16 23:19:58
348568,283318,283318,not_available_still_image,car,3,processed/crops/348568.png,raw/images/000000283318.jpg,467.34,273.71,49.94,57.14,640,427,0,1,Attribution-NonCommercial-ShareAlike License,http://creativecommons.org/licenses/by-nc-sa/2.0/,http://farm1.staticflickr.com/42/122162055_4ca3dd3014_z.jpg,https://www.flickr.com/photo.gne?id=122162055,not supplied in COCO metadata; original Flickr source linked,COCO photograph 283318; original title not supplied,bounding-box crop; per-image original license retained,http://images.cocodataset.org/val2017/000000283318.jpg,4b94d49605715fe88957ac8838ba58746a9082d5beee2928429f4bda101477ee,b0a35b9927f199da988edbe4410ebfb7f7b34b65c1ffc2616cc8380505b6dd6e,not specified by COCO image metadata; not claimed Atyrau,2013-11-17 01:41:21
348703,171382,171382,not_available_still_image,car,3,processed/crops/348703.png,raw/images/000000171382.jpg,0.0,175.45,275.42,101.97,640,426,0,5,Attribution-ShareAlike License,http://creativecommons.org/licenses/by-sa/2.0/,http://farm4.staticflickr.com/3401/4572932047_8619a2bfac_z.jpg,https://www.flickr.com/photo.gne?id=4572932047,not supplied in COCO metadata; original Flickr source linked,COCO photograph 171382; original title not supplied,bounding-box crop; per-image original license retained,http://images.cocodataset.org/val2017/000000171382.jpg,f96faf8870853b0f11e2746eb86cb0dbc7e34c1b4903e3d912aa857002ef9bf3,175fb8059c74351f171b1a4fb4d5bdfeb78bdc855c5979a3e3995df9193644ed,not specified by COCO image metadata; not claimed Atyrau,2013-11-20 05:53:49
348803,157365,157365,not_available_still_image,car,3,processed/crops/348803.png,raw/images/000000157365.jpg,208.86,160.86,74.11,73.35,427,640,0,1,Attribution-NonCommercial-ShareAlike License,http://creativecommons.org/licenses/by-nc-sa/2.0/,http://farm8.staticflickr.com/7088/7395470824_97083f76e6_z.jpg,https://www.flickr.com/photo.gne?id=7395470824,not supplied in COCO metadata; original Flickr source linked,COCO photograph 157365; original title not supplied,bounding-box crop; per-image original license retained,http://images.cocodataset.org/val2017/000000157365.jpg,5cbfd4a00bec8586b5528c968a62d109e028a7ce99cd843b4862313e52934b43,4571317f5b0131171b8a1e1aedb27e688281e08b8060ee4117784b292e7b2cdf,not specified by COCO image metadata; not claimed Atyrau,2013-11-20 01:04:19
349037,192716,192716,not_available_still_image,car,3,processed/crops/349037.png,raw/images/000000192716.jpg,137.81,595.39,96.3,44.61,518,640,0,2,Attribution-NonCommercial License,http://creativecommons.org/licenses/by-nc/2.0/,http://farm4.staticflickr.com/3674/9012908466_2b84e6d18e_z.jpg,https://www.flickr.com/photo.gne?id=9012908466,not supplied in COCO metadata; original Flickr source linked,COCO photograph 192716; original title not supplied,bounding-box crop; per-image original license retained,http://images.cocodataset.org/val2017/000000192716.jpg,9a3223f94d7aaf079d3831b10c07ee5a84f36071c55c633394dd5c93a67c9c07,286646275afda836e6941945da329b35b331a1e8c3934bd85935d9cde580ab0d,not specified by COCO image metadata; not claimed Atyrau,2013-11-17 08:55:12
349084,439623,439623,not_available_still_image,car,3,processed/crops/349084.png,raw/images/000000439623.jpg,356.91,178.24,70.5,53.01,480,640,0,1,Attribution-NonCommercial-ShareAlike License,http://creativecommons.org/licenses/by-nc-sa/2.0/,http://farm5.staticflickr.com/4122/4778652256_33e264bef6_z.jpg,https://www.flickr.com/photo.gne?id=4778652256,not supplied in COCO metadata; original Flickr source linked,COCO photograph 439623; original title not supplied,bounding-box crop; per-image original license retained,http://images.cocodataset.org/val2017/000000439623.jpg,5e1c869e6d688c942b73cb143b181f0a616435024dd3be44641d549527dea2be,18202a411ec8e63c74b0eb89bd9d09f04c8a8ca6230bdb58186b3fe7e41e3c45,not specified by COCO image metadata; not claimed Atyrau,2013-11-16 20:38:46
349129,245320,245320,not_available_still_image,car,3,processed/crops/349129.png,raw/images/000000245320.jpg,365.76,245.0,57.59,66.35,424,640,0,1,Attribution-NonCommercial-ShareAlike License,http://creativecommons.org/licenses/by-nc-sa/2.0/,http://farm4.staticflickr.com/3660/3603969527_fef85e1577_z.jpg,https://www.flickr.com/photo.gne?id=3603969527,not supplied in COCO metadata; original Flickr source linked,COCO photograph 245320; original title not supplied,bounding-box crop; per-image original license retained,http://images.cocodataset.org/val2017/000000245320.jpg,944c7222b6da847bba576d9999bc80c163da56cd08d4c77374c1169ee04e810d,3f332d0ea11a018952ba922e2b018a95b8c6ff15b80ed02afc7d28b01f882c31,not specified by COCO image metadata; not claimed Atyrau,2013-11-20 07:57:01
349173,394510,394510,not_available_still_image,car,3,processed/crops/349173.png,raw/images/000000394510.jpg,0.01,0.0,362.55,198.31,640,480,0,1,Attribution-NonCommercial-ShareAlike License,http://creativecommons.org/licenses/by-nc-sa/2.0/,http://farm4.staticflickr.com/3195/2948181016_7cbbeeafab_z.jpg,https://www.flickr.com/photo.gne?id=2948181016,not supplied in COCO metadata; original Flickr source linked,COCO photograph 394510; original title not supplied,bounding-box crop; per-image original license retained,http://images.cocodataset.org/val2017/000000394510.jpg,6ea16e5b77365fccc9a12ce7e5f9eb3182c580cefc7ee0a5cb29238d24106349,c7463f5afb62507568b19db4eae082948420593c9113123d0678d1b192440610,not specified by COCO image metadata; not claimed Atyrau,2013-11-20 10:32:57
349189,157365,157365,not_available_still_image,car,3,processed/crops/349189.png,raw/images/000000157365.jpg,2.83,171.85,108.28,70.41,427,640,0,1,Attribution-NonCommercial-ShareAlike License,http://creativecommons.org/licenses/by-nc-sa/2.0/,http://farm8.staticflickr.com/7088/7395470824_97083f76e6_z.jpg,https://www.flickr.com/photo.gne?id=7395470824,not supplied in COCO metadata; original Flickr source linked,COCO photograph 157365; original title not supplied,bounding-box crop; per-image original license retained,http://images.cocodataset.org/val2017/000000157365.jpg,5cbfd4a00bec8586b5528c968a62d109e028a7ce99cd843b4862313e52934b43,6d5cfaaf444a374dba9d5b22c214aa728073da7d21cc23a61a3463c802a7d968,not specified by COCO image metadata; not claimed Atyrau,2013-11-20 01:04:19
349275,9891,9891,not_available_still_image,car,3,processed/crops/349275.png,raw/images/000000009891.jpg,284.76,79.89,355.24,220.05,640,480,0,1,Attribution-NonCommercial-ShareAlike License,http://creativecommons.org/licenses/by-nc-sa/2.0/,http://farm4.staticflickr.com/3270/3057687916_b9f0810501_z.jpg,https://www.flickr.com/photo.gne?id=3057687916,not supplied in COCO metadata; original Flickr source linked,COCO photograph 9891; original title not supplied,bounding-box crop; per-image original license retained,http://images.cocodataset.org/val2017/000000009891.jpg,dc8292c102663e64a5fcf7477e8ab5f5289660099817e7d52f40e3918784dc0e,592a71ceca884121208b5faed0b9f6fcde8a99b74f449ebf3036423147740984,not specified by COCO image metadata; not claimed Atyrau,2013-11-18 11:16:03
349280,213255,213255,not_available_still_image,car,3,processed/crops/349280.png,raw/images/000000213255.jpg,192.26,135.79,153.07,83.68,480,640,0,4,Attribution License,http://creativecommons.org/licenses/by/2.0/,http://farm3.staticflickr.com/2021/2521020235_f252d7108f_z.jpg,https://www.flickr.com/photo.gne?id=2521020235,not supplied in COCO metadata; original Flickr source linked,COCO photograph 213255; original title not supplied,bounding-box crop; per-image original license retained,http://images.cocodataset.org/val2017/000000213255.jpg,536b78fa08534eb0778e58838065ba773fe8751dd87c13bf070f726affaab6e0,021099f622f04968e36878a52ca3cd2d0f38160f3084f28c0f552b28aa182ee6,not specified by COCO image metadata; not claimed Atyrau,2013-11-20 11:55:18
349372,196141,196141,not_available_still_image,car,3,processed/crops/349372.png,raw/images/000000196141.jpg,76.41,62.29,74.02,43.28,640,429,0,1,Attribution-NonCommercial-ShareAlike License,http://creativecommons.org/licenses/by-nc-sa/2.0/,http://farm4.staticflickr.com/3310/3611902235_57d4ae496d_z.jpg,https://www.flickr.com/photo.gne?id=3611902235,not supplied in COCO metadata; original Flickr source linked,COCO photograph 196141; original title not supplied,bounding-box crop; per-image original license retained,http://images.cocodataset.org/val2017/000000196141.jpg,8e66c7dd60fe81fb0eae99314eb5e6c191e53f739760fa36ae7ba56f10115814,62f3408883c6e01b8d1aec65f5d2676f010623f79fd13b5a5ca869c45399b9e9,not specified by COCO image metadata; not claimed Atyrau,2013-11-22 22:37:15
349470,74058,74058,not_available_still_image,car,3,processed/crops/349470.png,raw/images/000000074058.jpg,583.67,207.03,56.33,141.18,640,427,0,2,Attribution-NonCommercial License,http://creativecommons.org/licenses/by-nc/2.0/,http://farm3.staticflickr.com/2673/3853738920_ac4ae553f7_z.jpg,https://www.flickr.com/photo.gne?id=3853738920,not supplied in COCO metadata; original Flickr source linked,COCO photograph 74058; original title not supplied,bounding-box crop; per-image original license retained,http://images.cocodataset.org/val2017/000000074058.jpg,a619c4064a1a9af3f0d3c20abee5dc8bb05edda1ec0b240e28fb823b4fd9d204,554cfe4848b6b4077ae46974390db7c377fce33c8d73b53d9ca7b24f9ed3be89,not specified by COCO image metadata; not claimed Atyrau,2013-11-15 00:43:40
349474,141597,141597,not_available_still_image,car,3,processed/crops/349474.png,raw/images/000000141597.jpg,544.86,243.03,72.16,86.74,640,427,0,1,Attribution-NonCommercial-ShareAlike License,http://creativecommons.org/licenses/by-nc-sa/2.0/,http://farm2.staticflickr.com/1139/1001175021_58db3270de_z.jpg,https://www.flickr.com/photo.gne?id=1001175021,not supplied in COCO metadata; original Flickr source linked,COCO photograph 141597; original title not supplied,bounding-box crop; per-image original license retained,http://images.cocodataset.org/val2017/000000141597.jpg,25c14df824e33813379628baba9adad6a93ebc5003667a88ef3c113d74689c05,a14d845f6a0b256b2db495b8e0fc012591124d940ecc36e49830cc732e7b320e,not specified by COCO image metadata; not claimed Atyrau,2013-11-15 10:47:02
349593,242411,242411,not_available_still_image,car,3,processed/crops/349593.png,raw/images/000000242411.jpg,276.45,598.87,147.55,41.13,424,640,0,1,Attribution-NonCommercial-ShareAlike License,http://creativecommons.org/licenses/by-nc-sa/2.0/,http://farm8.staticflickr.com/7131/7673156942_ba0b13c31a_z.jpg,https://www.flickr.com/photo.gne?id=7673156942,not supplied in COCO metadata; original Flickr source linked,COCO photograph 242411; original title not supplied,bounding-box crop; per-image original license retained,http://images.cocodataset.org/val2017/000000242411.jpg,758c1fb8f4dd4add47472a751b81fd01de2f0b0ff3f9c4e7bb6b749e45eacf62,5e95bfd8528cc2a77bfaa512d3ebdd1230b8e73b1a8d8f6406877f352389c8bd,not specified by COCO image metadata; not claimed Atyrau,2013-11-24 15:43:15
349746,191013,191013,not_available_still_image,car,3,processed/crops/349746.png,raw/images/000000191013.jpg,305.48,551.47,133.53,60.7,474,640,0,5,Attribution-ShareAlike License,http://creativecommons.org/licenses/by-sa/2.0/,http://farm9.staticflickr.com/8057/8193281147_81461e9773_z.jpg,https://www.flickr.com/photo.gne?id=8193281147,not supplied in COCO metadata; original Flickr source linked,COCO photograph 191013; original title not supplied,bounding-box crop; per-image original license retained,http://images.cocodataset.org/val2017/000000191013.jpg,c630ba727a128d2e4d42c4498bd9b7e50d7564c23905925865186bbb529c37b3,20aa67167c38fdd2e2787fb205ddc336490353c11ef1177e3ac4a1a7d2b0ee01,not specified by COCO image metadata; not claimed Atyrau,2013-11-24 15:14:15
350088,526392,526392,not_available_still_image,car,3,processed/crops/350088.png,raw/images/000000526392.jpg,38.91,172.11,136.2,157.15,500,333,0,2,Attribution-NonCommercial License,http://creativecommons.org/licenses/by-nc/2.0/,http://farm2.staticflickr.com/1368/1475092316_af874718c0_z.jpg,https://www.flickr.com/photo.gne?id=1475092316,not supplied in COCO metadata; original Flickr source linked,COCO photograph 526392; original title not supplied,bounding-box crop; per-image original license retained,http://images.cocodataset.org/val2017/000000526392.jpg,e5d5df3b0b7203eb60aa9c605a658cb026d1f6825edebda3dc6c86665724bdc2,4e49c2f14d1e7b988ee329e366532debd6716b4add8f46aa1d8ee7fe5fadcc76,not specified by COCO image metadata; not claimed Atyrau,2013-11-16 19:26:03
350281,269942,269942,not_available_still_image,car,3,processed/crops/350281.png,raw/images/000000269942.jpg,92.42,460.03,59.42,48.89,480,640,0,1,Attribution-NonCommercial-ShareAlike License,http://creativecommons.org/licenses/by-nc-sa/2.0/,http://farm2.staticflickr.com/1253/774916131_16eff6059e_z.jpg,https://www.flickr.com/photo.gne?id=774916131,not supplied in COCO metadata; original Flickr source linked,COCO photograph 269942; original title not supplied,bounding-box crop; per-image original license retained,http://images.cocodataset.org/val2017/000000269942.jpg,b0185e227082a1aa4406912643dcd320ae48e6713ab2bdeae35566f1597a9e31,c3442a073a3deaa871f2717d6f3831a90d55130e1267e226356eaffbf1ca0f19,not specified by COCO image metadata; not claimed Atyrau,2013-11-16 17:44:24
350385,84170,84170,not_available_still_image,car,3,processed/crops/350385.png,raw/images/000000084170.jpg,82.56,263.26,59.24,40.55,640,480,0,4,Attribution License,http://creativecommons.org/licenses/by/2.0/,http://farm9.staticflickr.com/8190/8134254727_0b28cabe93_z.jpg,https://www.flickr.com/photo.gne?id=8134254727,not supplied in COCO metadata; original Flickr source linked,COCO photograph 84170; original title not supplied,bounding-box crop; per-image original license retained,http://images.cocodataset.org/val2017/000000084170.jpg,74de1d85ded730e719dbf35407dc4160976d9da86f2b310f8df6bb388586afa3,762e9f6c227f0a67858142f1f39d5f8f11d69c73148a6543bb0f6e30a102c278,not specified by COCO image metadata; not claimed Atyrau,2013-11-17 00:36:46
350419,26926,26926,not_available_still_image,car,3,processed/crops/350419.png,raw/images/000000026926.jpg,134.13,159.86,74.46,85.28,423,640,0,1,Attribution-NonCommercial-ShareAlike License,http://creativecommons.org/licenses/by-nc-sa/2.0/,http://farm4.staticflickr.com/3293/2799068320_646e3d9b08_z.jpg,https://www.flickr.com/photo.gne?id=2799068320,not supplied in COCO metadata; original Flickr source linked,COCO photograph 26926; original title not supplied,bounding-box crop; per-image original license retained,http://images.cocodataset.org/val2017/000000026926.jpg,7126855b6fe8548a6b9da18d8424f803c0eeb37deb3f5764f95f4d60d1915b37,ebef70381d59c45646fc91253b5e3358e1e10ffcf8c6a65d42e6bd2af80b796c,not specified by COCO image metadata; not claimed Atyrau,2013-11-16 23:19:58
350605,361142,361142,not_available_still_image,car,3,processed/crops/350605.png,raw/images/000000361142.jpg,47.42,528.18,137.73,84.96,463,640,0,4,Attribution License,http://creativecommons.org/licenses/by/2.0/,http://farm3.staticflickr.com/2046/2274699389_b912eafb26_z.jpg,https://www.flickr.com/photo.gne?id=2274699389,not supplied in COCO metadata; original Flickr source linked,COCO photograph 361142; original title not supplied,bounding-box crop; per-image original license retained,http://images.cocodataset.org/val2017/000000361142.jpg,cad7edbaebad81e4a799a39d8be9720c76c79ea2a675cbfd1b16612a837bf28f,fa8bb0efbc6efe744c6ebe912fd1eae6a9dcd2feeacec52cbd907b0494719580,not specified by COCO image metadata; not claimed Atyrau,2013-11-16 12:00:44
350741,204871,204871,not_available_still_image,car,3,processed/crops/350741.png,raw/images/000000204871.jpg,552.53,117.7,59.47,67.19,612,612,0,1,Attribution-NonCommercial-ShareAlike License,http://creativecommons.org/licenses/by-nc-sa/2.0/,http://farm9.staticflickr.com/8352/8301686238_c8f6ee0544_z.jpg,https://www.flickr.com/photo.gne?id=8301686238,not supplied in COCO metadata; original Flickr source linked,COCO photograph 204871; original title not supplied,bounding-box crop; per-image original license retained,http://images.cocodataset.org/val2017/000000204871.jpg,f471e48c808ea689a1e3a4a1214bc03e81a95195146b0c42601dbd6eaa006c89,6667d28e6be3871b51530c6da450fb7989065d4e22cf0081921538bb2ac5d195,not specified by COCO image metadata; not claimed Atyrau,2013-11-16 22:31:12
350762,188296,188296,not_available_still_image,car,3,processed/crops/350762.png,raw/images/000000188296.jpg,1.37,288.53,117.69,99.91,640,609,0,2,Attribution-NonCommercial License,http://creativecommons.org/licenses/by-nc/2.0/,http://farm1.staticflickr.com/90/276732942_6351f0a8cf_z.jpg,https://www.flickr.com/photo.gne?id=276732942,not supplied in COCO metadata; original Flickr source linked,COCO photograph 188296; original title not supplied,bounding-box crop; per-image original license retained,http://images.cocodataset.org/val2017/000000188296.jpg,fcb23cbab168a4ce784173658a630910ed1110b418ef492dfaf2f61febfcb351,ddf126df471747b88ccc4034e9030d684974f20fda1775c1d2117a17e6f1a066,not specified by COCO image metadata; not claimed Atyrau,2013-11-20 17:37:27
350898,278705,278705,not_available_still_image,car,3,processed/crops/350898.png,raw/images/000000278705.jpg,8.63,135.1,306.34,136.99,640,480,0,4,Attribution License,http://creativecommons.org/licenses/by/2.0/,http://farm4.staticflickr.com/3282/2875114693_2caf3d7481_z.jpg,https://www.flickr.com/photo.gne?id=2875114693,not supplied in COCO metadata; original Flickr source linked,COCO photograph 278705; original title not supplied,bounding-box crop; per-image original license retained,http://images.cocodataset.org/val2017/000000278705.jpg,d01c906a85c3f77702bdbf9dc7cedf11310e9aa47c6730927f51d9651dece310,2ee261b74b59262214e8b0eaa7019e382ef96176827732efaad8be793ab82e67,not specified by COCO image metadata; not claimed Atyrau,2013-11-20 11:20:36
351566,127092,127092,not_available_still_image,car,3,processed/crops/351566.png,raw/images/000000127092.jpg,147.26,408.4,71.58,50.53,640,480,0,1,Attribution-NonCommercial-ShareAlike License,http://creativecommons.org/licenses/by-nc-sa/2.0/,http://farm8.staticflickr.com/7283/9424705151_e1e48db969_z.jpg,https://www.flickr.com/photo.gne?id=9424705151,not supplied in COCO metadata; original Flickr source linked,COCO photograph 127092; original title not supplied,bounding-box crop; per-image original license retained,http://images.cocodataset.org/val2017/000000127092.jpg,9cbae776d4643672174a2b799df2f404e254f078ce0204e39e287de0e60751c0,ac12e0824a953f0bf965f4ce1191b3a54bb57d9c5ea88e5a132d7e68b0e4b48b,not specified by COCO image metadata; not claimed Atyrau,2013-11-17 00:17:38
351654,102805,102805,not_available_still_image,car,3,processed/crops/351654.png,raw/images/000000102805.jpg,378.73,266.86,227.44,71.55,640,426,0,5,Attribution-ShareAlike License,http://creativecommons.org/licenses/by-sa/2.0/,http://farm7.staticflickr.com/6205/6101493857_573faccfab_z.jpg,https://www.flickr.com/photo.gne?id=6101493857,not supplied in COCO metadata; original Flickr source linked,COCO photograph 102805; original title not supplied,bounding-box crop; per-image original license retained,http://images.cocodataset.org/val2017/000000102805.jpg,66e6c4530c4a84e97b77bf32227f5f7dfebb1c22accb0e7fa5dbd009308a8c0a,055af2aedb67213377d2dfaffc86d30a813e0cff86ed72232aea0f52308f49e7,not specified by COCO image metadata; not claimed Atyrau,2013-11-18 18:26:44
351695,361142,361142,not_available_still_image,car,3,processed/crops/351695.png,raw/images/000000361142.jpg,154.63,500.11,96.86,62.51,463,640,0,4,Attribution License,http://creativecommons.org/licenses/by/2.0/,http://farm3.staticflickr.com/2046/2274699389_b912eafb26_z.jpg,https://www.flickr.com/photo.gne?id=2274699389,not supplied in COCO metadata; original Flickr source linked,COCO photograph 361142; original title not supplied,bounding-box crop; per-image original license retained,http://images.cocodataset.org/val2017/000000361142.jpg,cad7edbaebad81e4a799a39d8be9720c76c79ea2a675cbfd1b16612a837bf28f,dbd8f7b100b9d8fb2a6590ed0e94417a17e0482005f387bad9a1724ba2f70f3b,not specified by COCO image metadata; not claimed Atyrau,2013-11-16 12:00:44
352064,343218,343218,not_available_still_image,car,3,processed/crops/352064.png,raw/images/000000343218.jpg,483.37,126.46,156.63,63.94,640,428,0,4,Attribution License,http://creativecommons.org/licenses/by/2.0/,http://farm4.staticflickr.com/3169/2653643649_665418b9df_z.jpg,https://www.flickr.com/photo.gne?id=2653643649,not supplied in COCO metadata; original Flickr source linked,COCO photograph 343218; original title not supplied,bounding-box crop; per-image original license retained,http://images.cocodataset.org/val2017/000000343218.jpg,ff45d2490e8dfa3d775ddf5ea378d835cdec56eed9c33190c9a00cfd584e7871,b06013fb0172315a681e7bdd204a203c1bd1d11c9d8462b8524fd8d1f9649f50,not specified by COCO image metadata; not claimed Atyrau,2013-11-23 04:07:15
352196,181816,181816,not_available_still_image,car,3,processed/crops/352196.png,raw/images/000000181816.jpg,275.97,63.46,361.88,113.82,640,480,0,4,Attribution License,http://creativecommons.org/licenses/by/2.0/,http://farm9.staticflickr.com/8031/7978704233_c38f174e37_z.jpg,https://www.flickr.com/photo.gne?id=7978704233,not supplied in COCO metadata; original Flickr source linked,COCO photograph 181816; original title not supplied,bounding-box crop; per-image original license retained,http://images.cocodataset.org/val2017/000000181816.jpg,fd7fe9e831b97c31d2996209d4eb152558e46d752089d3a2b1b5e0cb21f343fe,003de1d23e9bcb84f0f77933679f1e17ffb0aa1a9f7bb773b3f4d375509c3229,not specified by COCO image metadata; not claimed Atyrau,2013-11-16 22:04:12
352637,504415,504415,not_available_still_image,car,3,processed/crops/352637.png,raw/images/000000504415.jpg,0.0,185.62,109.56,44.74,640,427,0,2,Attribution-NonCommercial License,http://creativecommons.org/licenses/by-nc/2.0/,http://farm1.staticflickr.com/121/295385315_5a7b7c54d7_z.jpg,https://www.flickr.com/photo.gne?id=295385315,not supplied in COCO metadata; original Flickr source linked,COCO photograph 504415; original title not supplied,bounding-box crop; per-image original license retained,http://images.cocodataset.org/val2017/000000504415.jpg,74411e93658f68edd930e9e665a8cfabb542425dd63016303e7e23f4f895aaca,876e5c58c8aa13f73266a3f96188ef46f8dc7797b22a117d8fd502dd29adac1e,not specified by COCO image metadata; not claimed Atyrau,2013-11-23 05:23:38
353130,565563,565563,not_available_still_image,car,3,processed/crops/353130.png,raw/images/000000565563.jpg,83.06,229.75,124.04,102.47,640,480,0,5,Attribution-ShareAlike License,http://creativecommons.org/licenses/by-sa/2.0/,http://farm3.staticflickr.com/2493/3988619824_bb5e1e92d2_z.jpg,https://www.flickr.com/photo.gne?id=3988619824,not supplied in COCO metadata; original Flickr source linked,COCO photograph 565563; original title not supplied,bounding-box crop; per-image original license retained,http://images.cocodataset.org/val2017/000000565563.jpg,1e6f1e3b345e1a35be647b982ed722cfbcc84683ea463967a7b977b25d177b37,cf4ead762364221d99c510485a9c47cfd836c767c97ee3b2c2444b94c172043e,not specified by COCO image metadata; not claimed Atyrau,2013-11-17 01:08:21
353394,376284,376284,not_available_still_image,car,3,processed/crops/353394.png,raw/images/000000376284.jpg,348.21,0.76,151.29,72.23,500,333,0,1,Attribution-NonCommercial-ShareAlike License,http://creativecommons.org/licenses/by-nc-sa/2.0/,http://farm3.staticflickr.com/2056/1734699920_7e194ec591_z.jpg,https://www.flickr.com/photo.gne?id=1734699920,not supplied in COCO metadata; original Flickr source linked,COCO photograph 376284; original title not supplied,bounding-box crop; per-image original license retained,http://images.cocodataset.org/val2017/000000376284.jpg,eb6f932ea8c4865107c802e4a9d23730d0991f6c869b63f8f314471c42f83eb2,f9aeb4ade537d9a4e0c766971e1444de583fa6c6759ece23d040855a7976456a,not specified by COCO image metadata; not claimed Atyrau,2013-11-15 05:48:38
353538,274411,274411,not_available_still_image,car,3,processed/crops/353538.png,raw/images/000000274411.jpg,1.79,155.52,392.88,313.73,426,640,0,2,Attribution-NonCommercial License,http://creativecommons.org/licenses/by-nc/2.0/,http://farm8.staticflickr.com/7209/6777238732_318a005486_z.jpg,https://www.flickr.com/photo.gne?id=6777238732,not supplied in COCO metadata; original Flickr source linked,COCO photograph 274411; original title not supplied,bounding-box crop; per-image original license retained,http://images.cocodataset.org/val2017/000000274411.jpg,35d973039e8d5c69e56c5ae70484a41026c473796b5bbaddbff5ab969079bd2b,326f93d1fdddd30d15f940d83d0ddd2f0752fbfe2cf78bad452c18e86e75cb29,not specified by COCO image metadata; not claimed Atyrau,2013-11-21 03:42:43
353685,191013,191013,not_available_still_image,car,3,processed/crops/353685.png,raw/images/000000191013.jpg,44.37,548.77,179.72,91.23,474,640,0,5,Attribution-ShareAlike License,http://creativecommons.org/licenses/by-sa/2.0/,http://farm9.staticflickr.com/8057/8193281147_81461e9773_z.jpg,https://www.flickr.com/photo.gne?id=8193281147,not supplied in COCO metadata; original Flickr source linked,COCO photograph 191013; original title not supplied,bounding-box crop; per-image original license retained,http://images.cocodataset.org/val2017/000000191013.jpg,c630ba727a128d2e4d42c4498bd9b7e50d7564c23905925865186bbb529c37b3,e0e9764d7ed30d2e190c282d2ef579c07bc3f753f542c1dd47019c2c05f50e15,not specified by COCO image metadata; not claimed Atyrau,2013-11-24 15:14:15
353720,560474,560474,not_available_still_image,car,3,processed/crops/353720.png,raw/images/000000560474.jpg,0.0,119.73,640.0,354.88,640,480,0,1,Attribution-NonCommercial-ShareAlike License,http://creativecommons.org/licenses/by-nc-sa/2.0/,http://farm3.staticflickr.com/2882/9199779291_d2d706e1f8_z.jpg,https://www.flickr.com/photo.gne?id=9199779291,not supplied in COCO metadata; original Flickr source linked,COCO photograph 560474; original title not supplied,bounding-box crop; per-image original license retained,http://images.cocodataset.org/val2017/000000560474.jpg,6c04067b47b2bb2cd73f043f845d08d923e42ad8c08c6917ed5602f880b6d1d2,9619d40a51dbe1a44e61ed75bac48c359d844917b97314af0779857346fd9db4,not specified by COCO image metadata; not claimed Atyrau,2013-11-15 08:58:33
354105,157928,157928,not_available_still_image,car,3,processed/crops/354105.png,raw/images/000000157928.jpg,180.08,103.09,121.52,98.63,640,480,0,2,Attribution-NonCommercial License,http://creativecommons.org/licenses/by-nc/2.0/,http://farm8.staticflickr.com/7013/6787196535_776c956d40_z.jpg,https://www.flickr.com/photo.gne?id=6787196535,not supplied in COCO metadata; original Flickr source linked,COCO photograph 157928; original title not supplied,bounding-box crop; per-image original license retained,http://images.cocodataset.org/val2017/000000157928.jpg,9f3b22d40647c37afbd9f45e010a139b77d0cbe6ccb000d3d718227bac5e42ef,ec995833e674c22248f2bf323f5cca8f3b51f0f17d389cbe5bb302f3881c8ea5,not specified by COCO image metadata; not claimed Atyrau,2013-11-19 21:30:39
354160,135410,135410,not_available_still_image,car,3,processed/crops/354160.png,raw/images/000000135410.jpg,0.0,221.35,53.74,91.83,480,640,0,1,Attribution-NonCommercial-ShareAlike License,http://creativecommons.org/licenses/by-nc-sa/2.0/,http://farm2.staticflickr.com/1039/1418871599_0eb113933c_z.jpg,https://www.flickr.com/photo.gne?id=1418871599,not supplied in COCO metadata; original Flickr source linked,COCO photograph 135410; original title not supplied,bounding-box crop; per-image original license retained,http://images.cocodataset.org/val2017/000000135410.jpg,603013773e6bca16d1e4af56e76b38b3f7510c62d41e6089072905419ef4373f,48303095cbc295026d89fe4cfdf51dedf9e28378fd8e70c284207870b04c3b02,not specified by COCO image metadata; not claimed Atyrau,2013-11-17 10:27:45
354183,231508,231508,not_available_still_image,car,3,processed/crops/354183.png,raw/images/000000231508.jpg,127.53,103.18,93.73,41.58,335,500,0,4,Attribution License,http://creativecommons.org/licenses/by/2.0/,http://farm3.staticflickr.com/2518/3693441995_2118879151_z.jpg,https://www.flickr.com/photo.gne?id=3693441995,not supplied in COCO metadata; original Flickr source linked,COCO photograph 231508; original title not supplied,bounding-box crop; per-image original license retained,http://images.cocodataset.org/val2017/000000231508.jpg,e0af7f51a9a89f1c5d80a1d53a8196dc2e7bfdcde170947f4830822d533f9bb6,d85f58d861801e7ee1fdf71897423a84f3fad7133b79fdb6443abeeb8251d8ea,not specified by COCO image metadata; not claimed Atyrau,2013-11-19 20:08:44
354293,144333,144333,not_available_still_image,car,3,processed/crops/354293.png,raw/images/000000144333.jpg,303.63,137.6,98.17,103.66,426,640,0,1,Attribution-NonCommercial-ShareAlike License,http://creativecommons.org/licenses/by-nc-sa/2.0/,http://farm5.staticflickr.com/4134/4782858440_3885462451_z.jpg,https://www.flickr.com/photo.gne?id=4782858440,not supplied in COCO metadata; original Flickr source linked,COCO photograph 144333; original title not supplied,bounding-box crop; per-image original license retained,http://images.cocodataset.org/val2017/000000144333.jpg,7acabef5186a84189013c5fc859fe9e76f9507a00b20dc758d3e916d16a0f96c,c9ac27a3a201de5a241f4784642b9230848dc841b90eae958f1b26d9f8f4e2b2,not specified by COCO image metadata; not claimed Atyrau,2013-11-14 22:58:37
354320,460147,460147,not_available_still_image,car,3,processed/crops/354320.png,raw/images/000000460147.jpg,236.19,290.89,60.7,68.29,640,424,0,1,Attribution-NonCommercial-ShareAlike License,http://creativecommons.org/licenses/by-nc-sa/2.0/,http://farm9.staticflickr.com/8457/8053677163_d4c8f416be_z.jpg,https://www.flickr.com/photo.gne?id=8053677163,not supplied in COCO metadata; original Flickr source linked,COCO photograph 460147; original title not supplied,bounding-box crop; per-image original license retained,http://images.cocodataset.org/val2017/000000460147.jpg,b041d8c01473b72e2ea2f909174a4d2e5cdefae9a3d5abd06a9db91755392ad3,d565e637da99a85b5afc596bc7d9d8d824a2212862b82192883cf9cb16bfb767,not specified by COCO image metadata; not claimed Atyrau,2013-11-17 19:36:09
354441,442456,442456,not_available_still_image,car,3,processed/crops/354441.png,raw/images/000000442456.jpg,209.05,69.54,409.85,177.24,640,356,0,4,Attribution License,http://creativecommons.org/licenses/by/2.0/,http://farm9.staticflickr.com/8264/8602459939_be3c670999_z.jpg,https://www.flickr.com/photo.gne?id=8602459939,not supplied in COCO metadata; original Flickr source linked,COCO photograph 442456; original title not supplied,bounding-box crop; per-image original license retained,http://images.cocodataset.org/val2017/000000442456.jpg,edc04913d2e51d0146a5a2a3dd6a30945ad51df77d2cd16d70a91ece69ea4f6d,1685d8358cc3fc2f23bd79066642a95f435a74fc39f4beded16f57cc17bddf2a,not specified by COCO image metadata; not claimed Atyrau,2013-11-17 15:08:34
354561,183709,183709,not_available_still_image,car,3,processed/crops/354561.png,raw/images/000000183709.jpg,403.15,241.57,45.68,63.4,480,640,0,4,Attribution License,http://creativecommons.org/licenses/by/2.0/,http://farm1.staticflickr.com/94/267588789_dc94d5a8a0_z.jpg,https://www.flickr.com/photo.gne?id=267588789,not supplied in COCO metadata; original Flickr source linked,COCO photograph 183709; original title not supplied,bounding-box crop; per-image original license retained,http://images.cocodataset.org/val2017/000000183709.jpg,89dabb8b6940b9c08d005d03f0a22573eea72896f8314fbb0d4c128a99c261a1,cb2d937684beabdadff77d2bf609897ec5f3beb74817d5ce2ac94d5d4bb0aa73,not specified by COCO image metadata; not claimed Atyrau,2013-11-14 21:16:48
354583,386210,386210,not_available_still_image,car,3,processed/crops/354583.png,raw/images/000000386210.jpg,0.34,93.91,60.22,50.95,478,640,0,1,Attribution-NonCommercial-ShareAlike License,http://creativecommons.org/licenses/by-nc-sa/2.0/,http://farm2.staticflickr.com/1027/547192004_c53e5b5a3a_z.jpg,https://www.flickr.com/photo.gne?id=547192004,not supplied in COCO metadata; original Flickr source linked,COCO photograph 386210; original title not supplied,bounding-box crop; per-image original license retained,http://images.cocodataset.org/val2017/000000386210.jpg,e2d8f9e5d52d39e703a16b4804fbb64702e1c796c05f8e0e8f5aa0807ff552df,9a7375c19b322170f4c415a54bb098e1a6861a6348123fd9b6cda8e0f0f5abce,not specified by COCO image metadata; not claimed Atyrau,2013-11-19 18:43:14
354628,144333,144333,not_available_still_image,car,3,processed/crops/354628.png,raw/images/000000144333.jpg,0.0,127.84,61.78,68.1,426,640,0,1,Attribution-NonCommercial-ShareAlike License,http://creativecommons.org/licenses/by-nc-sa/2.0/,http://farm5.staticflickr.com/4134/4782858440_3885462451_z.jpg,https://www.flickr.com/photo.gne?id=4782858440,not supplied in COCO metadata; original Flickr source linked,COCO photograph 144333; original title not supplied,bounding-box crop; per-image original license retained,http://images.cocodataset.org/val2017/000000144333.jpg,7acabef5186a84189013c5fc859fe9e76f9507a00b20dc758d3e916d16a0f96c,551fa7683e4cc1cfe90f3b231dafbba582ff6a3b0f8c67c22a09069252beb751,not specified by COCO image metadata; not claimed Atyrau,2013-11-14 22:58:37
354740,565563,565563,not_available_still_image,car,3,processed/crops/354740.png,raw/images/000000565563.jpg,2.19,223.56,82.19,61.37,640,480,0,5,Attribution-ShareAlike License,http://creativecommons.org/licenses/by-sa/2.0/,http://farm3.staticflickr.com/2493/3988619824_bb5e1e92d2_z.jpg,https://www.flickr.com/photo.gne?id=3988619824,not supplied in COCO metadata; original Flickr source linked,COCO photograph 565563; original title not supplied,bounding-box crop; per-image original license retained,http://images.cocodataset.org/val2017/000000565563.jpg,1e6f1e3b345e1a35be647b982ed722cfbcc84683ea463967a7b977b25d177b37,9f488d1faf5e033ef8032c8dea7c434d5605e84d3c9d64176ceb478d7fa5afa2,not specified by COCO image metadata; not claimed Atyrau,2013-11-17 01:08:21
354898,50679,50679,not_available_still_image,car,3,processed/crops/354898.png,raw/images/000000050679.jpg,475.72,168.22,87.88,55.4,640,427,0,1,Attribution-NonCommercial-ShareAlike License,http://creativecommons.org/licenses/by-nc-sa/2.0/,http://farm3.staticflickr.com/2389/2249195647_6c28cd13a7_z.jpg,https://www.flickr.com/photo.gne?id=2249195647,not supplied in COCO metadata; original Flickr source linked,COCO photograph 50679; original title not supplied,bounding-box crop; per-image original license retained,http://images.cocodataset.org/val2017/000000050679.jpg,a4531c707b2f6e12203915a08d60210fe666cda426dfcd7cb5623d33e9c147da,05bf49966d90b19972ad6251130af8d4c70dcf4b9b1b10c42a2a1bc89a663f3e,not specified by COCO image metadata; not claimed Atyrau,2013-11-19 19:18:50
355123,192670,192670,not_available_still_image,car,3,processed/crops/355123.png,raw/images/000000192670.jpg,0.73,118.79,162.94,77.78,640,433,0,4,Attribution License,http://creativecommons.org/licenses/by/2.0/,http://farm7.staticflickr.com/6137/5931706250_072cc90a24_z.jpg,https://www.flickr.com/photo.gne?id=5931706250,not supplied in COCO metadata; original Flickr source linked,COCO photograph 192670; original title not supplied,bounding-box crop; per-image original license retained,http://images.cocodataset.org/val2017/000000192670.jpg,78166d1775deaa41e93780921bccec43c99a293626f44eb19c41fe56bd12925e,dc8fc9340199ac7f0e9fd7de1f4d8d18b5c392353bf417feb27d3fa53dd5396f,not specified by COCO image metadata; not claimed Atyrau,2013-11-19 19:15:08
355211,475484,475484,not_available_still_image,car,3,processed/crops/355211.png,raw/images/000000475484.jpg,361.48,347.18,62.53,49.1,426,640,0,2,Attribution-NonCommercial License,http://creativecommons.org/licenses/by-nc/2.0/,http://farm8.staticflickr.com/7178/6922230747_2f4dc0572f_z.jpg,https://www.flickr.com/photo.gne?id=6922230747,not supplied in COCO metadata; original Flickr source linked,COCO photograph 475484; original title not supplied,bounding-box crop; per-image original license retained,http://images.cocodataset.org/val2017/000000475484.jpg,e1f307ba2c5905702d019ae7aeea4a18fa24e6fb412f33acffe906ea7e03d838,90458f8c576362f8b885df0222d2a2a8812dcd5e0fe3a9c3b8ccc62150c91873,not specified by COCO image metadata; not claimed Atyrau,2013-11-17 11:16:03
355225,204871,204871,not_available_still_image,car,3,processed/crops/355225.png,raw/images/000000204871.jpg,437.28,128.7,72.22,55.32,612,612,0,1,Attribution-NonCommercial-ShareAlike License,http://creativecommons.org/licenses/by-nc-sa/2.0/,http://farm9.staticflickr.com/8352/8301686238_c8f6ee0544_z.jpg,https://www.flickr.com/photo.gne?id=8301686238,not supplied in COCO metadata; original Flickr source linked,COCO photograph 204871; original title not supplied,bounding-box crop; per-image original license retained,http://images.cocodataset.org/val2017/000000204871.jpg,f471e48c808ea689a1e3a4a1214bc03e81a95195146b0c42601dbd6eaa006c89,bc998903bff32fb96ec8797102882df2375ccea986b9a34f92bf6f89a744ac42,not specified by COCO image metadata; not claimed Atyrau,2013-11-16 22:31:12
355515,376284,376284,not_available_still_image,car,3,processed/crops/355515.png,raw/images/000000376284.jpg,246.68,37.38,55.57,44.58,500,333,0,1,Attribution-NonCommercial-ShareAlike License,http://creativecommons.org/licenses/by-nc-sa/2.0/,http://farm3.staticflickr.com/2056/1734699920_7e194ec591_z.jpg,https://www.flickr.com/photo.gne?id=1734699920,not supplied in COCO metadata; original Flickr source linked,COCO photograph 376284; original title not supplied,bounding-box crop; per-image original license retained,http://images.cocodataset.org/val2017/000000376284.jpg,eb6f932ea8c4865107c802e4a9d23730d0991f6c869b63f8f314471c42f83eb2,20074278a3537233f464de3acef26aa42e73dde66fc125df79a0e8a777b5ac5e,not specified by COCO image metadata; not claimed Atyrau,2013-11-15 05:48:38
355725,278705,278705,not_available_still_image,car,3,processed/crops/355725.png,raw/images/000000278705.jpg,454.0,147.09,109.43,119.19,640,480,0,4,Attribution License,http://creativecommons.org/licenses/by/2.0/,http://farm4.staticflickr.com/3282/2875114693_2caf3d7481_z.jpg,https://www.flickr.com/photo.gne?id=2875114693,not supplied in COCO metadata; original Flickr source linked,COCO photograph 278705; original title not supplied,bounding-box crop; per-image original license retained,http://images.cocodataset.org/val2017/000000278705.jpg,d01c906a85c3f77702bdbf9dc7cedf11310e9aa47c6730927f51d9651dece310,05a701caa4c108f3326f3e640a878ec18c356005d2fcc5b0a990d3e2ae24f5bb,not specified by COCO image metadata; not claimed Atyrau,2013-11-20 11:20:36
355891,301135,301135,not_available_still_image,car,3,processed/crops/355891.png,raw/images/000000301135.jpg,300.18,349.5,110.71,46.47,428,640,0,4,Attribution License,http://creativecommons.org/licenses/by/2.0/,http://farm5.staticflickr.com/4135/4856973633_60deb1c609_z.jpg,https://www.flickr.com/photo.gne?id=4856973633,not supplied in COCO metadata; original Flickr source linked,COCO photograph 301135; original title not supplied,bounding-box crop; per-image original license retained,http://images.cocodataset.org/val2017/000000301135.jpg,cb645e1fd3db446a1edca77892935a2d3c4140fa9eb813630dfb1179c16440ba,74bef18758808a2f806703277d8b5f79352229686fb76c69c1d9844e8e1b7539,not specified by COCO image metadata; not claimed Atyrau,2013-11-14 12:31:21
356276,526392,526392,not_available_still_image,car,3,processed/crops/356276.png,raw/images/000000526392.jpg,143.14,174.03,305.13,152.94,500,333,0,2,Attribution-NonCommercial License,http://creativecommons.org/licenses/by-nc/2.0/,http://farm2.staticflickr.com/1368/1475092316_af874718c0_z.jpg,https://www.flickr.com/photo.gne?id=1475092316,not supplied in COCO metadata; original Flickr source linked,COCO photograph 526392; original title not supplied,bounding-box crop; per-image original license retained,http://images.cocodataset.org/val2017/000000526392.jpg,e5d5df3b0b7203eb60aa9c605a658cb026d1f6825edebda3dc6c86665724bdc2,c331d99d66315e4783543fdeecd13bfab6cec1909e92cfad7f2a9a68a54d9ff2,not specified by COCO image metadata; not claimed Atyrau,2013-11-16 19:26:03
356306,383289,383289,not_available_still_image,car,3,processed/crops/356306.png,raw/images/000000383289.jpg,1.0,164.46,348.21,269.4,640,444,0,1,Attribution-NonCommercial-ShareAlike License,http://creativecommons.org/licenses/by-nc-sa/2.0/,http://farm9.staticflickr.com/8038/7905622718_dde8336e49_z.jpg,https://www.flickr.com/photo.gne?id=7905622718,not supplied in COCO metadata; original Flickr source linked,COCO photograph 383289; original title not supplied,bounding-box crop; per-image original license retained,http://images.cocodataset.org/val2017/000000383289.jpg,9c7f2b70986170f34a0ebb5cef888628b93bc044391578553205041cb81b042f,d845c8c9c613394d494dba10df33091f9da52e4d129825b1a32f451f56c05a06,not specified by COCO image metadata; not claimed Atyrau,2013-11-22 02:12:26
356603,309964,309964,not_available_still_image,car,3,processed/crops/356603.png,raw/images/000000309964.jpg,542.15,93.88,97.85,137.21,640,427,0,1,Attribution-NonCommercial-ShareAlike License,http://creativecommons.org/licenses/by-nc-sa/2.0/,http://farm4.staticflickr.com/3806/9005108383_1d72da2e59_z.jpg,https://www.flickr.com/photo.gne?id=9005108383,not supplied in COCO metadata; original Flickr source linked,COCO photograph 309964; original title not supplied,bounding-box crop; per-image original license retained,http://images.cocodataset.org/val2017/000000309964.jpg,6c6ab701603a55d002e37b62a757da1f9be3f94346dd74344b7dd7f589b48793,60322b6ffad13e2b8c6cba3e8b9c5f1428018c6b985e9eae6be4d48c773d4fb5,not specified by COCO image metadata; not claimed Atyrau,2013-11-18 04:37:46
357070,398742,398742,not_available_still_image,car,3,processed/crops/357070.png,raw/images/000000398742.jpg,1.77,405.47,97.06,96.65,427,640,0,4,Attribution License,http://creativecommons.org/licenses/by/2.0/,http://farm5.staticflickr.com/4117/4913716666_4d871bc5d2_z.jpg,https://www.flickr.com/photo.gne?id=4913716666,not supplied in COCO metadata; original Flickr source linked,COCO photograph 398742; original title not supplied,bounding-box crop; per-image original license retained,http://images.cocodataset.org/val2017/000000398742.jpg,6af6678e8c5b9454647a9c1d206acf82b146bebc56463db796efd18037d30c3e,17b8a562e0efc43954a74fa9f904653a9e0567373d6e67e753d96ec20d887abf,not specified by COCO image metadata; not claimed Atyrau,2013-11-20 16:49:59
357099,361142,361142,not_available_still_image,car,3,processed/crops/357099.png,raw/images/000000361142.jpg,287.49,513.95,175.51,114.13,463,640,0,4,Attribution License,http://creativecommons.org/licenses/by/2.0/,http://farm3.staticflickr.com/2046/2274699389_b912eafb26_z.jpg,https://www.flickr.com/photo.gne?id=2274699389,not supplied in COCO metadata; original Flickr source linked,COCO photograph 361142; original title not supplied,bounding-box crop; per-image original license retained,http://images.cocodataset.org/val2017/000000361142.jpg,cad7edbaebad81e4a799a39d8be9720c76c79ea2a675cbfd1b16612a837bf28f,f3e37b7eacd24d9e5a30a488457c106f69ee4dd22bda8a9a5df78f8db55ca41d,not specified by COCO image metadata; not claimed Atyrau,2013-11-16 12:00:44
357114,135410,135410,not_available_still_image,car,3,processed/crops/357114.png,raw/images/000000135410.jpg,333.7,248.8,128.8,71.02,480,640,0,1,Attribution-NonCommercial-ShareAlike License,http://creativecommons.org/licenses/by-nc-sa/2.0/,http://farm2.staticflickr.com/1039/1418871599_0eb113933c_z.jpg,https://www.flickr.com/photo.gne?id=1418871599,not supplied in COCO metadata; original Flickr source linked,COCO photograph 135410; original title not supplied,bounding-box crop; per-image original license retained,http://images.cocodataset.org/val2017/000000135410.jpg,603013773e6bca16d1e4af56e76b38b3f7510c62d41e6089072905419ef4373f,2deed31b9efa68e8d41bcdf85351989c116cb666d5db3f19d92438571f0f795b,not specified by COCO image metadata; not claimed Atyrau,2013-11-17 10:27:45
357159,504415,504415,not_available_still_image,car,3,processed/crops/357159.png,raw/images/000000504415.jpg,81.45,178.47,204.4,63.58,640,427,0,2,Attribution-NonCommercial License,http://creativecommons.org/licenses/by-nc/2.0/,http://farm1.staticflickr.com/121/295385315_5a7b7c54d7_z.jpg,https://www.flickr.com/photo.gne?id=295385315,not supplied in COCO metadata; original Flickr source linked,COCO photograph 504415; original title not supplied,bounding-box crop; per-image original license retained,http://images.cocodataset.org/val2017/000000504415.jpg,74411e93658f68edd930e9e665a8cfabb542425dd63016303e7e23f4f895aaca,ac3a55269504bef9c42d06e0b0547f72506433dffbc7fd753c3a5641f9b15a7b,not specified by COCO image metadata; not claimed Atyrau,2013-11-23 05:23:38
357256,553511,553511,not_available_still_image,car,3,processed/crops/357256.png,raw/images/000000553511.jpg,48.7,260.2,142.06,59.19,500,333,0,1,Attribution-NonCommercial-ShareAlike License,http://creativecommons.org/licenses/by-nc-sa/2.0/,http://farm1.staticflickr.com/36/99824426_5abb63acd3_z.jpg,https://www.flickr.com/photo.gne?id=99824426,not supplied in COCO metadata; original Flickr source linked,COCO photograph 553511; original title not supplied,bounding-box crop; per-image original license retained,http://images.cocodataset.org/val2017/000000553511.jpg,0f71120e00e049ac2e39e5dd3b6f27bf695e9a62309baad12b90b27b964c00c2,59e04e7fb0a49f483ffc27399016ea7e64039db186f12c4ab0139e06598fcb5c,not specified by COCO image metadata; not claimed Atyrau,2013-11-16 15:03:11
357584,310072,310072,not_available_still_image,car,3,processed/crops/357584.png,raw/images/000000310072.jpg,223.85,0.0,258.83,69.08,640,383,0,1,Attribution-NonCommercial-ShareAlike License,http://creativecommons.org/licenses/by-nc-sa/2.0/,http://farm8.staticflickr.com/7075/7241225258_944dc7f463_z.jpg,https://www.flickr.com/photo.gne?id=7241225258,not supplied in COCO metadata; original Flickr source linked,COCO photograph 310072; original title not supplied,bounding-box crop; per-image original license retained,http://images.cocodataset.org/val2017/000000310072.jpg,0404d2aa95236840dcc75a43f8cad1f4b03d382c72e86aaff751cb142f18a8e7,285e3bd8b56176d4526b18c0788945cd996462bd5943aa20b0936073e6c3e8fa,not specified by COCO image metadata; not claimed Atyrau,2013-11-16 15:44:29
357720,105923,105923,not_available_still_image,car,3,processed/crops/357720.png,raw/images/000000105923.jpg,31.29,200.47,83.22,50.86,640,468,0,2,Attribution-NonCommercial License,http://creativecommons.org/licenses/by-nc/2.0/,http://farm5.staticflickr.com/4072/5140139003_91d353abde_z.jpg,https://www.flickr.com/photo.gne?id=5140139003,not supplied in COCO metadata; original Flickr source linked,COCO photograph 105923; original title not supplied,bounding-box crop; per-image original license retained,http://images.cocodataset.org/val2017/000000105923.jpg,d118f309dc5e3a8b2d5702b927fce9222d6edd86425730c818902e496bc8a80c,a36755ffc78b8b3fe18ca1283064680939898af59ad775de4bee8ab8030193d7,not specified by COCO image metadata; not claimed Atyrau,2013-11-18 01:39:42
357839,89556,89556,not_available_still_image,car,3,processed/crops/357839.png,raw/images/000000089556.jpg,267.44,143.71,97.45,49.49,640,480,0,4,Attribution License,http://creativecommons.org/licenses/by/2.0/,http://farm7.staticflickr.com/6093/6210323230_57fab50c4b_z.jpg,https://www.flickr.com/photo.gne?id=6210323230,not supplied in COCO metadata; original Flickr source linked,COCO photograph 89556; original title not supplied,bounding-box crop; per-image original license retained,http://images.cocodataset.org/val2017/000000089556.jpg,b78eb0eb1250b86210658687ff5063428e0cbff2858d4e07d8dee107ae1964f8,225eee70bce90553e71e15b8e8899d4eb595242d8ed85518001a0d847debb511,not specified by COCO image metadata; not claimed Atyrau,2013-11-15 05:44:24
358258,310072,310072,not_available_still_image,car,3,processed/crops/358258.png,raw/images/000000310072.jpg,0.0,1.94,135.99,66.27,640,383,0,1,Attribution-NonCommercial-ShareAlike License,http://creativecommons.org/licenses/by-nc-sa/2.0/,http://farm8.staticflickr.com/7075/7241225258_944dc7f463_z.jpg,https://www.flickr.com/photo.gne?id=7241225258,not supplied in COCO metadata; original Flickr source linked,COCO photograph 310072; original title not supplied,bounding-box crop; per-image original license retained,http://images.cocodataset.org/val2017/000000310072.jpg,0404d2aa95236840dcc75a43f8cad1f4b03d382c72e86aaff751cb142f18a8e7,8422069f95e8238309c4843ed64d4899b2f12d73df87bd58ecd8cfc99a8f0404,not specified by COCO image metadata; not claimed Atyrau,2013-11-16 15:44:29
358273,334006,334006,not_available_still_image,car,3,processed/crops/358273.png,raw/images/000000334006.jpg,0.96,209.64,178.46,120.89,640,426,0,1,Attribution-NonCommercial-ShareAlike License,http://creativecommons.org/licenses/by-nc-sa/2.0/,http://farm9.staticflickr.com/8526/8684868712_3122ac37d6_z.jpg,https://www.flickr.com/photo.gne?id=8684868712,not supplied in COCO metadata; original Flickr source linked,COCO photograph 334006; original title not supplied,bounding-box crop; per-image original license retained,http://images.cocodataset.org/val2017/000000334006.jpg,de98604a9ca39b461312d8073cb94eabc516bcbab21231404c96d4dea1419f68,494ca039d37ab0be47eb64130a3b18d9d7c329fe1e76abc2ce6a99b83099e693,not specified by COCO image metadata; not claimed Atyrau,2013-11-17 18:20:57
358334,261982,261982,not_available_still_image,car,3,processed/crops/358334.png,raw/images/000000261982.jpg,0.0,8.53,251.9,214.62,457,640,0,5,Attribution-ShareAlike License,http://creativecommons.org/licenses/by-sa/2.0/,http://farm3.staticflickr.com/2275/2532435475_b4ed8b2efb_z.jpg,https://www.flickr.com/photo.gne?id=2532435475,not supplied in COCO metadata; original Flickr source linked,COCO photograph 261982; original title not supplied,bounding-box crop; per-image original license retained,http://images.cocodataset.org/val2017/000000261982.jpg,a89dbf1e93c72e44335247a7f31a93e274c8d065e0b78210068f99feb216299a,371a8d7776bef5c25b62f5390eb256f1b9bc6faac4a308b0248615ec84788657,not specified by COCO image metadata; not claimed Atyrau,2013-11-19 23:18:55
358450,429011,429011,not_available_still_image,car,3,processed/crops/358450.png,raw/images/000000429011.jpg,425.38,203.89,206.59,93.33,640,343,0,1,Attribution-NonCommercial-ShareAlike License,http://creativecommons.org/licenses/by-nc-sa/2.0/,http://farm8.staticflickr.com/7068/6900625787_e128eac344_z.jpg,https://www.flickr.com/photo.gne?id=6900625787,not supplied in COCO metadata; original Flickr source linked,COCO photograph 429011; original title not supplied,bounding-box crop; per-image original license retained,http://images.cocodataset.org/val2017/000000429011.jpg,ddec5080b0ed27883477153278effb807ee3f81b170690b5fa5e7c88a95e0880,2065e1265ef4bb4a1c9d5e9a8612d383680a39e2bc766d362043567f975bdc5a,not specified by COCO image metadata; not claimed Atyrau,2013-11-17 13:28:03
358607,89556,89556,not_available_still_image,car,3,processed/crops/358607.png,raw/images/000000089556.jpg,182.13,151.83,56.92,40.67,640,480,0,4,Attribution License,http://creativecommons.org/licenses/by/2.0/,http://farm7.staticflickr.com/6093/6210323230_57fab50c4b_z.jpg,https://www.flickr.com/photo.gne?id=6210323230,not supplied in COCO metadata; original Flickr source linked,COCO photograph 89556; original title not supplied,bounding-box crop; per-image original license retained,http://images.cocodataset.org/val2017/000000089556.jpg,b78eb0eb1250b86210658687ff5063428e0cbff2858d4e07d8dee107ae1964f8,4e2f7519ea71d4a1f1607bbbe4179e00ce2e3c99717c4a25b46200542c238046,not specified by COCO image metadata; not claimed Atyrau,2013-11-15 05:44:24
358898,398742,398742,not_available_still_image,car,3,processed/crops/358898.png,raw/images/000000398742.jpg,352.29,413.4,74.71,79.75,427,640,0,4,Attribution License,http://creativecommons.org/licenses/by/2.0/,http://farm5.staticflickr.com/4117/4913716666_4d871bc5d2_z.jpg,https://www.flickr.com/photo.gne?id=4913716666,not supplied in COCO metadata; original Flickr source linked,COCO photograph 398742; original title not supplied,bounding-box crop; per-image original license retained,http://images.cocodataset.org/val2017/000000398742.jpg,6af6678e8c5b9454647a9c1d206acf82b146bebc56463db796efd18037d30c3e,73c095eb07466479991fb2382959bbf77eac886e9daf8943a5c349139d5c4e05,not specified by COCO image metadata; not claimed Atyrau,2013-11-20 16:49:59
359124,343218,343218,not_available_still_image,car,3,processed/crops/359124.png,raw/images/000000343218.jpg,17.84,131.82,96.18,65.4,640,428,0,4,Attribution License,http://creativecommons.org/licenses/by/2.0/,http://farm4.staticflickr.com/3169/2653643649_665418b9df_z.jpg,https://www.flickr.com/photo.gne?id=2653643649,not supplied in COCO metadata; original Flickr source linked,COCO photograph 343218; original title not supplied,bounding-box crop; per-image original license retained,http://images.cocodataset.org/val2017/000000343218.jpg,ff45d2490e8dfa3d775ddf5ea378d835cdec56eed9c33190c9a00cfd584e7871,eceba5b14e859ae407df0f7a373efdf79ab371385a8672e2a931835d492eef56,not specified by COCO image metadata; not claimed Atyrau,2013-11-23 04:07:15
359167,369751,369751,not_available_still_image,car,3,processed/crops/359167.png,raw/images/000000369751.jpg,115.75,220.2,138.36,48.73,426,640,0,4,Attribution License,http://creativecommons.org/licenses/by/2.0/,http://farm5.staticflickr.com/4132/5092877690_7f62303b95_z.jpg,https://www.flickr.com/photo.gne?id=5092877690,not supplied in COCO metadata; original Flickr source linked,COCO photograph 369751; original title not supplied,bounding-box crop; per-image original license retained,http://images.cocodataset.org/val2017/000000369751.jpg,57d5d8701f72bcd01989b9252ed1f2d92a54bda330be182e838071c70f7f06ba,15bbef3833e10fbd10cce389e29efb0173972fef9e5d4f9c541c262c36756b71,not specified by COCO image metadata; not claimed Atyrau,2013-11-17 09:09:26
359260,97679,97679,not_available_still_image,car,3,processed/crops/359260.png,raw/images/000000097679.jpg,103.45,159.23,417.8,216.48,640,480,0,4,Attribution License,http://creativecommons.org/licenses/by/2.0/,http://farm3.staticflickr.com/2215/2727641554_ea1cca26c2_z.jpg,https://www.flickr.com/photo.gne?id=2727641554,not supplied in COCO metadata; original Flickr source linked,COCO photograph 97679; original title not supplied,bounding-box crop; per-image original license retained,http://images.cocodataset.org/val2017/000000097679.jpg,7d636d406352e1643cab6f85925dd2fccd7ac11c471f1c58bd627a9512154efc,c351e0d75dc02fa91171c6384f873584f2f4fa07521d5b35a83c82ee6da98eb9,not specified by COCO image metadata; not claimed Atyrau,2013-11-15 11:37:24
359280,369751,369751,not_available_still_image,car,3,processed/crops/359280.png,raw/images/000000369751.jpg,235.62,183.96,190.38,76.94,426,640,0,4,Attribution License,http://creativecommons.org/licenses/by/2.0/,http://farm5.staticflickr.com/4132/5092877690_7f62303b95_z.jpg,https://www.flickr.com/photo.gne?id=5092877690,not supplied in COCO metadata; original Flickr source linked,COCO photograph 369751; original title not supplied,bounding-box crop; per-image original license retained,http://images.cocodataset.org/val2017/000000369751.jpg,57d5d8701f72bcd01989b9252ed1f2d92a54bda330be182e838071c70f7f06ba,3f2199253c3d52c362b59fe4f34bf720f9636281537b421a622ce9e7b67e571d,not specified by COCO image metadata; not claimed Atyrau,2013-11-17 09:09:26
359483,361142,361142,not_available_still_image,car,3,processed/crops/359483.png,raw/images/000000361142.jpg,0.0,520.48,61.6,56.33,463,640,0,4,Attribution License,http://creativecommons.org/licenses/by/2.0/,http://farm3.staticflickr.com/2046/2274699389_b912eafb26_z.jpg,https://www.flickr.com/photo.gne?id=2274699389,not supplied in COCO metadata; original Flickr source linked,COCO photograph 361142; original title not supplied,bounding-box crop; per-image original license retained,http://images.cocodataset.org/val2017/000000361142.jpg,cad7edbaebad81e4a799a39d8be9720c76c79ea2a675cbfd1b16612a837bf28f,c6fb65875cfc3c7d860985ad410622aa39ff02892c831c8c7bf4f13a719d038b,not specified by COCO image metadata; not claimed Atyrau,2013-11-16 12:00:44
359582,553669,553669,not_available_still_image,car,3,processed/crops/359582.png,raw/images/000000553669.jpg,359.91,93.02,139.78,40.19,640,480,0,1,Attribution-NonCommercial-ShareAlike License,http://creativecommons.org/licenses/by-nc-sa/2.0/,http://farm1.staticflickr.com/214/492668625_5f74be897e_z.jpg,https://www.flickr.com/photo.gne?id=492668625,not supplied in COCO metadata; original Flickr source linked,COCO photograph 553669; original title not supplied,bounding-box crop; per-image original license retained,http://images.cocodataset.org/val2017/000000553669.jpg,aa69a44b016d4a7f1b765f9af8af6bff98595da70d73bd83eeaae083c54a096f,f2b58139cdfed577ef9224204228a9859168b51a65a3007fa520b7de291153a3,not specified by COCO image metadata; not claimed Atyrau,2013-11-22 21:28:35
359634,365642,365642,not_available_still_image,car,3,processed/crops/359634.png,raw/images/000000365642.jpg,382.56,20.13,43.44,74.79,426,640,0,2,Attribution-NonCommercial License,http://creativecommons.org/licenses/by-nc/2.0/,http://farm6.staticflickr.com/5167/5311433626_44b802e6f9_z.jpg,https://www.flickr.com/photo.gne?id=5311433626,not supplied in COCO metadata; original Flickr source linked,COCO photograph 365642; original title not supplied,bounding-box crop; per-image original license retained,http://images.cocodataset.org/val2017/000000365642.jpg,74a8403ed7515330bca8c58cd1ad16d703507b8d3161fc7dc0d12272152d99fc,dc631f299124598455008ef7b7553d68209f84a3967740ec28a931c1e46f1cde,not specified by COCO image metadata; not claimed Atyrau,2013-11-15 11:27:35
359663,17029,17029,not_available_still_image,car,3,processed/crops/359663.png,raw/images/000000017029.jpg,56.09,25.89,513.44,152.45,640,640,0,4,Attribution License,http://creativecommons.org/licenses/by/2.0/,http://farm8.staticflickr.com/7304/8746020648_f1e2075b86_z.jpg,https://www.flickr.com/photo.gne?id=8746020648,not supplied in COCO metadata; original Flickr source linked,COCO photograph 17029; original title not supplied,bounding-box crop; per-image original license retained,http://images.cocodataset.org/val2017/000000017029.jpg,d619327903c6b05520f0d6768807c067cce2d6d908d2d83da018a1da3b1792cf,759623dd1bf67f5e2b660f8e53e55b28d78a3ad9246dabbed91e8eaebcce1884,not specified by COCO image metadata; not claimed Atyrau,2013-11-18 14:33:10
360000,460147,460147,not_available_still_image,car,3,processed/crops/360000.png,raw/images/000000460147.jpg,536.07,269.68,103.93,107.73,640,424,0,1,Attribution-NonCommercial-ShareAlike License,http://creativecommons.org/licenses/by-nc-sa/2.0/,http://farm9.staticflickr.com/8457/8053677163_d4c8f416be_z.jpg,https://www.flickr.com/photo.gne?id=8053677163,not supplied in COCO metadata; original Flickr source linked,COCO photograph 460147; original title not supplied,bounding-box crop; per-image original license retained,http://images.cocodataset.org/val2017/000000460147.jpg,b041d8c01473b72e2ea2f909174a4d2e5cdefae9a3d5abd06a9db91755392ad3,4a5efd0680bd40bc82d3a208af4aa2d8172b47afed293f7e9e5f9215da020567,not specified by COCO image metadata; not claimed Atyrau,2013-11-17 19:36:09
360213,183246,183246,not_available_still_image,car,3,processed/crops/360213.png,raw/images/000000183246.jpg,326.68,239.28,43.16,73.38,500,400,0,4,Attribution License,http://creativecommons.org/licenses/by/2.0/,http://farm3.staticflickr.com/2259/2469205788_1473198ae0_z.jpg,https://www.flickr.com/photo.gne?id=2469205788,not supplied in COCO metadata; original Flickr source linked,COCO photograph 183246; original title not supplied,bounding-box crop; per-image original license retained,http://images.cocodataset.org/val2017/000000183246.jpg,25d6c62b5ee245a99b98de1f078ab5d827c6737dfe11c60815955146604b6e7b,7e9d865bc9d12dcd1468c9908b2ad459bf631d9365d072cc1d1fde8061f30453,not specified by COCO image metadata; not claimed Atyrau,2013-11-16 18:53:13
360363,67616,67616,not_available_still_image,car,3,processed/crops/360363.png,raw/images/000000067616.jpg,391.31,339.93,145.9,104.56,640,480,0,1,Attribution-NonCommercial-ShareAlike License,http://creativecommons.org/licenses/by-nc-sa/2.0/,http://farm8.staticflickr.com/7214/6861986830_34473988c3_z.jpg,https://www.flickr.com/photo.gne?id=6861986830,not supplied in COCO metadata; original Flickr source linked,COCO photograph 67616; original title not supplied,bounding-box crop; per-image original license retained,http://images.cocodataset.org/val2017/000000067616.jpg,824b722f5251918066fa4e2689167145918aa77cb8094a9fb2f2d70fd85d1ca1,c32e6251b3324ce64fd3849e403c51235ad5fc931fa972f50202a8fcf8f3fca8,not specified by COCO image metadata; not claimed Atyrau,2013-11-17 10:24:45
360449,224051,224051,not_available_still_image,car,3,processed/crops/360449.png,raw/images/000000224051.jpg,238.74,161.8,68.53,51.55,640,428,0,2,Attribution-NonCommercial License,http://creativecommons.org/licenses/by-nc/2.0/,http://farm6.staticflickr.com/5067/5661709113_b97be0cde2_z.jpg,https://www.flickr.com/photo.gne?id=5661709113,not supplied in COCO metadata; original Flickr source linked,COCO photograph 224051; original title not supplied,bounding-box crop; per-image original license retained,http://images.cocodataset.org/val2017/000000224051.jpg,ad01e4704883ecaaa25321efcc24d2ada74a725fe70cc0578890dca7a4745c60,9918e38fd2247008c59cebf604aeee87a28638c9ff3046495fa610f65bfa76d4,not specified by COCO image metadata; not claimed Atyrau,2013-11-14 22:52:36
360568,261982,261982,not_available_still_image,car,3,processed/crops/360568.png,raw/images/000000261982.jpg,409.89,120.81,47.11,92.04,457,640,0,5,Attribution-ShareAlike License,http://creativecommons.org/licenses/by-sa/2.0/,http://farm3.staticflickr.com/2275/2532435475_b4ed8b2efb_z.jpg,https://www.flickr.com/photo.gne?id=2532435475,not supplied in COCO metadata; original Flickr source linked,COCO photograph 261982; original title not supplied,bounding-box crop; per-image original license retained,http://images.cocodataset.org/val2017/000000261982.jpg,a89dbf1e93c72e44335247a7f31a93e274c8d065e0b78210068f99feb216299a,897b681d1108f2d2b54ef808e233862c1c330c7cfa5cee76f0d1cdd9f88dc0f6,not specified by COCO image metadata; not claimed Atyrau,2013-11-19 23:18:55
360873,124798,124798,not_available_still_image,car,3,processed/crops/360873.png,raw/images/000000124798.jpg,41.36,299.01,96.1,70.92,640,427,0,5,Attribution-ShareAlike License,http://creativecommons.org/licenses/by-sa/2.0/,http://farm9.staticflickr.com/8090/8444499449_ec1094a7e2_z.jpg,https://www.flickr.com/photo.gne?id=8444499449,not supplied in COCO metadata; original Flickr source linked,COCO photograph 124798; original title not supplied,bounding-box crop; per-image original license retained,http://images.cocodataset.org/val2017/000000124798.jpg,945dffc0d0e390d50539049ebbe2a80691f9f0c5bee67bc10a6ecc57a08ae536,ea4d2249312b7254c022634aed94460a1dfe5e3cf3abd1da296ad5f72fbfff8d,not specified by COCO image metadata; not claimed Atyrau,2013-11-16 23:31:18
360889,98392,98392,not_available_still_image,car,3,processed/crops/360889.png,raw/images/000000098392.jpg,350.84,522.95,128.68,62.14,480,640,0,4,Attribution License,http://creativecommons.org/licenses/by/2.0/,http://farm3.staticflickr.com/2502/4159425709_43b95a16d7_z.jpg,https://www.flickr.com/photo.gne?id=4159425709,not supplied in COCO metadata; original Flickr source linked,COCO photograph 98392; original title not supplied,bounding-box crop; per-image original license retained,http://images.cocodataset.org/val2017/000000098392.jpg,c976adf7599725c1bab7fbae692611501e7a33fb5e182c3e301f985205340ecf,2cca836b13c287f3813d60f52123846f7a39ef1c659d5fbd061d2d4b59b8e361,not specified by COCO image metadata; not claimed Atyrau,2013-11-16 17:30:52
361217,376284,376284,not_available_still_image,car,3,processed/crops/361217.png,raw/images/000000376284.jpg,18.71,50.92,46.66,59.08,500,333,0,1,Attribution-NonCommercial-ShareAlike License,http://creativecommons.org/licenses/by-nc-sa/2.0/,http://farm3.staticflickr.com/2056/1734699920_7e194ec591_z.jpg,https://www.flickr.com/photo.gne?id=1734699920,not supplied in COCO metadata; original Flickr source linked,COCO photograph 376284; original title not supplied,bounding-box crop; per-image original license retained,http://images.cocodataset.org/val2017/000000376284.jpg,eb6f932ea8c4865107c802e4a9d23730d0991f6c869b63f8f314471c42f83eb2,86fcf0ab3b3f0af6b7955d014b350891a88c35a8e994def1d8e6879478dd703d,not specified by COCO image metadata; not claimed Atyrau,2013-11-15 05:48:38
361366,526392,526392,not_available_still_image,car,3,processed/crops/361366.png,raw/images/000000526392.jpg,227.49,246.82,272.38,82.31,500,333,0,2,Attribution-NonCommercial License,http://creativecommons.org/licenses/by-nc/2.0/,http://farm2.staticflickr.com/1368/1475092316_af874718c0_z.jpg,https://www.flickr.com/photo.gne?id=1475092316,not supplied in COCO metadata; original Flickr source linked,COCO photograph 526392; original title not supplied,bounding-box crop; per-image original license retained,http://images.cocodataset.org/val2017/000000526392.jpg,e5d5df3b0b7203eb60aa9c605a658cb026d1f6825edebda3dc6c86665724bdc2,98ee786a52b32604b543dc50acc4a6792fdc4e13be32b103dced8fc77951fb83,not specified by COCO image metadata; not claimed Atyrau,2013-11-16 19:26:03
362010,214200,214200,not_available_still_image,car,3,processed/crops/362010.png,raw/images/000000214200.jpg,28.76,487.31,398.24,139.51,427,640,0,1,Attribution-NonCommercial-ShareAlike License,http://creativecommons.org/licenses/by-nc-sa/2.0/,http://farm1.staticflickr.com/1/2326501_80288821c9_z.jpg,https://www.flickr.com/photo.gne?id=2326501,not supplied in COCO metadata; original Flickr source linked,COCO photograph 214200; original title not supplied,bounding-box crop; per-image original license retained,http://images.cocodataset.org/val2017/000000214200.jpg,9e93bc93c96357bb1c7d5f6f784531aa1235933e2f844efae10860c024c601c3,f99128ed3e21f412ece55418dd9f95bdc0ef86d2b2ebf13a3d7f3a1162ab113d,not specified by COCO image metadata; not claimed Atyrau,2013-11-17 08:30:54
362248,192670,192670,not_available_still_image,car,3,processed/crops/362248.png,raw/images/000000192670.jpg,220.1,95.2,179.14,82.35,640,433,0,4,Attribution License,http://creativecommons.org/licenses/by/2.0/,http://farm7.staticflickr.com/6137/5931706250_072cc90a24_z.jpg,https://www.flickr.com/photo.gne?id=5931706250,not supplied in COCO metadata; original Flickr source linked,COCO photograph 192670; original title not supplied,bounding-box crop; per-image original license retained,http://images.cocodataset.org/val2017/000000192670.jpg,78166d1775deaa41e93780921bccec43c99a293626f44eb19c41fe56bd12925e,3292e7e67d229c2ec9f97b760339663f510b0d821ec39cc157c07d5f41d14514,not specified by COCO image metadata; not claimed Atyrau,2013-11-19 19:15:08
362341,460147,460147,not_available_still_image,car,3,processed/crops/362341.png,raw/images/000000460147.jpg,535.0,219.37,74.73,52.31,640,424,0,1,Attribution-NonCommercial-ShareAlike License,http://creativecommons.org/licenses/by-nc-sa/2.0/,http://farm9.staticflickr.com/8457/8053677163_d4c8f416be_z.jpg,https://www.flickr.com/photo.gne?id=8053677163,not supplied in COCO metadata; original Flickr source linked,COCO photograph 460147; original title not supplied,bounding-box crop; per-image original license retained,http://images.cocodataset.org/val2017/000000460147.jpg,b041d8c01473b72e2ea2f909174a4d2e5cdefae9a3d5abd06a9db91755392ad3,79ec40444b60e8a11710518bb12f03d01c21650b267a623218a8a2376d5dbfa6,not specified by COCO image metadata; not claimed Atyrau,2013-11-17 19:36:09
362348,124798,124798,not_available_still_image,car,3,processed/crops/362348.png,raw/images/000000124798.jpg,574.77,311.69,65.23,114.19,640,427,0,5,Attribution-ShareAlike License,http://creativecommons.org/licenses/by-sa/2.0/,http://farm9.staticflickr.com/8090/8444499449_ec1094a7e2_z.jpg,https://www.flickr.com/photo.gne?id=8444499449,not supplied in COCO metadata; original Flickr source linked,COCO photograph 124798; original title not supplied,bounding-box crop; per-image original license retained,http://images.cocodataset.org/val2017/000000124798.jpg,945dffc0d0e390d50539049ebbe2a80691f9f0c5bee67bc10a6ecc57a08ae536,560c67f5e369aaf685497014ae9bbf9c6f0313b0cf2c003d26f30dbdcb985adc,not specified by COCO image metadata; not claimed Atyrau,2013-11-16 23:31:18
362739,343218,343218,not_available_still_image,car,3,processed/crops/362739.png,raw/images/000000343218.jpg,112.26,136.42,117.93,58.25,640,428,0,4,Attribution License,http://creativecommons.org/licenses/by/2.0/,http://farm4.staticflickr.com/3169/2653643649_665418b9df_z.jpg,https://www.flickr.com/photo.gne?id=2653643649,not supplied in COCO metadata; original Flickr source linked,COCO photograph 343218; original title not supplied,bounding-box crop; per-image original license retained,http://images.cocodataset.org/val2017/000000343218.jpg,ff45d2490e8dfa3d775ddf5ea378d835cdec56eed9c33190c9a00cfd584e7871,52043b3f803de061f2b2805dafb7ca721270fa19989a06eaf47d16e754e0644b,not specified by COCO image metadata; not claimed Atyrau,2013-11-23 04:07:15
363236,480944,480944,not_available_still_image,car,3,processed/crops/363236.png,raw/images/000000480944.jpg,21.07,354.61,102.45,43.6,480,640,0,1,Attribution-NonCommercial-ShareAlike License,http://creativecommons.org/licenses/by-nc-sa/2.0/,http://farm8.staticflickr.com/7062/6774987268_25b081373c_z.jpg,https://www.flickr.com/photo.gne?id=6774987268,not supplied in COCO metadata; original Flickr source linked,COCO photograph 480944; original title not supplied,bounding-box crop; per-image original license retained,http://images.cocodataset.org/val2017/000000480944.jpg,d93e279fe681bff9f79cda02129731ce9abf2596a573aed2dbb3f2c237d9c7e2,33e94e97c41eecde87f8c71dfed6e78b56da39f0f1205fd69a106a0890c290c3,not specified by COCO image metadata; not claimed Atyrau,2013-11-15 10:30:01
363512,124798,124798,not_available_still_image,car,3,processed/crops/363512.png,raw/images/000000124798.jpg,0.0,293.68,58.12,81.96,640,427,0,5,Attribution-ShareAlike License,http://creativecommons.org/licenses/by-sa/2.0/,http://farm9.staticflickr.com/8090/8444499449_ec1094a7e2_z.jpg,https://www.flickr.com/photo.gne?id=8444499449,not supplied in COCO metadata; original Flickr source linked,COCO photograph 124798; original title not supplied,bounding-box crop; per-image original license retained,http://images.cocodataset.org/val2017/000000124798.jpg,945dffc0d0e390d50539049ebbe2a80691f9f0c5bee67bc10a6ecc57a08ae536,44c767dbd4177ebaf572689e236bb6278f2535552a8a2ea8311c2ec5a8e0265e,not specified by COCO image metadata; not claimed Atyrau,2013-11-16 23:31:18
364000,521052,521052,not_available_still_image,car,3,processed/crops/364000.png,raw/images/000000521052.jpg,11.93,262.72,65.75,78.45,640,480,0,2,Attribution-NonCommercial License,http://creativecommons.org/licenses/by-nc/2.0/,http://farm3.staticflickr.com/2098/1568559999_01cbd5d021_z.jpg,https://www.flickr.com/photo.gne?id=1568559999,not supplied in COCO metadata; original Flickr source linked,COCO photograph 521052; original title not supplied,bounding-box crop; per-image original license retained,http://images.cocodataset.org/val2017/000000521052.jpg,3aa389e1258ce12da6b3aab20489a1c2fd6e9da8495badaaef394a09730691cb,d3e51b4a13ebab810729f443630671802a9a7d2503ca7700284e69a2ff63ac4f,not specified by COCO image metadata; not claimed Atyrau,2013-11-17 15:29:03
364952,214200,214200,not_available_still_image,car,3,processed/crops/364952.png,raw/images/000000214200.jpg,303.31,487.47,121.44,47.58,427,640,0,1,Attribution-NonCommercial-ShareAlike License,http://creativecommons.org/licenses/by-nc-sa/2.0/,http://farm1.staticflickr.com/1/2326501_80288821c9_z.jpg,https://www.flickr.com/photo.gne?id=2326501,not supplied in COCO metadata; original Flickr source linked,COCO photograph 214200; original title not supplied,bounding-box crop; per-image original license retained,http://images.cocodataset.org/val2017/000000214200.jpg,9e93bc93c96357bb1c7d5f6f784531aa1235933e2f844efae10860c024c601c3,b77be075223d1e4343f02af21bd7dd1e2ba9549d628e6e8a8e8f6af5c9b0e520,not specified by COCO image metadata; not claimed Atyrau,2013-11-17 08:30:54
365584,303305,303305,not_available_still_image,bus,6,processed/crops/365584.png,raw/images/000000303305.jpg,18.34,56.16,608.36,305.26,640,480,0,1,Attribution-NonCommercial-ShareAlike License,http://creativecommons.org/licenses/by-nc-sa/2.0/,http://farm4.staticflickr.com/3753/9533643579_ddf338f491_z.jpg,https://www.flickr.com/photo.gne?id=9533643579,not supplied in COCO metadata; original Flickr source linked,COCO photograph 303305; original title not supplied,bounding-box crop; per-image original license retained,http://images.cocodataset.org/val2017/000000303305.jpg,3a68aba42359945b3490eb9c643d279107d41cb15370a0e327cbd0adbbef0356,871bff9d8057bfa5bfd549a7104db326d3cb79c617ae0ad6a67794fd15274558,not specified by COCO image metadata; not claimed Atyrau,2013-11-16 20:28:42
365599,124798,124798,not_available_still_image,bus,6,processed/crops/365599.png,raw/images/000000124798.jpg,170.82,238.56,237.57,125.47,640,427,0,5,Attribution-ShareAlike License,http://creativecommons.org/licenses/by-sa/2.0/,http://farm9.staticflickr.com/8090/8444499449_ec1094a7e2_z.jpg,https://www.flickr.com/photo.gne?id=8444499449,not supplied in COCO metadata; original Flickr source linked,COCO photograph 124798; original title not supplied,bounding-box crop; per-image original license retained,http://images.cocodataset.org/val2017/000000124798.jpg,945dffc0d0e390d50539049ebbe2a80691f9f0c5bee67bc10a6ecc57a08ae536,cf2f0a90c8a29ba10ab86855de066f018ae5a4cf3869e4459534115fe5fe2dd0,not specified by COCO image metadata; not claimed Atyrau,2013-11-16 23:31:18
365627,373353,373353,not_available_still_image,bus,6,processed/crops/365627.png,raw/images/000000373353.jpg,271.98,216.11,96.29,138.88,640,428,0,1,Attribution-NonCommercial-ShareAlike License,http://creativecommons.org/licenses/by-nc-sa/2.0/,http://farm9.staticflickr.com/8247/8508114297_56b58153d6_z.jpg,https://www.flickr.com/photo.gne?id=8508114297,not supplied in COCO metadata; original Flickr source linked,COCO photograph 373353; original title not supplied,bounding-box crop; per-image original license retained,http://images.cocodataset.org/val2017/000000373353.jpg,bc8f393230d375ddce63522d13740ccac6419e646560c97695a12ea3cee0e6fa,62260dce57043caf3dfeac95ab589f125512ac0f004359c19289615cc852d89c,not specified by COCO image metadata; not claimed Atyrau,2013-11-16 23:15:48
365644,98392,98392,not_available_still_image,bus,6,processed/crops/365644.png,raw/images/000000098392.jpg,270.38,341.21,209.62,244.5,480,640,0,4,Attribution License,http://creativecommons.org/licenses/by/2.0/,http://farm3.staticflickr.com/2502/4159425709_43b95a16d7_z.jpg,https://www.flickr.com/photo.gne?id=4159425709,not supplied in COCO metadata; original Flickr source linked,COCO photograph 98392; original title not supplied,bounding-box crop; per-image original license retained,http://images.cocodataset.org/val2017/000000098392.jpg,c976adf7599725c1bab7fbae692611501e7a33fb5e182c3e301f985205340ecf,6dbd6a22afab6b06037531724fcdf75e4b6744e317f976051a34fd42799b39e7,not specified by COCO image metadata; not claimed Atyrau,2013-11-16 17:30:52
365710,105912,105912,not_available_still_image,bus,6,processed/crops/365710.png,raw/images/000000105912.jpg,182.19,110.71,162.18,62.88,500,375,0,2,Attribution-NonCommercial License,http://creativecommons.org/licenses/by-nc/2.0/,http://farm3.staticflickr.com/2279/2054234754_27cdb35bd4_z.jpg,https://www.flickr.com/photo.gne?id=2054234754,not supplied in COCO metadata; original Flickr source linked,COCO photograph 105912; original title not supplied,bounding-box crop; per-image original license retained,http://images.cocodataset.org/val2017/000000105912.jpg,371f4f6ea696a0b01e6f2b1a5a3bf27d420dc3e8c8276091dd8f29f8aa21baa2,681d7d8cd520f4c2a9da67c7d5ebfa6a9e9e95e821d3553ef2604b8ef8b23249,not specified by COCO image metadata; not claimed Atyrau,2013-11-16 21:07:05
365762,153011,153011,not_available_still_image,bus,6,processed/crops/365762.png,raw/images/000000153011.jpg,477.82,84.1,162.18,221.44,640,480,0,1,Attribution-NonCommercial-ShareAlike License,http://creativecommons.org/licenses/by-nc-sa/2.0/,http://farm8.staticflickr.com/7256/7132663181_1f1c9c9288_z.jpg,https://www.flickr.com/photo.gne?id=7132663181,not supplied in COCO metadata; original Flickr source linked,COCO photograph 153011; original title not supplied,bounding-box crop; per-image original license retained,http://images.cocodataset.org/val2017/000000153011.jpg,e051d5c7180bec8cb38caae0cbeca57f4d09879d097065c581bb9f9c0d474a09,e3fa0d5a371b2fc2198ec9d9ddf9422019ef136bd5b096738e8db44f1da22ba6,not specified by COCO image metadata; not claimed Atyrau,2013-11-17 20:47:39
365809,333745,333745,not_available_still_image,bus,6,processed/crops/365809.png,raw/images/000000333745.jpg,0.0,0.0,427.0,447.72,427,640,0,2,Attribution-NonCommercial License,http://creativecommons.org/licenses/by-nc/2.0/,http://farm3.staticflickr.com/2327/2047944787_da096c6284_z.jpg,https://www.flickr.com/photo.gne?id=2047944787,not supplied in COCO metadata; original Flickr source linked,COCO photograph 333745; original title not supplied,bounding-box crop; per-image original license retained,http://images.cocodataset.org/val2017/000000333745.jpg,db3e2af085b3eafd7b00ebf44f43eebf839838a68493dcaaa3529fff953835c9,609d420b4729574bd0be25e4d01d2931c41050a4ce83148a3066f4b37b097a0e,not specified by COCO image metadata; not claimed Atyrau,2013-11-14 12:52:37
365831,76416,76416,not_available_still_image,bus,6,processed/crops/365831.png,raw/images/000000076416.jpg,116.39,129.91,450.48,248.77,640,480,0,4,Attribution License,http://creativecommons.org/licenses/by/2.0/,http://farm9.staticflickr.com/8478/8225218510_04ff392494_z.jpg,https://www.flickr.com/photo.gne?id=8225218510,not supplied in COCO metadata; original Flickr source linked,COCO photograph 76416; original title not supplied,bounding-box crop; per-image original license retained,http://images.cocodataset.org/val2017/000000076416.jpg,f21eb87831efba38ef9ccea8a5699b222b614fddf716e1486653ce79ffaef463,8d7fb4a79fdf94b5ae6f6634a49ca1f87c46857f3a2f6e81f29e93e2a91e688c,not specified by COCO image metadata; not claimed Atyrau,2013-11-16 17:06:51
365940,405205,405205,not_available_still_image,bus,6,processed/crops/365940.png,raw/images/000000405205.jpg,70.02,22.11,441.33,352.88,550,410,0,1,Attribution-NonCommercial-ShareAlike License,http://creativecommons.org/licenses/by-nc-sa/2.0/,http://farm8.staticflickr.com/7222/7313042294_a60044d41b_z.jpg,https://www.flickr.com/photo.gne?id=7313042294,not supplied in COCO metadata; original Flickr source linked,COCO photograph 405205; original title not supplied,bounding-box crop; per-image original license retained,http://images.cocodataset.org/val2017/000000405205.jpg,5d9f74f68734488691cd1eef896f89cd5eb1bc942457cf8f79d6a6d8674a0764,8d7879c88c3616a788639f44ded905300097e71b7562f1be18bb445e96441ee7,not specified by COCO image metadata; not claimed Atyrau,2013-11-16 16:26:54
365995,303818,303818,not_available_still_image,bus,6,processed/crops/365995.png,raw/images/000000303818.jpg,312.83,66.01,167.17,245.38,480,640,0,4,Attribution License,http://creativecommons.org/licenses/by/2.0/,http://farm8.staticflickr.com/7296/9604033757_c21f78484e_z.jpg,https://www.flickr.com/photo.gne?id=9604033757,not supplied in COCO metadata; original Flickr source linked,COCO photograph 303818; original title not supplied,bounding-box crop; per-image original license retained,http://images.cocodataset.org/val2017/000000303818.jpg,7e8916d1f7c98799b8ea70c9b5f20486167dde4c70f6d35d36d2cc384a4c2624,417c881bb9798bb91ad806e280322ea6c804c06f764cb7f856ed6eac0cc080f1,not specified by COCO image metadata; not claimed Atyrau,2013-11-16 15:51:16
366097,203294,203294,not_available_still_image,bus,6,processed/crops/366097.png,raw/images/000000203294.jpg,149.93,110.29,390.47,232.99,640,480,0,2,Attribution-NonCommercial License,http://creativecommons.org/licenses/by-nc/2.0/,http://farm9.staticflickr.com/8398/8686137020_2ca292f1dd_z.jpg,https://www.flickr.com/photo.gne?id=8686137020,not supplied in COCO metadata; original Flickr source linked,COCO photograph 203294; original title not supplied,bounding-box crop; per-image original license retained,http://images.cocodataset.org/val2017/000000203294.jpg,c5d43fb94e11fae1e3bf97b08bebb4a96d7735bb92a6bab8bf8618000208ef9c,ded08b88f45430f6cca49e07a9a64e1e541456183b2aa1d187f29411d440a89c,not specified by COCO image metadata; not claimed Atyrau,2013-11-16 22:30:35
366139,202339,202339,not_available_still_image,bus,6,processed/crops/366139.png,raw/images/000000202339.jpg,207.19,71.19,255.78,226.03,480,640,0,4,Attribution License,http://creativecommons.org/licenses/by/2.0/,http://farm9.staticflickr.com/8070/8204757796_ce9fd630a2_z.jpg,https://www.flickr.com/photo.gne?id=8204757796,not supplied in COCO metadata; original Flickr source linked,COCO photograph 202339; original title not supplied,bounding-box crop; per-image original license retained,http://images.cocodataset.org/val2017/000000202339.jpg,9b1d63dff953ffb99953a9c7073ba01772810928f3b22a205b267f9ae0fa7ed5,3c049797bddc72004300e4b4e41b27a84c4f61793caca16128d43edfffbed3be,not specified by COCO image metadata; not claimed Atyrau,2013-11-16 18:05:40
366175,84170,84170,not_available_still_image,bus,6,processed/crops/366175.png,raw/images/000000084170.jpg,202.79,119.73,242.69,244.85,640,480,0,4,Attribution License,http://creativecommons.org/licenses/by/2.0/,http://farm9.staticflickr.com/8190/8134254727_0b28cabe93_z.jpg,https://www.flickr.com/photo.gne?id=8134254727,not supplied in COCO metadata; original Flickr source linked,COCO photograph 84170; original title not supplied,bounding-box crop; per-image original license retained,http://images.cocodataset.org/val2017/000000084170.jpg,74de1d85ded730e719dbf35407dc4160976d9da86f2b310f8df6bb388586afa3,05bd030364fb831a18176dbb1dea0a438ee7fbb4f633dd6d7c172cc6baf0c45a,not specified by COCO image metadata; not claimed Atyrau,2013-11-17 00:36:46
366342,202339,202339,not_available_still_image,bus,6,processed/crops/366342.png,raw/images/000000202339.jpg,0.0,0.0,83.42,327.91,480,640,0,4,Attribution License,http://creativecommons.org/licenses/by/2.0/,http://farm9.staticflickr.com/8070/8204757796_ce9fd630a2_z.jpg,https://www.flickr.com/photo.gne?id=8204757796,not supplied in COCO metadata; original Flickr source linked,COCO photograph 202339; original title not supplied,bounding-box crop; per-image original license retained,http://images.cocodataset.org/val2017/000000202339.jpg,9b1d63dff953ffb99953a9c7073ba01772810928f3b22a205b267f9ae0fa7ed5,458765b47b831712b30c11293ae8649fb164552e17e94dbc6ce5b6e62c485113,not specified by COCO image metadata; not claimed Atyrau,2013-11-16 18:05:40
366345,447342,447342,not_available_still_image,bus,6,processed/crops/366345.png,raw/images/000000447342.jpg,85.45,263.64,217.86,120.2,640,416,0,1,Attribution-NonCommercial-ShareAlike License,http://creativecommons.org/licenses/by-nc-sa/2.0/,http://farm9.staticflickr.com/8467/8147569622_663a28196d_z.jpg,https://www.flickr.com/photo.gne?id=8147569622,not supplied in COCO metadata; original Flickr source linked,COCO photograph 447342; original title not supplied,bounding-box crop; per-image original license retained,http://images.cocodataset.org/val2017/000000447342.jpg,199402bfe3e935cf8c52e59271a9d5a0e2a20a7aa264472d7bcd0936b7c15d97,8a19b9f0410adf4b73df9bf36729722dfed5a7d71f64a3a707544b60c0881048,not specified by COCO image metadata; not claimed Atyrau,2013-11-17 00:36:06
366516,313182,313182,not_available_still_image,bus,6,processed/crops/366516.png,raw/images/000000313182.jpg,180.08,128.63,393.51,259.16,640,424,0,1,Attribution-NonCommercial-ShareAlike License,http://creativecommons.org/licenses/by-nc-sa/2.0/,http://farm9.staticflickr.com/8079/8270185994_6daba92e59_z.jpg,https://www.flickr.com/photo.gne?id=8270185994,not supplied in COCO metadata; original Flickr source linked,COCO photograph 313182; original title not supplied,bounding-box crop; per-image original license retained,http://images.cocodataset.org/val2017/000000313182.jpg,eb866ca692e9cbffe64807c519b6b2ce6fec169734658331c3399613cd8ec20f,a6a28c5b2584a4a53dfe531cc5d9db705d35130f71d26fd978c8d7553f6e26d6,not specified by COCO image metadata; not claimed Atyrau,2013-11-15 15:11:04
366581,447342,447342,not_available_still_image,bus,6,processed/crops/366581.png,raw/images/000000447342.jpg,371.13,277.64,164.53,133.69,640,416,0,1,Attribution-NonCommercial-ShareAlike License,http://creativecommons.org/licenses/by-nc-sa/2.0/,http://farm9.staticflickr.com/8467/8147569622_663a28196d_z.jpg,https://www.flickr.com/photo.gne?id=8147569622,not supplied in COCO metadata; original Flickr source linked,COCO photograph 447342; original title not supplied,bounding-box crop; per-image original license retained,http://images.cocodataset.org/val2017/000000447342.jpg,199402bfe3e935cf8c52e59271a9d5a0e2a20a7aa264472d7bcd0936b7c15d97,6e22da7468b8f89e04b8891e240e62d6944d4d8ce245709f9b67372e5b0a8149,not specified by COCO image metadata; not claimed Atyrau,2013-11-17 00:36:06
394068,205289,205289,not_available_still_image,truck,8,processed/crops/394068.png,raw/images/000000205289.jpg,147.29,120.88,338.25,163.53,640,451,0,4,Attribution License,http://creativecommons.org/licenses/by/2.0/,http://farm9.staticflickr.com/8048/8094964301_1518affa3b_z.jpg,https://www.flickr.com/photo.gne?id=8094964301,not supplied in COCO metadata; original Flickr source linked,COCO photograph 205289; original title not supplied,bounding-box crop; per-image original license retained,http://images.cocodataset.org/val2017/000000205289.jpg,c9a58eeace3113acbac814cdd972ac4319bc67a5957f0132371288e605607b89,4a6ac47ff55d3547e3fb66ea8b91a8fd16a8249475303c49a1859c8c2e4ae56d,not specified by COCO image metadata; not claimed Atyrau,2013-11-17 19:30:10
394221,205647,205647,not_available_still_image,truck,8,processed/crops/394221.png,raw/images/000000205647.jpg,47.76,207.38,476.68,112.72,640,427,0,1,Attribution-NonCommercial-ShareAlike License,http://creativecommons.org/licenses/by-nc-sa/2.0/,http://farm3.staticflickr.com/2890/9335195681_479aa10634_z.jpg,https://www.flickr.com/photo.gne?id=9335195681,not supplied in COCO metadata; original Flickr source linked,COCO photograph 205647; original title not supplied,bounding-box crop; per-image original license retained,http://images.cocodataset.org/val2017/000000205647.jpg,7b57ce0fe44c455fc400a75c4aae17d107442a3578006fc0313578e5c0e5371f,5c24d8ccb69176a41b6935a20c1aa1447ccb4d24ab53a71f355e4ecb6892bbcd,not specified by COCO image metadata; not claimed Atyrau,2013-11-17 17:37:10
394297,542625,542625,not_available_still_image,truck,8,processed/crops/394297.png,raw/images/000000542625.jpg,2.16,1.08,143.46,354.88,640,480,0,4,Attribution License,http://creativecommons.org/licenses/by/2.0/,http://farm8.staticflickr.com/7415/9089660689_e77a462f81_z.jpg,https://www.flickr.com/photo.gne?id=9089660689,not supplied in COCO metadata; original Flickr source linked,COCO photograph 542625; original title not supplied,bounding-box crop; per-image original license retained,http://images.cocodataset.org/val2017/000000542625.jpg,96bcf0e82d56c029bbb5f440727dbd0daf156a14327a5a83d6fd68ba67f62712,699cb6499c8804be3ce0af20c025d6b79797ff2e9dd2681f471baa7d7b4f84fa,not specified by COCO image metadata; not claimed Atyrau,2013-11-16 23:00:05
394319,414510,414510,not_available_still_image,truck,8,processed/crops/394319.png,raw/images/000000414510.jpg,223.47,30.95,256.53,255.54,480,640,0,4,Attribution License,http://creativecommons.org/licenses/by/2.0/,http://farm7.staticflickr.com/6011/5883783041_745340195b_z.jpg,https://www.flickr.com/photo.gne?id=5883783041,not supplied in COCO metadata; original Flickr source linked,COCO photograph 414510; original title not supplied,bounding-box crop; per-image original license retained,http://images.cocodataset.org/val2017/000000414510.jpg,f6f2620707df79c606e0c1cfab462860ece49bee7768f0fb2dbdfac7bdf8346e,b1e151998c9bf94e39723425279f0b1b673348e2d50a733ca1aeed544924fa3e,not specified by COCO image metadata; not claimed Atyrau,2013-11-15 03:55:44
394571,442480,442480,not_available_still_image,truck,8,processed/crops/394571.png,raw/images/000000442480.jpg,49.08,222.76,92.48,48.77,640,425,0,1,Attribution-NonCommercial-ShareAlike License,http://creativecommons.org/licenses/by-nc-sa/2.0/,http://farm5.staticflickr.com/4109/5004277678_c2a9fe86b8_z.jpg,https://www.flickr.com/photo.gne?id=5004277678,not supplied in COCO metadata; original Flickr source linked,COCO photograph 442480; original title not supplied,bounding-box crop; per-image original license retained,http://images.cocodataset.org/val2017/000000442480.jpg,2a67ce62480e4a1b1612ec18521433e00d92d1400cc13c94ef791853a21f2459,a039c4aa4396913f82cd047fb5be426487c0c21e02df117645d3ea8de34a43b8,not specified by COCO image metadata; not claimed Atyrau,2013-11-16 03:48:12
394593,140203,140203,not_available_still_image,truck,8,processed/crops/394593.png,raw/images/000000140203.jpg,19.37,0.0,484.31,389.6,640,480,0,4,Attribution License,http://creativecommons.org/licenses/by/2.0/,http://farm1.staticflickr.com/47/151349771_c85a058c7d_z.jpg,https://www.flickr.com/photo.gne?id=151349771,not supplied in COCO metadata; original Flickr source linked,COCO photograph 140203; original title not supplied,bounding-box crop; per-image original license retained,http://images.cocodataset.org/val2017/000000140203.jpg,5c3a04dada4c36aba47e5c65a25da677451e66c4a7344ebb602bb4fe4cda55d1,68e27bf85552306484300997023fc30bdd21de1c50e49c6aab61b4ce2ba2538c,not specified by COCO image metadata; not claimed Atyrau,2013-11-17 15:33:57
394633,153011,153011,not_available_still_image,truck,8,processed/crops/394633.png,raw/images/000000153011.jpg,0.0,113.0,317.49,164.67,640,480,0,1,Attribution-NonCommercial-ShareAlike License,http://creativecommons.org/licenses/by-nc-sa/2.0/,http://farm8.staticflickr.com/7256/7132663181_1f1c9c9288_z.jpg,https://www.flickr.com/photo.gne?id=7132663181,not supplied in COCO metadata; original Flickr source linked,COCO photograph 153011; original title not supplied,bounding-box crop; per-image original license retained,http://images.cocodataset.org/val2017/000000153011.jpg,e051d5c7180bec8cb38caae0cbeca57f4d09879d097065c581bb9f9c0d474a09,fec235b13ce5c8159d3e9495d780f99c660f49691bc8e811d4a9261087205a20,not specified by COCO image metadata; not claimed Atyrau,2013-11-17 20:47:39
394674,426372,426372,not_available_still_image,truck,8,processed/crops/394674.png,raw/images/000000426372.jpg,56.74,44.72,509.71,364.49,640,427,0,2,Attribution-NonCommercial License,http://creativecommons.org/licenses/by-nc/2.0/,http://farm9.staticflickr.com/8120/8601665941_922d321a47_z.jpg,https://www.flickr.com/photo.gne?id=8601665941,not supplied in COCO metadata; original Flickr source linked,COCO photograph 426372; original title not supplied,bounding-box crop; per-image original license retained,http://images.cocodataset.org/val2017/000000426372.jpg,2008ffc31ea397b00e132ab370a273a61ac65d00d7ad76789fb43ef404f88ca5,15c39fffd8c388e7d66e778734920f2ddf3afb8f9628e3f8e11164d1a8467cab,not specified by COCO image metadata; not claimed Atyrau,2013-11-17 18:31:03
394809,568290,568290,not_available_still_image,truck,8,processed/crops/394809.png,raw/images/000000568290.jpg,545.15,174.99,67.24,46.3,640,427,0,5,Attribution-ShareAlike License,http://creativecommons.org/licenses/by-sa/2.0/,http://farm8.staticflickr.com/7342/9305416099_b62431c75b_z.jpg,https://www.flickr.com/photo.gne?id=9305416099,not supplied in COCO metadata; original Flickr source linked,COCO photograph 568290; original title not supplied,bounding-box crop; per-image original license retained,http://images.cocodataset.org/val2017/000000568290.jpg,116519cb932504866058215a0cca5e5d03b4af04a71e540db38c5caefb8d4725,c996edab5ba17cff835b4af6c290ae39f36cf854a36035d01f78a5e20dbb7118,not specified by COCO image metadata; not claimed Atyrau,2013-11-16 21:20:17
394811,515266,515266,not_available_still_image,truck,8,processed/crops/394811.png,raw/images/000000515266.jpg,270.76,99.18,358.77,164.23,640,427,0,2,Attribution-NonCommercial License,http://creativecommons.org/licenses/by-nc/2.0/,http://farm9.staticflickr.com/8046/8150642174_9e8870ff5c_z.jpg,https://www.flickr.com/photo.gne?id=8150642174,not supplied in COCO metadata; original Flickr source linked,COCO photograph 515266; original title not supplied,bounding-box crop; per-image original license retained,http://images.cocodataset.org/val2017/000000515266.jpg,467c8c1837eb1f76f4d2457b6116a45b8cffb778eb3ab217e2bdaefa15951100,193da0e23e2a77c6227f935a6c58518fe2af6cfc928ddf19b89f7e362978ece1,not specified by COCO image metadata; not claimed Atyrau,2013-11-15 06:37:52
394823,219271,219271,not_available_still_image,truck,8,processed/crops/394823.png,raw/images/000000219271.jpg,2.79,350.76,129.69,117.99,350,500,0,1,Attribution-NonCommercial-ShareAlike License,http://creativecommons.org/licenses/by-nc-sa/2.0/,http://farm1.staticflickr.com/4/5795874_297ee81b22_z.jpg,https://www.flickr.com/photo.gne?id=5795874,not supplied in COCO metadata; original Flickr source linked,COCO photograph 219271; original title not supplied,bounding-box crop; per-image original license retained,http://images.cocodataset.org/val2017/000000219271.jpg,404ee96388af2dbbe54de91cc6da0f1ec3803c9d027fd2c89c7fac930ab2088d,f0c18298489cdb4d59e7876eb371633fbc9a3335751bdc8be69d72d411187af3,not specified by COCO image metadata; not claimed Atyrau,2013-11-17 16:29:52
395266,46872,46872,not_available_still_image,truck,8,processed/crops/395266.png,raw/images/000000046872.jpg,0.0,76.44,491.17,203.85,640,391,0,2,Attribution-NonCommercial License,http://creativecommons.org/licenses/by-nc/2.0/,http://farm9.staticflickr.com/8033/7934872172_1826f22f18_z.jpg,https://www.flickr.com/photo.gne?id=7934872172,not supplied in COCO metadata; original Flickr source linked,COCO photograph 46872; original title not supplied,bounding-box crop; per-image original license retained,http://images.cocodataset.org/val2017/000000046872.jpg,fd991bcccf8342f3ab5c5228dce3873765964a545365ac3f31d69b32c8a9258d,fb60b987c338dc71ddff6fa57c48d28e203d62a4ffdb3f5b42fad7238f4dadd0,not specified by COCO image metadata; not claimed Atyrau,2013-11-17 19:43:47
395283,362682,362682,not_available_still_image,truck,8,processed/crops/395283.png,raw/images/000000362682.jpg,1.05,122.55,82.3,101.93,640,427,0,4,Attribution License,http://creativecommons.org/licenses/by/2.0/,http://farm9.staticflickr.com/8528/8575643656_6194a29a31_z.jpg,https://www.flickr.com/photo.gne?id=8575643656,not supplied in COCO metadata; original Flickr source linked,COCO photograph 362682; original title not supplied,bounding-box crop; per-image original license retained,http://images.cocodataset.org/val2017/000000362682.jpg,840ceaeff4c9d12ebbf3820ef38426091e6a28782ec6cceea9f265cf8cfb2651,62f7ef64463ae05d5a2d2d1ba5b88141b40448f54cc5642f2265d62cd474dab6,not specified by COCO image metadata; not claimed Atyrau,2013-11-16 23:00:40
395487,469192,469192,not_available_still_image,truck,8,processed/crops/395487.png,raw/images/000000469192.jpg,176.9,225.26,460.58,184.45,640,480,0,4,Attribution License,http://creativecommons.org/licenses/by/2.0/,http://farm9.staticflickr.com/8016/7671708924_54b6fd2c48_z.jpg,https://www.flickr.com/photo.gne?id=7671708924,not supplied in COCO metadata; original Flickr source linked,COCO photograph 469192; original title not supplied,bounding-box crop; per-image original license retained,http://images.cocodataset.org/val2017/000000469192.jpg,9f495ad3d8a4c1cf7ee9406c9d05b6337a58b45fd99a4b4fbace131f222182b0,a6e6f444db2631d48696866b54531697ddddd9f528de6ea41991c71a9004f667,not specified by COCO image metadata; not claimed Atyrau,2013-11-15 11:49:43
395518,405205,405205,not_available_still_image,truck,8,processed/crops/395518.png,raw/images/000000405205.jpg,500.55,115.79,49.2,168.07,550,410,0,1,Attribution-NonCommercial-ShareAlike License,http://creativecommons.org/licenses/by-nc-sa/2.0/,http://farm8.staticflickr.com/7222/7313042294_a60044d41b_z.jpg,https://www.flickr.com/photo.gne?id=7313042294,not supplied in COCO metadata; original Flickr source linked,COCO photograph 405205; original title not supplied,bounding-box crop; per-image original license retained,http://images.cocodataset.org/val2017/000000405205.jpg,5d9f74f68734488691cd1eef896f89cd5eb1bc942457cf8f79d6a6d8674a0764,58a2746f0e33551d9ec475d1344097962768468e11a93a67244932690172f205,not specified by COCO image metadata; not claimed Atyrau,2013-11-16 16:26:54
395534,141597,141597,not_available_still_image,truck,8,processed/crops/395534.png,raw/images/000000141597.jpg,39.34,131.3,360.79,198.63,640,427,0,1,Attribution-NonCommercial-ShareAlike License,http://creativecommons.org/licenses/by-nc-sa/2.0/,http://farm2.staticflickr.com/1139/1001175021_58db3270de_z.jpg,https://www.flickr.com/photo.gne?id=1001175021,not supplied in COCO metadata; original Flickr source linked,COCO photograph 141597; original title not supplied,bounding-box crop; per-image original license retained,http://images.cocodataset.org/val2017/000000141597.jpg,25c14df824e33813379628baba9adad6a93ebc5003667a88ef3c113d74689c05,4bd54d61805f98210af37843c96b6e9754a2274082c33895e208873379506db4,not specified by COCO image metadata; not claimed Atyrau,2013-11-15 10:47:02
395596,192607,192607,not_available_still_image,truck,8,processed/crops/395596.png,raw/images/000000192607.jpg,1.91,209.95,467.98,202.48,640,425,0,5,Attribution-ShareAlike License,http://creativecommons.org/licenses/by-sa/2.0/,http://farm6.staticflickr.com/5529/9298728158_2ff276583a_z.jpg,https://www.flickr.com/photo.gne?id=9298728158,not supplied in COCO metadata; original Flickr source linked,COCO photograph 192607; original title not supplied,bounding-box crop; per-image original license retained,http://images.cocodataset.org/val2017/000000192607.jpg,df1cfbabe293d62e1ad29ebf0e79699de8c1cef2a09177c5192255846a756974,d8a2411f0cf900f81322672891953b3dbfcb00f07e035776f466dc7138603ea9,not specified by COCO image metadata; not claimed Atyrau,2013-11-17 17:46:51
395730,220732,220732,not_available_still_image,truck,8,processed/crops/395730.png,raw/images/000000220732.jpg,18.38,170.27,357.84,107.03,640,480,0,2,Attribution-NonCommercial License,http://creativecommons.org/licenses/by-nc/2.0/,http://farm8.staticflickr.com/7278/8150890633_42a81c8e17_z.jpg,https://www.flickr.com/photo.gne?id=8150890633,not supplied in COCO metadata; original Flickr source linked,COCO photograph 220732; original title not supplied,bounding-box crop; per-image original license retained,http://images.cocodataset.org/val2017/000000220732.jpg,81b9254c750f52ebc8fcc5fa421ab8a3ac430db19f541bfb7541adada76a6a30,c6bb8ecca0e7a27d915715535049695b52c24a755ea70ede27b40b8373166e49,not specified by COCO image metadata; not claimed Atyrau,2013-11-17 19:20:15
395759,378873,378873,not_available_still_image,truck,8,processed/crops/395759.png,raw/images/000000378873.jpg,411.7,0.0,227.85,90.92,640,426,0,1,Attribution-NonCommercial-ShareAlike License,http://creativecommons.org/licenses/by-nc-sa/2.0/,http://farm2.staticflickr.com/1342/913303959_2980ff3f3d_z.jpg,https://www.flickr.com/photo.gne?id=913303959,not supplied in COCO metadata; original Flickr source linked,COCO photograph 378873; original title not supplied,bounding-box crop; per-image original license retained,http://images.cocodataset.org/val2017/000000378873.jpg,1f529f83c9ceec1086b1fb67bb5d807e5e6992cb641e8b5fd33bb46b01d180c2,d7b9d0c7c3c607f6c031baf4a9a0d3ffaeb33a525e6ddf4ffd244283d0656875,not specified by COCO image metadata; not claimed Atyrau,2013-11-20 02:08:17
395806,148719,148719,not_available_still_image,truck,8,processed/crops/395806.png,raw/images/000000148719.jpg,96.0,96.0,486.47,283.69,640,480,0,4,Attribution License,http://creativecommons.org/licenses/by/2.0/,http://farm5.staticflickr.com/4138/4781344883_9b115de575_z.jpg,https://www.flickr.com/photo.gne?id=4781344883,not supplied in COCO metadata; original Flickr source linked,COCO photograph 148719; original title not supplied,bounding-box crop; per-image original license retained,http://images.cocodataset.org/val2017/000000148719.jpg,dc5224344a70a6bb7bda0d21dddeac70f599aeaa35b2ce1fa3620821c6de4bf0,150a13a7ca9acaf26414e1fcd2b718479e6abbcb29b941c2aa7b4ce4351fffdc,not specified by COCO image metadata; not claimed Atyrau,2013-11-17 02:34:52
395892,396338,396338,not_available_still_image,truck,8,processed/crops/395892.png,raw/images/000000396338.jpg,388.62,105.39,233.17,182.32,640,427,0,2,Attribution-NonCommercial License,http://creativecommons.org/licenses/by-nc/2.0/,http://farm9.staticflickr.com/8451/8027479332_1d4833f074_z.jpg,https://www.flickr.com/photo.gne?id=8027479332,not supplied in COCO metadata; original Flickr source linked,COCO photograph 396338; original title not supplied,bounding-box crop; per-image original license retained,http://images.cocodataset.org/val2017/000000396338.jpg,d316e263395e5724b7627cec7df7045df058c746e7180bf93b87d10976c662c6,3b6b81cc1e44c9d27b7ab32f9f82cc1f9923111b832d4a9008ea08b48002cdbb,not specified by COCO image metadata; not claimed Atyrau,2013-11-17 19:34:07
396181,297022,297022,not_available_still_image,truck,8,processed/crops/396181.png,raw/images/000000297022.jpg,81.56,125.06,500.6,225.54,640,504,0,1,Attribution-NonCommercial-ShareAlike License,http://creativecommons.org/licenses/by-nc-sa/2.0/,http://farm8.staticflickr.com/7142/6515872335_f42305a782_z.jpg,https://www.flickr.com/photo.gne?id=6515872335,not supplied in COCO metadata; original Flickr source linked,COCO photograph 297022; original title not supplied,bounding-box crop; per-image original license retained,http://images.cocodataset.org/val2017/000000297022.jpg,301882dc7008eed384bf6229ce1d21f1b70edcd1d9a75f9cf74439623f34c8ff,cee4437d8f1ea59cfc81598b84b91ebd73ceda2d3cf2ee3f0806856745bc7464,not specified by COCO image metadata; not claimed Atyrau,2013-11-17 13:32:22
396314,196759,196759,not_available_still_image,truck,8,processed/crops/396314.png,raw/images/000000196759.jpg,44.03,167.62,574.49,255.57,640,480,0,4,Attribution License,http://creativecommons.org/licenses/by/2.0/,http://farm8.staticflickr.com/7324/9356649003_5cf8fb57b3_z.jpg,https://www.flickr.com/photo.gne?id=9356649003,not supplied in COCO metadata; original Flickr source linked,COCO photograph 196759; original title not supplied,bounding-box crop; per-image original license retained,http://images.cocodataset.org/val2017/000000196759.jpg,91e7ce017c2bb00c5fb22919f12749823d371b1c4664cdaccc0a2854bc992710,66d84a125bbfbaecdd32ea2572b1b32084e371370c9175af92ca077cbbdc643b,not specified by COCO image metadata; not claimed Atyrau,2013-11-17 17:39:58
396316,467848,467848,not_available_still_image,truck,8,processed/crops/396316.png,raw/images/000000467848.jpg,211.19,216.98,394.25,209.0,640,480,0,5,Attribution-ShareAlike License,http://creativecommons.org/licenses/by-sa/2.0/,http://farm8.staticflickr.com/7282/8743933964_a0886ffeff_z.jpg,https://www.flickr.com/photo.gne?id=8743933964,not supplied in COCO metadata; original Flickr source linked,COCO photograph 467848; original title not supplied,bounding-box crop; per-image original license retained,http://images.cocodataset.org/val2017/000000467848.jpg,8043630d9033bd8c58b57cf4faad1b2459c5341bfa487112479128f3ac80e4cd,a7fe7ba705bf33c24262e77e018d12ca5c3459ed780339d60730a68f7994f8fa,not specified by COCO image metadata; not claimed Atyrau,2013-11-17 18:08:36
396381,521052,521052,not_available_still_image,truck,8,processed/crops/396381.png,raw/images/000000521052.jpg,44.32,18.92,581.63,455.13,640,480,0,2,Attribution-NonCommercial License,http://creativecommons.org/licenses/by-nc/2.0/,http://farm3.staticflickr.com/2098/1568559999_01cbd5d021_z.jpg,https://www.flickr.com/photo.gne?id=1568559999,not supplied in COCO metadata; original Flickr source linked,COCO photograph 521052; original title not supplied,bounding-box crop; per-image original license retained,http://images.cocodataset.org/val2017/000000521052.jpg,3aa389e1258ce12da6b3aab20489a1c2fd6e9da8495badaaef394a09730691cb,d921fded7080b384416e6d192dc3188cdd5d78d20e71b8ee4aebeb9e9c9dc76b,not specified by COCO image metadata; not claimed Atyrau,2013-11-17 15:29:03
396402,334006,334006,not_available_still_image,truck,8,processed/crops/396402.png,raw/images/000000334006.jpg,220.68,121.79,298.39,219.71,640,426,0,1,Attribution-NonCommercial-ShareAlike License,http://creativecommons.org/licenses/by-nc-sa/2.0/,http://farm9.staticflickr.com/8526/8684868712_3122ac37d6_z.jpg,https://www.flickr.com/photo.gne?id=8684868712,not supplied in COCO metadata; original Flickr source linked,COCO photograph 334006; original title not supplied,bounding-box crop; per-image original license retained,http://images.cocodataset.org/val2017/000000334006.jpg,de98604a9ca39b461312d8073cb94eabc516bcbab21231404c96d4dea1419f68,b8883ee68278e6a4bc9f3e06d425bbfc3acbcb24a66e0983da67171561f3a34b,not specified by COCO image metadata; not claimed Atyrau,2013-11-17 18:20:57
396642,283038,283038,not_available_still_image,truck,8,processed/crops/396642.png,raw/images/000000283038.jpg,53.17,163.7,71.46,40.13,500,281,0,2,Attribution-NonCommercial License,http://creativecommons.org/licenses/by-nc/2.0/,http://farm1.staticflickr.com/68/218713640_05adea9bc3_z.jpg,https://www.flickr.com/photo.gne?id=218713640,not supplied in COCO metadata; original Flickr source linked,COCO photograph 283038; original title not supplied,bounding-box crop; per-image original license retained,http://images.cocodataset.org/val2017/000000283038.jpg,d2bd4dd1e335f37cb7765906adf646e8eb24b1fee3a61e1868e17e7bb2746a84,502663cc8918fffbf0cb9dbd0e0e1a37c1f4fdc9d2cfc03acb8abdf0c0e58b78,not specified by COCO image metadata; not claimed Atyrau,2013-11-17 10:08:48
396661,569565,569565,not_available_still_image,truck,8,processed/crops/396661.png,raw/images/000000569565.jpg,132.81,191.09,312.83,126.41,640,427,0,1,Attribution-NonCommercial-ShareAlike License,http://creativecommons.org/licenses/by-nc-sa/2.0/,http://farm8.staticflickr.com/7353/9164606678_de1b984a13_z.jpg,https://www.flickr.com/photo.gne?id=9164606678,not supplied in COCO metadata; original Flickr source linked,COCO photograph 569565; original title not supplied,bounding-box crop; per-image original license retained,http://images.cocodataset.org/val2017/000000569565.jpg,4a41348021140c4a9d58ce601e3c4f8ae1116c71aac77531c336e6d2d549de48,ede5c23010d5c39949311d9607b34389cd7b3bd79409fe08e8e5e0d4095d6d04,not specified by COCO image metadata; not claimed Atyrau,2013-11-17 16:01:15
396714,393226,393226,not_available_still_image,truck,8,processed/crops/396714.png,raw/images/000000393226.jpg,131.6,118.65,286.92,193.08,640,480,0,4,Attribution License,http://creativecommons.org/licenses/by/2.0/,http://farm9.staticflickr.com/8003/7321339838_42fe225709_z.jpg,https://www.flickr.com/photo.gne?id=7321339838,not supplied in COCO metadata; original Flickr source linked,COCO photograph 393226; original title not supplied,bounding-box crop; per-image original license retained,http://images.cocodataset.org/val2017/000000393226.jpg,7cfb2fecb604d1f7e5429ab118ecda7fe84c296067ce8038a89e7ea8af836a0f,a6ac76c4ec7380785e6d3902e30ffd783dd920b8b98f9c0aa83c13134c4025be,not specified by COCO image metadata; not claimed Atyrau,2013-11-17 20:36:07
396778,382111,382111,not_available_still_image,truck,8,processed/crops/396778.png,raw/images/000000382111.jpg,474.98,127.62,165.02,171.76,640,427,0,2,Attribution-NonCommercial License,http://creativecommons.org/licenses/by-nc/2.0/,http://farm7.staticflickr.com/6083/6055128278_1e45691f0a_z.jpg,https://www.flickr.com/photo.gne?id=6055128278,not supplied in COCO metadata; original Flickr source linked,COCO photograph 382111; original title not supplied,bounding-box crop; per-image original license retained,http://images.cocodataset.org/val2017/000000382111.jpg,8f6fe40126d22774f86651a7d98b707290fb6e3fb894f2324ee40ffd6085ecba,c53c253b406967544fe06919b953813145c761350a2bf7098d6e8030896cabf3,not specified by COCO image metadata; not claimed Atyrau,2013-11-18 22:51:36
396804,18837,18837,not_available_still_image,truck,8,processed/crops/396804.png,raw/images/000000018837.jpg,24.81,74.43,581.39,399.1,640,480,0,5,Attribution-ShareAlike License,http://creativecommons.org/licenses/by-sa/2.0/,http://farm9.staticflickr.com/8219/8372455764_124e052754_z.jpg,https://www.flickr.com/photo.gne?id=8372455764,not supplied in COCO metadata; original Flickr source linked,COCO photograph 18837; original title not supplied,bounding-box crop; per-image original license retained,http://images.cocodataset.org/val2017/000000018837.jpg,70f986167a5f1ea723ee2a25273f39ee1d1d7a3bf8b2fa3a37eca946111f1d93,dcc3eabb04ec8677ec95ae879b55f4a3158d99088e4074a77d8a44dadf78d87c,not specified by COCO image metadata; not claimed Atyrau,2013-11-17 18:58:56
397076,474164,474164,not_available_still_image,truck,8,processed/crops/397076.png,raw/images/000000474164.jpg,2.88,287.64,627.05,343.73,633,640,0,2,Attribution-NonCommercial License,http://creativecommons.org/licenses/by-nc/2.0/,http://farm9.staticflickr.com/8027/7647651540_90f79ef771_z.jpg,https://www.flickr.com/photo.gne?id=7647651540,not supplied in COCO metadata; original Flickr source linked,COCO photograph 474164; original title not supplied,bounding-box crop; per-image original license retained,http://images.cocodataset.org/val2017/000000474164.jpg,c1ac8270b67fc383f20fd7ca99786dac0267445f78d3f3e72f980b5e33e4a638,8a8e746fa8419fb0acfc9ccec5774139b1d7bf9a860e2ce754ce2deed0e82be4,not specified by COCO image metadata; not claimed Atyrau,2013-11-17 13:56:28
397308,183246,183246,not_available_still_image,truck,8,processed/crops/397308.png,raw/images/000000183246.jpg,161.22,227.91,118.78,55.57,500,400,0,4,Attribution License,http://creativecommons.org/licenses/by/2.0/,http://farm3.staticflickr.com/2259/2469205788_1473198ae0_z.jpg,https://www.flickr.com/photo.gne?id=2469205788,not supplied in COCO metadata; original Flickr source linked,COCO photograph 183246; original title not supplied,bounding-box crop; per-image original license retained,http://images.cocodataset.org/val2017/000000183246.jpg,25d6c62b5ee245a99b98de1f078ab5d827c6737dfe11c60815955146604b6e7b,e12575001c9187658e42dac9a2190d7b4aa2f5af7ad25e52077d967b4e4fc2bc,not specified by COCO image metadata; not claimed Atyrau,2013-11-16 18:53:13
397357,124798,124798,not_available_still_image,truck,8,processed/crops/397357.png,raw/images/000000124798.jpg,408.67,299.31,67.74,54.32,640,427,0,5,Attribution-ShareAlike License,http://creativecommons.org/licenses/by-sa/2.0/,http://farm9.staticflickr.com/8090/8444499449_ec1094a7e2_z.jpg,https://www.flickr.com/photo.gne?id=8444499449,not supplied in COCO metadata; original Flickr source linked,COCO photograph 124798; original title not supplied,bounding-box crop; per-image original license retained,http://images.cocodataset.org/val2017/000000124798.jpg,945dffc0d0e390d50539049ebbe2a80691f9f0c5bee67bc10a6ecc57a08ae536,999418f7558deccb8ca1adeeebb97ac5dae15aa0bde894edafd8606e58955c6d,not specified by COCO image metadata; not claimed Atyrau,2013-11-16 23:31:18
397553,460229,460229,not_available_still_image,truck,8,processed/crops/397553.png,raw/images/000000460229.jpg,227.43,300.03,153.75,159.87,383,640,0,5,Attribution-ShareAlike License,http://creativecommons.org/licenses/by-sa/2.0/,http://farm4.staticflickr.com/3572/5744200926_082c11c43c_z.jpg,https://www.flickr.com/photo.gne?id=5744200926,not supplied in COCO metadata; original Flickr source linked,COCO photograph 460229; original title not supplied,bounding-box crop; per-image original license retained,http://images.cocodataset.org/val2017/000000460229.jpg,af84abd8715c5acb599da83f03174ca57bd0974ce00b6aa581c45bf7f92b6c8c,2c4b3c6ca746deacf974f71f5d1caf0cdeeaf6214f2ce72fac433c2ffad3191b,not specified by COCO image metadata; not claimed Atyrau,2013-11-17 09:06:19
397599,123131,123131,not_available_still_image,truck,8,processed/crops/397599.png,raw/images/000000123131.jpg,75.47,30.25,527.3,323.83,640,427,0,1,Attribution-NonCommercial-ShareAlike License,http://creativecommons.org/licenses/by-nc-sa/2.0/,http://farm9.staticflickr.com/8396/8711886054_6b75cb7c71_z.jpg,https://www.flickr.com/photo.gne?id=8711886054,not supplied in COCO metadata; original Flickr source linked,COCO photograph 123131; original title not supplied,bounding-box crop; per-image original license retained,http://images.cocodataset.org/val2017/000000123131.jpg,564acb1745af3c7202cac2af758bc15ea37ac4c8deb11961792e7c90f0190c80,04ff3ff62821d14d0d3106e6fdef8e24d58f9d1f5bba9197e78ca087b5f91cdb,not specified by COCO image metadata; not claimed Atyrau,2013-11-17 18:15:23
397680,393226,393226,not_available_still_image,truck,8,processed/crops/397680.png,raw/images/000000393226.jpg,507.93,190.32,128.32,89.01,640,480,0,4,Attribution License,http://creativecommons.org/licenses/by/2.0/,http://farm9.staticflickr.com/8003/7321339838_42fe225709_z.jpg,https://www.flickr.com/photo.gne?id=7321339838,not supplied in COCO metadata; original Flickr source linked,COCO photograph 393226; original title not supplied,bounding-box crop; per-image original license retained,http://images.cocodataset.org/val2017/000000393226.jpg,7cfb2fecb604d1f7e5429ab118ecda7fe84c296067ce8038a89e7ea8af836a0f,a98e5ff9250cd60c1a975c00b193d59edb52bcfe28f606c30d73a7c601e6a47c,not specified by COCO image metadata; not claimed Atyrau,2013-11-17 20:36:07
397682,362682,362682,not_available_still_image,truck,8,processed/crops/397682.png,raw/images/000000362682.jpg,539.97,133.26,100.03,166.88,640,427,0,4,Attribution License,http://creativecommons.org/licenses/by/2.0/,http://farm9.staticflickr.com/8528/8575643656_6194a29a31_z.jpg,https://www.flickr.com/photo.gne?id=8575643656,not supplied in COCO metadata; original Flickr source linked,COCO photograph 362682; original title not supplied,bounding-box crop; per-image original license retained,http://images.cocodataset.org/val2017/000000362682.jpg,840ceaeff4c9d12ebbf3820ef38426091e6a28782ec6cceea9f265cf8cfb2651,f13f24f3cbc75134de7eb9cda709331225a10eb9fa70721e49612f54b43f42d3,not specified by COCO image metadata; not claimed Atyrau,2013-11-16 23:00:40
397798,345027,345027,not_available_still_image,truck,8,processed/crops/397798.png,raw/images/000000345027.jpg,150.33,288.74,126.79,74.26,640,403,0,1,Attribution-NonCommercial-ShareAlike License,http://creativecommons.org/licenses/by-nc-sa/2.0/,http://farm8.staticflickr.com/7227/7404208262_186d597e26_z.jpg,https://www.flickr.com/photo.gne?id=7404208262,not supplied in COCO metadata; original Flickr source linked,COCO photograph 345027; original title not supplied,bounding-box crop; per-image original license retained,http://images.cocodataset.org/val2017/000000345027.jpg,0c6655788cf20761d9c650c631d254cea96be405cc5f8ab06a6f1446844ad5d5,c88ebda5c076c0d0a94d3c0ac9464192bef2619c2befdaf91f07d77f91136caf,not specified by COCO image metadata; not claimed Atyrau,2013-11-15 12:17:43
397971,396338,396338,not_available_still_image,truck,8,processed/crops/397971.png,raw/images/000000396338.jpg,116.11,155.45,166.96,96.91,640,427,0,2,Attribution-NonCommercial License,http://creativecommons.org/licenses/by-nc/2.0/,http://farm9.staticflickr.com/8451/8027479332_1d4833f074_z.jpg,https://www.flickr.com/photo.gne?id=8027479332,not supplied in COCO metadata; original Flickr source linked,COCO photograph 396338; original title not supplied,bounding-box crop; per-image original license retained,http://images.cocodataset.org/val2017/000000396338.jpg,d316e263395e5724b7627cec7df7045df058c746e7180bf93b87d10976c662c6,03f73410dbc9e9d3d18bd545866fead67682e0b942997190a323893c62677916,not specified by COCO image metadata; not claimed Atyrau,2013-11-17 19:34:07
398193,467848,467848,not_available_still_image,truck,8,processed/crops/398193.png,raw/images/000000467848.jpg,23.73,285.66,228.67,97.08,640,480,0,5,Attribution-ShareAlike License,http://creativecommons.org/licenses/by-sa/2.0/,http://farm8.staticflickr.com/7282/8743933964_a0886ffeff_z.jpg,https://www.flickr.com/photo.gne?id=8743933964,not supplied in COCO metadata; original Flickr source linked,COCO photograph 467848; original title not supplied,bounding-box crop; per-image original license retained,http://images.cocodataset.org/val2017/000000467848.jpg,8043630d9033bd8c58b57cf4faad1b2459c5341bfa487112479128f3ac80e4cd,fc3eeccbde5c38b011c4ccb5912138d58f417e9d8dee6e3fbba22956a9427b14,not specified by COCO image metadata; not claimed Atyrau,2013-11-17 18:08:36
398237,367680,367680,not_available_still_image,truck,8,processed/crops/398237.png,raw/images/000000367680.jpg,323.57,150.26,123.81,60.01,450,338,0,1,Attribution-NonCommercial-ShareAlike License,http://creativecommons.org/licenses/by-nc-sa/2.0/,http://farm1.staticflickr.com/22/34251540_bec994ec35_z.jpg,https://www.flickr.com/photo.gne?id=34251540,not supplied in COCO metadata; original Flickr source linked,COCO photograph 367680; original title not supplied,bounding-box crop; per-image original license retained,http://images.cocodataset.org/val2017/000000367680.jpg,15a0aa08ef2c7dc21f247375f72459b6ee3f99b57a98482e5251294fc324b231,1c0ba5ede2df0b1907c1c3f16cebcec136d182d2cb3f05e3181d33fba87ec614,not specified by COCO image metadata; not claimed Atyrau,2013-11-15 08:23:02
398534,401862,401862,not_available_still_image,truck,8,processed/crops/398534.png,raw/images/000000401862.jpg,0.0,89.28,403.76,298.52,640,480,0,4,Attribution License,http://creativecommons.org/licenses/by/2.0/,http://farm9.staticflickr.com/8540/8698627837_6d1fb59ce4_z.jpg,https://www.flickr.com/photo.gne?id=8698627837,not supplied in COCO metadata; original Flickr source linked,COCO photograph 401862; original title not supplied,bounding-box crop; per-image original license retained,http://images.cocodataset.org/val2017/000000401862.jpg,82e64d65eb79042a20684d83a09c4aa90b98dd4616eab25c8bb1d40d45fa4cef,41f0e3009f08d054b9d0ea2307464c43c734ba9f87d74a9a2a3562018556e118,not specified by COCO image metadata; not claimed Atyrau,2013-11-17 18:14:55
398584,550084,550084,not_available_still_image,truck,8,processed/crops/398584.png,raw/images/000000550084.jpg,271.35,214.75,228.65,141.57,500,375,0,5,Attribution-ShareAlike License,http://creativecommons.org/licenses/by-sa/2.0/,http://farm5.staticflickr.com/4040/4346202822_75eda1321f_z.jpg,https://www.flickr.com/photo.gne?id=4346202822,not supplied in COCO metadata; original Flickr source linked,COCO photograph 550084; original title not supplied,bounding-box crop; per-image original license retained,http://images.cocodataset.org/val2017/000000550084.jpg,896499a202c96cc0f32250a0a8cc70cdbfc85ba43288672e7a7aebf4d40409e4,bae8b9311ad0a7724d96aa14dd5077e33ed0a491b51dffb2043036ab56fec9de,not specified by COCO image metadata; not claimed Atyrau,2013-11-17 04:58:46
398786,439180,439180,not_available_still_image,truck,8,processed/crops/398786.png,raw/images/000000439180.jpg,35.53,159.36,148.29,77.12,640,360,0,1,Attribution-NonCommercial-ShareAlike License,http://creativecommons.org/licenses/by-nc-sa/2.0/,http://farm3.staticflickr.com/2831/9275116980_1d9b986e3b_z.jpg,https://www.flickr.com/photo.gne?id=9275116980,not supplied in COCO metadata; original Flickr source linked,COCO photograph 439180; original title not supplied,bounding-box crop; per-image original license retained,http://images.cocodataset.org/val2017/000000439180.jpg,0aac0cbbf7b80b6b568f24ff43f3a46c1728887b88be6b9a07aa5e32e44ef0e7,64a09ecb57c9fdad7917d4fe9d8f12bf553e6133c5148a350375a6f0a7007c98,not specified by COCO image metadata; not claimed Atyrau,2013-11-19 01:25:39
398874,177934,177934,not_available_still_image,truck,8,processed/crops/398874.png,raw/images/000000177934.jpg,0.0,102.31,256.87,128.44,640,480,0,1,Attribution-NonCommercial-ShareAlike License,http://creativecommons.org/licenses/by-nc-sa/2.0/,http://farm7.staticflickr.com/6021/5994119446_b5ec8e1e76_z.jpg,https://www.flickr.com/photo.gne?id=5994119446,not supplied in COCO metadata; original Flickr source linked,COCO photograph 177934; original title not supplied,bounding-box crop; per-image original license retained,http://images.cocodataset.org/val2017/000000177934.jpg,81c836a2c877b44c79b0dbab615b3d07f6c7b2a98455e78554d57a6c9ed7e6ff,6656c473109e08909f99eb2128b2784b00757a60ce1d3151483ed5c8ef363cfd,not specified by COCO image metadata; not claimed Atyrau,2013-11-15 14:11:59
398974,147745,147745,not_available_still_image,truck,8,processed/crops/398974.png,raw/images/000000147745.jpg,32.43,23.24,347.03,392.44,640,480,0,4,Attribution License,http://creativecommons.org/licenses/by/2.0/,http://farm8.staticflickr.com/7237/7160109697_fdb3a01c97_z.jpg,https://www.flickr.com/photo.gne?id=7160109697,not supplied in COCO metadata; original Flickr source linked,COCO photograph 147745; original title not supplied,bounding-box crop; per-image original license retained,http://images.cocodataset.org/val2017/000000147745.jpg,2297abddf7dbbcbf4be69b6e950b7bb3ff5cdc31834820c427a1599ed656ef16,0cc982e54a4d9313347c0dd361e2f7d65630251b8ee4a74aca2f74ac869da196,not specified by COCO image metadata; not claimed Atyrau,2013-11-17 20:29:20
399108,33109,33109,not_available_still_image,truck,8,processed/crops/399108.png,raw/images/000000033109.jpg,201.65,94.65,269.17,209.68,640,480,0,2,Attribution-NonCommercial License,http://creativecommons.org/licenses/by-nc/2.0/,http://farm6.staticflickr.com/5116/7065186875_a68fb077d2_z.jpg,https://www.flickr.com/photo.gne?id=7065186875,not supplied in COCO metadata; original Flickr source linked,COCO photograph 33109; original title not supplied,bounding-box crop; per-image original license retained,http://images.cocodataset.org/val2017/000000033109.jpg,d4c1905fc9f846478feaf8cd048d39a2d50829d1dae1ef954d9b0e015c081b4d,ed5067096f7d783e6a66c48c396b17964ca8f9ddfa395f8e457bd1a19467f10f,not specified by COCO image metadata; not claimed Atyrau,2013-11-17 20:55:29
399212,188439,188439,not_available_still_image,truck,8,processed/crops/399212.png,raw/images/000000188439.jpg,76.27,209.05,328.97,171.84,640,408,0,1,Attribution-NonCommercial-ShareAlike License,http://creativecommons.org/licenses/by-nc-sa/2.0/,http://farm9.staticflickr.com/8213/8448450899_567efc882a_z.jpg,https://www.flickr.com/photo.gne?id=8448450899,not supplied in COCO metadata; original Flickr source linked,COCO photograph 188439; original title not supplied,bounding-box crop; per-image original license retained,http://images.cocodataset.org/val2017/000000188439.jpg,0d0f70784139740ad6616d02d462d9a0e1610a8c7d83b825fea6ff21ce408506,5d85a2ec748a782549683a4ef78bd0739275914519894ddfcf412edcd1db6e41,not specified by COCO image metadata; not claimed Atyrau,2013-11-17 18:50:52
399267,295420,295420,not_available_still_image,truck,8,processed/crops/399267.png,raw/images/000000295420.jpg,160.05,168.14,278.19,216.0,640,480,0,2,Attribution-NonCommercial License,http://creativecommons.org/licenses/by-nc/2.0/,http://farm8.staticflickr.com/7025/6513193103_bac7babca5_z.jpg,https://www.flickr.com/photo.gne?id=6513193103,not supplied in COCO metadata; original Flickr source linked,COCO photograph 295420; original title not supplied,bounding-box crop; per-image original license retained,http://images.cocodataset.org/val2017/000000295420.jpg,fc0601e452807c790823559ddfc7fcfadfb61c59c6af8389ccff3444c604761a,43b1c29ef52bae78a9344660d523f03f57a20cb6123962804e6216637bf9f22f,not specified by COCO image metadata; not claimed Atyrau,2013-11-17 21:40:23
399477,148719,148719,not_available_still_image,truck,8,processed/crops/399477.png,raw/images/000000148719.jpg,0.0,108.19,259.02,211.52,640,480,0,4,Attribution License,http://creativecommons.org/licenses/by/2.0/,http://farm5.staticflickr.com/4138/4781344883_9b115de575_z.jpg,https://www.flickr.com/photo.gne?id=4781344883,not supplied in COCO metadata; original Flickr source linked,COCO photograph 148719; original title not supplied,bounding-box crop; per-image original license retained,http://images.cocodataset.org/val2017/000000148719.jpg,dc5224344a70a6bb7bda0d21dddeac70f599aeaa35b2ce1fa3620821c6de4bf0,e1624c098b4a7fe43fde0c249fa91be4bcaac229dd705f7b86f679f160a8c38a,not specified by COCO image metadata; not claimed Atyrau,2013-11-17 02:34:52
399512,154000,154000,not_available_still_image,truck,8,processed/crops/399512.png,raw/images/000000154000.jpg,33.85,61.98,511.59,377.02,640,480,0,4,Attribution License,http://creativecommons.org/licenses/by/2.0/,http://farm8.staticflickr.com/7098/7345318588_d85c0761a3_z.jpg,https://www.flickr.com/photo.gne?id=7345318588,not supplied in COCO metadata; original Flickr source linked,COCO photograph 154000; original title not supplied,bounding-box crop; per-image original license retained,http://images.cocodataset.org/val2017/000000154000.jpg,4224e841b58048d5568088cd5e7a67b6882a4f8fd3dda928ac7ea97a864bfe76,48de75c44744c2fe8dd33864820bc11ef3efe3c3ab0c6151b1be3d8acccfcd15,not specified by COCO image metadata; not claimed Atyrau,2013-11-17 20:29:41
399572,147745,147745,not_available_still_image,truck,8,processed/crops/399572.png,raw/images/000000147745.jpg,354.36,129.78,224.98,237.31,640,480,0,4,Attribution License,http://creativecommons.org/licenses/by/2.0/,http://farm8.staticflickr.com/7237/7160109697_fdb3a01c97_z.jpg,https://www.flickr.com/photo.gne?id=7160109697,not supplied in COCO metadata; original Flickr source linked,COCO photograph 147745; original title not supplied,bounding-box crop; per-image original license retained,http://images.cocodataset.org/val2017/000000147745.jpg,2297abddf7dbbcbf4be69b6e950b7bb3ff5cdc31834820c427a1599ed656ef16,b837b3f38977ae2a77e6852d35eca1bd30a7f41474b70ea8fb25ed7827d00d8f,not specified by COCO image metadata; not claimed Atyrau,2013-11-17 20:29:20
399695,242411,242411,not_available_still_image,truck,8,processed/crops/399695.png,raw/images/000000242411.jpg,8.43,570.48,94.1,69.48,424,640,0,1,Attribution-NonCommercial-ShareAlike License,http://creativecommons.org/licenses/by-nc-sa/2.0/,http://farm8.staticflickr.com/7131/7673156942_ba0b13c31a_z.jpg,https://www.flickr.com/photo.gne?id=7673156942,not supplied in COCO metadata; original Flickr source linked,COCO photograph 242411; original title not supplied,bounding-box crop; per-image original license retained,http://images.cocodataset.org/val2017/000000242411.jpg,758c1fb8f4dd4add47472a751b81fd01de2f0b0ff3f9c4e7bb6b749e45eacf62,04c791986712a80bb4b3ccdc13ff4792c63fc07fd2e4f6e1ca7af23fec55f2f6,not specified by COCO image metadata; not claimed Atyrau,2013-11-24 15:43:15
399932,334555,334555,not_available_still_image,truck,8,processed/crops/399932.png,raw/images/000000334555.jpg,0.0,68.17,100.61,164.91,640,426,0,1,Attribution-NonCommercial-ShareAlike License,http://creativecommons.org/licenses/by-nc-sa/2.0/,http://farm4.staticflickr.com/3489/3838201332_b8ba6c3aeb_z.jpg,https://www.flickr.com/photo.gne?id=3838201332,not supplied in COCO metadata; original Flickr source linked,COCO photograph 334555; original title not supplied,bounding-box crop; per-image original license retained,http://images.cocodataset.org/val2017/000000334555.jpg,4a388fd316719eb740ad6b6c710dc5b8cf13be8abdff0030597ae15fd71b63aa,67402fac20f3a3d4d08689e28f2edce1eb8faf379e468bd33e3f09c059fc531d,not specified by COCO image metadata; not claimed Atyrau,2013-11-17 16:53:29
400314,242411,242411,not_available_still_image,truck,8,processed/crops/400314.png,raw/images/000000242411.jpg,159.77,521.99,177.33,111.47,424,640,0,1,Attribution-NonCommercial-ShareAlike License,http://creativecommons.org/licenses/by-nc-sa/2.0/,http://farm8.staticflickr.com/7131/7673156942_ba0b13c31a_z.jpg,https://www.flickr.com/photo.gne?id=7673156942,not supplied in COCO metadata; original Flickr source linked,COCO photograph 242411; original title not supplied,bounding-box crop; per-image original license retained,http://images.cocodataset.org/val2017/000000242411.jpg,758c1fb8f4dd4add47472a751b81fd01de2f0b0ff3f9c4e7bb6b749e45eacf62,1d9224d0541831dd77de1db11cc3cb60917d502e8fc83764c2feba54902c6e3d,not specified by COCO image metadata; not claimed Atyrau,2013-11-24 15:43:15
400372,177934,177934,not_available_still_image,truck,8,processed/crops/400372.png,raw/images/000000177934.jpg,256.65,148.37,72.36,48.24,640,480,0,1,Attribution-NonCommercial-ShareAlike License,http://creativecommons.org/licenses/by-nc-sa/2.0/,http://farm7.staticflickr.com/6021/5994119446_b5ec8e1e76_z.jpg,https://www.flickr.com/photo.gne?id=5994119446,not supplied in COCO metadata; original Flickr source linked,COCO photograph 177934; original title not supplied,bounding-box crop; per-image original license retained,http://images.cocodataset.org/val2017/000000177934.jpg,81c836a2c877b44c79b0dbab615b3d07f6c7b2a98455e78554d57a6c9ed7e6ff,6c034132adb7e4c3b8c32fc7eb4ccac91a8e2558fd18f264092b859ce5e65519,not specified by COCO image metadata; not claimed Atyrau,2013-11-15 14:11:59
400424,439180,439180,not_available_still_image,truck,8,processed/crops/400424.png,raw/images/000000439180.jpg,186.57,145.15,86.58,49.78,640,360,0,1,Attribution-NonCommercial-ShareAlike License,http://creativecommons.org/licenses/by-nc-sa/2.0/,http://farm3.staticflickr.com/2831/9275116980_1d9b986e3b_z.jpg,https://www.flickr.com/photo.gne?id=9275116980,not supplied in COCO metadata; original Flickr source linked,COCO photograph 439180; original title not supplied,bounding-box crop; per-image original license retained,http://images.cocodataset.org/val2017/000000439180.jpg,0aac0cbbf7b80b6b568f24ff43f3a46c1728887b88be6b9a07aa5e32e44ef0e7,ca3a26b676d80080f04269702ec45c55e9a43b9bc1a1fa823504009eae3ecff7,not specified by COCO image metadata; not claimed Atyrau,2013-11-19 01:25:39
400508,569565,569565,not_available_still_image,truck,8,processed/crops/400508.png,raw/images/000000569565.jpg,475.15,233.68,146.74,58.51,640,427,0,1,Attribution-NonCommercial-ShareAlike License,http://creativecommons.org/licenses/by-nc-sa/2.0/,http://farm8.staticflickr.com/7353/9164606678_de1b984a13_z.jpg,https://www.flickr.com/photo.gne?id=9164606678,not supplied in COCO metadata; original Flickr source linked,COCO photograph 569565; original title not supplied,bounding-box crop; per-image original license retained,http://images.cocodataset.org/val2017/000000569565.jpg,4a41348021140c4a9d58ce601e3c4f8ae1116c71aac77531c336e6d2d549de48,7d5e35cc3977bd2847b2c19f2ba9b987bbf11a0f5adb9567e451aa6324cb143e,not specified by COCO image metadata; not claimed Atyrau,2013-11-17 16:01:15
400632,154000,154000,not_available_still_image,truck,8,processed/crops/400632.png,raw/images/000000154000.jpg,496.72,177.75,75.84,195.55,640,480,0,4,Attribution License,http://creativecommons.org/licenses/by/2.0/,http://farm8.staticflickr.com/7098/7345318588_d85c0761a3_z.jpg,https://www.flickr.com/photo.gne?id=7345318588,not supplied in COCO metadata; original Flickr source linked,COCO photograph 154000; original title not supplied,bounding-box crop; per-image original license retained,http://images.cocodataset.org/val2017/000000154000.jpg,4224e841b58048d5568088cd5e7a67b6882a4f8fd3dda928ac7ea97a864bfe76,fb62514c1971fb9491d35678094d2e24cf79cbbf195429e06a4fdf01763164b9,not specified by COCO image metadata; not claimed Atyrau,2013-11-17 20:29:41
400673,350003,350003,not_available_still_image,truck,8,processed/crops/400673.png,raw/images/000000350003.jpg,228.79,235.36,131.98,73.7,640,480,0,2,Attribution-NonCommercial License,http://creativecommons.org/licenses/by-nc/2.0/,http://farm9.staticflickr.com/8445/7858130416_bf868d66a5_z.jpg,https://www.flickr.com/photo.gne?id=7858130416,not supplied in COCO metadata; original Flickr source linked,COCO photograph 350003; original title not supplied,bounding-box crop; per-image original license retained,http://images.cocodataset.org/val2017/000000350003.jpg,4278c4c673a2e75b1f63780d026b3c05dd9955eeae50cd017a8e1844b736ce58,84c016fa7f441747a74b97921d220bfd38ca15873115c4b663eb575207d38e55,not specified by COCO image metadata; not claimed Atyrau,2013-11-17 19:51:18
400753,126110,126110,not_available_still_image,truck,8,processed/crops/400753.png,raw/images/000000126110.jpg,0.54,0.54,318.74,236.76,320,240,0,5,Attribution-ShareAlike License,http://creativecommons.org/licenses/by-sa/2.0/,http://farm1.staticflickr.com/58/192105537_1b69c0b40d_z.jpg,https://www.flickr.com/photo.gne?id=192105537,not supplied in COCO metadata; original Flickr source linked,COCO photograph 126110; original title not supplied,bounding-box crop; per-image original license retained,http://images.cocodataset.org/val2017/000000126110.jpg,68f6289ad123cea10bf3111a6776409bf571d0b57a1453475debe54e1a36e961,70bffe90592346dcea0488cdec12e184644644d5ff802845398754101428a5e7,not specified by COCO image metadata; not claimed Atyrau,2013-11-17 14:00:17
401670,191013,191013,not_available_still_image,truck,8,processed/crops/401670.png,raw/images/000000191013.jpg,122.25,520.63,145.26,87.73,474,640,0,5,Attribution-ShareAlike License,http://creativecommons.org/licenses/by-sa/2.0/,http://farm9.staticflickr.com/8057/8193281147_81461e9773_z.jpg,https://www.flickr.com/photo.gne?id=8193281147,not supplied in COCO metadata; original Flickr source linked,COCO photograph 191013; original title not supplied,bounding-box crop; per-image original license retained,http://images.cocodataset.org/val2017/000000191013.jpg,c630ba727a128d2e4d42c4498bd9b7e50d7564c23905925865186bbb529c37b3,6db5836cfc95956935a2ad238f4e492f94d7b5688a35fc3535213635739a783c,not specified by COCO image metadata; not claimed Atyrau,2013-11-24 15:14:15
1191161,157756,157756,not_available_still_image,car,3,processed/crops/1191161.png,raw/images/000000157756.jpg,6.19,441.46,72.91,46.28,480,640,0,2,Attribution-NonCommercial License,http://creativecommons.org/licenses/by-nc/2.0/,http://farm9.staticflickr.com/8193/8148291355_4acc3dc84e_z.jpg,https://www.flickr.com/photo.gne?id=8148291355,not supplied in COCO metadata; original Flickr source linked,COCO photograph 157756; original title not supplied,bounding-box crop; per-image original license retained,http://images.cocodataset.org/val2017/000000157756.jpg,d46a285172f857e1bbce63263da95a0e0d632f8f118c158ecbf233f83012f913,ee32aa12bca63b1e54cd7e1ed803e9569b2e02f5340880eff62de9a1e122348e,not specified by COCO image metadata; not claimed Atyrau,2013-11-24 15:15:39
1191608,464824,464824,not_available_still_image,car,3,processed/crops/1191608.png,raw/images/000000464824.jpg,361.57,0.0,118.43,74.72,480,640,0,1,Attribution-NonCommercial-ShareAlike License,http://creativecommons.org/licenses/by-nc-sa/2.0/,http://farm3.staticflickr.com/2886/9474428857_7f6880c660_z.jpg,https://www.flickr.com/photo.gne?id=9474428857,not supplied in COCO metadata; original Flickr source linked,COCO photograph 464824; original title not supplied,bounding-box crop; per-image original license retained,http://images.cocodataset.org/val2017/000000464824.jpg,6e88bef9ae20e5146c0537e39b0195f62681b5d4248df7c48d5635495fdac7aa,bf11c24eddf019a8b04f52e192b11cbce9f322d7666d5fa5bcb529d748d0a344,not specified by COCO image metadata; not claimed Atyrau,2013-11-16 21:07:00
1191924,44590,44590,not_available_still_image,car,3,processed/crops/1191924.png,raw/images/000000044590.jpg,573.02,78.14,66.98,56.15,640,246,0,1,Attribution-NonCommercial-ShareAlike License,http://creativecommons.org/licenses/by-nc-sa/2.0/,http://farm8.staticflickr.com/7157/6751499463_721d9a4477_z.jpg,https://www.flickr.com/photo.gne?id=6751499463,not supplied in COCO metadata; original Flickr source linked,COCO photograph 44590; original title not supplied,bounding-box crop; per-image original license retained,http://images.cocodataset.org/val2017/000000044590.jpg,5ef55da25c21159d1aeaf61eee0c81b2127dc626eac012c68d2e9a81d2bd7789,b91bddfe50a31271e47548d3301038bce6f92b92172242e35214adf345ad3096,not specified by COCO image metadata; not claimed Atyrau,2013-11-15 21:08:18
1191953,303818,303818,not_available_still_image,car,3,processed/crops/1191953.png,raw/images/000000303818.jpg,4.5,198.23,129.81,77.88,480,640,0,4,Attribution License,http://creativecommons.org/licenses/by/2.0/,http://farm8.staticflickr.com/7296/9604033757_c21f78484e_z.jpg,https://www.flickr.com/photo.gne?id=9604033757,not supplied in COCO metadata; original Flickr source linked,COCO photograph 303818; original title not supplied,bounding-box crop; per-image original license retained,http://images.cocodataset.org/val2017/000000303818.jpg,7e8916d1f7c98799b8ea70c9b5f20486167dde4c70f6d35d36d2cc384a4c2624,6f453dbc6b56ff7aab854bf4934775aa7b58cc50f6927b05a67252bad460350f,not specified by COCO image metadata; not claimed Atyrau,2013-11-16 15:51:16
1192053,442456,442456,not_available_still_image,car,3,processed/crops/1192053.png,raw/images/000000442456.jpg,1.95,44.66,202.67,58.61,640,356,0,4,Attribution License,http://creativecommons.org/licenses/by/2.0/,http://farm9.staticflickr.com/8264/8602459939_be3c670999_z.jpg,https://www.flickr.com/photo.gne?id=8602459939,not supplied in COCO metadata; original Flickr source linked,COCO photograph 442456; original title not supplied,bounding-box crop; per-image original license retained,http://images.cocodataset.org/val2017/000000442456.jpg,edc04913d2e51d0146a5a2a3dd6a30945ad51df77d2cd16d70a91ece69ea4f6d,68f20c8d475b8f6622bb01bd3c654917e1adb9a6b0ad3d9f1cbd28f0f8ad0f3c,not specified by COCO image metadata; not claimed Atyrau,2013-11-17 15:08:34
1193519,442456,442456,not_available_still_image,car,3,processed/crops/1193519.png,raw/images/000000442456.jpg,1.81,93.18,209.93,115.86,640,356,0,4,Attribution License,http://creativecommons.org/licenses/by/2.0/,http://farm9.staticflickr.com/8264/8602459939_be3c670999_z.jpg,https://www.flickr.com/photo.gne?id=8602459939,not supplied in COCO metadata; original Flickr source linked,COCO photograph 442456; original title not supplied,bounding-box crop; per-image original license retained,http://images.cocodataset.org/val2017/000000442456.jpg,edc04913d2e51d0146a5a2a3dd6a30945ad51df77d2cd16d70a91ece69ea4f6d,a783ff798d60b65d58d3da0f32fc6726b07be2504301c2a282d98de252dbf78a,not specified by COCO image metadata; not claimed Atyrau,2013-11-17 15:08:34
1193606,553669,553669,not_available_still_image,car,3,processed/crops/1193606.png,raw/images/000000553669.jpg,240.78,103.15,164.19,40.16,640,480,0,1,Attribution-NonCommercial-ShareAlike License,http://creativecommons.org/licenses/by-nc-sa/2.0/,http://farm1.staticflickr.com/214/492668625_5f74be897e_z.jpg,https://www.flickr.com/photo.gne?id=492668625,not supplied in COCO metadata; original Flickr source linked,COCO photograph 553669; original title not supplied,bounding-box crop; per-image original license retained,http://images.cocodataset.org/val2017/000000553669.jpg,aa69a44b016d4a7f1b765f9af8af6bff98595da70d73bd83eeaae083c54a096f,a595ea53cabd93cb26458fc6634e2d7bce0a4f7c26fdcbfc787a1040007baa2f,not specified by COCO image metadata; not claimed Atyrau,2013-11-22 21:28:35
1193729,499768,499768,not_available_still_image,car,3,processed/crops/1193729.png,raw/images/000000499768.jpg,0.0,64.19,46.14,41.04,640,428,0,4,Attribution License,http://creativecommons.org/licenses/by/2.0/,http://farm2.staticflickr.com/1212/1463670693_c822bbd9e0_z.jpg,https://www.flickr.com/photo.gne?id=1463670693,not supplied in COCO metadata; original Flickr source linked,COCO photograph 499768; original title not supplied,bounding-box crop; per-image original license retained,http://images.cocodataset.org/val2017/000000499768.jpg,8570324bcf64969f77f938941778a8fc69ec5a8943f0945511ce4ab09bce5a3a,f6b5f60501e15e638ae7731d12ce245c9cc07e6aee3c8f02be40b88f389aa198,not specified by COCO image metadata; not claimed Atyrau,2013-11-16 22:09:22
1193879,470924,470924,not_available_still_image,car,3,processed/crops/1193879.png,raw/images/000000470924.jpg,499.26,17.55,140.74,44.36,640,480,0,1,Attribution-NonCommercial-ShareAlike License,http://creativecommons.org/licenses/by-nc-sa/2.0/,http://farm3.staticflickr.com/2442/3747222980_f0351f6978_z.jpg,https://www.flickr.com/photo.gne?id=3747222980,not supplied in COCO metadata; original Flickr source linked,COCO photograph 470924; original title not supplied,bounding-box crop; per-image original license retained,http://images.cocodataset.org/val2017/000000470924.jpg,47ba4dc69534e8710521807833e8ef4cada28af46ee4d985455ba20483d93650,275bd661742b8c2e2e304b20024c5f43284b650e496ff6eae3557aa145271472,not specified by COCO image metadata; not claimed Atyrau,2013-11-23 04:23:48
1195607,553669,553669,not_available_still_image,car,3,processed/crops/1195607.png,raw/images/000000553669.jpg,82.66,81.94,146.24,42.02,640,480,0,1,Attribution-NonCommercial-ShareAlike License,http://creativecommons.org/licenses/by-nc-sa/2.0/,http://farm1.staticflickr.com/214/492668625_5f74be897e_z.jpg,https://www.flickr.com/photo.gne?id=492668625,not supplied in COCO metadata; original Flickr source linked,COCO photograph 553669; original title not supplied,bounding-box crop; per-image original license retained,http://images.cocodataset.org/val2017/000000553669.jpg,aa69a44b016d4a7f1b765f9af8af6bff98595da70d73bd83eeaae083c54a096f,7d8a21883ea07bc3b3799037afd979e8ad7f9ca4fc4f0d982c0f19ccfe507bac,not specified by COCO image metadata; not claimed Atyrau,2013-11-22 21:28:35
1196027,480944,480944,not_available_still_image,bus,6,processed/crops/1196027.png,raw/images/000000480944.jpg,220.51,330.5,78.88,50.71,480,640,0,1,Attribution-NonCommercial-ShareAlike License,http://creativecommons.org/licenses/by-nc-sa/2.0/,http://farm8.staticflickr.com/7062/6774987268_25b081373c_z.jpg,https://www.flickr.com/photo.gne?id=6774987268,not supplied in COCO metadata; original Flickr source linked,COCO photograph 480944; original title not supplied,bounding-box crop; per-image original license retained,http://images.cocodataset.org/val2017/000000480944.jpg,d93e279fe681bff9f79cda02129731ce9abf2596a573aed2dbb3f2c237d9c7e2,84bbbff6235338c4fc13836673c8914a666278187042d4601978558b5e01c61e,not specified by COCO image metadata; not claimed Atyrau,2013-11-15 10:30:01
1196080,313588,313588,not_available_still_image,truck,8,processed/crops/1196080.png,raw/images/000000313588.jpg,229.62,247.69,106.13,87.08,480,640,0,4,Attribution License,http://creativecommons.org/licenses/by/2.0/,http://farm9.staticflickr.com/8209/8253725562_84e76ed5e9_z.jpg,https://www.flickr.com/photo.gne?id=8253725562,not supplied in COCO metadata; original Flickr source linked,COCO photograph 313588; original title not supplied,bounding-box crop; per-image original license retained,http://images.cocodataset.org/val2017/000000313588.jpg,4635596b77228a330bebea2dba69c6c96f33febfeb4047f5e74f34a85692387b,e382c5f6cdf1732cdb4f884f9f67a0e8b49b8f738638f605182897dc88615609,not specified by COCO image metadata; not claimed Atyrau,2013-11-18 09:20:58
1196280,314914,314914,not_available_still_image,truck,8,processed/crops/1196280.png,raw/images/000000314914.jpg,342.78,265.51,137.22,101.56,480,640,0,1,Attribution-NonCommercial-ShareAlike License,http://creativecommons.org/licenses/by-nc-sa/2.0/,http://farm3.staticflickr.com/2564/3911471792_e19306ea36_z.jpg,https://www.flickr.com/photo.gne?id=3911471792,not supplied in COCO metadata; original Flickr source linked,COCO photograph 314914; original title not supplied,bounding-box crop; per-image original license retained,http://images.cocodataset.org/val2017/000000314914.jpg,a73311750c13e8c8ca8284470cc0bcf3a6d64244594d5153d712b1be0446e182,8529f7d19a4e7db378320291c32cc1d78a3789a09d9856f92dc23a610a3ac92d,not specified by COCO image metadata; not claimed Atyrau,2013-11-17 02:50:29
1196296,429011,429011,not_available_still_image,truck,8,processed/crops/1196296.png,raw/images/000000429011.jpg,46.65,146.46,211.2,132.58,640,343,0,1,Attribution-NonCommercial-ShareAlike License,http://creativecommons.org/licenses/by-nc-sa/2.0/,http://farm8.staticflickr.com/7068/6900625787_e128eac344_z.jpg,https://www.flickr.com/photo.gne?id=6900625787,not supplied in COCO metadata; original Flickr source linked,COCO photograph 429011; original title not supplied,bounding-box crop; per-image original license retained,http://images.cocodataset.org/val2017/000000429011.jpg,ddec5080b0ed27883477153278effb807ee3f81b170690b5fa5e7c88a95e0880,ae8ddfa20e9afe5dc32a6883e5c42adddfe5440a40a19c2d00541a1b9e944ef6,not specified by COCO image metadata; not claimed Atyrau,2013-11-17 13:28:03
1196576,272049,272049,not_available_still_image,truck,8,processed/crops/1196576.png,raw/images/000000272049.jpg,51.82,32.33,467.3,384.78,640,427,0,2,Attribution-NonCommercial License,http://creativecommons.org/licenses/by-nc/2.0/,http://farm8.staticflickr.com/7248/7449377950_d30deae858_z.jpg,https://www.flickr.com/photo.gne?id=7449377950,not supplied in COCO metadata; original Flickr source linked,COCO photograph 272049; original title not supplied,bounding-box crop; per-image original license retained,http://images.cocodataset.org/val2017/000000272049.jpg,edcce591803494f25d75b861d799a3df9b664069773fcab5bbfbd7937058d417,afb6f35097db1fd531e8611303bdc3fbe5310e91b9df8bb4d117ec857ad20b1e,not specified by COCO image metadata; not claimed Atyrau,2013-11-17 20:14:47
1197094,555597,555597,not_available_still_image,truck,8,processed/crops/1197094.png,raw/images/000000555597.jpg,153.33,359.81,156.11,80.02,640,517,0,2,Attribution-NonCommercial License,http://creativecommons.org/licenses/by-nc/2.0/,http://farm4.staticflickr.com/3594/3401214437_07a7c97a29_z.jpg,https://www.flickr.com/photo.gne?id=3401214437,not supplied in COCO metadata; original Flickr source linked,COCO photograph 555597; original title not supplied,bounding-box crop; per-image original license retained,http://images.cocodataset.org/val2017/000000555597.jpg,6965bf5b54dbee29ac11ac1b7ea7c2741514ea7e0bc9ad118c32b6a533f94c3e,25cf70cc7d45743c6395d213c06b8c4039374e410a8f0db37f69a70bc4401af1,not specified by COCO image metadata; not claimed Atyrau,2013-11-15 14:09:33
1197331,153011,153011,not_available_still_image,truck,8,processed/crops/1197331.png,raw/images/000000153011.jpg,479.67,118.21,160.33,184.45,640,480,0,1,Attribution-NonCommercial-ShareAlike License,http://creativecommons.org/licenses/by-nc-sa/2.0/,http://farm8.staticflickr.com/7256/7132663181_1f1c9c9288_z.jpg,https://www.flickr.com/photo.gne?id=7132663181,not supplied in COCO metadata; original Flickr source linked,COCO photograph 153011; original title not supplied,bounding-box crop; per-image original license retained,http://images.cocodataset.org/val2017/000000153011.jpg,e051d5c7180bec8cb38caae0cbeca57f4d09879d097065c581bb9f9c0d474a09,4ac8678697aed39833cb20b2fc864292de51e65726dbbe3f620f1a8c057c2b51,not specified by COCO image metadata; not claimed Atyrau,2013-11-17 20:47:39
1197909,465675,465675,not_available_still_image,truck,8,processed/crops/1197909.png,raw/images/000000465675.jpg,341.33,165.0,170.85,107.54,640,403,0,4,Attribution License,http://creativecommons.org/licenses/by/2.0/,http://farm7.staticflickr.com/6041/6296158420_868a46d225_z.jpg,https://www.flickr.com/photo.gne?id=6296158420,not supplied in COCO metadata; original Flickr source linked,COCO photograph 465675; original title not supplied,bounding-box crop; per-image original license retained,http://images.cocodataset.org/val2017/000000465675.jpg,5ce1574df63983dcb03c6ac6c6c115f2ba148ed6d24f1aefc8701c28264ee8ad,7efb6777da4f0eef8ceb4dd688264f2ca23d078a4fcdd08da3028129f7816a61,not specified by COCO image metadata; not claimed Atyrau,2013-11-18 00:39:37
1197912,332318,332318,not_available_still_image,truck,8,processed/crops/1197912.png,raw/images/000000332318.jpg,395.9,379.07,76.29,49.93,640,429,0,5,Attribution-ShareAlike License,http://creativecommons.org/licenses/by-sa/2.0/,http://farm2.staticflickr.com/1169/541175475_cf575c83ba_z.jpg,https://www.flickr.com/photo.gne?id=541175475,not supplied in COCO metadata; original Flickr source linked,COCO photograph 332318; original title not supplied,bounding-box crop; per-image original license retained,http://images.cocodataset.org/val2017/000000332318.jpg,8fbcd5c30eac0658d04867d13cdaf1edfd366d73cad2aae79bc40df3923dfb07,77ea6f0141c6ce3cdf7df7756063e10f56ca334f34b815d8556053a3bfc3cdf4,not specified by COCO image metadata; not claimed Atyrau,2013-11-17 16:21:53
1337502,175438,175438,not_available_still_image,car,3,processed/crops/1337502.png,raw/images/000000175438.jpg,584.3,236.5,55.27,72.48,640,468,0,5,Attribution-ShareAlike License,http://creativecommons.org/licenses/by-sa/2.0/,http://farm9.staticflickr.com/8315/8013060462_4cdf330e98_z.jpg,https://www.flickr.com/photo.gne?id=8013060462,not supplied in COCO metadata; original Flickr source linked,COCO photograph 175438; original title not supplied,bounding-box crop; per-image original license retained,http://images.cocodataset.org/val2017/000000175438.jpg,caebcf4ace0859fe109f89e8d9ec8a474a48ef303a6d20325c562403a0b8a648,00ee7be0332d89fc1e0e2d80c26971ad063db95a9a0fab966640f09979c3e0c9,not specified by COCO image metadata; not claimed Atyrau,2013-11-24 12:18:03
1338190,421455,421455,not_available_still_image,car,3,processed/crops/1338190.png,raw/images/000000421455.jpg,2.52,2.24,454.04,363.23,500,375,0,2,Attribution-NonCommercial License,http://creativecommons.org/licenses/by-nc/2.0/,http://farm3.staticflickr.com/2471/3797663529_cbe1bf3a68_z.jpg,https://www.flickr.com/photo.gne?id=3797663529,not supplied in COCO metadata; original Flickr source linked,COCO photograph 421455; original title not supplied,bounding-box crop; per-image original license retained,http://images.cocodataset.org/val2017/000000421455.jpg,c9262daf96f9a989413d418a565e62acf670f51ac5984c69159451b067ba5c50,084e6dd699ff5b2feca5f0c2275cc6842e7e42857ae52a1c00fb1c2e72f30de4,not specified by COCO image metadata; not claimed Atyrau,2013-11-18 14:47:40
1338492,210273,210273,not_available_still_image,car,3,processed/crops/1338492.png,raw/images/000000210273.jpg,330.67,199.4,48.95,41.54,640,428,0,4,Attribution License,http://creativecommons.org/licenses/by/2.0/,http://farm6.staticflickr.com/5163/5336041838_1a09008014_z.jpg,https://www.flickr.com/photo.gne?id=5336041838,not supplied in COCO metadata; original Flickr source linked,COCO photograph 210273; original title not supplied,bounding-box crop; per-image original license retained,http://images.cocodataset.org/val2017/000000210273.jpg,3ec23de63592c1eef86740fd46fed2cb66170fca02b695d37e6ae379dcee4355,bd39789eb67b31e0a77d48e37046e655c84d068dbcde2516a4cc58d2e80e5d30,not specified by COCO image metadata; not claimed Atyrau,2013-11-15 09:01:55
1338655,175438,175438,not_available_still_image,car,3,processed/crops/1338655.png,raw/images/000000175438.jpg,504.77,231.23,85.81,64.53,640,468,0,5,Attribution-ShareAlike License,http://creativecommons.org/licenses/by-sa/2.0/,http://farm9.staticflickr.com/8315/8013060462_4cdf330e98_z.jpg,https://www.flickr.com/photo.gne?id=8013060462,not supplied in COCO metadata; original Flickr source linked,COCO photograph 175438; original title not supplied,bounding-box crop; per-image original license retained,http://images.cocodataset.org/val2017/000000175438.jpg,caebcf4ace0859fe109f89e8d9ec8a474a48ef303a6d20325c562403a0b8a648,1a7fbffae1be62a9007cd17b5f417f612e7b3f3514c164120468c0a765b11cb3,not specified by COCO image metadata; not claimed Atyrau,2013-11-24 12:18:03
1338741,344909,344909,not_available_still_image,car,3,processed/crops/1338741.png,raw/images/000000344909.jpg,426.39,195.0,53.61,43.49,480,640,0,1,Attribution-NonCommercial-ShareAlike License,http://creativecommons.org/licenses/by-nc-sa/2.0/,http://farm1.staticflickr.com/23/93479319_d7abd34b59_z.jpg,https://www.flickr.com/photo.gne?id=93479319,not supplied in COCO metadata; original Flickr source linked,COCO photograph 344909; original title not supplied,bounding-box crop; per-image original license retained,http://images.cocodataset.org/val2017/000000344909.jpg,963758fe1359544f537414afa68230ac2a6043ceb37347f157d95416beef18d4,e5e6a89585668b177c5634f6ce209e9201ed91ab23cf5cfc327d9618e3a2bacd,not specified by COCO image metadata; not claimed Atyrau,2013-11-16 22:17:41
1339321,115946,115946,not_available_still_image,car,3,processed/crops/1339321.png,raw/images/000000115946.jpg,119.19,502.52,53.52,42.14,480,640,0,1,Attribution-NonCommercial-ShareAlike License,http://creativecommons.org/licenses/by-nc-sa/2.0/,http://farm1.staticflickr.com/11/12517280_65a1991227_z.jpg,https://www.flickr.com/photo.gne?id=12517280,not supplied in COCO metadata; original Flickr source linked,COCO photograph 115946; original title not supplied,bounding-box crop; per-image original license retained,http://images.cocodataset.org/val2017/000000115946.jpg,710c302c6a617ffbd271ebad8a4b1a15a6737f51e3cdaa35b4b009aee4046264,8e9fc8db8a0103cfad69bb4bf0aa660f7438480a8e594e32b03ab27bbf13deec,not specified by COCO image metadata; not claimed Atyrau,2013-11-16 18:08:04
1339484,416885,416885,not_available_still_image,car,3,processed/crops/1339484.png,raw/images/000000416885.jpg,173.6,0.7,326.4,158.43,500,375,0,4,Attribution License,http://creativecommons.org/licenses/by/2.0/,http://farm4.staticflickr.com/3040/2791132570_faa5072ab9_z.jpg,https://www.flickr.com/photo.gne?id=2791132570,not supplied in COCO metadata; original Flickr source linked,COCO photograph 416885; original title not supplied,bounding-box crop; per-image original license retained,http://images.cocodataset.org/val2017/000000416885.jpg,f9d0c193c7049951383bef4d39cf979223080e871e257d44e261c24899855ec1,5ba5c1e979f1b99a3b5927dca7368996d73919e00b153644976f7ce683e5dc66,not specified by COCO image metadata; not claimed Atyrau,2013-11-20 12:07:45
1339844,224724,224724,not_available_still_image,car,3,processed/crops/1339844.png,raw/images/000000224724.jpg,285.0,509.72,136.21,54.53,480,640,0,2,Attribution-NonCommercial License,http://creativecommons.org/licenses/by-nc/2.0/,http://farm4.staticflickr.com/3543/3544616491_7cdec47006_z.jpg,https://www.flickr.com/photo.gne?id=3544616491,not supplied in COCO metadata; original Flickr source linked,COCO photograph 224724; original title not supplied,bounding-box crop; per-image original license retained,http://images.cocodataset.org/val2017/000000224724.jpg,78effdbaecaa4db9353c72b69b27969ef20359cf144ad47b244ffd0ab3265bf0,161984aedca965fc4177917c0e8c074a983d2368e37ff503f619516950a1465f,not specified by COCO image metadata; not claimed Atyrau,2013-11-15 19:43:46
1341191,303305,303305,not_available_still_image,car,3,processed/crops/1341191.png,raw/images/000000303305.jpg,591.39,203.49,48.61,51.59,640,480,0,1,Attribution-NonCommercial-ShareAlike License,http://creativecommons.org/licenses/by-nc-sa/2.0/,http://farm4.staticflickr.com/3753/9533643579_ddf338f491_z.jpg,https://www.flickr.com/photo.gne?id=9533643579,not supplied in COCO metadata; original Flickr source linked,COCO photograph 303305; original title not supplied,bounding-box crop; per-image original license retained,http://images.cocodataset.org/val2017/000000303305.jpg,3a68aba42359945b3490eb9c643d279107d41cb15370a0e327cbd0adbbef0356,51f6aa3e6ddc24adbca06ef99fddc555459da2c83c21e2952f89450f3d303b48,not specified by COCO image metadata; not claimed Atyrau,2013-11-16 20:28:42
1341427,9891,9891,not_available_still_image,car,3,processed/crops/1341427.png,raw/images/000000009891.jpg,198.58,129.69,40.83,59.19,640,480,0,1,Attribution-NonCommercial-ShareAlike License,http://creativecommons.org/licenses/by-nc-sa/2.0/,http://farm4.staticflickr.com/3270/3057687916_b9f0810501_z.jpg,https://www.flickr.com/photo.gne?id=3057687916,not supplied in COCO metadata; original Flickr source linked,COCO photograph 9891; original title not supplied,bounding-box crop; per-image original license retained,http://images.cocodataset.org/val2017/000000009891.jpg,dc8292c102663e64a5fcf7477e8ab5f5289660099817e7d52f40e3918784dc0e,46ad53fb0cec7321dfa923c9250413985e91d8181f77785bf2c9a0bb084c7e95,not specified by COCO image metadata; not claimed Atyrau,2013-11-18 11:16:03
1342827,344909,344909,not_available_still_image,car,3,processed/crops/1342827.png,raw/images/000000344909.jpg,380.55,195.63,57.88,40.8,480,640,0,1,Attribution-NonCommercial-ShareAlike License,http://creativecommons.org/licenses/by-nc-sa/2.0/,http://farm1.staticflickr.com/23/93479319_d7abd34b59_z.jpg,https://www.flickr.com/photo.gne?id=93479319,not supplied in COCO metadata; original Flickr source linked,COCO photograph 344909; original title not supplied,bounding-box crop; per-image original license retained,http://images.cocodataset.org/val2017/000000344909.jpg,963758fe1359544f537414afa68230ac2a6043ceb37347f157d95416beef18d4,a8ed7f29cae2f057716897f13ff634f857ef1e960b7ab2464f376c3804d31690,not specified by COCO image metadata; not claimed Atyrau,2013-11-16 22:17:41
1342904,236845,236845,not_available_still_image,car,3,processed/crops/1342904.png,raw/images/000000236845.jpg,47.91,426.51,52.83,43.33,495,640,0,1,Attribution-NonCommercial-ShareAlike License,http://creativecommons.org/licenses/by-nc-sa/2.0/,http://farm9.staticflickr.com/8465/8120731566_350fec87c7_z.jpg,https://www.flickr.com/photo.gne?id=8120731566,not supplied in COCO metadata; original Flickr source linked,COCO photograph 236845; original title not supplied,bounding-box crop; per-image original license retained,http://images.cocodataset.org/val2017/000000236845.jpg,fac9633f1a2667d635c668fe7481db95032a4838df255844cfec143c11ddb3a8,fd115d0a36327a643ff0618dba8509f677aac0d775c01982663b963f118d3d18,not specified by COCO image metadata; not claimed Atyrau,2013-11-17 08:54:51
1342990,308531,308531,not_available_still_image,car,3,processed/crops/1342990.png,raw/images/000000308531.jpg,307.14,566.6,51.86,40.24,359,640,0,1,Attribution-NonCommercial-ShareAlike License,http://creativecommons.org/licenses/by-nc-sa/2.0/,http://farm9.staticflickr.com/8115/8686862549_584484e61d_z.jpg,https://www.flickr.com/photo.gne?id=8686862549,not supplied in COCO metadata; original Flickr source linked,COCO photograph 308531; original title not supplied,bounding-box crop; per-image original license retained,http://images.cocodataset.org/val2017/000000308531.jpg,fa6aa7ce0a999e5e045c425122407e56867ff342e86ee17f65d1f2d62dcbb90e,2815f5c45bf464e203bd36ab7b7f1fdc711ada2966f6badcee1429338ce1c0a8,not specified by COCO image metadata; not claimed Atyrau,2013-11-24 01:10:48
1343749,555597,555597,not_available_still_image,car,3,processed/crops/1343749.png,raw/images/000000555597.jpg,434.78,408.1,196.66,96.06,640,517,0,2,Attribution-NonCommercial License,http://creativecommons.org/licenses/by-nc/2.0/,http://farm4.staticflickr.com/3594/3401214437_07a7c97a29_z.jpg,https://www.flickr.com/photo.gne?id=3401214437,not supplied in COCO metadata; original Flickr source linked,COCO photograph 555597; original title not supplied,bounding-box crop; per-image original license retained,http://images.cocodataset.org/val2017/000000555597.jpg,6965bf5b54dbee29ac11ac1b7ea7c2741514ea7e0bc9ad118c32b6a533f94c3e,964a713343d6f5143532914cae82c75bf102e55f67184d53561fc358e9c66ef8,not specified by COCO image metadata; not claimed Atyrau,2013-11-15 14:09:33
1344105,126592,126592,not_available_still_image,car,3,processed/crops/1344105.png,raw/images/000000126592.jpg,316.91,269.85,192.28,57.59,640,433,0,1,Attribution-NonCommercial-ShareAlike License,http://creativecommons.org/licenses/by-nc-sa/2.0/,http://farm4.staticflickr.com/3021/2959230829_f12773e057_z.jpg,https://www.flickr.com/photo.gne?id=2959230829,not supplied in COCO metadata; original Flickr source linked,COCO photograph 126592; original title not supplied,bounding-box crop; per-image original license retained,http://images.cocodataset.org/val2017/000000126592.jpg,69e4bfc82b8c7c258b1eec413754609583c42488e47af994ba561c77ba5f6a0c,790d7c652c23549d17204680a5d4060523c5af18dbabde3923dd6498f4819780,not specified by COCO image metadata; not claimed Atyrau,2013-11-17 09:30:49
1344285,504415,504415,not_available_still_image,car,3,processed/crops/1344285.png,raw/images/000000504415.jpg,492.17,185.6,111.47,40.45,640,427,0,2,Attribution-NonCommercial License,http://creativecommons.org/licenses/by-nc/2.0/,http://farm1.staticflickr.com/121/295385315_5a7b7c54d7_z.jpg,https://www.flickr.com/photo.gne?id=295385315,not supplied in COCO metadata; original Flickr source linked,COCO photograph 504415; original title not supplied,bounding-box crop; per-image original license retained,http://images.cocodataset.org/val2017/000000504415.jpg,74411e93658f68edd930e9e665a8cfabb542425dd63016303e7e23f4f895aaca,66b3e263b3855dea448f39b6f47380e4977f46e97786a49de10f82e7aa3fcf37,not specified by COCO image metadata; not claimed Atyrau,2013-11-23 05:23:38
1344872,564336,564336,not_available_still_image,car,3,processed/crops/1344872.png,raw/images/000000564336.jpg,274.97,155.94,140.74,62.61,640,360,0,2,Attribution-NonCommercial License,http://creativecommons.org/licenses/by-nc/2.0/,http://farm9.staticflickr.com/8114/8691044089_96aebcec84_z.jpg,https://www.flickr.com/photo.gne?id=8691044089,not supplied in COCO metadata; original Flickr source linked,COCO photograph 564336; original title not supplied,bounding-box crop; per-image original license retained,http://images.cocodataset.org/val2017/000000564336.jpg,259fb73d152522fb39114a5f861e97a8bebae0c0c4811f37efa233dd276b4d4f,a52bc9bba3f794ea62558d6d5d553422f9f3959ba6a9600fcd3801114cd76110,not specified by COCO image metadata; not claimed Atyrau,2013-11-17 02:25:02
1345040,89556,89556,not_available_still_image,car,3,processed/crops/1345040.png,raw/images/000000089556.jpg,587.25,142.9,43.33,43.53,640,480,0,4,Attribution License,http://creativecommons.org/licenses/by/2.0/,http://farm7.staticflickr.com/6093/6210323230_57fab50c4b_z.jpg,https://www.flickr.com/photo.gne?id=6210323230,not supplied in COCO metadata; original Flickr source linked,COCO photograph 89556; original title not supplied,bounding-box crop; per-image original license retained,http://images.cocodataset.org/val2017/000000089556.jpg,b78eb0eb1250b86210658687ff5063428e0cbff2858d4e07d8dee107ae1964f8,10cb13276311cca8274ee34b6681c0173b459b4fc0c8f2442dc6d39675fa8f38,not specified by COCO image metadata; not claimed Atyrau,2013-11-15 05:44:24
1345187,135410,135410,not_available_still_image,car,3,processed/crops/1345187.png,raw/images/000000135410.jpg,154.07,221.97,225.31,93.81,480,640,0,1,Attribution-NonCommercial-ShareAlike License,http://creativecommons.org/licenses/by-nc-sa/2.0/,http://farm2.staticflickr.com/1039/1418871599_0eb113933c_z.jpg,https://www.flickr.com/photo.gne?id=1418871599,not supplied in COCO metadata; original Flickr source linked,COCO photograph 135410; original title not supplied,bounding-box crop; per-image original license retained,http://images.cocodataset.org/val2017/000000135410.jpg,603013773e6bca16d1e4af56e76b38b3f7510c62d41e6089072905419ef4373f,8e94d637b31654e655092d51139854b4b433bff27678e20df042383084cd2c5f,not specified by COCO image metadata; not claimed Atyrau,2013-11-17 10:27:45
1345286,175438,175438,not_available_still_image,car,3,processed/crops/1345286.png,raw/images/000000175438.jpg,436.3,244.67,70.07,41.38,640,468,0,5,Attribution-ShareAlike License,http://creativecommons.org/licenses/by-sa/2.0/,http://farm9.staticflickr.com/8315/8013060462_4cdf330e98_z.jpg,https://www.flickr.com/photo.gne?id=8013060462,not supplied in COCO metadata; original Flickr source linked,COCO photograph 175438; original title not supplied,bounding-box crop; per-image original license retained,http://images.cocodataset.org/val2017/000000175438.jpg,caebcf4ace0859fe109f89e8d9ec8a474a48ef303a6d20325c562403a0b8a648,a6e971a515e109525b41558a7aafbfbe77aac06caabd2e594de7c4cfc7bde0d4,not specified by COCO image metadata; not claimed Atyrau,2013-11-24 12:18:03
1346874,196141,196141,not_available_still_image,car,3,processed/crops/1346874.png,raw/images/000000196141.jpg,166.29,72.32,67.86,42.99,640,429,0,1,Attribution-NonCommercial-ShareAlike License,http://creativecommons.org/licenses/by-nc-sa/2.0/,http://farm4.staticflickr.com/3310/3611902235_57d4ae496d_z.jpg,https://www.flickr.com/photo.gne?id=3611902235,not supplied in COCO metadata; original Flickr source linked,COCO photograph 196141; original title not supplied,bounding-box crop; per-image original license retained,http://images.cocodataset.org/val2017/000000196141.jpg,8e66c7dd60fe81fb0eae99314eb5e6c191e53f739760fa36ae7ba56f10115814,1ad6bcfec03db7ea7cc23e3e9481a2c2942acf0b70c596fd43231c3a119a618c,not specified by COCO image metadata; not claimed Atyrau,2013-11-22 22:37:15
1347422,505942,505942,not_available_still_image,car,3,processed/crops/1347422.png,raw/images/000000505942.jpg,459.48,163.05,40.5,42.6,500,375,0,1,Attribution-NonCommercial-ShareAlike License,http://creativecommons.org/licenses/by-nc-sa/2.0/,http://farm1.staticflickr.com/56/147795701_40d7bc8331_z.jpg,https://www.flickr.com/photo.gne?id=147795701,not supplied in COCO metadata; original Flickr source linked,COCO photograph 505942; original title not supplied,bounding-box crop; per-image original license retained,http://images.cocodataset.org/val2017/000000505942.jpg,2d4a220296d966f7a37cfbcf97f4693fe52787fc66d1a5a7817caa5f3b4355aa,5559037b978168e22d6ea072a7ce6009de236e16a5c2c6a3343f3316d7d1ee54,not specified by COCO image metadata; not claimed Atyrau,2013-11-17 07:17:31
1348462,166391,166391,not_available_still_image,car,3,processed/crops/1348462.png,raw/images/000000166391.jpg,577.57,336.36,62.28,45.19,640,427,0,1,Attribution-NonCommercial-ShareAlike License,http://creativecommons.org/licenses/by-nc-sa/2.0/,http://farm6.staticflickr.com/5024/5735220884_de797e3e8e_z.jpg,https://www.flickr.com/photo.gne?id=5735220884,not supplied in COCO metadata; original Flickr source linked,COCO photograph 166391; original title not supplied,bounding-box crop; per-image original license retained,http://images.cocodataset.org/val2017/000000166391.jpg,4ee9bb8a8ac31522bd24dc3068760d4cf7a9255257ba38572ba5b4c750360c35,2e85b0132a6c18e2bbcc124af0c785c7915478405faed509231a8c0ffcedfa3f,not specified by COCO image metadata; not claimed Atyrau,2013-11-16 15:48:13
1348677,210273,210273,not_available_still_image,car,3,processed/crops/1348677.png,raw/images/000000210273.jpg,417.74,262.37,82.31,75.68,640,428,0,4,Attribution License,http://creativecommons.org/licenses/by/2.0/,http://farm6.staticflickr.com/5163/5336041838_1a09008014_z.jpg,https://www.flickr.com/photo.gne?id=5336041838,not supplied in COCO metadata; original Flickr source linked,COCO photograph 210273; original title not supplied,bounding-box crop; per-image original license retained,http://images.cocodataset.org/val2017/000000210273.jpg,3ec23de63592c1eef86740fd46fed2cb66170fca02b695d37e6ae379dcee4355,74a0b10075fd3ae9dff75405cfe5d3e988cb22b95c41df8f0253e0e61485d30b,not specified by COCO image metadata; not claimed Atyrau,2013-11-15 09:01:55
1348963,430048,430048,not_available_still_image,car,3,processed/crops/1348963.png,raw/images/000000430048.jpg,213.2,234.85,84.27,41.3,500,375,0,1,Attribution-NonCommercial-ShareAlike License,http://creativecommons.org/licenses/by-nc-sa/2.0/,http://farm1.staticflickr.com/61/170648360_bf7c23c9aa_z.jpg,https://www.flickr.com/photo.gne?id=170648360,not supplied in COCO metadata; original Flickr source linked,COCO photograph 430048; original title not supplied,bounding-box crop; per-image original license retained,http://images.cocodataset.org/val2017/000000430048.jpg,3c1eb021eba3d6790a4affb38dc17030e21d020acfbfe4520a03389be1920f67,7dd7a242ea91453bbaf8a6078e1fb0c14b66465a2c119fe737ad0a26b5348870,not specified by COCO image metadata; not claimed Atyrau,2013-11-23 17:59:16
1349195,175438,175438,not_available_still_image,car,3,processed/crops/1349195.png,raw/images/000000175438.jpg,391.28,239.39,54.76,40.43,640,468,0,5,Attribution-ShareAlike License,http://creativecommons.org/licenses/by-sa/2.0/,http://farm9.staticflickr.com/8315/8013060462_4cdf330e98_z.jpg,https://www.flickr.com/photo.gne?id=8013060462,not supplied in COCO metadata; original Flickr source linked,COCO photograph 175438; original title not supplied,bounding-box crop; per-image original license retained,http://images.cocodataset.org/val2017/000000175438.jpg,caebcf4ace0859fe109f89e8d9ec8a474a48ef303a6d20325c562403a0b8a648,1d5c5c51a346952785965fcf626b990b726d4b9ef9b3ea8b870aefc84ea1ff95,not specified by COCO image metadata; not claimed Atyrau,2013-11-24 12:18:03
1349440,383289,383289,not_available_still_image,car,3,processed/crops/1349440.png,raw/images/000000383289.jpg,594.4,232.42,44.35,40.06,640,444,0,1,Attribution-NonCommercial-ShareAlike License,http://creativecommons.org/licenses/by-nc-sa/2.0/,http://farm9.staticflickr.com/8038/7905622718_dde8336e49_z.jpg,https://www.flickr.com/photo.gne?id=7905622718,not supplied in COCO metadata; original Flickr source linked,COCO photograph 383289; original title not supplied,bounding-box crop; per-image original license retained,http://images.cocodataset.org/val2017/000000383289.jpg,9c7f2b70986170f34a0ebb5cef888628b93bc044391578553205041cb81b042f,f57a0eceafdd1498ed6e8a3b90ce453ceaceb0fbb5e89978afe004e353c85d8b,not specified by COCO image metadata; not claimed Atyrau,2013-11-22 02:12:26
1350275,196141,196141,not_available_still_image,car,3,processed/crops/1350275.png,raw/images/000000196141.jpg,243.85,75.55,56.52,42.5,640,429,0,1,Attribution-NonCommercial-ShareAlike License,http://creativecommons.org/licenses/by-nc-sa/2.0/,http://farm4.staticflickr.com/3310/3611902235_57d4ae496d_z.jpg,https://www.flickr.com/photo.gne?id=3611902235,not supplied in COCO metadata; original Flickr source linked,COCO photograph 196141; original title not supplied,bounding-box crop; per-image original license retained,http://images.cocodataset.org/val2017/000000196141.jpg,8e66c7dd60fe81fb0eae99314eb5e6c191e53f739760fa36ae7ba56f10115814,6a84e0e01b40d474eafe095625b7cc26ca95de9bdf8721b6315c71fc5f042b65,not specified by COCO image metadata; not claimed Atyrau,2013-11-22 22:37:15
1350457,555597,555597,not_available_still_image,car,3,processed/crops/1350457.png,raw/images/000000555597.jpg,184.66,423.75,256.66,86.95,640,517,0,2,Attribution-NonCommercial License,http://creativecommons.org/licenses/by-nc/2.0/,http://farm4.staticflickr.com/3594/3401214437_07a7c97a29_z.jpg,https://www.flickr.com/photo.gne?id=3401214437,not supplied in COCO metadata; original Flickr source linked,COCO photograph 555597; original title not supplied,bounding-box crop; per-image original license retained,http://images.cocodataset.org/val2017/000000555597.jpg,6965bf5b54dbee29ac11ac1b7ea7c2741514ea7e0bc9ad118c32b6a533f94c3e,17daf20eeceb9ef375b19f7072366e18ca5719baf93e3ecbbf82cb0daddc62c9,not specified by COCO image metadata; not claimed Atyrau,2013-11-15 14:09:33
1350482,458702,458702,not_available_still_image,car,3,processed/crops/1350482.png,raw/images/000000458702.jpg,3.61,447.49,149.4,51.05,427,640,0,2,Attribution-NonCommercial License,http://creativecommons.org/licenses/by-nc/2.0/,http://farm2.staticflickr.com/1340/5118155104_e56d49876e_z.jpg,https://www.flickr.com/photo.gne?id=5118155104,not supplied in COCO metadata; original Flickr source linked,COCO photograph 458702; original title not supplied,bounding-box crop; per-image original license retained,http://images.cocodataset.org/val2017/000000458702.jpg,6eca6864fa023dd4e7ed265d90f8b3bdc7a7d876e0e45baab7018f81dd02424b,464afff57e8b1ba7e582cb4b37438d50cd47fa2958e87775a9dff43fe3b82d7e,not specified by COCO image metadata; not claimed Atyrau,2013-11-17 11:23:24
1350557,165039,165039,not_available_still_image,car,3,processed/crops/1350557.png,raw/images/000000165039.jpg,49.07,198.63,61.5,61.83,640,427,0,1,Attribution-NonCommercial-ShareAlike License,http://creativecommons.org/licenses/by-nc-sa/2.0/,http://farm9.staticflickr.com/8202/8235500461_b4791f81aa_z.jpg,https://www.flickr.com/photo.gne?id=8235500461,not supplied in COCO metadata; original Flickr source linked,COCO photograph 165039; original title not supplied,bounding-box crop; per-image original license retained,http://images.cocodataset.org/val2017/000000165039.jpg,e33ff0c52506ec5f5eea55ca9a3306f3bdc2ba6596ceedefcadf3b59541c1458,69b070ce6d8ad31b7c948bc4c6632a30f718ba9c070b104f772e3c84e9ea00c1,not specified by COCO image metadata; not claimed Atyrau,2013-11-17 00:23:35
1351883,427655,427655,not_available_still_image,car,3,processed/crops/1351883.png,raw/images/000000427655.jpg,230.91,223.4,45.9,41.06,427,640,0,1,Attribution-NonCommercial-ShareAlike License,http://creativecommons.org/licenses/by-nc-sa/2.0/,http://farm4.staticflickr.com/3795/9591251800_9c9727e178_z.jpg,https://www.flickr.com/photo.gne?id=9591251800,not supplied in COCO metadata; original Flickr source linked,COCO photograph 427655; original title not supplied,bounding-box crop; per-image original license retained,http://images.cocodataset.org/val2017/000000427655.jpg,142fea68a2648d6497cf9d7cfb0b58ce487eb08587bd484e34984199528efbb7,7d1a0742c68c446d4c4c333b102f0149297fd2abbff04d00bfa00b01ab0090f3,not specified by COCO image metadata; not claimed Atyrau,2013-11-19 00:45:03
1352104,343218,343218,not_available_still_image,car,3,processed/crops/1352104.png,raw/images/000000343218.jpg,357.92,120.59,142.24,89.22,640,428,0,4,Attribution License,http://creativecommons.org/licenses/by/2.0/,http://farm4.staticflickr.com/3169/2653643649_665418b9df_z.jpg,https://www.flickr.com/photo.gne?id=2653643649,not supplied in COCO metadata; original Flickr source linked,COCO photograph 343218; original title not supplied,bounding-box crop; per-image original license retained,http://images.cocodataset.org/val2017/000000343218.jpg,ff45d2490e8dfa3d775ddf5ea378d835cdec56eed9c33190c9a00cfd584e7871,4f9cecde1c0cb68687188ef4927ffee7d4fbc65fd0b1b7bfe4096af99939941b,not specified by COCO image metadata; not claimed Atyrau,2013-11-23 04:07:15
1352285,168330,168330,not_available_still_image,car,3,processed/crops/1352285.png,raw/images/000000168330.jpg,12.11,186.27,48.82,40.99,640,390,0,1,Attribution-NonCommercial-ShareAlike License,http://creativecommons.org/licenses/by-nc-sa/2.0/,http://farm1.staticflickr.com/191/459438121_6c20bfa385_z.jpg,https://www.flickr.com/photo.gne?id=459438121,not supplied in COCO metadata; original Flickr source linked,COCO photograph 168330; original title not supplied,bounding-box crop; per-image original license retained,http://images.cocodataset.org/val2017/000000168330.jpg,704ded862e1cdf5132739e4564d433bf7cfd55a2c044fb9da2afcfec39aa64a8,864e58e93875f4055d3526f2a2d3555b79560faece65e49f357cc89b833d1ecf,not specified by COCO image metadata; not claimed Atyrau,2013-11-22 21:11:03
1352579,458325,458325,not_available_still_image,car,3,processed/crops/1352579.png,raw/images/000000458325.jpg,550.48,205.43,89.52,185.07,640,427,0,2,Attribution-NonCommercial License,http://creativecommons.org/licenses/by-nc/2.0/,http://farm6.staticflickr.com/5212/5538497259_2607f56ee5_z.jpg,https://www.flickr.com/photo.gne?id=5538497259,not supplied in COCO metadata; original Flickr source linked,COCO photograph 458325; original title not supplied,bounding-box crop; per-image original license retained,http://images.cocodataset.org/val2017/000000458325.jpg,cc9d8a2d6fdd06220bb2e63d0e41b13cddd7a83758c74b2aa0161e56c8aa18a9,9d15d7c615255bfb4d0501a848317cb0802712b60c93741834b3f314342ed647,not specified by COCO image metadata; not claimed Atyrau,2013-11-20 04:26:27
1352868,458325,458325,not_available_still_image,car,3,processed/crops/1352868.png,raw/images/000000458325.jpg,485.02,197.77,154.91,145.81,640,427,0,2,Attribution-NonCommercial License,http://creativecommons.org/licenses/by-nc/2.0/,http://farm6.staticflickr.com/5212/5538497259_2607f56ee5_z.jpg,https://www.flickr.com/photo.gne?id=5538497259,not supplied in COCO metadata; original Flickr source linked,COCO photograph 458325; original title not supplied,bounding-box crop; per-image original license retained,http://images.cocodataset.org/val2017/000000458325.jpg,cc9d8a2d6fdd06220bb2e63d0e41b13cddd7a83758c74b2aa0161e56c8aa18a9,4e528878fba8d2b34cd7c206519d6412999d14aec4029148cd8566d70bd2cce5,not specified by COCO image metadata; not claimed Atyrau,2013-11-20 04:26:27
1352895,183709,183709,not_available_still_image,car,3,processed/crops/1352895.png,raw/images/000000183709.jpg,336.85,236.11,61.49,43.53,480,640,0,4,Attribution License,http://creativecommons.org/licenses/by/2.0/,http://farm1.staticflickr.com/94/267588789_dc94d5a8a0_z.jpg,https://www.flickr.com/photo.gne?id=267588789,not supplied in COCO metadata; original Flickr source linked,COCO photograph 183709; original title not supplied,bounding-box crop; per-image original license retained,http://images.cocodataset.org/val2017/000000183709.jpg,89dabb8b6940b9c08d005d03f0a22573eea72896f8314fbb0d4c128a99c261a1,7fa9c4505e82bc7be96355f3900440c0fee579cc4ebb7575dddbaaa55d46ef53,not specified by COCO image metadata; not claimed Atyrau,2013-11-14 21:16:48
1352896,210273,210273,not_available_still_image,car,3,processed/crops/1352896.png,raw/images/000000210273.jpg,298.46,251.05,75.15,68.77,640,428,0,4,Attribution License,http://creativecommons.org/licenses/by/2.0/,http://farm6.staticflickr.com/5163/5336041838_1a09008014_z.jpg,https://www.flickr.com/photo.gne?id=5336041838,not supplied in COCO metadata; original Flickr source linked,COCO photograph 210273; original title not supplied,bounding-box crop; per-image original license retained,http://images.cocodataset.org/val2017/000000210273.jpg,3ec23de63592c1eef86740fd46fed2cb66170fca02b695d37e6ae379dcee4355,e14b30045fc9e1f5dd9d2bf6a9c404624ab2d2d3298544a1184e1486c54bf9f8,not specified by COCO image metadata; not claimed Atyrau,2013-11-15 09:01:55
1354097,188296,188296,not_available_still_image,car,3,processed/crops/1354097.png,raw/images/000000188296.jpg,182.18,300.45,55.11,47.47,640,609,0,2,Attribution-NonCommercial License,http://creativecommons.org/licenses/by-nc/2.0/,http://farm1.staticflickr.com/90/276732942_6351f0a8cf_z.jpg,https://www.flickr.com/photo.gne?id=276732942,not supplied in COCO metadata; original Flickr source linked,COCO photograph 188296; original title not supplied,bounding-box crop; per-image original license retained,http://images.cocodataset.org/val2017/000000188296.jpg,fcb23cbab168a4ce784173658a630910ed1110b418ef492dfaf2f61febfcb351,0ae03f18127baa01f38af86e7f22a9fcf0b341a36bfcae5c99766f3c1fce8dcd,not specified by COCO image metadata; not claimed Atyrau,2013-11-20 17:37:27
1354884,506707,506707,not_available_still_image,car,3,processed/crops/1354884.png,raw/images/000000506707.jpg,175.55,153.31,99.17,117.93,640,427,0,1,Attribution-NonCommercial-ShareAlike License,http://creativecommons.org/licenses/by-nc-sa/2.0/,http://farm8.staticflickr.com/7024/6437080595_4102ce8326_z.jpg,https://www.flickr.com/photo.gne?id=6437080595,not supplied in COCO metadata; original Flickr source linked,COCO photograph 506707; original title not supplied,bounding-box crop; per-image original license retained,http://images.cocodataset.org/val2017/000000506707.jpg,7d41021f6690f97184495abbe2e70d45eba3816eff5f2a41e813011976254d3b,2330308dbe7d07f549406c44aeea3483bf9bf97b9a80fa320d44b3a43e85b287,not specified by COCO image metadata; not claimed Atyrau,2013-11-23 01:03:32
1356938,126592,126592,not_available_still_image,car,3,processed/crops/1356938.png,raw/images/000000126592.jpg,0.08,258.32,56.7,52.58,640,433,0,1,Attribution-NonCommercial-ShareAlike License,http://creativecommons.org/licenses/by-nc-sa/2.0/,http://farm4.staticflickr.com/3021/2959230829_f12773e057_z.jpg,https://www.flickr.com/photo.gne?id=2959230829,not supplied in COCO metadata; original Flickr source linked,COCO photograph 126592; original title not supplied,bounding-box crop; per-image original license retained,http://images.cocodataset.org/val2017/000000126592.jpg,69e4bfc82b8c7c258b1eec413754609583c42488e47af994ba561c77ba5f6a0c,ed4d18ca348f54838573d02e469ce4e4b9b4c832a0fa15763f9efc1dfba9b41d,not specified by COCO image metadata; not claimed Atyrau,2013-11-17 09:30:49
1357195,210273,210273,not_available_still_image,car,3,processed/crops/1357195.png,raw/images/000000210273.jpg,267.78,217.95,57.76,49.12,640,428,0,4,Attribution License,http://creativecommons.org/licenses/by/2.0/,http://farm6.staticflickr.com/5163/5336041838_1a09008014_z.jpg,https://www.flickr.com/photo.gne?id=5336041838,not supplied in COCO metadata; original Flickr source linked,COCO photograph 210273; original title not supplied,bounding-box crop; per-image original license retained,http://images.cocodataset.org/val2017/000000210273.jpg,3ec23de63592c1eef86740fd46fed2cb66170fca02b695d37e6ae379dcee4355,524bfdf7433e87145c3c49b006f4503b3cf8bad705046e8b0c8fc0bd964e2a5b,not specified by COCO image metadata; not claimed Atyrau,2013-11-15 09:01:55
1357311,210273,210273,not_available_still_image,car,3,processed/crops/1357311.png,raw/images/000000210273.jpg,176.97,298.0,77.91,66.36,640,428,0,4,Attribution License,http://creativecommons.org/licenses/by/2.0/,http://farm6.staticflickr.com/5163/5336041838_1a09008014_z.jpg,https://www.flickr.com/photo.gne?id=5336041838,not supplied in COCO metadata; original Flickr source linked,COCO photograph 210273; original title not supplied,bounding-box crop; per-image original license retained,http://images.cocodataset.org/val2017/000000210273.jpg,3ec23de63592c1eef86740fd46fed2cb66170fca02b695d37e6ae379dcee4355,3a9ea3a324e13b2062b7e6ab70d253ed398af568cbefedc67cb4e1a761d923db,not specified by COCO image metadata; not claimed Atyrau,2013-11-15 09:01:55
1357742,301421,301421,not_available_still_image,car,3,processed/crops/1357742.png,raw/images/000000301421.jpg,295.98,96.98,80.85,57.92,640,427,0,4,Attribution License,http://creativecommons.org/licenses/by/2.0/,http://farm4.staticflickr.com/3222/2511994966_2a82bf9b43_z.jpg,https://www.flickr.com/photo.gne?id=2511994966,not supplied in COCO metadata; original Flickr source linked,COCO photograph 301421; original title not supplied,bounding-box crop; per-image original license retained,http://images.cocodataset.org/val2017/000000301421.jpg,a68205cde5ae859ac50c6cb563a0a3e5f7d780f28625afddeb8db153c7dcbb71,f07934cb4db1c132f4c2e8fa00138db663d23182ae9d54e75bca5499f77280c5,not specified by COCO image metadata; not claimed Atyrau,2013-11-21 19:14:07
1357979,183246,183246,not_available_still_image,car,3,processed/crops/1357979.png,raw/images/000000183246.jpg,215.95,0.0,284.05,400.0,500,400,0,4,Attribution License,http://creativecommons.org/licenses/by/2.0/,http://farm3.staticflickr.com/2259/2469205788_1473198ae0_z.jpg,https://www.flickr.com/photo.gne?id=2469205788,not supplied in COCO metadata; original Flickr source linked,COCO photograph 183246; original title not supplied,bounding-box crop; per-image original license retained,http://images.cocodataset.org/val2017/000000183246.jpg,25d6c62b5ee245a99b98de1f078ab5d827c6737dfe11c60815955146604b6e7b,1adafde7ce695c3c41e28dedc698aa0247e72502720403c7e33ceb36503a0f4b,not specified by COCO image metadata; not claimed Atyrau,2013-11-16 18:53:13
1358223,555597,555597,not_available_still_image,car,3,processed/crops/1358223.png,raw/images/000000555597.jpg,58.3,391.34,102.11,40.52,640,517,0,2,Attribution-NonCommercial License,http://creativecommons.org/licenses/by-nc/2.0/,http://farm4.staticflickr.com/3594/3401214437_07a7c97a29_z.jpg,https://www.flickr.com/photo.gne?id=3401214437,not supplied in COCO metadata; original Flickr source linked,COCO photograph 555597; original title not supplied,bounding-box crop; per-image original license retained,http://images.cocodataset.org/val2017/000000555597.jpg,6965bf5b54dbee29ac11ac1b7ea7c2741514ea7e0bc9ad118c32b6a533f94c3e,22170c86d4e0dee2b70580bf027b391922a101759408f4558d54f9f05d880d75,not specified by COCO image metadata; not claimed Atyrau,2013-11-15 14:09:33
1358343,458325,458325,not_available_still_image,car,3,processed/crops/1358343.png,raw/images/000000458325.jpg,0.0,208.38,71.65,214.96,640,427,0,2,Attribution-NonCommercial License,http://creativecommons.org/licenses/by-nc/2.0/,http://farm6.staticflickr.com/5212/5538497259_2607f56ee5_z.jpg,https://www.flickr.com/photo.gne?id=5538497259,not supplied in COCO metadata; original Flickr source linked,COCO photograph 458325; original title not supplied,bounding-box crop; per-image original license retained,http://images.cocodataset.org/val2017/000000458325.jpg,cc9d8a2d6fdd06220bb2e63d0e41b13cddd7a83758c74b2aa0161e56c8aa18a9,60432c36a5bd2474f7bd129c1d991323debddf5a6b60d19853270ec2d34c766d,not specified by COCO image metadata; not claimed Atyrau,2013-11-20 04:26:27
1358421,126592,126592,not_available_still_image,car,3,processed/crops/1358421.png,raw/images/000000126592.jpg,22.52,255.55,73.26,43.96,640,433,0,1,Attribution-NonCommercial-ShareAlike License,http://creativecommons.org/licenses/by-nc-sa/2.0/,http://farm4.staticflickr.com/3021/2959230829_f12773e057_z.jpg,https://www.flickr.com/photo.gne?id=2959230829,not supplied in COCO metadata; original Flickr source linked,COCO photograph 126592; original title not supplied,bounding-box crop; per-image original license retained,http://images.cocodataset.org/val2017/000000126592.jpg,69e4bfc82b8c7c258b1eec413754609583c42488e47af994ba561c77ba5f6a0c,a181a52212df546a7b53d861bccfc831f9ff4accac59dd4bad83cf3f534d96de,not specified by COCO image metadata; not claimed Atyrau,2013-11-17 09:30:49
1358429,458325,458325,not_available_still_image,car,3,processed/crops/1358429.png,raw/images/000000458325.jpg,448.22,183.68,136.37,127.3,640,427,0,2,Attribution-NonCommercial License,http://creativecommons.org/licenses/by-nc/2.0/,http://farm6.staticflickr.com/5212/5538497259_2607f56ee5_z.jpg,https://www.flickr.com/photo.gne?id=5538497259,not supplied in COCO metadata; original Flickr source linked,COCO photograph 458325; original title not supplied,bounding-box crop; per-image original license retained,http://images.cocodataset.org/val2017/000000458325.jpg,cc9d8a2d6fdd06220bb2e63d0e41b13cddd7a83758c74b2aa0161e56c8aa18a9,9575e7d68ac1db8efde864f905b49d54d576db8887d786ad3a4cea1dfa0c30fc,not specified by COCO image metadata; not claimed Atyrau,2013-11-20 04:26:27
1358475,458325,458325,not_available_still_image,car,3,processed/crops/1358475.png,raw/images/000000458325.jpg,424.21,192.83,60.98,96.06,640,427,0,2,Attribution-NonCommercial License,http://creativecommons.org/licenses/by-nc/2.0/,http://farm6.staticflickr.com/5212/5538497259_2607f56ee5_z.jpg,https://www.flickr.com/photo.gne?id=5538497259,not supplied in COCO metadata; original Flickr source linked,COCO photograph 458325; original title not supplied,bounding-box crop; per-image original license retained,http://images.cocodataset.org/val2017/000000458325.jpg,cc9d8a2d6fdd06220bb2e63d0e41b13cddd7a83758c74b2aa0161e56c8aa18a9,89c869f278ea627945291b614d01f35d9e70fd4f4c0e85438beb2507dae8aa24,not specified by COCO image metadata; not claimed Atyrau,2013-11-20 04:26:27
1359105,458325,458325,not_available_still_image,car,3,processed/crops/1359105.png,raw/images/000000458325.jpg,379.21,198.45,43.78,67.13,640,427,0,2,Attribution-NonCommercial License,http://creativecommons.org/licenses/by-nc/2.0/,http://farm6.staticflickr.com/5212/5538497259_2607f56ee5_z.jpg,https://www.flickr.com/photo.gne?id=5538497259,not supplied in COCO metadata; original Flickr source linked,COCO photograph 458325; original title not supplied,bounding-box crop; per-image original license retained,http://images.cocodataset.org/val2017/000000458325.jpg,cc9d8a2d6fdd06220bb2e63d0e41b13cddd7a83758c74b2aa0161e56c8aa18a9,46587d49082cd6342852cdb81f9015a44acb9c88d830557bba370088950a987e,not specified by COCO image metadata; not claimed Atyrau,2013-11-20 04:26:27
1364556,289222,289222,not_available_still_image,bus,6,processed/crops/1364556.png,raw/images/000000289222.jpg,0.0,384.34,142.23,95.34,640,480,0,5,Attribution-ShareAlike License,http://creativecommons.org/licenses/by-sa/2.0/,http://farm3.staticflickr.com/2222/2279903008_8bc312fe60_z.jpg,https://www.flickr.com/photo.gne?id=2279903008,not supplied in COCO metadata; original Flickr source linked,COCO photograph 289222; original title not supplied,bounding-box crop; per-image original license retained,http://images.cocodataset.org/val2017/000000289222.jpg,3a184bfd08f6a64fbaeeae674ecdd25ca524604f48640586d8831a33d6db3210,b4a5785d38f7b8cfd201b6b8ad5b6c86ce6017c7ed97c120b0929ed1da468fcf,not specified by COCO image metadata; not claimed Atyrau,2013-11-16 14:31:55
1364599,204871,204871,not_available_still_image,bus,6,processed/crops/1364599.png,raw/images/000000204871.jpg,451.59,96.92,103.55,75.42,612,612,0,1,Attribution-NonCommercial-ShareAlike License,http://creativecommons.org/licenses/by-nc-sa/2.0/,http://farm9.staticflickr.com/8352/8301686238_c8f6ee0544_z.jpg,https://www.flickr.com/photo.gne?id=8301686238,not supplied in COCO metadata; original Flickr source linked,COCO photograph 204871; original title not supplied,bounding-box crop; per-image original license retained,http://images.cocodataset.org/val2017/000000204871.jpg,f471e48c808ea689a1e3a4a1214bc03e81a95195146b0c42601dbd6eaa006c89,7ac5173565affa8fa9d820d3e380de19e28e7c6b6a902b0c232b434d0632037f,not specified by COCO image metadata; not claimed Atyrau,2013-11-16 22:31:12
1364630,436883,436883,not_available_still_image,bus,6,processed/crops/1364630.png,raw/images/000000436883.jpg,14.21,104.82,90.42,154.32,640,421,0,2,Attribution-NonCommercial License,http://creativecommons.org/licenses/by-nc/2.0/,http://farm9.staticflickr.com/8199/8228898324_49568e69b1_z.jpg,https://www.flickr.com/photo.gne?id=8228898324,not supplied in COCO metadata; original Flickr source linked,COCO photograph 436883; original title not supplied,bounding-box crop; per-image original license retained,http://images.cocodataset.org/val2017/000000436883.jpg,65cb98085b86ed663a6812a9368364178d845b3458694f1d8d23783f3b848477,687c90df2b26f10ae6e55c96c2d7350fda82e48aa716fa2bbbdcef4bbce5e3d7,not specified by COCO image metadata; not claimed Atyrau,2013-11-17 00:18:47
1364776,15517,15517,not_available_still_image,bus,6,processed/crops/1364776.png,raw/images/000000015517.jpg,162.58,322.33,185.64,84.49,640,480,0,4,Attribution License,http://creativecommons.org/licenses/by/2.0/,http://farm9.staticflickr.com/8184/8407007011_9456edeb6d_z.jpg,https://www.flickr.com/photo.gne?id=8407007011,not supplied in COCO metadata; original Flickr source linked,COCO photograph 15517; original title not supplied,bounding-box crop; per-image original license retained,http://images.cocodataset.org/val2017/000000015517.jpg,db13a24631806ad53b865d8edb4926d455cf54ae60e72b45778e5e58fb164369,550e47aa8a9536b26894b846173a064bd18aa9b8eba54b1f46281efb947598c3,not specified by COCO image metadata; not claimed Atyrau,2013-11-16 23:41:40
1365241,210273,210273,not_available_still_image,bus,6,processed/crops/1365241.png,raw/images/000000210273.jpg,362.04,118.05,62.47,76.68,640,428,0,4,Attribution License,http://creativecommons.org/licenses/by/2.0/,http://farm6.staticflickr.com/5163/5336041838_1a09008014_z.jpg,https://www.flickr.com/photo.gne?id=5336041838,not supplied in COCO metadata; original Flickr source linked,COCO photograph 210273; original title not supplied,bounding-box crop; per-image original license retained,http://images.cocodataset.org/val2017/000000210273.jpg,3ec23de63592c1eef86740fd46fed2cb66170fca02b695d37e6ae379dcee4355,1d8d70e1eda4f3bf1d10383db8768469efca6332ba0570b5cda8567906a97e41,not specified by COCO image metadata; not claimed Atyrau,2013-11-15 09:01:55
1365432,309391,309391,not_available_still_image,bus,6,processed/crops/1365432.png,raw/images/000000309391.jpg,485.82,224.36,115.64,121.67,640,384,0,4,Attribution License,http://creativecommons.org/licenses/by/2.0/,http://farm6.staticflickr.com/5246/5329327710_92169d73d4_z.jpg,https://www.flickr.com/photo.gne?id=5329327710,not supplied in COCO metadata; original Flickr source linked,COCO photograph 309391; original title not supplied,bounding-box crop; per-image original license retained,http://images.cocodataset.org/val2017/000000309391.jpg,8ed212a0ffcf1b3d5f1fb307839030fb41aed1ff7488845a3bed02e386474082,11011f9916adc868880f351f472305eca4929adc88ae68f76ada334346c89ac1,not specified by COCO image metadata; not claimed Atyrau,2013-11-15 04:38:50
1365665,15517,15517,not_available_still_image,bus,6,processed/crops/1365665.png,raw/images/000000015517.jpg,0.0,306.32,127.87,56.63,640,480,0,4,Attribution License,http://creativecommons.org/licenses/by/2.0/,http://farm9.staticflickr.com/8184/8407007011_9456edeb6d_z.jpg,https://www.flickr.com/photo.gne?id=8407007011,not supplied in COCO metadata; original Flickr source linked,COCO photograph 15517; original title not supplied,bounding-box crop; per-image original license retained,http://images.cocodataset.org/val2017/000000015517.jpg,db13a24631806ad53b865d8edb4926d455cf54ae60e72b45778e5e58fb164369,3d3c0ca2e61a2e2c6baa77aec30e73c969a52240dd1aeb4d3ab1927009e31a7f,not specified by COCO image metadata; not claimed Atyrau,2013-11-16 23:41:40
1366023,336658,336658,not_available_still_image,bus,6,processed/crops/1366023.png,raw/images/000000336658.jpg,563.97,272.56,67.99,55.05,640,428,0,1,Attribution-NonCommercial-ShareAlike License,http://creativecommons.org/licenses/by-nc-sa/2.0/,http://farm9.staticflickr.com/8449/8073983061_9c02ab2ae6_z.jpg,https://www.flickr.com/photo.gne?id=8073983061,not supplied in COCO metadata; original Flickr source linked,COCO photograph 336658; original title not supplied,bounding-box crop; per-image original license retained,http://images.cocodataset.org/val2017/000000336658.jpg,df6714f025c3c3020d592110ef0742d4b75b1d9383817cb2e4713678338de4ba,6746fccf6b2de8e98262e5add16c15fe712c5a50e4ae1202b6b2c09332567aab,not specified by COCO image metadata; not claimed Atyrau,2013-11-16 17:47:10
1366087,210273,210273,not_available_still_image,bus,6,processed/crops/1366087.png,raw/images/000000210273.jpg,340.02,91.93,42.1,51.25,640,428,0,4,Attribution License,http://creativecommons.org/licenses/by/2.0/,http://farm6.staticflickr.com/5163/5336041838_1a09008014_z.jpg,https://www.flickr.com/photo.gne?id=5336041838,not supplied in COCO metadata; original Flickr source linked,COCO photograph 210273; original title not supplied,bounding-box crop; per-image original license retained,http://images.cocodataset.org/val2017/000000210273.jpg,3ec23de63592c1eef86740fd46fed2cb66170fca02b695d37e6ae379dcee4355,4f509a5361b2e771f28c88abc56c6ac7d1bbe9b2c8029c6f1f664b597d6848ea,not specified by COCO image metadata; not claimed Atyrau,2013-11-15 09:01:55
1367537,573943,573943,not_available_still_image,truck,8,processed/crops/1367537.png,raw/images/000000573943.jpg,531.5,200.76,52.01,40.7,640,480,0,5,Attribution-ShareAlike License,http://creativecommons.org/licenses/by-sa/2.0/,http://farm9.staticflickr.com/8050/8089769426_0ae26e7732_z.jpg,https://www.flickr.com/photo.gne?id=8089769426,not supplied in COCO metadata; original Flickr source linked,COCO photograph 573943; original title not supplied,bounding-box crop; per-image original license retained,http://images.cocodataset.org/val2017/000000573943.jpg,927f0d87b928f0eafda8b437a3ddbe7c79f30eb4a61d76f75f512bbb0c35aa55,c0bd83a8fae2103f1d6f4f92216308a3e7a56cd5e05f5e9522ed620fc7903abd,not specified by COCO image metadata; not claimed Atyrau,2013-11-17 15:11:35
1367568,33759,33759,not_available_still_image,truck,8,processed/crops/1367568.png,raw/images/000000033759.jpg,285.96,22.64,337.67,145.63,640,457,0,1,Attribution-NonCommercial-ShareAlike License,http://creativecommons.org/licenses/by-nc-sa/2.0/,http://farm2.staticflickr.com/1198/4725155561_8d211644b0_z.jpg,https://www.flickr.com/photo.gne?id=4725155561,not supplied in COCO metadata; original Flickr source linked,COCO photograph 33759; original title not supplied,bounding-box crop; per-image original license retained,http://images.cocodataset.org/val2017/000000033759.jpg,1752e2ea7125cfc42c0b5e73390e647f98d0e32d7df9c528f6e839b108d672b7,a049bdf618b9f15e6316e71c0ab6fb6a0751039248a020d440898d739df0e7e4,not specified by COCO image metadata; not claimed Atyrau,2013-11-22 21:02:39
1368022,212226,212226,not_available_still_image,truck,8,processed/crops/1368022.png,raw/images/000000212226.jpg,54.71,0.82,363.48,330.57,500,335,0,4,Attribution License,http://creativecommons.org/licenses/by/2.0/,http://farm4.staticflickr.com/3633/3554392751_0a85ee44f8_z.jpg,https://www.flickr.com/photo.gne?id=3554392751,not supplied in COCO metadata; original Flickr source linked,COCO photograph 212226; original title not supplied,bounding-box crop; per-image original license retained,http://images.cocodataset.org/val2017/000000212226.jpg,261ba1b81c768f47b8452cd8fc7866a354a69c336a927032486d129b8684eb44,113f4e1ccc1423393c44e2a67a5a34234b8d078f42cc966e1521e499cee7e76f,not specified by COCO image metadata; not claimed Atyrau,2013-11-17 14:48:15
1368047,67616,67616,not_available_still_image,truck,8,processed/crops/1368047.png,raw/images/000000067616.jpg,549.4,348.18,88.96,68.32,640,480,0,1,Attribution-NonCommercial-ShareAlike License,http://creativecommons.org/licenses/by-nc-sa/2.0/,http://farm8.staticflickr.com/7214/6861986830_34473988c3_z.jpg,https://www.flickr.com/photo.gne?id=6861986830,not supplied in COCO metadata; original Flickr source linked,COCO photograph 67616; original title not supplied,bounding-box crop; per-image original license retained,http://images.cocodataset.org/val2017/000000067616.jpg,824b722f5251918066fa4e2689167145918aa77cb8094a9fb2f2d70fd85d1ca1,2506979557449fbdbde5601117130a4897c07ef731dd3387dd70a0c895d314db,not specified by COCO image metadata; not claimed Atyrau,2013-11-17 10:24:45
1368385,310072,310072,not_available_still_image,truck,8,processed/crops/1368385.png,raw/images/000000310072.jpg,0.0,0.0,131.87,71.46,640,383,0,1,Attribution-NonCommercial-ShareAlike License,http://creativecommons.org/licenses/by-nc-sa/2.0/,http://farm8.staticflickr.com/7075/7241225258_944dc7f463_z.jpg,https://www.flickr.com/photo.gne?id=7241225258,not supplied in COCO metadata; original Flickr source linked,COCO photograph 310072; original title not supplied,bounding-box crop; per-image original license retained,http://images.cocodataset.org/val2017/000000310072.jpg,0404d2aa95236840dcc75a43f8cad1f4b03d382c72e86aaff751cb142f18a8e7,645371c9cbd457514fc34a146debae881c5582013bae89699ae1f1611356314d,not specified by COCO image metadata; not claimed Atyrau,2013-11-16 15:44:29
1368841,523241,523241,not_available_still_image,truck,8,processed/crops/1368841.png,raw/images/000000523241.jpg,166.05,176.34,43.21,43.02,500,333,0,1,Attribution-NonCommercial-ShareAlike License,http://creativecommons.org/licenses/by-nc-sa/2.0/,http://farm2.staticflickr.com/1008/597233904_32dd24e25e_z.jpg,https://www.flickr.com/photo.gne?id=597233904,not supplied in COCO metadata; original Flickr source linked,COCO photograph 523241; original title not supplied,bounding-box crop; per-image original license retained,http://images.cocodataset.org/val2017/000000523241.jpg,f0056cc384a0a2bb0a44c8d7cacb989917ea1397de562b970b6fb60159cb36ea,5776d8029742732e8c07529c96fb72842ed66295011e2bfcc421461e9a0068dc,not specified by COCO image metadata; not claimed Atyrau,2013-11-17 06:48:26
1368915,229948,229948,not_available_still_image,truck,8,processed/crops/1368915.png,raw/images/000000229948.jpg,367.41,2.16,272.59,154.85,640,428,0,2,Attribution-NonCommercial License,http://creativecommons.org/licenses/by-nc/2.0/,http://farm8.staticflickr.com/7417/8921029351_8e5a047b31_z.jpg,https://www.flickr.com/photo.gne?id=8921029351,not supplied in COCO metadata; original Flickr source linked,COCO photograph 229948; original title not supplied,bounding-box crop; per-image original license retained,http://images.cocodataset.org/val2017/000000229948.jpg,0b7d8fbfc3966e04899ceb96a391aacf7805749aee405cfb20226cb189f34009,ad12c3523759940447c29f981ae1b21aa7b9c2ab53abbc537ab7950bc076ee0e,not specified by COCO image metadata; not claimed Atyrau,2013-11-19 02:06:49
1369143,310072,310072,not_available_still_image,truck,8,processed/crops/1369143.png,raw/images/000000310072.jpg,228.72,0.19,251.86,68.6,640,383,0,1,Attribution-NonCommercial-ShareAlike License,http://creativecommons.org/licenses/by-nc-sa/2.0/,http://farm8.staticflickr.com/7075/7241225258_944dc7f463_z.jpg,https://www.flickr.com/photo.gne?id=7241225258,not supplied in COCO metadata; original Flickr source linked,COCO photograph 310072; original title not supplied,bounding-box crop; per-image original license retained,http://images.cocodataset.org/val2017/000000310072.jpg,0404d2aa95236840dcc75a43f8cad1f4b03d382c72e86aaff751cb142f18a8e7,9747c853f83aeeb99aa5177bd1a905f330c65ec94384d50a0b1ea7dad572b421,not specified by COCO image metadata; not claimed Atyrau,2013-11-16 15:44:29
1369213,498286,498286,not_available_still_image,truck,8,processed/crops/1369213.png,raw/images/000000498286.jpg,432.32,337.05,183.12,82.99,640,480,0,4,Attribution License,http://creativecommons.org/licenses/by/2.0/,http://farm7.staticflickr.com/6195/6048065934_bfaf1be964_z.jpg,https://www.flickr.com/photo.gne?id=6048065934,not supplied in COCO metadata; original Flickr source linked,COCO photograph 498286; original title not supplied,bounding-box crop; per-image original license retained,http://images.cocodataset.org/val2017/000000498286.jpg,3253772566d47969b4ca29bdd608d84b9876a09ec6b25435ff00c27bf9c1b207,c34b128066b3fc996183c2c8efd7add3ddfb9508f1744cc0b950d5db2bf91684,not specified by COCO image metadata; not claimed Atyrau,2013-11-15 07:38:08
1369691,357737,357737,not_available_still_image,truck,8,processed/crops/1369691.png,raw/images/000000357737.jpg,27.79,88.54,165.25,77.0,640,480,0,1,Attribution-NonCommercial-ShareAlike License,http://creativecommons.org/licenses/by-nc-sa/2.0/,http://farm4.staticflickr.com/3267/2877115654_ec12cbc121_z.jpg,https://www.flickr.com/photo.gne?id=2877115654,not supplied in COCO metadata; original Flickr source linked,COCO photograph 357737; original title not supplied,bounding-box crop; per-image original license retained,http://images.cocodataset.org/val2017/000000357737.jpg,2807fcb8cc5b8787e149247b2dc01f9dff1c56cc66cf9759ae1f58f39fd9879c,32fb16609a815ba4775c6a0fca3d60944954e861cb2395670ac2431fc96c0d31,not specified by COCO image metadata; not claimed Atyrau,2013-11-15 04:23:02
1369775,334006,334006,not_available_still_image,truck,8,processed/crops/1369775.png,raw/images/000000334006.jpg,511.15,181.92,79.2,78.07,640,426,0,1,Attribution-NonCommercial-ShareAlike License,http://creativecommons.org/licenses/by-nc-sa/2.0/,http://farm9.staticflickr.com/8526/8684868712_3122ac37d6_z.jpg,https://www.flickr.com/photo.gne?id=8684868712,not supplied in COCO metadata; original Flickr source linked,COCO photograph 334006; original title not supplied,bounding-box crop; per-image original license retained,http://images.cocodataset.org/val2017/000000334006.jpg,de98604a9ca39b461312d8073cb94eabc516bcbab21231404c96d4dea1419f68,073969dfe1a42cd90675844042853b7b8ef07c1b66d7bb9f0e0209268f550e2c,not specified by COCO image metadata; not claimed Atyrau,2013-11-17 18:20:57
1369809,577976,577976,not_available_still_image,truck,8,processed/crops/1369809.png,raw/images/000000577976.jpg,509.17,249.02,130.83,87.55,640,428,0,5,Attribution-ShareAlike License,http://creativecommons.org/licenses/by-sa/2.0/,http://farm8.staticflickr.com/7415/9439527323_efcf837a5d_z.jpg,https://www.flickr.com/photo.gne?id=9439527323,not supplied in COCO metadata; original Flickr source linked,COCO photograph 577976; original title not supplied,bounding-box crop; per-image original license retained,http://images.cocodataset.org/val2017/000000577976.jpg,f4a69620b9c578112bdac7b7007aaa75d79e4b77e6b96318aa8b1a7defb3d4e5,ddfcfa14474d197406c720cc9c421ac9c31cecb40af3fc8d0db344fc77e22e40,not specified by COCO image metadata; not claimed Atyrau,2013-11-17 17:31:22
1369993,189698,189698,not_available_still_image,truck,8,processed/crops/1369993.png,raw/images/000000189698.jpg,101.91,293.12,166.51,125.36,640,428,0,4,Attribution License,http://creativecommons.org/licenses/by/2.0/,http://farm6.staticflickr.com/5287/5334889612_b1cbc99066_z.jpg,https://www.flickr.com/photo.gne?id=5334889612,not supplied in COCO metadata; original Flickr source linked,COCO photograph 189698; original title not supplied,bounding-box crop; per-image original license retained,http://images.cocodataset.org/val2017/000000189698.jpg,ce9c60ba26d620a0ee11723bc7e39dc4d09b17d9ac4906048704c8f3d8b2919f,ab771465a6e58ccbb0f4e51e77bdb7c6f2ac6bccc772f5d49951ebdb080126b7,not specified by COCO image metadata; not claimed Atyrau,2013-11-17 00:39:12
1370654,188296,188296,not_available_still_image,truck,8,processed/crops/1370654.png,raw/images/000000188296.jpg,344.28,235.23,111.1,150.88,640,609,0,2,Attribution-NonCommercial License,http://creativecommons.org/licenses/by-nc/2.0/,http://farm1.staticflickr.com/90/276732942_6351f0a8cf_z.jpg,https://www.flickr.com/photo.gne?id=276732942,not supplied in COCO metadata; original Flickr source linked,COCO photograph 188296; original title not supplied,bounding-box crop; per-image original license retained,http://images.cocodataset.org/val2017/000000188296.jpg,fcb23cbab168a4ce784173658a630910ed1110b418ef492dfaf2f61febfcb351,655316ffa80bb23f8bd14ae8dc792eda8908f13676bb5f6019f0b31ba08ee7a4,not specified by COCO image metadata; not claimed Atyrau,2013-11-20 17:37:27
1370704,442456,442456,not_available_still_image,truck,8,processed/crops/1370704.png,raw/images/000000442456.jpg,204.68,72.55,410.16,172.82,640,356,0,4,Attribution License,http://creativecommons.org/licenses/by/2.0/,http://farm9.staticflickr.com/8264/8602459939_be3c670999_z.jpg,https://www.flickr.com/photo.gne?id=8602459939,not supplied in COCO metadata; original Flickr source linked,COCO photograph 442456; original title not supplied,bounding-box crop; per-image original license retained,http://images.cocodataset.org/val2017/000000442456.jpg,edc04913d2e51d0146a5a2a3dd6a30945ad51df77d2cd16d70a91ece69ea4f6d,db0e9b2ac0c326e831db09b891cd64374a045c44db7e8e1fda81eb9e76fa49cf,not specified by COCO image metadata; not claimed Atyrau,2013-11-17 15:08:34
1370731,356612,356612,not_available_still_image,truck,8,processed/crops/1370731.png,raw/images/000000356612.jpg,310.36,99.09,215.02,209.4,640,416,0,1,Attribution-NonCommercial-ShareAlike License,http://creativecommons.org/licenses/by-nc-sa/2.0/,http://farm3.staticflickr.com/2780/4444985182_6197c4ba62_z.jpg,https://www.flickr.com/photo.gne?id=4444985182,not supplied in COCO metadata; original Flickr source linked,COCO photograph 356612; original title not supplied,bounding-box crop; per-image original license retained,http://images.cocodataset.org/val2017/000000356612.jpg,92d4db8b8ea208bddba73c0c89331960e194cf87eb5841e3050f62796131a60e,44aa558e40e9f44274ffd23a6f32e0cb43784b72b3131ec774865a13c7e81146,not specified by COCO image metadata; not claimed Atyrau,2013-11-17 16:54:43
1370810,148719,148719,not_available_still_image,truck,8,processed/crops/1370810.png,raw/images/000000148719.jpg,545.0,115.65,88.81,68.06,640,480,0,4,Attribution License,http://creativecommons.org/licenses/by/2.0/,http://farm5.staticflickr.com/4138/4781344883_9b115de575_z.jpg,https://www.flickr.com/photo.gne?id=4781344883,not supplied in COCO metadata; original Flickr source linked,COCO photograph 148719; original title not supplied,bounding-box crop; per-image original license retained,http://images.cocodataset.org/val2017/000000148719.jpg,dc5224344a70a6bb7bda0d21dddeac70f599aeaa35b2ce1fa3620821c6de4bf0,d3dbfb4112ab36f18f9b5370432e09c3a2c30bf64ccd556ca70cbb4bb0b78547,not specified by COCO image metadata; not claimed Atyrau,2013-11-17 02:34:52
1371014,74058,74058,not_available_still_image,truck,8,processed/crops/1371014.png,raw/images/000000074058.jpg,466.16,197.18,109.14,77.44,640,427,0,2,Attribution-NonCommercial License,http://creativecommons.org/licenses/by-nc/2.0/,http://farm3.staticflickr.com/2673/3853738920_ac4ae553f7_z.jpg,https://www.flickr.com/photo.gne?id=3853738920,not supplied in COCO metadata; original Flickr source linked,COCO photograph 74058; original title not supplied,bounding-box crop; per-image original license retained,http://images.cocodataset.org/val2017/000000074058.jpg,a619c4064a1a9af3f0d3c20abee5dc8bb05edda1ec0b240e28fb823b4fd9d204,0ccb9a90192602b4287656c08f8540322c98f2b960b070b497c09730b6e30314,not specified by COCO image metadata; not claimed Atyrau,2013-11-15 00:43:40
1372287,203294,203294,not_available_still_image,truck,8,processed/crops/1372287.png,raw/images/000000203294.jpg,533.93,212.49,106.07,125.13,640,480,0,2,Attribution-NonCommercial License,http://creativecommons.org/licenses/by-nc/2.0/,http://farm9.staticflickr.com/8398/8686137020_2ca292f1dd_z.jpg,https://www.flickr.com/photo.gne?id=8686137020,not supplied in COCO metadata; original Flickr source linked,COCO photograph 203294; original title not supplied,bounding-box crop; per-image original license retained,http://images.cocodataset.org/val2017/000000203294.jpg,c5d43fb94e11fae1e3bf97b08bebb4a96d7735bb92a6bab8bf8618000208ef9c,8f3a59f08f5ec7bc28c9a225838cea580183069b9f47bac1bf6d25e7e3b9a216,not specified by COCO image metadata; not claimed Atyrau,2013-11-16 22:30:35
1372445,147338,147338,not_available_still_image,truck,8,processed/crops/1372445.png,raw/images/000000147338.jpg,1.44,77.66,185.53,133.76,480,640,0,1,Attribution-NonCommercial-ShareAlike License,http://creativecommons.org/licenses/by-nc-sa/2.0/,http://farm3.staticflickr.com/2503/3725350954_8d20f6769b_z.jpg,https://www.flickr.com/photo.gne?id=3725350954,not supplied in COCO metadata; original Flickr source linked,COCO photograph 147338; original title not supplied,bounding-box crop; per-image original license retained,http://images.cocodataset.org/val2017/000000147338.jpg,1340659ee42c04143b39b031f8c7345d08b7f54753d9b75638bc6c81b084b2d1,e1b7a7a117f7d630c2e48e1b54f59cb424f6fd39549a1562b90c39c7616b5c69,not specified by COCO image metadata; not claimed Atyrau,2013-11-16 22:52:44
1372900,219271,219271,not_available_still_image,truck,8,processed/crops/1372900.png,raw/images/000000219271.jpg,190.57,281.32,107.77,111.32,350,500,0,1,Attribution-NonCommercial-ShareAlike License,http://creativecommons.org/licenses/by-nc-sa/2.0/,http://farm1.staticflickr.com/4/5795874_297ee81b22_z.jpg,https://www.flickr.com/photo.gne?id=5795874,not supplied in COCO metadata; original Flickr source linked,COCO photograph 219271; original title not supplied,bounding-box crop; per-image original license retained,http://images.cocodataset.org/val2017/000000219271.jpg,404ee96388af2dbbe54de91cc6da0f1ec3803c9d027fd2c89c7fac930ab2088d,f32778840304ee3e6f17e976f49d631c7ea44da968e31ba76eb59ce1fe0d6e5b,not specified by COCO image metadata; not claimed Atyrau,2013-11-17 16:29:52
1372939,573943,573943,not_available_still_image,truck,8,processed/crops/1372939.png,raw/images/000000573943.jpg,312.31,342.54,53.82,41.52,640,480,0,5,Attribution-ShareAlike License,http://creativecommons.org/licenses/by-sa/2.0/,http://farm9.staticflickr.com/8050/8089769426_0ae26e7732_z.jpg,https://www.flickr.com/photo.gne?id=8089769426,not supplied in COCO metadata; original Flickr source linked,COCO photograph 573943; original title not supplied,bounding-box crop; per-image original license retained,http://images.cocodataset.org/val2017/000000573943.jpg,927f0d87b928f0eafda8b437a3ddbe7c79f30eb4a61d76f75f512bbb0c35aa55,5a16ce3f5b0b4c236995889f0b4b7eb9279246879efa9541cb1ce23e02503f1f,not specified by COCO image metadata; not claimed Atyrau,2013-11-17 15:11:35
1372955,564336,564336,not_available_still_image,truck,8,processed/crops/1372955.png,raw/images/000000564336.jpg,570.81,127.7,69.19,60.81,640,360,0,2,Attribution-NonCommercial License,http://creativecommons.org/licenses/by-nc/2.0/,http://farm9.staticflickr.com/8114/8691044089_96aebcec84_z.jpg,https://www.flickr.com/photo.gne?id=8691044089,not supplied in COCO metadata; original Flickr source linked,COCO photograph 564336; original title not supplied,bounding-box crop; per-image original license retained,http://images.cocodataset.org/val2017/000000564336.jpg,259fb73d152522fb39114a5f861e97a8bebae0c0c4811f37efa233dd276b4d4f,b325dabf0faac9c6929b4b69fdd443c9a6f66ea945238f19da882a906d83d8ee,not specified by COCO image metadata; not claimed Atyrau,2013-11-17 02:25:02
1373019,219271,219271,not_available_still_image,truck,8,processed/crops/1373019.png,raw/images/000000219271.jpg,262.51,274.85,60.84,58.53,350,500,0,1,Attribution-NonCommercial-ShareAlike License,http://creativecommons.org/licenses/by-nc-sa/2.0/,http://farm1.staticflickr.com/4/5795874_297ee81b22_z.jpg,https://www.flickr.com/photo.gne?id=5795874,not supplied in COCO metadata; original Flickr source linked,COCO photograph 219271; original title not supplied,bounding-box crop; per-image original license retained,http://images.cocodataset.org/val2017/000000219271.jpg,404ee96388af2dbbe54de91cc6da0f1ec3803c9d027fd2c89c7fac930ab2088d,759cd8237bc06d2a6c2dd8ec0badf465d71bf1ecca53797d4dcd56dabbb706d1,not specified by COCO image metadata; not claimed Atyrau,2013-11-17 16:29:52
1373381,144300,144300,not_available_still_image,truck,8,processed/crops/1373381.png,raw/images/000000144300.jpg,0.0,0.96,320.49,231.25,640,427,0,1,Attribution-NonCommercial-ShareAlike License,http://creativecommons.org/licenses/by-nc-sa/2.0/,http://farm6.staticflickr.com/5550/9892048765_eefdf27946_z.jpg,https://www.flickr.com/photo.gne?id=9892048765,not supplied in COCO metadata; original Flickr source linked,COCO photograph 144300; original title not supplied,bounding-box crop; per-image original license retained,http://images.cocodataset.org/val2017/000000144300.jpg,859ad40927fb62779a65eb109b52881641ddf6bbc435aaed2bcac4d4ecc9a9c8,d0f37ae461dbeca6d9e8290b429ce95b5bcd582e52a5da9f0eb844681534e467,not specified by COCO image metadata; not claimed Atyrau,2013-11-15 16:13:34
1373630,147338,147338,not_available_still_image,truck,8,processed/crops/1373630.png,raw/images/000000147338.jpg,186.97,40.27,293.03,181.21,480,640,0,1,Attribution-NonCommercial-ShareAlike License,http://creativecommons.org/licenses/by-nc-sa/2.0/,http://farm3.staticflickr.com/2503/3725350954_8d20f6769b_z.jpg,https://www.flickr.com/photo.gne?id=3725350954,not supplied in COCO metadata; original Flickr source linked,COCO photograph 147338; original title not supplied,bounding-box crop; per-image original license retained,http://images.cocodataset.org/val2017/000000147338.jpg,1340659ee42c04143b39b031f8c7345d08b7f54753d9b75638bc6c81b084b2d1,e5712c33efbf34ad8504525ed273601d0541fcaaace36cb101379f6f90ae419e,not specified by COCO image metadata; not claimed Atyrau,2013-11-16 22:52:44
1373770,515025,515025,not_available_still_image,truck,8,processed/crops/1373770.png,raw/images/000000515025.jpg,79.64,94.04,187.12,82.52,640,427,0,1,Attribution-NonCommercial-ShareAlike License,http://creativecommons.org/licenses/by-nc-sa/2.0/,http://farm4.staticflickr.com/3113/2454066623_2f9e111686_z.jpg,https://www.flickr.com/photo.gne?id=2454066623,not supplied in COCO metadata; original Flickr source linked,COCO photograph 515025; original title not supplied,bounding-box crop; per-image original license retained,http://images.cocodataset.org/val2017/000000515025.jpg,842bf70b9f111af1b4ad64b8451d74a2032737e6a68d224665e441413dcd7b02,120467c35d4d2c801c88f304a23bfe0b36041c4b0aaa5ab9a0eb15b25c0faada,not specified by COCO image metadata; not claimed Atyrau,2013-11-17 18:43:15
1373834,128051,128051,not_available_still_image,truck,8,processed/crops/1373834.png,raw/images/000000128051.jpg,563.94,187.95,76.06,44.69,640,360,0,1,Attribution-NonCommercial-ShareAlike License,http://creativecommons.org/licenses/by-nc-sa/2.0/,http://farm4.staticflickr.com/3770/9384095365_8b8587e528_z.jpg,https://www.flickr.com/photo.gne?id=9384095365,not supplied in COCO metadata; original Flickr source linked,COCO photograph 128051; original title not supplied,bounding-box crop; per-image original license retained,http://images.cocodataset.org/val2017/000000128051.jpg,2497ae695583057b6adda26f862de2287d2052933c14b7f0a6027ecbb09a079c,3b6e260c51ae3f962685854244a667080df346b811d4cebf485413dbf1a9dfb9,not specified by COCO image metadata; not claimed Atyrau,2013-11-16 21:05:04
1373917,515025,515025,not_available_still_image,truck,8,processed/crops/1373917.png,raw/images/000000515025.jpg,545.59,114.01,55.61,40.37,640,427,0,1,Attribution-NonCommercial-ShareAlike License,http://creativecommons.org/licenses/by-nc-sa/2.0/,http://farm4.staticflickr.com/3113/2454066623_2f9e111686_z.jpg,https://www.flickr.com/photo.gne?id=2454066623,not supplied in COCO metadata; original Flickr source linked,COCO photograph 515025; original title not supplied,bounding-box crop; per-image original license retained,http://images.cocodataset.org/val2017/000000515025.jpg,842bf70b9f111af1b4ad64b8451d74a2032737e6a68d224665e441413dcd7b02,e1ca13374c2171d625155c8efd14593d6a7770cc76fe4619da42c7fe903cdf1d,not specified by COCO image metadata; not claimed Atyrau,2013-11-17 18:43:15
1373932,147338,147338,not_available_still_image,truck,8,processed/crops/1373932.png,raw/images/000000147338.jpg,408.96,26.55,71.04,46.51,480,640,0,1,Attribution-NonCommercial-ShareAlike License,http://creativecommons.org/licenses/by-nc-sa/2.0/,http://farm3.staticflickr.com/2503/3725350954_8d20f6769b_z.jpg,https://www.flickr.com/photo.gne?id=3725350954,not supplied in COCO metadata; original Flickr source linked,COCO photograph 147338; original title not supplied,bounding-box crop; per-image original license retained,http://images.cocodataset.org/val2017/000000147338.jpg,1340659ee42c04143b39b031f8c7345d08b7f54753d9b75638bc6c81b084b2d1,9428dbf11afd4c431d1308554e5c49a5e09360878fdf43feba476f85c6ea3d03,not specified by COCO image metadata; not claimed Atyrau,2013-11-16 22:52:44
1373989,128051,128051,not_available_still_image,truck,8,processed/crops/1373989.png,raw/images/000000128051.jpg,0.81,131.06,145.62,156.94,640,360,0,1,Attribution-NonCommercial-ShareAlike License,http://creativecommons.org/licenses/by-nc-sa/2.0/,http://farm4.staticflickr.com/3770/9384095365_8b8587e528_z.jpg,https://www.flickr.com/photo.gne?id=9384095365,not supplied in COCO metadata; original Flickr source linked,COCO photograph 128051; original title not supplied,bounding-box crop; per-image original license retained,http://images.cocodataset.org/val2017/000000128051.jpg,2497ae695583057b6adda26f862de2287d2052933c14b7f0a6027ecbb09a079c,01337756394efd315d0ba5ec70680b519acad6d4c967ce580f819750215786b7,not specified by COCO image metadata; not claimed Atyrau,2013-11-16 21:05:04
1374255,166391,166391,not_available_still_image,truck,8,processed/crops/1374255.png,raw/images/000000166391.jpg,576.69,336.8,62.37,45.1,640,427,0,1,Attribution-NonCommercial-ShareAlike License,http://creativecommons.org/licenses/by-nc-sa/2.0/,http://farm6.staticflickr.com/5024/5735220884_de797e3e8e_z.jpg,https://www.flickr.com/photo.gne?id=5735220884,not supplied in COCO metadata; original Flickr source linked,COCO photograph 166391; original title not supplied,bounding-box crop; per-image original license retained,http://images.cocodataset.org/val2017/000000166391.jpg,4ee9bb8a8ac31522bd24dc3068760d4cf7a9255257ba38572ba5b4c750360c35,80b2720efa1b2dde1a17ad71883dbde70dba63206868caaa7db0497e7418757b,not specified by COCO image metadata; not claimed Atyrau,2013-11-16 15:48:13
1770350,365642,365642,not_available_still_image,car,3,processed/crops/1770350.png,raw/images/000000365642.jpg,0.0,26.33,93.3,67.35,426,640,0,2,Attribution-NonCommercial License,http://creativecommons.org/licenses/by-nc/2.0/,http://farm6.staticflickr.com/5167/5311433626_44b802e6f9_z.jpg,https://www.flickr.com/photo.gne?id=5311433626,not supplied in COCO metadata; original Flickr source linked,COCO photograph 365642; original title not supplied,bounding-box crop; per-image original license retained,http://images.cocodataset.org/val2017/000000365642.jpg,74a8403ed7515330bca8c58cd1ad16d703507b8d3161fc7dc0d12272152d99fc,ad0ffe4d3df05b8b8ad91dac524647ae8b2795fb809be020150e1d4093b23002,not specified by COCO image metadata; not claimed Atyrau,2013-11-15 11:27:35
1770473,125778,125778,not_available_still_image,car,3,processed/crops/1770473.png,raw/images/000000125778.jpg,95.77,137.9,82.11,81.29,640,480,0,5,Attribution-ShareAlike License,http://creativecommons.org/licenses/by-sa/2.0/,http://farm4.staticflickr.com/3550/3402362545_886a523955_z.jpg,https://www.flickr.com/photo.gne?id=3402362545,not supplied in COCO metadata; original Flickr source linked,COCO photograph 125778; original title not supplied,bounding-box crop; per-image original license retained,http://images.cocodataset.org/val2017/000000125778.jpg,1b93c291b14ba4d8a559fcb08240d8d204e69f1b2e4c41ee41f13935646340dd,69b490b3da83c7bd8c9346dd5834a4fdfe7f9c94a5da66c2dd43c82b1a8a68b5,not specified by COCO image metadata; not claimed Atyrau,2013-11-22 02:55:10
1770856,293071,293071,not_available_still_image,car,3,processed/crops/1770856.png,raw/images/000000293071.jpg,273.55,181.31,59.76,58.21,335,500,0,4,Attribution License,http://creativecommons.org/licenses/by/2.0/,http://farm1.staticflickr.com/199/466347034_10b9e3efe4_z.jpg,https://www.flickr.com/photo.gne?id=466347034,not supplied in COCO metadata; original Flickr source linked,COCO photograph 293071; original title not supplied,bounding-box crop; per-image original license retained,http://images.cocodataset.org/val2017/000000293071.jpg,20f701233b0235e3f6e31e11c8b4364c1aedd954a5fc7d2d5610aaa8318d0528,59c0b6c35a77af84b1ce70cfb6fe16603ea693fa2127bfe2be923d8bb3ec76f9,not specified by COCO image metadata; not claimed Atyrau,2013-11-16 22:12:21
1770961,383289,383289,not_available_still_image,car,3,processed/crops/1770961.png,raw/images/000000383289.jpg,315.72,148.49,323.3,118.6,640,444,0,1,Attribution-NonCommercial-ShareAlike License,http://creativecommons.org/licenses/by-nc-sa/2.0/,http://farm9.staticflickr.com/8038/7905622718_dde8336e49_z.jpg,https://www.flickr.com/photo.gne?id=7905622718,not supplied in COCO metadata; original Flickr source linked,COCO photograph 383289; original title not supplied,bounding-box crop; per-image original license retained,http://images.cocodataset.org/val2017/000000383289.jpg,9c7f2b70986170f34a0ebb5cef888628b93bc044391578553205041cb81b042f,73365771085ede579d5e84043e28fe8865c82265141621b9437a5f87a469e8a8,not specified by COCO image metadata; not claimed Atyrau,2013-11-22 02:12:26
1771130,97679,97679,not_available_still_image,car,3,processed/crops/1771130.png,raw/images/000000097679.jpg,358.31,159.58,274.27,170.73,640,480,0,4,Attribution License,http://creativecommons.org/licenses/by/2.0/,http://farm3.staticflickr.com/2215/2727641554_ea1cca26c2_z.jpg,https://www.flickr.com/photo.gne?id=2727641554,not supplied in COCO metadata; original Flickr source linked,COCO photograph 97679; original title not supplied,bounding-box crop; per-image original license retained,http://images.cocodataset.org/val2017/000000097679.jpg,7d636d406352e1643cab6f85925dd2fccd7ac11c471f1c58bd627a9512154efc,e7bb6aa388b21977e626844bc98ab312c7db0a17838dc5d0e0ebadafebe8834c,not specified by COCO image metadata; not claimed Atyrau,2013-11-15 11:37:24
1771862,338986,338986,not_available_still_image,car,3,processed/crops/1771862.png,raw/images/000000338986.jpg,284.41,506.66,118.59,76.8,403,640,0,4,Attribution License,http://creativecommons.org/licenses/by/2.0/,http://farm8.staticflickr.com/7284/8715827786_9ffcac1fa5_z.jpg,https://www.flickr.com/photo.gne?id=8715827786,not supplied in COCO metadata; original Flickr source linked,COCO photograph 338986; original title not supplied,bounding-box crop; per-image original license retained,http://images.cocodataset.org/val2017/000000338986.jpg,62fee3f216c3cb2af25eac42d4b1b48acf30652ea1e8dd154aa4dcca480b852f,5a832affa9c087715b908fd45e6ae491bd2c281f5782c1fd81aa7d8158ba4588,not specified by COCO image metadata; not claimed Atyrau,2013-11-17 10:11:26
1771963,396338,396338,not_available_still_image,car,3,processed/crops/1771963.png,raw/images/000000396338.jpg,412.93,143.37,227.07,277.29,640,427,0,2,Attribution-NonCommercial License,http://creativecommons.org/licenses/by-nc/2.0/,http://farm9.staticflickr.com/8451/8027479332_1d4833f074_z.jpg,https://www.flickr.com/photo.gne?id=8027479332,not supplied in COCO metadata; original Flickr source linked,COCO photograph 396338; original title not supplied,bounding-box crop; per-image original license retained,http://images.cocodataset.org/val2017/000000396338.jpg,d316e263395e5724b7627cec7df7045df058c746e7180bf93b87d10976c662c6,564a670a9c8a9d0ae4ce016b123373ff8cf602d100c946375d2970d424a82582,not specified by COCO image metadata; not claimed Atyrau,2013-11-17 19:34:07
1772188,213255,213255,not_available_still_image,car,3,processed/crops/1772188.png,raw/images/000000213255.jpg,116.82,134.95,90.59,65.98,480,640,0,4,Attribution License,http://creativecommons.org/licenses/by/2.0/,http://farm3.staticflickr.com/2021/2521020235_f252d7108f_z.jpg,https://www.flickr.com/photo.gne?id=2521020235,not supplied in COCO metadata; original Flickr source linked,COCO photograph 213255; original title not supplied,bounding-box crop; per-image original license retained,http://images.cocodataset.org/val2017/000000213255.jpg,536b78fa08534eb0778e58838065ba773fe8751dd87c13bf070f726affaab6e0,7938417cde2545b8a31ca0b37d0514505ababf3e7a2261cab57a90b0acfcca6d,not specified by COCO image metadata; not claimed Atyrau,2013-11-20 11:55:18
1772242,196141,196141,not_available_still_image,car,3,processed/crops/1772242.png,raw/images/000000196141.jpg,468.46,72.35,115.21,64.6,640,429,0,1,Attribution-NonCommercial-ShareAlike License,http://creativecommons.org/licenses/by-nc-sa/2.0/,http://farm4.staticflickr.com/3310/3611902235_57d4ae496d_z.jpg,https://www.flickr.com/photo.gne?id=3611902235,not supplied in COCO metadata; original Flickr source linked,COCO photograph 196141; original title not supplied,bounding-box crop; per-image original license retained,http://images.cocodataset.org/val2017/000000196141.jpg,8e66c7dd60fe81fb0eae99314eb5e6c191e53f739760fa36ae7ba56f10115814,8646b4ee9f2937b4ae95e4603541b8814706d11006ba958132b09d55e65abf22,not specified by COCO image metadata; not claimed Atyrau,2013-11-22 22:37:15
1772442,192670,192670,not_available_still_image,car,3,processed/crops/1772442.png,raw/images/000000192670.jpg,359.82,92.76,156.51,66.67,640,433,0,4,Attribution License,http://creativecommons.org/licenses/by/2.0/,http://farm7.staticflickr.com/6137/5931706250_072cc90a24_z.jpg,https://www.flickr.com/photo.gne?id=5931706250,not supplied in COCO metadata; original Flickr source linked,COCO photograph 192670; original title not supplied,bounding-box crop; per-image original license retained,http://images.cocodataset.org/val2017/000000192670.jpg,78166d1775deaa41e93780921bccec43c99a293626f44eb19c41fe56bd12925e,66d1fe32a2a98e22aa2eb03162f0f905ba1270354337c2c3a9b15ffc47e31485,not specified by COCO image metadata; not claimed Atyrau,2013-11-19 19:15:08
1772462,474164,474164,not_available_still_image,car,3,processed/crops/1772462.png,raw/images/000000474164.jpg,28.44,378.62,93.42,49.47,633,640,0,2,Attribution-NonCommercial License,http://creativecommons.org/licenses/by-nc/2.0/,http://farm9.staticflickr.com/8027/7647651540_90f79ef771_z.jpg,https://www.flickr.com/photo.gne?id=7647651540,not supplied in COCO metadata; original Flickr source linked,COCO photograph 474164; original title not supplied,bounding-box crop; per-image original license retained,http://images.cocodataset.org/val2017/000000474164.jpg,c1ac8270b67fc383f20fd7ca99786dac0267445f78d3f3e72f980b5e33e4a638,257c797b02cfd77d6eac81b731669d0c972f9d55191fd73d3e52eed0ff63c114,not specified by COCO image metadata; not claimed Atyrau,2013-11-17 13:56:28
1772733,499181,499181,not_available_still_image,car,3,processed/crops/1772733.png,raw/images/000000499181.jpg,19.86,390.17,175.14,89.19,640,480,0,2,Attribution-NonCommercial License,http://creativecommons.org/licenses/by-nc/2.0/,http://farm1.staticflickr.com/117/307382050_53dc21e48a_z.jpg,https://www.flickr.com/photo.gne?id=307382050,not supplied in COCO metadata; original Flickr source linked,COCO photograph 499181; original title not supplied,bounding-box crop; per-image original license retained,http://images.cocodataset.org/val2017/000000499181.jpg,2b4d8a5404d27eca2b0e3a3d79e2a7129485ba5af33b0f209dcfac06458dfb26,219a43aa742b5df738ac1fe3e04d7e0a83ed8fd22ee2462c6710477a72afa39c,not specified by COCO image metadata; not claimed Atyrau,2013-11-17 03:01:05
1772825,169169,169169,not_available_still_image,car,3,processed/crops/1772825.png,raw/images/000000169169.jpg,393.09,364.77,92.91,43.27,640,480,0,1,Attribution-NonCommercial-ShareAlike License,http://creativecommons.org/licenses/by-nc-sa/2.0/,http://farm4.staticflickr.com/3123/2582354813_e9054155e1_z.jpg,https://www.flickr.com/photo.gne?id=2582354813,not supplied in COCO metadata; original Flickr source linked,COCO photograph 169169; original title not supplied,bounding-box crop; per-image original license retained,http://images.cocodataset.org/val2017/000000169169.jpg,d267375dc1802876eeafb14a9da413bf1f2f9bd802a1645ebbf3c58a41520cf5,3836a536f18fd7ace2e629706478a600ebeea0ba15263faa23d05b4bda147a23,not specified by COCO image metadata; not claimed Atyrau,2013-11-17 06:05:30
1772957,84170,84170,not_available_still_image,car,3,processed/crops/1772957.png,raw/images/000000084170.jpg,0.73,244.53,45.11,44.06,640,480,0,4,Attribution License,http://creativecommons.org/licenses/by/2.0/,http://farm9.staticflickr.com/8190/8134254727_0b28cabe93_z.jpg,https://www.flickr.com/photo.gne?id=8134254727,not supplied in COCO metadata; original Flickr source linked,COCO photograph 84170; original title not supplied,bounding-box crop; per-image original license retained,http://images.cocodataset.org/val2017/000000084170.jpg,74de1d85ded730e719dbf35407dc4160976d9da86f2b310f8df6bb388586afa3,4b59409176976d79449e4f5cade73154a6e1f9d8116f1e804033e6ad8b64b5fa,not specified by COCO image metadata; not claimed Atyrau,2013-11-17 00:36:46
1773132,67616,67616,not_available_still_image,car,3,processed/crops/1773132.png,raw/images/000000067616.jpg,526.15,359.63,62.01,65.79,640,480,0,1,Attribution-NonCommercial-ShareAlike License,http://creativecommons.org/licenses/by-nc-sa/2.0/,http://farm8.staticflickr.com/7214/6861986830_34473988c3_z.jpg,https://www.flickr.com/photo.gne?id=6861986830,not supplied in COCO metadata; original Flickr source linked,COCO photograph 67616; original title not supplied,bounding-box crop; per-image original license retained,http://images.cocodataset.org/val2017/000000067616.jpg,824b722f5251918066fa4e2689167145918aa77cb8094a9fb2f2d70fd85d1ca1,670b80ca548dd9898ad2c504d8ace05edf452b61c220c2f02087e4f9f62d0da3,not specified by COCO image metadata; not claimed Atyrau,2013-11-17 10:24:45
1773139,438017,438017,not_available_still_image,car,3,processed/crops/1773139.png,raw/images/000000438017.jpg,76.8,408.09,43.67,96.38,480,640,0,1,Attribution-NonCommercial-ShareAlike License,http://creativecommons.org/licenses/by-nc-sa/2.0/,http://farm2.staticflickr.com/1005/1185058195_2f11d46b69_z.jpg,https://www.flickr.com/photo.gne?id=1185058195,not supplied in COCO metadata; original Flickr source linked,COCO photograph 438017; original title not supplied,bounding-box crop; per-image original license retained,http://images.cocodataset.org/val2017/000000438017.jpg,fdc7f44727b7ebd7a606b0483544ef7e70c8804c36bd57a720814c43a633025c,a1c0f5d2a1149621e4b840d97a833765b814e41de10b259ca15b559570633722,not specified by COCO image metadata; not claimed Atyrau,2013-11-16 15:11:22
1773524,458325,458325,not_available_still_image,car,3,processed/crops/1773524.png,raw/images/000000458325.jpg,0.0,165.97,189.95,166.38,640,427,0,2,Attribution-NonCommercial License,http://creativecommons.org/licenses/by-nc/2.0/,http://farm6.staticflickr.com/5212/5538497259_2607f56ee5_z.jpg,https://www.flickr.com/photo.gne?id=5538497259,not supplied in COCO metadata; original Flickr source linked,COCO photograph 458325; original title not supplied,bounding-box crop; per-image original license retained,http://images.cocodataset.org/val2017/000000458325.jpg,cc9d8a2d6fdd06220bb2e63d0e41b13cddd7a83758c74b2aa0161e56c8aa18a9,11152a70f51c7e22862bf4b995dbcde8008e2d3649ea54cc52a20f10478f65e7,not specified by COCO image metadata; not claimed Atyrau,2013-11-20 04:26:27
1773764,274411,274411,not_available_still_image,car,3,processed/crops/1773764.png,raw/images/000000274411.jpg,314.8,231.7,111.2,76.92,426,640,0,2,Attribution-NonCommercial License,http://creativecommons.org/licenses/by-nc/2.0/,http://farm8.staticflickr.com/7209/6777238732_318a005486_z.jpg,https://www.flickr.com/photo.gne?id=6777238732,not supplied in COCO metadata; original Flickr source linked,COCO photograph 274411; original title not supplied,bounding-box crop; per-image original license retained,http://images.cocodataset.org/val2017/000000274411.jpg,35d973039e8d5c69e56c5ae70484a41026c473796b5bbaddbff5ab969079bd2b,48abb39238dc777ba0d218c868d9f0ae024c42eb542922b7c1f1ad6047696e36,not specified by COCO image metadata; not claimed Atyrau,2013-11-21 03:42:43
1773942,89556,89556,not_available_still_image,car,3,processed/crops/1773942.png,raw/images/000000089556.jpg,1.13,166.02,295.91,220.24,640,480,0,4,Attribution License,http://creativecommons.org/licenses/by/2.0/,http://farm7.staticflickr.com/6093/6210323230_57fab50c4b_z.jpg,https://www.flickr.com/photo.gne?id=6210323230,not supplied in COCO metadata; original Flickr source linked,COCO photograph 89556; original title not supplied,bounding-box crop; per-image original license retained,http://images.cocodataset.org/val2017/000000089556.jpg,b78eb0eb1250b86210658687ff5063428e0cbff2858d4e07d8dee107ae1964f8,c155b9bdee3915515a806b6735057515d95e658ef58becf10fd1abc24205fd07,not specified by COCO image metadata; not claimed Atyrau,2013-11-15 05:44:24
1774296,111036,111036,not_available_still_image,car,3,processed/crops/1774296.png,raw/images/000000111036.jpg,251.48,3.01,173.18,138.54,425,640,0,5,Attribution-ShareAlike License,http://creativecommons.org/licenses/by-sa/2.0/,http://farm5.staticflickr.com/4064/4219975527_b359d71fb0_z.jpg,https://www.flickr.com/photo.gne?id=4219975527,not supplied in COCO metadata; original Flickr source linked,COCO photograph 111036; original title not supplied,bounding-box crop; per-image original license retained,http://images.cocodataset.org/val2017/000000111036.jpg,24635e2814536e1c2727643e34ef1793791c99bbfb598a1b6d36cec47fd0235f,4c310609fc359db5e7342cda6d7ed3a18b68b8f187910a359e95f4d35ddffcaa,not specified by COCO image metadata; not claimed Atyrau,2013-11-24 10:30:03
1774602,25393,25393,not_available_still_image,car,3,processed/crops/1774602.png,raw/images/000000025393.jpg,19.79,198.03,49.92,42.21,640,480,0,1,Attribution-NonCommercial-ShareAlike License,http://creativecommons.org/licenses/by-nc-sa/2.0/,http://farm5.staticflickr.com/4096/4769380526_a9d91a974d_z.jpg,https://www.flickr.com/photo.gne?id=4769380526,not supplied in COCO metadata; original Flickr source linked,COCO photograph 25393; original title not supplied,bounding-box crop; per-image original license retained,http://images.cocodataset.org/val2017/000000025393.jpg,677e993476aed8ceca9bd9b8edbeb3c8874ed19488c9050cb8b55057a5f1547a,e424a4f7d4b50b719c9c7085517f4dc345149112fe40fab745e9df61b0a9101a,not specified by COCO image metadata; not claimed Atyrau,2013-11-18 04:06:26
1774970,373353,373353,not_available_still_image,car,3,processed/crops/1774970.png,raw/images/000000373353.jpg,0.0,297.65,102.19,88.61,640,428,0,1,Attribution-NonCommercial-ShareAlike License,http://creativecommons.org/licenses/by-nc-sa/2.0/,http://farm9.staticflickr.com/8247/8508114297_56b58153d6_z.jpg,https://www.flickr.com/photo.gne?id=8508114297,not supplied in COCO metadata; original Flickr source linked,COCO photograph 373353; original title not supplied,bounding-box crop; per-image original license retained,http://images.cocodataset.org/val2017/000000373353.jpg,bc8f393230d375ddce63522d13740ccac6419e646560c97695a12ea3cee0e6fa,952e3a8002f95d5f084321881cccda4591cb35ab4e72b194004414da8c14baa4,not specified by COCO image metadata; not claimed Atyrau,2013-11-16 23:15:48
1775151,100624,100624,not_available_still_image,car,3,processed/crops/1775151.png,raw/images/000000100624.jpg,0.0,252.4,54.69,163.64,640,427,0,4,Attribution License,http://creativecommons.org/licenses/by/2.0/,http://farm3.staticflickr.com/2035/1874994806_da5fee8f5a_z.jpg,https://www.flickr.com/photo.gne?id=1874994806,not supplied in COCO metadata; original Flickr source linked,COCO photograph 100624; original title not supplied,bounding-box crop; per-image original license retained,http://images.cocodataset.org/val2017/000000100624.jpg,853ddfac5c8827aa25601a84670c8b162830421f9759ef0e21f9be980aa1ae98,20a2e296a4f367e73b40ec7b8e038d9666f9a8380f55319790bc9dd719530eca,not specified by COCO image metadata; not claimed Atyrau,2013-11-24 09:09:26
1775442,490936,490936,not_available_still_image,car,3,processed/crops/1775442.png,raw/images/000000490936.jpg,376.74,81.29,75.11,86.79,480,640,0,1,Attribution-NonCommercial-ShareAlike License,http://creativecommons.org/licenses/by-nc-sa/2.0/,http://farm8.staticflickr.com/7321/8725879741_7a306fb719_z.jpg,https://www.flickr.com/photo.gne?id=8725879741,not supplied in COCO metadata; original Flickr source linked,COCO photograph 490936; original title not supplied,bounding-box crop; per-image original license retained,http://images.cocodataset.org/val2017/000000490936.jpg,ab2e6b0fcc639f29dabdb581a3cd311b9c5490b9abb894d66132abea7070829e,64da5aa4a5fa36b82510facc8ad6f3a3f4bade1923c584e7225cfdb7526f1607,not specified by COCO image metadata; not claimed Atyrau,2013-11-15 17:49:58
1775620,350148,350148,not_available_still_image,car,3,processed/crops/1775620.png,raw/images/000000350148.jpg,0.0,112.94,83.31,111.58,480,640,0,4,Attribution License,http://creativecommons.org/licenses/by/2.0/,http://farm4.staticflickr.com/3434/3275441569_eee9434daf_z.jpg,https://www.flickr.com/photo.gne?id=3275441569,not supplied in COCO metadata; original Flickr source linked,COCO photograph 350148; original title not supplied,bounding-box crop; per-image original license retained,http://images.cocodataset.org/val2017/000000350148.jpg,887b3caf92b74588d54005ebdf8dfbf925af064c64fb0c6ca64549b121684b46,714b2a25a80d84d4be5429653a2322272c47144498465bd5aaf0dacca86f0f0d,not specified by COCO image metadata; not claimed Atyrau,2013-11-20 01:38:20
1775733,458325,458325,not_available_still_image,car,3,processed/crops/1775733.png,raw/images/000000458325.jpg,4.02,211.99,130.61,182.86,640,427,0,2,Attribution-NonCommercial License,http://creativecommons.org/licenses/by-nc/2.0/,http://farm6.staticflickr.com/5212/5538497259_2607f56ee5_z.jpg,https://www.flickr.com/photo.gne?id=5538497259,not supplied in COCO metadata; original Flickr source linked,COCO photograph 458325; original title not supplied,bounding-box crop; per-image original license retained,http://images.cocodataset.org/val2017/000000458325.jpg,cc9d8a2d6fdd06220bb2e63d0e41b13cddd7a83758c74b2aa0161e56c8aa18a9,ad740f9c273149302179fb72861ae937464baddfcdd1140fc1a1fd920c550744,not specified by COCO image metadata; not claimed Atyrau,2013-11-20 04:26:27
1775739,278848,278848,not_available_still_image,car,3,processed/crops/1775739.png,raw/images/000000278848.jpg,436.65,352.76,42.38,41.52,480,640,0,1,Attribution-NonCommercial-ShareAlike License,http://creativecommons.org/licenses/by-nc-sa/2.0/,http://farm5.staticflickr.com/4130/5202284149_e1b057697c_z.jpg,https://www.flickr.com/photo.gne?id=5202284149,not supplied in COCO metadata; original Flickr source linked,COCO photograph 278848; original title not supplied,bounding-box crop; per-image original license retained,http://images.cocodataset.org/val2017/000000278848.jpg,a306321447aa9c6ade4dc28a173f2cba38e1decee4941c89f0749b17fe24fed0,1e3c7b72719b341ab4837face9c0b6786779fdbc47b55f2c2ce520b5766c50f7,not specified by COCO image metadata; not claimed Atyrau,2013-11-16 15:41:51
1776087,261982,261982,not_available_still_image,car,3,processed/crops/1776087.png,raw/images/000000261982.jpg,357.69,110.26,99.31,90.43,457,640,0,5,Attribution-ShareAlike License,http://creativecommons.org/licenses/by-sa/2.0/,http://farm3.staticflickr.com/2275/2532435475_b4ed8b2efb_z.jpg,https://www.flickr.com/photo.gne?id=2532435475,not supplied in COCO metadata; original Flickr source linked,COCO photograph 261982; original title not supplied,bounding-box crop; per-image original license retained,http://images.cocodataset.org/val2017/000000261982.jpg,a89dbf1e93c72e44335247a7f31a93e274c8d065e0b78210068f99feb216299a,83b6c4589248651011ab8aa844ef4d126e6f6189180e6e04c056effabf9221c5,not specified by COCO image metadata; not claimed Atyrau,2013-11-19 23:18:55
1776382,499181,499181,not_available_still_image,car,3,processed/crops/1776382.png,raw/images/000000499181.jpg,0.0,274.68,71.95,40.2,640,480,0,2,Attribution-NonCommercial License,http://creativecommons.org/licenses/by-nc/2.0/,http://farm1.staticflickr.com/117/307382050_53dc21e48a_z.jpg,https://www.flickr.com/photo.gne?id=307382050,not supplied in COCO metadata; original Flickr source linked,COCO photograph 499181; original title not supplied,bounding-box crop; per-image original license retained,http://images.cocodataset.org/val2017/000000499181.jpg,2b4d8a5404d27eca2b0e3a3d79e2a7129485ba5af33b0f209dcfac06458dfb26,e3fe97a2d6c81bacef51a132eba80ebb30c0ff5a451a86339e5496878aa584a5,not specified by COCO image metadata; not claimed Atyrau,2013-11-17 03:01:05
1776660,157365,157365,not_available_still_image,car,3,processed/crops/1776660.png,raw/images/000000157365.jpg,354.71,114.44,72.29,122.27,427,640,0,1,Attribution-NonCommercial-ShareAlike License,http://creativecommons.org/licenses/by-nc-sa/2.0/,http://farm8.staticflickr.com/7088/7395470824_97083f76e6_z.jpg,https://www.flickr.com/photo.gne?id=7395470824,not supplied in COCO metadata; original Flickr source linked,COCO photograph 157365; original title not supplied,bounding-box crop; per-image original license retained,http://images.cocodataset.org/val2017/000000157365.jpg,5cbfd4a00bec8586b5528c968a62d109e028a7ce99cd843b4862313e52934b43,7affd659f0010a4b1e8f923602d1bdb56bb4f9cd01117eaac40bb4715da9654b,not specified by COCO image metadata; not claimed Atyrau,2013-11-20 01:04:19
1776832,196141,196141,not_available_still_image,car,3,processed/crops/1776832.png,raw/images/000000196141.jpg,357.64,81.62,40.87,41.74,640,429,0,1,Attribution-NonCommercial-ShareAlike License,http://creativecommons.org/licenses/by-nc-sa/2.0/,http://farm4.staticflickr.com/3310/3611902235_57d4ae496d_z.jpg,https://www.flickr.com/photo.gne?id=3611902235,not supplied in COCO metadata; original Flickr source linked,COCO photograph 196141; original title not supplied,bounding-box crop; per-image original license retained,http://images.cocodataset.org/val2017/000000196141.jpg,8e66c7dd60fe81fb0eae99314eb5e6c191e53f739760fa36ae7ba56f10115814,9a39c60bb95a4642170cbd1b17bb5e19af33520741476db78bdae6fdf24ae91e,not specified by COCO image metadata; not claimed Atyrau,2013-11-22 22:37:15
1776944,394510,394510,not_available_still_image,car,3,processed/crops/1776944.png,raw/images/000000394510.jpg,407.24,0.0,232.76,120.76,640,480,0,1,Attribution-NonCommercial-ShareAlike License,http://creativecommons.org/licenses/by-nc-sa/2.0/,http://farm4.staticflickr.com/3195/2948181016_7cbbeeafab_z.jpg,https://www.flickr.com/photo.gne?id=2948181016,not supplied in COCO metadata; original Flickr source linked,COCO photograph 394510; original title not supplied,bounding-box crop; per-image original license retained,http://images.cocodataset.org/val2017/000000394510.jpg,6ea16e5b77365fccc9a12ce7e5f9eb3182c580cefc7ee0a5cb29238d24106349,9b5ee8be9c567b02ffe80cd32ed477e0e658eb5edbbe6555260d880daaf9f1d4,not specified by COCO image metadata; not claimed Atyrau,2013-11-20 10:32:57
1777111,54967,54967,not_available_still_image,car,3,processed/crops/1777111.png,raw/images/000000054967.jpg,212.23,433.53,54.78,42.23,424,640,0,1,Attribution-NonCommercial-ShareAlike License,http://creativecommons.org/licenses/by-nc-sa/2.0/,http://farm4.staticflickr.com/3321/3503949430_833382b3e5_z.jpg,https://www.flickr.com/photo.gne?id=3503949430,not supplied in COCO metadata; original Flickr source linked,COCO photograph 54967; original title not supplied,bounding-box crop; per-image original license retained,http://images.cocodataset.org/val2017/000000054967.jpg,d40210c4e2241a0ac4de79f4cdc7a6c859dafb1b2b18469146f992c714fe9b2d,43b17097198a93e2fc741904843d504ce7bee05da964c541383e05c483f05877,not specified by COCO image metadata; not claimed Atyrau,2013-11-17 00:22:02
1777546,121506,121506,not_available_still_image,car,3,processed/crops/1777546.png,raw/images/000000121506.jpg,407.68,259.56,120.34,42.62,612,612,0,4,Attribution License,http://creativecommons.org/licenses/by/2.0/,http://farm8.staticflickr.com/7116/7721233008_99b07f96b1_z.jpg,https://www.flickr.com/photo.gne?id=7721233008,not supplied in COCO metadata; original Flickr source linked,COCO photograph 121506; original title not supplied,bounding-box crop; per-image original license retained,http://images.cocodataset.org/val2017/000000121506.jpg,c343589eeba3701c2e6bc2b7f7f6c65eaaf9b2d998fd0402b90d82bdc69a0325,6d5373d6e7c29d3e3fda09b8a0465d5204852c38295cc519c1005f2e608fa95e,not specified by COCO image metadata; not claimed Atyrau,2013-11-18 09:39:55
1777662,499181,499181,not_available_still_image,car,3,processed/crops/1777662.png,raw/images/000000499181.jpg,491.85,235.85,93.08,43.28,640,480,0,2,Attribution-NonCommercial License,http://creativecommons.org/licenses/by-nc/2.0/,http://farm1.staticflickr.com/117/307382050_53dc21e48a_z.jpg,https://www.flickr.com/photo.gne?id=307382050,not supplied in COCO metadata; original Flickr source linked,COCO photograph 499181; original title not supplied,bounding-box crop; per-image original license retained,http://images.cocodataset.org/val2017/000000499181.jpg,2b4d8a5404d27eca2b0e3a3d79e2a7129485ba5af33b0f209dcfac06458dfb26,93c6fa19404c504e06ee2fbfa572b264224f22d001a2fe82162446f6d182ff66,not specified by COCO image metadata; not claimed Atyrau,2013-11-17 03:01:05
1779023,210273,210273,not_available_still_image,car,3,processed/crops/1779023.png,raw/images/000000210273.jpg,318.84,309.08,74.59,62.36,640,428,0,4,Attribution License,http://creativecommons.org/licenses/by/2.0/,http://farm6.staticflickr.com/5163/5336041838_1a09008014_z.jpg,https://www.flickr.com/photo.gne?id=5336041838,not supplied in COCO metadata; original Flickr source linked,COCO photograph 210273; original title not supplied,bounding-box crop; per-image original license retained,http://images.cocodataset.org/val2017/000000210273.jpg,3ec23de63592c1eef86740fd46fed2cb66170fca02b695d37e6ae379dcee4355,0006e45387b3f96630bf6ee43903b419bb48e6aab295d7b2b6f321630da3af39,not specified by COCO image metadata; not claimed Atyrau,2013-11-15 09:01:55
1779270,225532,225532,not_available_still_image,car,3,processed/crops/1779270.png,raw/images/000000225532.jpg,368.55,220.61,131.45,130.48,500,375,0,5,Attribution-ShareAlike License,http://creativecommons.org/licenses/by-sa/2.0/,http://farm3.staticflickr.com/2257/2299155495_0caaf58c5d_z.jpg,https://www.flickr.com/photo.gne?id=2299155495,not supplied in COCO metadata; original Flickr source linked,COCO photograph 225532; original title not supplied,bounding-box crop; per-image original license retained,http://images.cocodataset.org/val2017/000000225532.jpg,5a07bffd50042e13421fbdb48eb2e89badb941fa1c27ba20a2f9c9f69b5f35db,789ea6b4d6d31d046ec1fe9a2d9c1bef9c5d52472743e622607cf3da1a939332,not specified by COCO image metadata; not claimed Atyrau,2013-11-17 06:24:35
1779505,210273,210273,not_available_still_image,car,3,processed/crops/1779505.png,raw/images/000000210273.jpg,307.13,227.09,66.51,45.7,640,428,0,4,Attribution License,http://creativecommons.org/licenses/by/2.0/,http://farm6.staticflickr.com/5163/5336041838_1a09008014_z.jpg,https://www.flickr.com/photo.gne?id=5336041838,not supplied in COCO metadata; original Flickr source linked,COCO photograph 210273; original title not supplied,bounding-box crop; per-image original license retained,http://images.cocodataset.org/val2017/000000210273.jpg,3ec23de63592c1eef86740fd46fed2cb66170fca02b695d37e6ae379dcee4355,f47ad7595e34e01925a7334393780d58ece1b31f231685f3a7d1c17abeea98cb,not specified by COCO image metadata; not claimed Atyrau,2013-11-15 09:01:55
1780379,499181,499181,not_available_still_image,car,3,processed/crops/1780379.png,raw/images/000000499181.jpg,573.13,277.74,66.87,82.74,640,480,0,2,Attribution-NonCommercial License,http://creativecommons.org/licenses/by-nc/2.0/,http://farm1.staticflickr.com/117/307382050_53dc21e48a_z.jpg,https://www.flickr.com/photo.gne?id=307382050,not supplied in COCO metadata; original Flickr source linked,COCO photograph 499181; original title not supplied,bounding-box crop; per-image original license retained,http://images.cocodataset.org/val2017/000000499181.jpg,2b4d8a5404d27eca2b0e3a3d79e2a7129485ba5af33b0f209dcfac06458dfb26,db975d56db72f61e25a0ce6543b9cd7a60add284df8363f5f519f0ec6d9ad6c3,not specified by COCO image metadata; not claimed Atyrau,2013-11-17 03:01:05
1780752,384468,384468,not_available_still_image,car,3,processed/crops/1780752.png,raw/images/000000384468.jpg,0.0,262.97,91.75,107.21,640,480,0,1,Attribution-NonCommercial-ShareAlike License,http://creativecommons.org/licenses/by-nc-sa/2.0/,http://farm9.staticflickr.com/8199/8214226078_aa7d2ef265_z.jpg,https://www.flickr.com/photo.gne?id=8214226078,not supplied in COCO metadata; original Flickr source linked,COCO photograph 384468; original title not supplied,bounding-box crop; per-image original license retained,http://images.cocodataset.org/val2017/000000384468.jpg,48bd9dc34673e87bc289a035bd0cd2fcf91c02b3db5ce349445af0ad09f4596b,526d8dff1ed0a81415b2b54840fbd2f8d146e68cb8eac5ab2810e813b500f21c,not specified by COCO image metadata; not claimed Atyrau,2013-11-18 05:05:20
1781630,373353,373353,not_available_still_image,car,3,processed/crops/1781630.png,raw/images/000000373353.jpg,557.72,315.52,64.88,57.42,640,428,0,1,Attribution-NonCommercial-ShareAlike License,http://creativecommons.org/licenses/by-nc-sa/2.0/,http://farm9.staticflickr.com/8247/8508114297_56b58153d6_z.jpg,https://www.flickr.com/photo.gne?id=8508114297,not supplied in COCO metadata; original Flickr source linked,COCO photograph 373353; original title not supplied,bounding-box crop; per-image original license retained,http://images.cocodataset.org/val2017/000000373353.jpg,bc8f393230d375ddce63522d13740ccac6419e646560c97695a12ea3cee0e6fa,78f78977aa7c8c995d511a63ed76dab5852b9c2f4567b7b6aaf309491e640043,not specified by COCO image metadata; not claimed Atyrau,2013-11-16 23:15:48
1781686,458325,458325,not_available_still_image,car,3,processed/crops/1781686.png,raw/images/000000458325.jpg,408.48,189.1,72.24,85.52,640,427,0,2,Attribution-NonCommercial License,http://creativecommons.org/licenses/by-nc/2.0/,http://farm6.staticflickr.com/5212/5538497259_2607f56ee5_z.jpg,https://www.flickr.com/photo.gne?id=5538497259,not supplied in COCO metadata; original Flickr source linked,COCO photograph 458325; original title not supplied,bounding-box crop; per-image original license retained,http://images.cocodataset.org/val2017/000000458325.jpg,cc9d8a2d6fdd06220bb2e63d0e41b13cddd7a83758c74b2aa0161e56c8aa18a9,8adbcb86fb00640df1a9aa9ef5c41cc67c5fdcf8a44baa91ecfdb896c4ccdaee,not specified by COCO image metadata; not claimed Atyrau,2013-11-20 04:26:27
1782852,39484,39484,not_available_still_image,car,3,processed/crops/1782852.png,raw/images/000000039484.jpg,208.62,330.8,66.53,46.13,640,437,0,1,Attribution-NonCommercial-ShareAlike License,http://creativecommons.org/licenses/by-nc-sa/2.0/,http://farm1.staticflickr.com/157/433085755_cb9d22dd8b_z.jpg,https://www.flickr.com/photo.gne?id=433085755,not supplied in COCO metadata; original Flickr source linked,COCO photograph 39484; original title not supplied,bounding-box crop; per-image original license retained,http://images.cocodataset.org/val2017/000000039484.jpg,dd5ee58026d819fb399dff4339efd842c936746c404abda74ad42cc2a499bc5b,41d7d483f70aa47c17b89c63f28048b07f135286aa149c8f04a85f56a262b2a4,not specified by COCO image metadata; not claimed Atyrau,2013-11-17 00:11:51
1783302,458325,458325,not_available_still_image,car,3,processed/crops/1783302.png,raw/images/000000458325.jpg,356.73,196.32,67.8,60.3,640,427,0,2,Attribution-NonCommercial License,http://creativecommons.org/licenses/by-nc/2.0/,http://farm6.staticflickr.com/5212/5538497259_2607f56ee5_z.jpg,https://www.flickr.com/photo.gne?id=5538497259,not supplied in COCO metadata; original Flickr source linked,COCO photograph 458325; original title not supplied,bounding-box crop; per-image original license retained,http://images.cocodataset.org/val2017/000000458325.jpg,cc9d8a2d6fdd06220bb2e63d0e41b13cddd7a83758c74b2aa0161e56c8aa18a9,355b07e06a0a995ce35eaebf20f86185ba1758195acc24a567bce4215ddffeb5,not specified by COCO image metadata; not claimed Atyrau,2013-11-20 04:26:27
1783850,426372,426372,not_available_still_image,car,3,processed/crops/1783850.png,raw/images/000000426372.jpg,261.22,139.65,122.58,90.43,640,427,0,2,Attribution-NonCommercial License,http://creativecommons.org/licenses/by-nc/2.0/,http://farm9.staticflickr.com/8120/8601665941_922d321a47_z.jpg,https://www.flickr.com/photo.gne?id=8601665941,not supplied in COCO metadata; original Flickr source linked,COCO photograph 426372; original title not supplied,bounding-box crop; per-image original license retained,http://images.cocodataset.org/val2017/000000426372.jpg,2008ffc31ea397b00e132ab370a273a61ac65d00d7ad76789fb43ef404f88ca5,b6900cde76896e89bd970b8036827c3f7dc4602a81b75ea329d48c7d3712b2d0,not specified by COCO image metadata; not claimed Atyrau,2013-11-17 18:31:03
1784835,126592,126592,not_available_still_image,car,3,processed/crops/1784835.png,raw/images/000000126592.jpg,384.44,248.87,110.37,42.65,640,433,0,1,Attribution-NonCommercial-ShareAlike License,http://creativecommons.org/licenses/by-nc-sa/2.0/,http://farm4.staticflickr.com/3021/2959230829_f12773e057_z.jpg,https://www.flickr.com/photo.gne?id=2959230829,not supplied in COCO metadata; original Flickr source linked,COCO photograph 126592; original title not supplied,bounding-box crop; per-image original license retained,http://images.cocodataset.org/val2017/000000126592.jpg,69e4bfc82b8c7c258b1eec413754609583c42488e47af994ba561c77ba5f6a0c,e5b58f9f42bc6e64b9ade1f97d49befb1e31fa7334d2cad64b3855e1c37459db,not specified by COCO image metadata; not claimed Atyrau,2013-11-17 09:30:49
1785100,458325,458325,not_available_still_image,car,3,processed/crops/1785100.png,raw/images/000000458325.jpg,120.25,163.86,46.95,48.93,640,427,0,2,Attribution-NonCommercial License,http://creativecommons.org/licenses/by-nc/2.0/,http://farm6.staticflickr.com/5212/5538497259_2607f56ee5_z.jpg,https://www.flickr.com/photo.gne?id=5538497259,not supplied in COCO metadata; original Flickr source linked,COCO photograph 458325; original title not supplied,bounding-box crop; per-image original license retained,http://images.cocodataset.org/val2017/000000458325.jpg,cc9d8a2d6fdd06220bb2e63d0e41b13cddd7a83758c74b2aa0161e56c8aa18a9,779bd5a24e14d7937995df93c67ae3110f5efa463c25692f21dadc626204c5aa,not specified by COCO image metadata; not claimed Atyrau,2013-11-20 04:26:27
1785347,309391,309391,not_available_still_image,car,3,processed/crops/1785347.png,raw/images/000000309391.jpg,257.0,236.0,68.5,52.5,640,384,0,4,Attribution License,http://creativecommons.org/licenses/by/2.0/,http://farm6.staticflickr.com/5246/5329327710_92169d73d4_z.jpg,https://www.flickr.com/photo.gne?id=5329327710,not supplied in COCO metadata; original Flickr source linked,COCO photograph 309391; original title not supplied,bounding-box crop; per-image original license retained,http://images.cocodataset.org/val2017/000000309391.jpg,8ed212a0ffcf1b3d5f1fb307839030fb41aed1ff7488845a3bed02e386474082,79aabf4c70b4b51393239933b075c7f145b7d1d126540ace09be57b711394f82,not specified by COCO image metadata; not claimed Atyrau,2013-11-15 04:38:50
1789041,373353,373353,not_available_still_image,car,3,processed/crops/1789041.png,raw/images/000000373353.jpg,514.83,314.71,58.06,46.45,640,428,0,1,Attribution-NonCommercial-ShareAlike License,http://creativecommons.org/licenses/by-nc-sa/2.0/,http://farm9.staticflickr.com/8247/8508114297_56b58153d6_z.jpg,https://www.flickr.com/photo.gne?id=8508114297,not supplied in COCO metadata; original Flickr source linked,COCO photograph 373353; original title not supplied,bounding-box crop; per-image original license retained,http://images.cocodataset.org/val2017/000000373353.jpg,bc8f393230d375ddce63522d13740ccac6419e646560c97695a12ea3cee0e6fa,f8d7380156a08c5737e0f6c0ad037609b43813c0de6f77968dc1121e6e5c3cbe,not specified by COCO image metadata; not claimed Atyrau,2013-11-16 23:15:48
1789226,373353,373353,not_available_still_image,car,3,processed/crops/1789226.png,raw/images/000000373353.jpg,92.97,294.85,60.28,67.61,640,428,0,1,Attribution-NonCommercial-ShareAlike License,http://creativecommons.org/licenses/by-nc-sa/2.0/,http://farm9.staticflickr.com/8247/8508114297_56b58153d6_z.jpg,https://www.flickr.com/photo.gne?id=8508114297,not supplied in COCO metadata; original Flickr source linked,COCO photograph 373353; original title not supplied,bounding-box crop; per-image original license retained,http://images.cocodataset.org/val2017/000000373353.jpg,bc8f393230d375ddce63522d13740ccac6419e646560c97695a12ea3cee0e6fa,76d801d9a3876015102f2abc5da93ad5b1002064613ed5e5329dcc9992caf58f,not specified by COCO image metadata; not claimed Atyrau,2013-11-16 23:15:48
1789465,373353,373353,not_available_still_image,car,3,processed/crops/1789465.png,raw/images/000000373353.jpg,271.29,313.04,103.16,76.79,640,428,0,1,Attribution-NonCommercial-ShareAlike License,http://creativecommons.org/licenses/by-nc-sa/2.0/,http://farm9.staticflickr.com/8247/8508114297_56b58153d6_z.jpg,https://www.flickr.com/photo.gne?id=8508114297,not supplied in COCO metadata; original Flickr source linked,COCO photograph 373353; original title not supplied,bounding-box crop; per-image original license retained,http://images.cocodataset.org/val2017/000000373353.jpg,bc8f393230d375ddce63522d13740ccac6419e646560c97695a12ea3cee0e6fa,aa9e8644aeba4fa8f8f0fce0ad6a6934a21539fd2ad8e7ceec3fa7aa8ea18f54,not specified by COCO image metadata; not claimed Atyrau,2013-11-16 23:15:48
1789505,373353,373353,not_available_still_image,car,3,processed/crops/1789505.png,raw/images/000000373353.jpg,495.39,307.75,41.28,43.7,640,428,0,1,Attribution-NonCommercial-ShareAlike License,http://creativecommons.org/licenses/by-nc-sa/2.0/,http://farm9.staticflickr.com/8247/8508114297_56b58153d6_z.jpg,https://www.flickr.com/photo.gne?id=8508114297,not supplied in COCO metadata; original Flickr source linked,COCO photograph 373353; original title not supplied,bounding-box crop; per-image original license retained,http://images.cocodataset.org/val2017/000000373353.jpg,bc8f393230d375ddce63522d13740ccac6419e646560c97695a12ea3cee0e6fa,dd4b3a9f50ec7073911872f060e84929a1770fdb6c71811aab0c6f61c693b1e1,not specified by COCO image metadata; not claimed Atyrau,2013-11-16 23:15:48
1794029,452321,452321,not_available_still_image,bus,6,processed/crops/1794029.png,raw/images/000000452321.jpg,172.44,218.52,118.64,75.0,640,480,0,5,Attribution-ShareAlike License,http://creativecommons.org/licenses/by-sa/2.0/,http://farm6.staticflickr.com/5334/9618201274_317408969f_z.jpg,https://www.flickr.com/photo.gne?id=9618201274,not supplied in COCO metadata; original Flickr source linked,COCO photograph 452321; original title not supplied,bounding-box crop; per-image original license retained,http://images.cocodataset.org/val2017/000000452321.jpg,52e7facbcbf94731d50ff073c5a403aa4582a0ed068a48cab75018dda6a044cb,5e12790e1737ef46ef53aaa5bc1356b556692cf31f89d82dc22e54c9780e7923,not specified by COCO image metadata; not claimed Atyrau,2013-11-16 20:25:03
1794201,15440,15440,not_available_still_image,bus,6,processed/crops/1794201.png,raw/images/000000015440.jpg,192.34,182.74,69.91,78.02,404,640,0,2,Attribution-NonCommercial License,http://creativecommons.org/licenses/by-nc/2.0/,http://farm4.staticflickr.com/3261/2870016347_39ffc0ca45_z.jpg,https://www.flickr.com/photo.gne?id=2870016347,not supplied in COCO metadata; original Flickr source linked,COCO photograph 15440; original title not supplied,bounding-box crop; per-image original license retained,http://images.cocodataset.org/val2017/000000015440.jpg,477f0dd9751336fc5e5ef0f7c406506998049de4edae936311a4400c934c8419,7cf699e8df41c88ffc10fa745d2cca13321ed76745ef31e998c1583eef358254,not specified by COCO image metadata; not claimed Atyrau,2013-11-17 09:50:00
1794273,463199,463199,not_available_still_image,bus,6,processed/crops/1794273.png,raw/images/000000463199.jpg,0.0,0.0,640.0,355.56,640,480,0,5,Attribution-ShareAlike License,http://creativecommons.org/licenses/by-sa/2.0/,http://farm2.staticflickr.com/1055/1399822653_c1d0fbc717_z.jpg,https://www.flickr.com/photo.gne?id=1399822653,not supplied in COCO metadata; original Flickr source linked,COCO photograph 463199; original title not supplied,bounding-box crop; per-image original license retained,http://images.cocodataset.org/val2017/000000463199.jpg,eabc38a2ae22262952cc2c406be88cbc61e7d62b33d613ed040778d60064330f,1e7ecbc7c28dae586eaa0c86dd4eaa47ae6f21296d4ff5278475f4f537615607,not specified by COCO image metadata; not claimed Atyrau,2013-11-16 16:45:36
1794633,484404,484404,not_available_still_image,bus,6,processed/crops/1794633.png,raw/images/000000484404.jpg,314.1,203.28,79.9,65.18,640,480,0,4,Attribution License,http://creativecommons.org/licenses/by/2.0/,http://farm9.staticflickr.com/8519/8621095125_f3b1b07192_z.jpg,https://www.flickr.com/photo.gne?id=8621095125,not supplied in COCO metadata; original Flickr source linked,COCO photograph 484404; original title not supplied,bounding-box crop; per-image original license retained,http://images.cocodataset.org/val2017/000000484404.jpg,c61e17a3b972aaa3f9525eeaf181538f544263b1f44e840f05eb892eee2e898e,6c9a5f00f34a0da7d4a53d91be25fc13f518994e1e72575244944d019698a1b2,not specified by COCO image metadata; not claimed Atyrau,2013-11-16 22:55:18
1794932,220732,220732,not_available_still_image,bus,6,processed/crops/1794932.png,raw/images/000000220732.jpg,1.19,170.67,107.85,78.22,640,480,0,2,Attribution-NonCommercial License,http://creativecommons.org/licenses/by-nc/2.0/,http://farm8.staticflickr.com/7278/8150890633_42a81c8e17_z.jpg,https://www.flickr.com/photo.gne?id=8150890633,not supplied in COCO metadata; original Flickr source linked,COCO photograph 220732; original title not supplied,bounding-box crop; per-image original license retained,http://images.cocodataset.org/val2017/000000220732.jpg,81b9254c750f52ebc8fcc5fa421ab8a3ac430db19f541bfb7541adada76a6a30,8c70de13cf0b4cff8baf0c3ea29dbbcf2f9fedb529147442b82e6b9f8dfedb67,not specified by COCO image metadata; not claimed Atyrau,2013-11-17 19:20:15
1795182,144300,144300,not_available_still_image,bus,6,processed/crops/1795182.png,raw/images/000000144300.jpg,0.0,0.0,322.62,234.06,640,427,0,1,Attribution-NonCommercial-ShareAlike License,http://creativecommons.org/licenses/by-nc-sa/2.0/,http://farm6.staticflickr.com/5550/9892048765_eefdf27946_z.jpg,https://www.flickr.com/photo.gne?id=9892048765,not supplied in COCO metadata; original Flickr source linked,COCO photograph 144300; original title not supplied,bounding-box crop; per-image original license retained,http://images.cocodataset.org/val2017/000000144300.jpg,859ad40927fb62779a65eb109b52881641ddf6bbc435aaed2bcac4d4ecc9a9c8,e9727a9f50053bc3b684663b49c544c7a5e53888dfdf300efd5f9baa79fb4963,not specified by COCO image metadata; not claimed Atyrau,2013-11-15 16:13:34
1795205,144300,144300,not_available_still_image,bus,6,processed/crops/1795205.png,raw/images/000000144300.jpg,299.43,50.61,78.02,99.1,640,427,0,1,Attribution-NonCommercial-ShareAlike License,http://creativecommons.org/licenses/by-nc-sa/2.0/,http://farm6.staticflickr.com/5550/9892048765_eefdf27946_z.jpg,https://www.flickr.com/photo.gne?id=9892048765,not supplied in COCO metadata; original Flickr source linked,COCO photograph 144300; original title not supplied,bounding-box crop; per-image original license retained,http://images.cocodataset.org/val2017/000000144300.jpg,859ad40927fb62779a65eb109b52881641ddf6bbc435aaed2bcac4d4ecc9a9c8,6431d427b7eb424faedc800091f98818244bd99130587ab3645e1fca121b2794,not specified by COCO image metadata; not claimed Atyrau,2013-11-15 16:13:34
1795279,144300,144300,not_available_still_image,bus,6,processed/crops/1795279.png,raw/images/000000144300.jpg,356.19,56.55,142.68,115.2,640,427,0,1,Attribution-NonCommercial-ShareAlike License,http://creativecommons.org/licenses/by-nc-sa/2.0/,http://farm6.staticflickr.com/5550/9892048765_eefdf27946_z.jpg,https://www.flickr.com/photo.gne?id=9892048765,not supplied in COCO metadata; original Flickr source linked,COCO photograph 144300; original title not supplied,bounding-box crop; per-image original license retained,http://images.cocodataset.org/val2017/000000144300.jpg,859ad40927fb62779a65eb109b52881641ddf6bbc435aaed2bcac4d4ecc9a9c8,3b95ebba0aac890032aa07b440631a76ec5393112e19047f9a4b9cdbf28f939b,not specified by COCO image metadata; not claimed Atyrau,2013-11-15 16:13:34
1796027,523782,523782,not_available_still_image,truck,8,processed/crops/1796027.png,raw/images/000000523782.jpg,207.92,0.59,432.08,185.35,640,480,0,1,Attribution-NonCommercial-ShareAlike License,http://creativecommons.org/licenses/by-nc-sa/2.0/,http://farm4.staticflickr.com/3298/3440099332_c5b186bf3c_z.jpg,https://www.flickr.com/photo.gne?id=3440099332,not supplied in COCO metadata; original Flickr source linked,COCO photograph 523782; original title not supplied,bounding-box crop; per-image original license retained,http://images.cocodataset.org/val2017/000000523782.jpg,6aa743aa40225ed2d72c71215cb142fd1f19961175e81b856cd0c9d87ad24560,4f493473ff52f2c1457d96d05a6fe2847840ace53ba42b7ab3fde31ce50110fc,not specified by COCO image metadata; not claimed Atyrau,2013-11-17 00:33:12
1796599,290248,290248,not_available_still_image,truck,8,processed/crops/1796599.png,raw/images/000000290248.jpg,2.37,366.22,117.33,105.48,640,480,0,1,Attribution-NonCommercial-ShareAlike License,http://creativecommons.org/licenses/by-nc-sa/2.0/,http://farm4.staticflickr.com/3407/3621132225_ab3c2d7f62_z.jpg,https://www.flickr.com/photo.gne?id=3621132225,not supplied in COCO metadata; original Flickr source linked,COCO photograph 290248; original title not supplied,bounding-box crop; per-image original license retained,http://images.cocodataset.org/val2017/000000290248.jpg,41f023e930039ac0be9173952f0942cf96be532cc5500f53a8bec2e9ef86bcd8,bc91caaf9ad24efea3bf3130b20753529c07be5a685c57083d370565d61d982f,not specified by COCO image metadata; not claimed Atyrau,2013-11-17 05:21:04
1796674,76417,76417,not_available_still_image,truck,8,processed/crops/1796674.png,raw/images/000000076417.jpg,185.3,154.61,454.7,317.49,640,478,0,1,Attribution-NonCommercial-ShareAlike License,http://creativecommons.org/licenses/by-nc-sa/2.0/,http://farm9.staticflickr.com/8058/8237067692_38007c0051_z.jpg,https://www.flickr.com/photo.gne?id=8237067692,not supplied in COCO metadata; original Flickr source linked,COCO photograph 76417; original title not supplied,bounding-box crop; per-image original license retained,http://images.cocodataset.org/val2017/000000076417.jpg,740a8f0e6c980ad0587bb352a909308782f8c3a7fa3853cc6b06aa2ed1ff4675,a337866e13e5c45a89b4024aa4e10668f0f097b201572b7b662f86529b9802e6,not specified by COCO image metadata; not claimed Atyrau,2013-11-16 18:35:39
1796707,460147,460147,not_available_still_image,truck,8,processed/crops/1796707.png,raw/images/000000460147.jpg,344.86,215.77,74.86,74.09,640,424,0,1,Attribution-NonCommercial-ShareAlike License,http://creativecommons.org/licenses/by-nc-sa/2.0/,http://farm9.staticflickr.com/8457/8053677163_d4c8f416be_z.jpg,https://www.flickr.com/photo.gne?id=8053677163,not supplied in COCO metadata; original Flickr source linked,COCO photograph 460147; original title not supplied,bounding-box crop; per-image original license retained,http://images.cocodataset.org/val2017/000000460147.jpg,b041d8c01473b72e2ea2f909174a4d2e5cdefae9a3d5abd06a9db91755392ad3,a1c18fab9f1a1b7d01af9d398b8110099e9d8bc70c44d88f7d78ea80c1eee2c3,not specified by COCO image metadata; not claimed Atyrau,2013-11-17 19:36:09
1796715,523782,523782,not_available_still_image,truck,8,processed/crops/1796715.png,raw/images/000000523782.jpg,3.56,30.45,636.44,442.08,640,480,0,1,Attribution-NonCommercial-ShareAlike License,http://creativecommons.org/licenses/by-nc-sa/2.0/,http://farm4.staticflickr.com/3298/3440099332_c5b186bf3c_z.jpg,https://www.flickr.com/photo.gne?id=3440099332,not supplied in COCO metadata; original Flickr source linked,COCO photograph 523782; original title not supplied,bounding-box crop; per-image original license retained,http://images.cocodataset.org/val2017/000000523782.jpg,6aa743aa40225ed2d72c71215cb142fd1f19961175e81b856cd0c9d87ad24560,14d02081bea78b63cf50e67efde9b4df078ecbf0b7185318e9d24a91f2a4d6bf,not specified by COCO image metadata; not claimed Atyrau,2013-11-17 00:33:12
1797093,460147,460147,not_available_still_image,truck,8,processed/crops/1797093.png,raw/images/000000460147.jpg,472.17,228.84,77.14,56.52,640,424,0,1,Attribution-NonCommercial-ShareAlike License,http://creativecommons.org/licenses/by-nc-sa/2.0/,http://farm9.staticflickr.com/8457/8053677163_d4c8f416be_z.jpg,https://www.flickr.com/photo.gne?id=8053677163,not supplied in COCO metadata; original Flickr source linked,COCO photograph 460147; original title not supplied,bounding-box crop; per-image original license retained,http://images.cocodataset.org/val2017/000000460147.jpg,b041d8c01473b72e2ea2f909174a4d2e5cdefae9a3d5abd06a9db91755392ad3,037ee9d14cde24c9ac65b7f5be368ccc0ec44df655b67c1ad206ed0299a6bf5c,not specified by COCO image metadata; not claimed Atyrau,2013-11-17 19:36:09
1797133,192670,192670,not_available_still_image,truck,8,processed/crops/1797133.png,raw/images/000000192670.jpg,166.19,101.35,61.25,61.25,640,433,0,4,Attribution License,http://creativecommons.org/licenses/by/2.0/,http://farm7.staticflickr.com/6137/5931706250_072cc90a24_z.jpg,https://www.flickr.com/photo.gne?id=5931706250,not supplied in COCO metadata; original Flickr source linked,COCO photograph 192670; original title not supplied,bounding-box crop; per-image original license retained,http://images.cocodataset.org/val2017/000000192670.jpg,78166d1775deaa41e93780921bccec43c99a293626f44eb19c41fe56bd12925e,565759a2f9ab9c5a0674e3115084ae6aca52972d184f323eeae3ca65711ec366,not specified by COCO image metadata; not claimed Atyrau,2013-11-19 19:15:08
1797177,491213,491213,not_available_still_image,truck,8,processed/crops/1797177.png,raw/images/000000491213.jpg,48.85,81.42,98.03,67.64,640,480,0,2,Attribution-NonCommercial License,http://creativecommons.org/licenses/by-nc/2.0/,http://farm1.staticflickr.com/58/187193638_5a515951f1_z.jpg,https://www.flickr.com/photo.gne?id=187193638,not supplied in COCO metadata; original Flickr source linked,COCO photograph 491213; original title not supplied,bounding-box crop; per-image original license retained,http://images.cocodataset.org/val2017/000000491213.jpg,b9f186905d79293541967dae1b13c0b45f01a7eec0904226cfde2fa358689548,46af03f917f7a44528e4884a7604fd398feac65e390022593a998f37c93cf838,not specified by COCO image metadata; not claimed Atyrau,2013-11-15 09:26:21
1797490,515266,515266,not_available_still_image,truck,8,processed/crops/1797490.png,raw/images/000000515266.jpg,22.14,63.26,314.19,161.31,640,427,0,2,Attribution-NonCommercial License,http://creativecommons.org/licenses/by-nc/2.0/,http://farm9.staticflickr.com/8046/8150642174_9e8870ff5c_z.jpg,https://www.flickr.com/photo.gne?id=8150642174,not supplied in COCO metadata; original Flickr source linked,COCO photograph 515266; original title not supplied,bounding-box crop; per-image original license retained,http://images.cocodataset.org/val2017/000000515266.jpg,467c8c1837eb1f76f4d2457b6116a45b8cffb778eb3ab217e2bdaefa15951100,7d999a0413870210cb6267fa39e158c1319c660f5da90a9ce4db54df240557c4,not specified by COCO image metadata; not claimed Atyrau,2013-11-15 06:37:52
1797641,142585,142585,not_available_still_image,truck,8,processed/crops/1797641.png,raw/images/000000142585.jpg,170.22,264.44,191.32,179.37,375,500,0,1,Attribution-NonCommercial-ShareAlike License,http://creativecommons.org/licenses/by-nc-sa/2.0/,http://farm1.staticflickr.com/34/71378280_e180ffc9d5_z.jpg,https://www.flickr.com/photo.gne?id=71378280,not supplied in COCO metadata; original Flickr source linked,COCO photograph 142585; original title not supplied,bounding-box crop; per-image original license retained,http://images.cocodataset.org/val2017/000000142585.jpg,41277a4ea32031b3486e839d18ca61506931002fca4ff9214686c63e9c6bb983,a77b5e97569cb68d9a553f4d370591c0da086f858bd74f24b50cd83b000e400a,not specified by COCO image metadata; not claimed Atyrau,2013-11-16 18:05:52
1797778,382111,382111,not_available_still_image,truck,8,processed/crops/1797778.png,raw/images/000000382111.jpg,397.21,104.61,77.5,43.85,640,427,0,2,Attribution-NonCommercial License,http://creativecommons.org/licenses/by-nc/2.0/,http://farm7.staticflickr.com/6083/6055128278_1e45691f0a_z.jpg,https://www.flickr.com/photo.gne?id=6055128278,not supplied in COCO metadata; original Flickr source linked,COCO photograph 382111; original title not supplied,bounding-box crop; per-image original license retained,http://images.cocodataset.org/val2017/000000382111.jpg,8f6fe40126d22774f86651a7d98b707290fb6e3fb894f2324ee40ffd6085ecba,94d99a3b7aad115a6e11d72adf38ef1f7caebce9719d8f43ea3585d4e22e0251,not specified by COCO image metadata; not claimed Atyrau,2013-11-18 22:51:36
1797893,89556,89556,not_available_still_image,truck,8,processed/crops/1797893.png,raw/images/000000089556.jpg,321.15,127.77,306.49,200.52,640,480,0,4,Attribution License,http://creativecommons.org/licenses/by/2.0/,http://farm7.staticflickr.com/6093/6210323230_57fab50c4b_z.jpg,https://www.flickr.com/photo.gne?id=6210323230,not supplied in COCO metadata; original Flickr source linked,COCO photograph 89556; original title not supplied,bounding-box crop; per-image original license retained,http://images.cocodataset.org/val2017/000000089556.jpg,b78eb0eb1250b86210658687ff5063428e0cbff2858d4e07d8dee107ae1964f8,38a14fa09b9e56a19aa19f754ceb8d56d73c89d0e9856a18398d8e432455e24a,not specified by COCO image metadata; not claimed Atyrau,2013-11-15 05:44:24
1798190,97924,97924,not_available_still_image,truck,8,processed/crops/1798190.png,raw/images/000000097924.jpg,38.36,54.48,338.67,291.77,600,400,0,4,Attribution License,http://creativecommons.org/licenses/by/2.0/,http://farm9.staticflickr.com/8527/8546652580_94dbb43241_z.jpg,https://www.flickr.com/photo.gne?id=8546652580,not supplied in COCO metadata; original Flickr source linked,COCO photograph 97924; original title not supplied,bounding-box crop; per-image original license retained,http://images.cocodataset.org/val2017/000000097924.jpg,015ca73dcfa846a1d24d87f7676fbb4e095fb044f378ebe9dfe3bf2ebab5a798,e474656fb34f26dc2b991e4532c6f0b5c80b7b514078ea0be5ee6baca42c7516,not specified by COCO image metadata; not claimed Atyrau,2013-11-19 03:09:10
1798566,573943,573943,not_available_still_image,truck,8,processed/crops/1798566.png,raw/images/000000573943.jpg,367.32,334.43,66.03,49.35,640,480,0,5,Attribution-ShareAlike License,http://creativecommons.org/licenses/by-sa/2.0/,http://farm9.staticflickr.com/8050/8089769426_0ae26e7732_z.jpg,https://www.flickr.com/photo.gne?id=8089769426,not supplied in COCO metadata; original Flickr source linked,COCO photograph 573943; original title not supplied,bounding-box crop; per-image original license retained,http://images.cocodataset.org/val2017/000000573943.jpg,927f0d87b928f0eafda8b437a3ddbe7c79f30eb4a61d76f75f512bbb0c35aa55,64b33ee93e36ca648e1095445cefc61890aa4002c13843a4b8ac2b1b6cd0f816,not specified by COCO image metadata; not claimed Atyrau,2013-11-17 15:11:35
1798647,436883,436883,not_available_still_image,truck,8,processed/crops/1798647.png,raw/images/000000436883.jpg,569.65,150.73,70.35,218.29,640,421,0,2,Attribution-NonCommercial License,http://creativecommons.org/licenses/by-nc/2.0/,http://farm9.staticflickr.com/8199/8228898324_49568e69b1_z.jpg,https://www.flickr.com/photo.gne?id=8228898324,not supplied in COCO metadata; original Flickr source linked,COCO photograph 436883; original title not supplied,bounding-box crop; per-image original license retained,http://images.cocodataset.org/val2017/000000436883.jpg,65cb98085b86ed663a6812a9368364178d845b3458694f1d8d23783f3b848477,6ea6a40dbe7e5749ad45418bc30834a7551256b0a3df6d5ebd5c7bcf3c1aa60a,not specified by COCO image metadata; not claimed Atyrau,2013-11-17 00:18:47
1798863,88432,88432,not_available_still_image,truck,8,processed/crops/1798863.png,raw/images/000000088432.jpg,6.86,266.39,296.14,134.1,480,640,0,5,Attribution-ShareAlike License,http://creativecommons.org/licenses/by-sa/2.0/,http://farm4.staticflickr.com/3447/3837630278_f938bd2f4e_z.jpg,https://www.flickr.com/photo.gne?id=3837630278,not supplied in COCO metadata; original Flickr source linked,COCO photograph 88432; original title not supplied,bounding-box crop; per-image original license retained,http://images.cocodataset.org/val2017/000000088432.jpg,8e0a6e5eb383a0550ee70fca079826a0e9c4468c4b17e8a60c4372043780253c,f28fc3bc9fb7a12505962b65433bd01007a398d4f4c2ea32185b9a249aba32f6,not specified by COCO image metadata; not claimed Atyrau,2013-11-16 23:04:22
1798918,174004,174004,not_available_still_image,truck,8,processed/crops/1798918.png,raw/images/000000174004.jpg,14.22,109.04,602.08,265.48,640,480,0,1,Attribution-NonCommercial-ShareAlike License,http://creativecommons.org/licenses/by-nc-sa/2.0/,http://farm9.staticflickr.com/8095/8472162812_8ea4afd483_z.jpg,https://www.flickr.com/photo.gne?id=8472162812,not supplied in COCO metadata; original Flickr source linked,COCO photograph 174004; original title not supplied,bounding-box crop; per-image original license retained,http://images.cocodataset.org/val2017/000000174004.jpg,f1fbca2e0593f2741a89a36f8e11e71f9bc9ad79f03b351ed83bd89b2e6c38db,a74ca00d6e2a5c49fbbfde11d4457f1e9e585cdb698987dd7b46794e12cf1973,not specified by COCO image metadata; not claimed Atyrau,2013-11-17 18:47:26
1799038,367680,367680,not_available_still_image,truck,8,processed/crops/1799038.png,raw/images/000000367680.jpg,0.0,142.71,46.74,55.08,450,338,0,1,Attribution-NonCommercial-ShareAlike License,http://creativecommons.org/licenses/by-nc-sa/2.0/,http://farm1.staticflickr.com/22/34251540_bec994ec35_z.jpg,https://www.flickr.com/photo.gne?id=34251540,not supplied in COCO metadata; original Flickr source linked,COCO photograph 367680; original title not supplied,bounding-box crop; per-image original license retained,http://images.cocodataset.org/val2017/000000367680.jpg,15a0aa08ef2c7dc21f247375f72459b6ee3f99b57a98482e5251294fc324b231,d23ce1ace8583fbdf4e95ddf6024651dbe38c88e8939702a6fb5c440bbe40004,not specified by COCO image metadata; not claimed Atyrau,2013-11-15 08:23:02
1799204,157756,157756,not_available_still_image,truck,8,processed/crops/1799204.png,raw/images/000000157756.jpg,317.95,446.94,116.62,60.81,480,640,0,2,Attribution-NonCommercial License,http://creativecommons.org/licenses/by-nc/2.0/,http://farm9.staticflickr.com/8193/8148291355_4acc3dc84e_z.jpg,https://www.flickr.com/photo.gne?id=8148291355,not supplied in COCO metadata; original Flickr source linked,COCO photograph 157756; original title not supplied,bounding-box crop; per-image original license retained,http://images.cocodataset.org/val2017/000000157756.jpg,d46a285172f857e1bbce63263da95a0e0d632f8f118c158ecbf233f83012f913,5da5615518d7ac68256461c3988941c4380113c06ce3cd1c5bed0db7106ed869,not specified by COCO image metadata; not claimed Atyrau,2013-11-24 15:15:39
1799233,287291,287291,not_available_still_image,truck,8,processed/crops/1799233.png,raw/images/000000287291.jpg,380.22,176.03,86.04,54.01,500,375,0,2,Attribution-NonCommercial License,http://creativecommons.org/licenses/by-nc/2.0/,http://farm4.staticflickr.com/3326/3259041418_48c260317a_z.jpg,https://www.flickr.com/photo.gne?id=3259041418,not supplied in COCO metadata; original Flickr source linked,COCO photograph 287291; original title not supplied,bounding-box crop; per-image original license retained,http://images.cocodataset.org/val2017/000000287291.jpg,e6dfa7707e0369473b6ac5d90377963b4d92042f0fe68b238cb01ee3d93c8118,f8f5306b02984b6acdac28c901bd75ffac80ec7c37e1530e7f0b4083d7da690c,not specified by COCO image metadata; not claimed Atyrau,2013-11-16 17:08:17
1799306,89556,89556,not_available_still_image,truck,8,processed/crops/1799306.png,raw/images/000000089556.jpg,1.3,139.33,77.38,55.2,640,480,0,4,Attribution License,http://creativecommons.org/licenses/by/2.0/,http://farm7.staticflickr.com/6093/6210323230_57fab50c4b_z.jpg,https://www.flickr.com/photo.gne?id=6210323230,not supplied in COCO metadata; original Flickr source linked,COCO photograph 89556; original title not supplied,bounding-box crop; per-image original license retained,http://images.cocodataset.org/val2017/000000089556.jpg,b78eb0eb1250b86210658687ff5063428e0cbff2858d4e07d8dee107ae1964f8,75d5ab0e4aacb399d2be81c53f81846581220baa502ef51b2313393f7ea17ab1,not specified by COCO image metadata; not claimed Atyrau,2013-11-15 05:44:24
1799421,57597,57597,not_available_still_image,truck,8,processed/crops/1799421.png,raw/images/000000057597.jpg,226.81,77.65,82.57,50.4,640,426,0,1,Attribution-NonCommercial-ShareAlike License,http://creativecommons.org/licenses/by-nc-sa/2.0/,http://farm7.staticflickr.com/6239/6258453198_b6ee9e6d6f_z.jpg,https://www.flickr.com/photo.gne?id=6258453198,not supplied in COCO metadata; original Flickr source linked,COCO photograph 57597; original title not supplied,bounding-box crop; per-image original license retained,http://images.cocodataset.org/val2017/000000057597.jpg,003280b50c99124750084f25939f305f3fefbd9e3caf5002a456249242b154c0,8481519b344cb355211ab20bd966b8b8525c5d735cc1b417f89b8127b65ba140,not specified by COCO image metadata; not claimed Atyrau,2013-11-22 02:36:28
1799433,210789,210789,not_available_still_image,truck,8,processed/crops/1799433.png,raw/images/000000210789.jpg,10.42,106.81,41.85,66.16,369,520,0,1,Attribution-NonCommercial-ShareAlike License,http://creativecommons.org/licenses/by-nc-sa/2.0/,http://farm9.staticflickr.com/8519/8586666706_262bdb70c1_z.jpg,https://www.flickr.com/photo.gne?id=8586666706,not supplied in COCO metadata; original Flickr source linked,COCO photograph 210789; original title not supplied,bounding-box crop; per-image original license retained,http://images.cocodataset.org/val2017/000000210789.jpg,86d17cae625d00c9e8dfd08f5bf04e1fd66120bd6cde931ebd1e0ef6962affc7,3d176449d2c10407b6bc09e8ec33ca89c868679f937b889000d5695369dd26e7,not specified by COCO image metadata; not claimed Atyrau,2013-11-18 09:00:43
1799476,190923,190923,not_available_still_image,truck,8,processed/crops/1799476.png,raw/images/000000190923.jpg,10.44,196.25,41.86,58.91,375,500,0,4,Attribution License,http://creativecommons.org/licenses/by/2.0/,http://farm3.staticflickr.com/2669/3706332805_237c47a25d_z.jpg,https://www.flickr.com/photo.gne?id=3706332805,not supplied in COCO metadata; original Flickr source linked,COCO photograph 190923; original title not supplied,bounding-box crop; per-image original license retained,http://images.cocodataset.org/val2017/000000190923.jpg,3407447c4e8ca2ceb0db4ba1cb97dee1547e63fb3499cb67d6813ac5d4275d3c,b4cdd6d5800affc64cfd53b56a73d3b74ef44fec4a73444543371894d2d22818,not specified by COCO image metadata; not claimed Atyrau,2013-11-16 19:15:04
1799566,308328,308328,not_available_still_image,truck,8,processed/crops/1799566.png,raw/images/000000308328.jpg,216.05,253.09,423.67,226.91,640,480,0,1,Attribution-NonCommercial-ShareAlike License,http://creativecommons.org/licenses/by-nc-sa/2.0/,http://farm8.staticflickr.com/7012/6703946359_4a9c6d09c7_z.jpg,https://www.flickr.com/photo.gne?id=6703946359,not supplied in COCO metadata; original Flickr source linked,COCO photograph 308328; original title not supplied,bounding-box crop; per-image original license retained,http://images.cocodataset.org/val2017/000000308328.jpg,58a5b249b1f0f9b33ac2a3fc00fb7217e359a6430d300f637397dcef9c91e2b7,8c1b549d91b400edfa260d3eed627eb003e07a07b15868bf4ece80f82badf7fe,not specified by COCO image metadata; not claimed Atyrau,2013-11-18 10:33:28
1799686,495054,495054,not_available_still_image,truck,8,processed/crops/1799686.png,raw/images/000000495054.jpg,547.93,247.73,91.21,60.03,640,433,0,4,Attribution License,http://creativecommons.org/licenses/by/2.0/,http://farm3.staticflickr.com/2662/3697328838_11da7136fc_z.jpg,https://www.flickr.com/photo.gne?id=3697328838,not supplied in COCO metadata; original Flickr source linked,COCO photograph 495054; original title not supplied,bounding-box crop; per-image original license retained,http://images.cocodataset.org/val2017/000000495054.jpg,5864a5039d151cdf03efc9dfcde0a52227f9ffdbf3a26cd09c1add8e401058f5,6e6ed1439cd1b01fb0677d9204de4b354697c74ab51e34cd4eb54c8f4cebbbb0,not specified by COCO image metadata; not claimed Atyrau,2013-11-16 04:03:19
1799765,144300,144300,not_available_still_image,truck,8,processed/crops/1799765.png,raw/images/000000144300.jpg,354.7,55.73,140.18,117.77,640,427,0,1,Attribution-NonCommercial-ShareAlike License,http://creativecommons.org/licenses/by-nc-sa/2.0/,http://farm6.staticflickr.com/5550/9892048765_eefdf27946_z.jpg,https://www.flickr.com/photo.gne?id=9892048765,not supplied in COCO metadata; original Flickr source linked,COCO photograph 144300; original title not supplied,bounding-box crop; per-image original license retained,http://images.cocodataset.org/val2017/000000144300.jpg,859ad40927fb62779a65eb109b52881641ddf6bbc435aaed2bcac4d4ecc9a9c8,6095ed0093a2980999556d3abf5b5db957a982ad8c418588e08a740842cf8f5d,not specified by COCO image metadata; not claimed Atyrau,2013-11-15 16:13:34
1799871,210789,210789,not_available_still_image,truck,8,processed/crops/1799871.png,raw/images/000000210789.jpg,222.42,148.19,136.37,80.48,369,520,0,1,Attribution-NonCommercial-ShareAlike License,http://creativecommons.org/licenses/by-nc-sa/2.0/,http://farm9.staticflickr.com/8519/8586666706_262bdb70c1_z.jpg,https://www.flickr.com/photo.gne?id=8586666706,not supplied in COCO metadata; original Flickr source linked,COCO photograph 210789; original title not supplied,bounding-box crop; per-image original license retained,http://images.cocodataset.org/val2017/000000210789.jpg,86d17cae625d00c9e8dfd08f5bf04e1fd66120bd6cde931ebd1e0ef6962affc7,6787ac09e2d0942df18bfcd1e9cac15a70e93ec03655e5a72b2a4ae566d321ef,not specified by COCO image metadata; not claimed Atyrau,2013-11-18 09:00:43
1799888,114907,114907,not_available_still_image,truck,8,processed/crops/1799888.png,raw/images/000000114907.jpg,1.05,1.05,193.09,209.88,640,425,0,4,Attribution License,http://creativecommons.org/licenses/by/2.0/,http://farm9.staticflickr.com/8303/7825237468_9345ce9a8e_z.jpg,https://www.flickr.com/photo.gne?id=7825237468,not supplied in COCO metadata; original Flickr source linked,COCO photograph 114907; original title not supplied,bounding-box crop; per-image original license retained,http://images.cocodataset.org/val2017/000000114907.jpg,1ef6feb0a8d8886de8dc4db6e6c379cdd8fad15111a8edc570eeda66bcc17dba,8ab8e1e3fa35db5c0c3f0574da9e1d1acb5453e8bab050333f08535e0475d68a,not specified by COCO image metadata; not claimed Atyrau,2013-11-17 16:34:23
1800043,222094,222094,not_available_still_image,truck,8,processed/crops/1800043.png,raw/images/000000222094.jpg,217.73,213.48,57.43,41.48,500,375,0,1,Attribution-NonCommercial-ShareAlike License,http://creativecommons.org/licenses/by-nc-sa/2.0/,http://farm1.staticflickr.com/120/270252770_cd5defa74d_z.jpg,https://www.flickr.com/photo.gne?id=270252770,not supplied in COCO metadata; original Flickr source linked,COCO photograph 222094; original title not supplied,bounding-box crop; per-image original license retained,http://images.cocodataset.org/val2017/000000222094.jpg,1d9bcba769c81d9703d4d5cf3502e8997916347c91648104f888866634b2de8b,5fe0b92ff8fcb03f07bd23d5662a15be39b760c2be9cd84a325b561f165b5ed4,not specified by COCO image metadata; not claimed Atyrau,2013-11-15 11:46:48
1800075,479912,479912,not_available_still_image,truck,8,processed/crops/1800075.png,raw/images/000000479912.jpg,431.4,507.98,46.6,111.83,478,640,0,4,Attribution License,http://creativecommons.org/licenses/by/2.0/,http://farm8.staticflickr.com/7164/6754205289_c601f79a44_z.jpg,https://www.flickr.com/photo.gne?id=6754205289,not supplied in COCO metadata; original Flickr source linked,COCO photograph 479912; original title not supplied,bounding-box crop; per-image original license retained,http://images.cocodataset.org/val2017/000000479912.jpg,8a7876a0b0369040842be51c1fcab027deaeec0183add371d752760232cd2300,e7eb97775c3c44160bd106236f76813ac0fe139027d7309fec6e9196b6a2d2d6,not specified by COCO image metadata; not claimed Atyrau,2013-11-16 02:14:41
1800078,573943,573943,not_available_still_image,truck,8,processed/crops/1800078.png,raw/images/000000573943.jpg,79.74,339.03,51.05,41.19,640,480,0,5,Attribution-ShareAlike License,http://creativecommons.org/licenses/by-sa/2.0/,http://farm9.staticflickr.com/8050/8089769426_0ae26e7732_z.jpg,https://www.flickr.com/photo.gne?id=8089769426,not supplied in COCO metadata; original Flickr source linked,COCO photograph 573943; original title not supplied,bounding-box crop; per-image original license retained,http://images.cocodataset.org/val2017/000000573943.jpg,927f0d87b928f0eafda8b437a3ddbe7c79f30eb4a61d76f75f512bbb0c35aa55,76e26a447248f224b96e2169e7be65f514e07c59ae74558412b9a98a816cc122,not specified by COCO image metadata; not claimed Atyrau,2013-11-17 15:11:35
1800409,460147,460147,not_available_still_image,truck,8,processed/crops/1800409.png,raw/images/000000460147.jpg,0.26,236.73,90.43,53.53,640,424,0,1,Attribution-NonCommercial-ShareAlike License,http://creativecommons.org/licenses/by-nc-sa/2.0/,http://farm9.staticflickr.com/8457/8053677163_d4c8f416be_z.jpg,https://www.flickr.com/photo.gne?id=8053677163,not supplied in COCO metadata; original Flickr source linked,COCO photograph 460147; original title not supplied,bounding-box crop; per-image original license retained,http://images.cocodataset.org/val2017/000000460147.jpg,b041d8c01473b72e2ea2f909174a4d2e5cdefae9a3d5abd06a9db91755392ad3,70cd934d79ebb5b17c0701bb4ab0b19554ad86eff71ec397fb722f74347ba82a,not specified by COCO image metadata; not claimed Atyrau,2013-11-17 19:36:09
2036121,357816,357816,not_available_still_image,car,3,processed/crops/2036121.png,raw/images/000000357816.jpg,3.38,5.38,301.75,80.52,500,455,0,1,Attribution-NonCommercial-ShareAlike License,http://creativecommons.org/licenses/by-nc-sa/2.0/,http://farm2.staticflickr.com/1287/1217021994_07f95881e7_z.jpg,https://www.flickr.com/photo.gne?id=1217021994,not supplied in COCO metadata; original Flickr source linked,COCO photograph 357816; original title not supplied,bounding-box crop; per-image original license retained,http://images.cocodataset.org/val2017/000000357816.jpg,af948afbb88b7cf9c4067a019e86a338bff9b98c8bf4c370686f15165ac5316a,97030a858c1c0eb55121b5adb24515552155c0d73b81cbb9f771ebda36d47149,not specified by COCO image metadata; not claimed Atyrau,2013-11-22 21:51:48
2036911,144333,144333,not_available_still_image,car,3,processed/crops/2036911.png,raw/images/000000144333.jpg,210.82,103.85,166.43,109.98,426,640,0,1,Attribution-NonCommercial-ShareAlike License,http://creativecommons.org/licenses/by-nc-sa/2.0/,http://farm5.staticflickr.com/4134/4782858440_3885462451_z.jpg,https://www.flickr.com/photo.gne?id=4782858440,not supplied in COCO metadata; original Flickr source linked,COCO photograph 144333; original title not supplied,bounding-box crop; per-image original license retained,http://images.cocodataset.org/val2017/000000144333.jpg,7acabef5186a84189013c5fc859fe9e76f9507a00b20dc758d3e916d16a0f96c,2c644d7f9653dade349ad7910ddf5943a0b24427ca287b5403e72cec6ef77402,not specified by COCO image metadata; not claimed Atyrau,2013-11-14 22:58:37
2038763,458325,458325,not_available_still_image,car,3,processed/crops/2038763.png,raw/images/000000458325.jpg,149.43,180.39,43.43,79.41,640,427,0,2,Attribution-NonCommercial License,http://creativecommons.org/licenses/by-nc/2.0/,http://farm6.staticflickr.com/5212/5538497259_2607f56ee5_z.jpg,https://www.flickr.com/photo.gne?id=5538497259,not supplied in COCO metadata; original Flickr source linked,COCO photograph 458325; original title not supplied,bounding-box crop; per-image original license retained,http://images.cocodataset.org/val2017/000000458325.jpg,cc9d8a2d6fdd06220bb2e63d0e41b13cddd7a83758c74b2aa0161e56c8aa18a9,7f88732cb49fa631d8605b5fe068b3f45f0fe9600c52a96ce2eea7a335aa8fa5,not specified by COCO image metadata; not claimed Atyrau,2013-11-20 04:26:27
2038999,192670,192670,not_available_still_image,car,3,processed/crops/2038999.png,raw/images/000000192670.jpg,55.46,101.84,105.56,56.35,640,433,0,4,Attribution License,http://creativecommons.org/licenses/by/2.0/,http://farm7.staticflickr.com/6137/5931706250_072cc90a24_z.jpg,https://www.flickr.com/photo.gne?id=5931706250,not supplied in COCO metadata; original Flickr source linked,COCO photograph 192670; original title not supplied,bounding-box crop; per-image original license retained,http://images.cocodataset.org/val2017/000000192670.jpg,78166d1775deaa41e93780921bccec43c99a293626f44eb19c41fe56bd12925e,0c7f5405a7178cd0e064deccf1ca28e2c1101423b5b0f278edb5107ef56b6098,not specified by COCO image metadata; not claimed Atyrau,2013-11-19 19:15:08
2039017,538364,538364,not_available_still_image,car,3,processed/crops/2039017.png,raw/images/000000538364.jpg,480.18,155.58,76.1,85.07,640,480,0,4,Attribution License,http://creativecommons.org/licenses/by/2.0/,http://farm9.staticflickr.com/8042/7933423348_c30bd9bd4e_z.jpg,https://www.flickr.com/photo.gne?id=7933423348,not supplied in COCO metadata; original Flickr source linked,COCO photograph 538364; original title not supplied,bounding-box crop; per-image original license retained,http://images.cocodataset.org/val2017/000000538364.jpg,1b05f4958120b8ab11c5a3b00449320455e16c1a9795871e8e42913c1a04be69,80c121caa28678e72693c81328da5fd102cc78e8a7fce1311676731f436d6910,not specified by COCO image metadata; not claimed Atyrau,2013-11-15 19:00:10
2042682,135410,135410,not_available_still_image,car,3,processed/crops/2042682.png,raw/images/000000135410.jpg,1.02,214.75,69.88,45.95,480,640,0,1,Attribution-NonCommercial-ShareAlike License,http://creativecommons.org/licenses/by-nc-sa/2.0/,http://farm2.staticflickr.com/1039/1418871599_0eb113933c_z.jpg,https://www.flickr.com/photo.gne?id=1418871599,not supplied in COCO metadata; original Flickr source linked,COCO photograph 135410; original title not supplied,bounding-box crop; per-image original license retained,http://images.cocodataset.org/val2017/000000135410.jpg,603013773e6bca16d1e4af56e76b38b3f7510c62d41e6089072905419ef4373f,3485c378dafa61a05885341165ad7e7ad30f2d281cdc7ad8662989e70ec3a748,not specified by COCO image metadata; not claimed Atyrau,2013-11-17 10:27:45
2043950,287291,287291,not_available_still_image,car,3,processed/crops/2043950.png,raw/images/000000287291.jpg,0.0,183.19,94.97,72.34,500,375,0,2,Attribution-NonCommercial License,http://creativecommons.org/licenses/by-nc/2.0/,http://farm4.staticflickr.com/3326/3259041418_48c260317a_z.jpg,https://www.flickr.com/photo.gne?id=3259041418,not supplied in COCO metadata; original Flickr source linked,COCO photograph 287291; original title not supplied,bounding-box crop; per-image original license retained,http://images.cocodataset.org/val2017/000000287291.jpg,e6dfa7707e0369473b6ac5d90377963b4d92042f0fe68b238cb01ee3d93c8118,afa9c3f4652cd078339a5da9cee9747ae7836ad563ad82c6b02a27216419575c,not specified by COCO image metadata; not claimed Atyrau,2013-11-16 17:08:17
2049606,563604,563604,not_available_still_image,bus,6,processed/crops/2049606.png,raw/images/000000563604.jpg,137.26,225.8,172.52,58.77,640,479,0,1,Attribution-NonCommercial-ShareAlike License,http://creativecommons.org/licenses/by-nc-sa/2.0/,http://farm1.staticflickr.com/3/4679483_af7aba2bbe_z.jpg,https://www.flickr.com/photo.gne?id=4679483,not supplied in COCO metadata; original Flickr source linked,COCO photograph 563604; original title not supplied,bounding-box crop; per-image original license retained,http://images.cocodataset.org/val2017/000000563604.jpg,9a333426b8df560bf5c208d9382ea900de5c2abcdc3bf2b27d5f6bcfb05e4202,6315f6c3066208e788ede59fef66fd798d68220e4ba78c490f02ebd8b133a6d5,not specified by COCO image metadata; not claimed Atyrau,2013-11-17 07:35:55
2049615,363875,363875,not_available_still_image,bus,6,processed/crops/2049615.png,raw/images/000000363875.jpg,0.0,3.32,558.0,382.34,558,640,0,2,Attribution-NonCommercial License,http://creativecommons.org/licenses/by-nc/2.0/,http://farm8.staticflickr.com/7371/8907674402_185c84aab2_z.jpg,https://www.flickr.com/photo.gne?id=8907674402,not supplied in COCO metadata; original Flickr source linked,COCO photograph 363875; original title not supplied,bounding-box crop; per-image original license retained,http://images.cocodataset.org/val2017/000000363875.jpg,2fa0ce12df50ef1149d6c56830276384dfa5e79a248d20087365856a079b9758,b36965f5d68b0f665671f1d364cf483338c5c1296b2fc6a55bab2d8ee3e8bdf2,not specified by COCO image metadata; not claimed Atyrau,2013-11-15 16:13:08
2049642,22755,22755,not_available_still_image,bus,6,processed/crops/2049642.png,raw/images/000000022755.jpg,236.39,189.11,139.35,141.84,640,479,0,1,Attribution-NonCommercial-ShareAlike License,http://creativecommons.org/licenses/by-nc-sa/2.0/,http://farm9.staticflickr.com/8101/8597825681_a22b2ce185_z.jpg,https://www.flickr.com/photo.gne?id=8597825681,not supplied in COCO metadata; original Flickr source linked,COCO photograph 22755; original title not supplied,bounding-box crop; per-image original license retained,http://images.cocodataset.org/val2017/000000022755.jpg,e419f292592075e18a264216c6ef3f8a597f027d9407e278d15811a9fc9c8952,5593976ae59ad93256078e1da40a6b6e9fb5fb8cfc80deecc320cb928ec5b400,not specified by COCO image metadata; not claimed Atyrau,2013-11-16 17:20:29
2049774,429109,429109,not_available_still_image,bus,6,processed/crops/2049774.png,raw/images/000000429109.jpg,108.35,249.45,267.39,151.89,640,427,0,5,Attribution-ShareAlike License,http://creativecommons.org/licenses/by-sa/2.0/,http://farm9.staticflickr.com/8347/8171276414_19d5eb8e3f_z.jpg,https://www.flickr.com/photo.gne?id=8171276414,not supplied in COCO metadata; original Flickr source linked,COCO photograph 429109; original title not supplied,bounding-box crop; per-image original license retained,http://images.cocodataset.org/val2017/000000429109.jpg,1a1a5f1df7d5cf7f3146b333755f402889be7e7dacdd2e0728650f6f99c25ffb,bc041340bbcab2988f1a0bbf6c641b59fa4d3c05b2ef27cd911125650d416635,not specified by COCO image metadata; not claimed Atyrau,2013-11-16 15:44:36
2049935,531036,531036,not_available_still_image,bus,6,processed/crops/2049935.png,raw/images/000000531036.jpg,151.27,54.86,325.82,392.31,480,640,0,4,Attribution License,http://creativecommons.org/licenses/by/2.0/,http://farm8.staticflickr.com/7288/8740762571_0849912a06_z.jpg,https://www.flickr.com/photo.gne?id=8740762571,not supplied in COCO metadata; original Flickr source linked,COCO photograph 531036; original title not supplied,bounding-box crop; per-image original license retained,http://images.cocodataset.org/val2017/000000531036.jpg,79be9c405b3ce4d2eea61fc29b0e1e633504fbeebee6483d64dfb38b1dd844a5,eab1b070a40697ddb50faa3cf07f5bcd54858f5f56d778610eee5c026be4c9af,not specified by COCO image metadata; not claimed Atyrau,2013-11-16 17:18:51
2050146,531036,531036,not_available_still_image,bus,6,processed/crops/2050146.png,raw/images/000000531036.jpg,0.0,220.24,157.28,186.51,480,640,0,4,Attribution License,http://creativecommons.org/licenses/by/2.0/,http://farm8.staticflickr.com/7288/8740762571_0849912a06_z.jpg,https://www.flickr.com/photo.gne?id=8740762571,not supplied in COCO metadata; original Flickr source linked,COCO photograph 531036; original title not supplied,bounding-box crop; per-image original license retained,http://images.cocodataset.org/val2017/000000531036.jpg,79be9c405b3ce4d2eea61fc29b0e1e633504fbeebee6483d64dfb38b1dd844a5,392ac8fd93ecfdfc4b762bdf24f0bf887720fb7c9300af539e094182fef8abfc,not specified by COCO image metadata; not claimed Atyrau,2013-11-16 17:18:51
2050208,427655,427655,not_available_still_image,bus,6,processed/crops/2050208.png,raw/images/000000427655.jpg,263.72,174.9,65.39,85.02,427,640,0,1,Attribution-NonCommercial-ShareAlike License,http://creativecommons.org/licenses/by-nc-sa/2.0/,http://farm4.staticflickr.com/3795/9591251800_9c9727e178_z.jpg,https://www.flickr.com/photo.gne?id=9591251800,not supplied in COCO metadata; original Flickr source linked,COCO photograph 427655; original title not supplied,bounding-box crop; per-image original license retained,http://images.cocodataset.org/val2017/000000427655.jpg,142fea68a2648d6497cf9d7cfb0b58ce487eb08587bd484e34984199528efbb7,3b9d7d7ae07df61108f1e550f4ba4b0c933d74b70fc7f2be054fd3d734fbad84,not specified by COCO image metadata; not claimed Atyrau,2013-11-19 00:45:03
2050520,507797,507797,not_available_still_image,bus,6,processed/crops/2050520.png,raw/images/000000507797.jpg,226.86,105.08,265.95,166.86,640,425,0,1,Attribution-NonCommercial-ShareAlike License,http://creativecommons.org/licenses/by-nc-sa/2.0/,http://farm9.staticflickr.com/8342/8222296772_f34777ac9b_z.jpg,https://www.flickr.com/photo.gne?id=8222296772,not supplied in COCO metadata; original Flickr source linked,COCO photograph 507797; original title not supplied,bounding-box crop; per-image original license retained,http://images.cocodataset.org/val2017/000000507797.jpg,c44a9df9185a2d9b8fb78cf8c15d2a890f166b936e93f4bd0181df6861d1379e,1f3af894be4cff9543337933f225ed801ae3cdee78152d65d787d4de86255bbc,not specified by COCO image metadata; not claimed Atyrau,2013-11-17 00:26:08
2051090,448256,448256,not_available_still_image,truck,8,processed/crops/2051090.png,raw/images/000000448256.jpg,243.43,0.0,396.12,419.36,640,426,0,2,Attribution-NonCommercial License,http://creativecommons.org/licenses/by-nc/2.0/,http://farm4.staticflickr.com/3469/3961176423_c73ee4bbb1_z.jpg,https://www.flickr.com/photo.gne?id=3961176423,not supplied in COCO metadata; original Flickr source linked,COCO photograph 448256; original title not supplied,bounding-box crop; per-image original license retained,http://images.cocodataset.org/val2017/000000448256.jpg,e83e088fdda566a8403f37b1e66f4610b2fa6ce26457e64c9b0775f3e6105bd7,33a6ed8950583b020fd121e35964d6f0481cf9386d53198720de6793eb02c5dd,not specified by COCO image metadata; not claimed Atyrau,2013-11-18 02:44:36
2051182,521259,521259,not_available_still_image,truck,8,processed/crops/2051182.png,raw/images/000000521259.jpg,0.0,120.7,58.7,96.04,640,457,0,4,Attribution License,http://creativecommons.org/licenses/by/2.0/,http://farm9.staticflickr.com/8050/8115935734_0ff6dcfd4e_z.jpg,https://www.flickr.com/photo.gne?id=8115935734,not supplied in COCO metadata; original Flickr source linked,COCO photograph 521259; original title not supplied,bounding-box crop; per-image original license retained,http://images.cocodataset.org/val2017/000000521259.jpg,95040dd15929de9ee3e0bdb17dc8455197cee814a2293a42c5cccd537565c0ac,317a6145e5d2c291dfb40a8a27b324ebf37c95a3b9b119f94ab75d4feaa60b40,not specified by COCO image metadata; not claimed Atyrau,2013-11-18 12:15:58
2051267,295420,295420,not_available_still_image,truck,8,processed/crops/2051267.png,raw/images/000000295420.jpg,99.43,282.75,46.31,42.96,640,480,0,2,Attribution-NonCommercial License,http://creativecommons.org/licenses/by-nc/2.0/,http://farm8.staticflickr.com/7025/6513193103_bac7babca5_z.jpg,https://www.flickr.com/photo.gne?id=6513193103,not supplied in COCO metadata; original Flickr source linked,COCO photograph 295420; original title not supplied,bounding-box crop; per-image original license retained,http://images.cocodataset.org/val2017/000000295420.jpg,fc0601e452807c790823559ddfc7fcfadfb61c59c6af8389ccff3444c604761a,c5b552611db8c07666b332ab6e89cfd14f6239d4a98902c612c678a4c73e5e6b,not specified by COCO image metadata; not claimed Atyrau,2013-11-17 21:40:23
2051323,382111,382111,not_available_still_image,truck,8,processed/crops/2051323.png,raw/images/000000382111.jpg,14.42,118.67,98.71,97.6,640,427,0,2,Attribution-NonCommercial License,http://creativecommons.org/licenses/by-nc/2.0/,http://farm7.staticflickr.com/6083/6055128278_1e45691f0a_z.jpg,https://www.flickr.com/photo.gne?id=6055128278,not supplied in COCO metadata; original Flickr source linked,COCO photograph 382111; original title not supplied,bounding-box crop; per-image original license retained,http://images.cocodataset.org/val2017/000000382111.jpg,8f6fe40126d22774f86651a7d98b707290fb6e3fb894f2324ee40ffd6085ecba,8d16c2fec8b8629590a31eddba772f55c5cf30beb99c0b33a1cf8163813ee317,not specified by COCO image metadata; not claimed Atyrau,2013-11-18 22:51:36
2051469,495146,495146,not_available_still_image,truck,8,processed/crops/2051469.png,raw/images/000000495146.jpg,0.0,344.1,139.64,127.17,640,480,0,4,Attribution License,http://creativecommons.org/licenses/by/2.0/,http://farm8.staticflickr.com/7375/9211776644_83a3bd9c9b_z.jpg,https://www.flickr.com/photo.gne?id=9211776644,not supplied in COCO metadata; original Flickr source linked,COCO photograph 495146; original title not supplied,bounding-box crop; per-image original license retained,http://images.cocodataset.org/val2017/000000495146.jpg,cc4814681163a70e29c6aa2bb463b4d6a3c52a3c23f77b38357498c5ffee2d38,e7074680f538b87b5ad511c3ed8d647ceb12f47c4425b2ec844cff69757b7d85,not specified by COCO image metadata; not claimed Atyrau,2013-11-17 03:29:05
2051513,401862,401862,not_available_still_image,truck,8,processed/crops/2051513.png,raw/images/000000401862.jpg,380.69,139.9,160.26,100.98,640,480,0,4,Attribution License,http://creativecommons.org/licenses/by/2.0/,http://farm9.staticflickr.com/8540/8698627837_6d1fb59ce4_z.jpg,https://www.flickr.com/photo.gne?id=8698627837,not supplied in COCO metadata; original Flickr source linked,COCO photograph 401862; original title not supplied,bounding-box crop; per-image original license retained,http://images.cocodataset.org/val2017/000000401862.jpg,82e64d65eb79042a20684d83a09c4aa90b98dd4616eab25c8bb1d40d45fa4cef,eb14dcafc8c77299a2d1ec42fe90a6d7091d22061c61dc820df75e739254bf51,not specified by COCO image metadata; not claimed Atyrau,2013-11-17 18:14:55
2051594,97924,97924,not_available_still_image,truck,8,processed/crops/2051594.png,raw/images/000000097924.jpg,1.04,109.09,62.34,146.49,600,400,0,4,Attribution License,http://creativecommons.org/licenses/by/2.0/,http://farm9.staticflickr.com/8527/8546652580_94dbb43241_z.jpg,https://www.flickr.com/photo.gne?id=8546652580,not supplied in COCO metadata; original Flickr source linked,COCO photograph 97924; original title not supplied,bounding-box crop; per-image original license retained,http://images.cocodataset.org/val2017/000000097924.jpg,015ca73dcfa846a1d24d87f7676fbb4e095fb044f378ebe9dfe3bf2ebab5a798,2fb6ab7a4ff57ae724d1aa8713b37f944298369497f287de5fddcb522c22dba0,not specified by COCO image metadata; not claimed Atyrau,2013-11-19 03:09:10
2051709,447342,447342,not_available_still_image,truck,8,processed/crops/2051709.png,raw/images/000000447342.jpg,369.9,277.95,160.33,135.12,640,416,0,1,Attribution-NonCommercial-ShareAlike License,http://creativecommons.org/licenses/by-nc-sa/2.0/,http://farm9.staticflickr.com/8467/8147569622_663a28196d_z.jpg,https://www.flickr.com/photo.gne?id=8147569622,not supplied in COCO metadata; original Flickr source linked,COCO photograph 447342; original title not supplied,bounding-box crop; per-image original license retained,http://images.cocodataset.org/val2017/000000447342.jpg,199402bfe3e935cf8c52e59271a9d5a0e2a20a7aa264472d7bcd0936b7c15d97,06604712975c57a797ac7a15402b6120ad8de0dd06a140cecab24d1ddf98f5a6,not specified by COCO image metadata; not claimed Atyrau,2013-11-17 00:36:06
2052063,206487,206487,not_available_still_image,truck,8,processed/crops/2052063.png,raw/images/000000206487.jpg,550.76,170.95,89.24,309.05,640,480,0,4,Attribution License,http://creativecommons.org/licenses/by/2.0/,http://farm9.staticflickr.com/8010/7686978996_27b7fdfdbf_z.jpg,https://www.flickr.com/photo.gne?id=7686978996,not supplied in COCO metadata; original Flickr source linked,COCO photograph 206487; original title not supplied,bounding-box crop; per-image original license retained,http://images.cocodataset.org/val2017/000000206487.jpg,3df6eaf2b80be894a9909549b5177958ab932776d4e8a5843c51464710284b5f,7d29d13c8c3e2a79a6797df336f661d2bfe31913351ce2a4e2b25dad083159b8,not specified by COCO image metadata; not claimed Atyrau,2013-11-16 01:34:49
2052213,550084,550084,not_available_still_image,truck,8,processed/crops/2052213.png,raw/images/000000550084.jpg,0.0,257.14,87.66,77.92,500,375,0,5,Attribution-ShareAlike License,http://creativecommons.org/licenses/by-sa/2.0/,http://farm5.staticflickr.com/4040/4346202822_75eda1321f_z.jpg,https://www.flickr.com/photo.gne?id=4346202822,not supplied in COCO metadata; original Flickr source linked,COCO photograph 550084; original title not supplied,bounding-box crop; per-image original license retained,http://images.cocodataset.org/val2017/000000550084.jpg,896499a202c96cc0f32250a0a8cc70cdbfc85ba43288672e7a7aebf4d40409e4,97c56608dba22f4410f93267f7d843213b1c0f24545b640147f3a595048687f2,not specified by COCO image metadata; not claimed Atyrau,2013-11-17 04:58:46
2052343,215723,215723,not_available_still_image,truck,8,processed/crops/2052343.png,raw/images/000000215723.jpg,4.99,92.26,633.35,380.26,640,480,0,2,Attribution-NonCommercial License,http://creativecommons.org/licenses/by-nc/2.0/,http://farm3.staticflickr.com/2794/4366396806_83e920de19_z.jpg,https://www.flickr.com/photo.gne?id=4366396806,not supplied in COCO metadata; original Flickr source linked,COCO photograph 215723; original title not supplied,bounding-box crop; per-image original license retained,http://images.cocodataset.org/val2017/000000215723.jpg,20e15853e22f5d69312b821e846671af204a12dc24631bc46f4ef8e72da19be7,a1402a9fa9c7eeee067188437ba968ba4a192db819974db513eec3142700d6b6,not specified by COCO image metadata; not claimed Atyrau,2013-11-16 14:38:10
2052449,85376,85376,not_available_still_image,truck,8,processed/crops/2052449.png,raw/images/000000085376.jpg,423.28,319.8,56.72,95.96,480,640,0,5,Attribution-ShareAlike License,http://creativecommons.org/licenses/by-sa/2.0/,http://farm8.staticflickr.com/7059/6867232585_0d4ea34bae_z.jpg,https://www.flickr.com/photo.gne?id=6867232585,not supplied in COCO metadata; original Flickr source linked,COCO photograph 85376; original title not supplied,bounding-box crop; per-image original license retained,http://images.cocodataset.org/val2017/000000085376.jpg,0c61f0ddf5a17a348a194e16232f78d62391008b3e0aa4a204ce77c4ef6182c8,96ed95d7798e4cbf5b7ed2b3b0379ee833d4b74a88eaa7f958b77897ea2ca431,not specified by COCO image metadata; not claimed Atyrau,2013-11-15 21:08:59
2052505,122166,122166,not_available_still_image,truck,8,processed/crops/2052505.png,raw/images/000000122166.jpg,158.05,263.91,165.65,149.51,640,480,0,1,Attribution-NonCommercial-ShareAlike License,http://creativecommons.org/licenses/by-nc-sa/2.0/,http://farm4.staticflickr.com/3021/2581636027_11c600d5d0_z.jpg,https://www.flickr.com/photo.gne?id=2581636027,not supplied in COCO metadata; original Flickr source linked,COCO photograph 122166; original title not supplied,bounding-box crop; per-image original license retained,http://images.cocodataset.org/val2017/000000122166.jpg,914e39f9c79ced1a519f1003c410b3ed7bfbc8315df4e0e0c35ac421079e9c6d,ddca2ac071cf5da7ddcaf34615940ef30b151ecd61a66d0802e0a622b453c4fd,not specified by COCO image metadata; not claimed Atyrau,2013-11-14 11:22:58
2052527,183246,183246,not_available_still_image,truck,8,processed/crops/2052527.png,raw/images/000000183246.jpg,215.64,0.01,284.36,399.99,500,400,0,4,Attribution License,http://creativecommons.org/licenses/by/2.0/,http://farm3.staticflickr.com/2259/2469205788_1473198ae0_z.jpg,https://www.flickr.com/photo.gne?id=2469205788,not supplied in COCO metadata; original Flickr source linked,COCO photograph 183246; original title not supplied,bounding-box crop; per-image original license retained,http://images.cocodataset.org/val2017/000000183246.jpg,25d6c62b5ee245a99b98de1f078ab5d827c6737dfe11c60815955146604b6e7b,1adafde7ce695c3c41e28dedc698aa0247e72502720403c7e33ceb36503a0f4b,not specified by COCO image metadata; not claimed Atyrau,2013-11-16 18:53:13
2052530,122166,122166,not_available_still_image,truck,8,processed/crops/2052530.png,raw/images/000000122166.jpg,460.9,302.74,49.37,44.17,640,480,0,1,Attribution-NonCommercial-ShareAlike License,http://creativecommons.org/licenses/by-nc-sa/2.0/,http://farm4.staticflickr.com/3021/2581636027_11c600d5d0_z.jpg,https://www.flickr.com/photo.gne?id=2581636027,not supplied in COCO metadata; original Flickr source linked,COCO photograph 122166; original title not supplied,bounding-box crop; per-image original license retained,http://images.cocodataset.org/val2017/000000122166.jpg,914e39f9c79ced1a519f1003c410b3ed7bfbc8315df4e0e0c35ac421079e9c6d,27c6bf035c82b653898f270fe637b8e13c418e2031ef67a5344d2ed40be5869b,not specified by COCO image metadata; not claimed Atyrau,2013-11-14 11:22:58
2052646,89556,89556,not_available_still_image,truck,8,processed/crops/2052646.png,raw/images/000000089556.jpg,255.76,143.23,113.3,52.97,640,480,0,4,Attribution License,http://creativecommons.org/licenses/by/2.0/,http://farm7.staticflickr.com/6093/6210323230_57fab50c4b_z.jpg,https://www.flickr.com/photo.gne?id=6210323230,not supplied in COCO metadata; original Flickr source linked,COCO photograph 89556; original title not supplied,bounding-box crop; per-image original license retained,http://images.cocodataset.org/val2017/000000089556.jpg,b78eb0eb1250b86210658687ff5063428e0cbff2858d4e07d8dee107ae1964f8,b6aa61b83d26e1fba6c5b474df322e9fff15380171a872f6abd011f8475135d5,not specified by COCO image metadata; not claimed Atyrau,2013-11-15 05:44:24
2052813,123131,123131,not_available_still_image,truck,8,processed/crops/2052813.png,raw/images/000000123131.jpg,72.67,183.12,81.97,85.67,640,427,0,1,Attribution-NonCommercial-ShareAlike License,http://creativecommons.org/licenses/by-nc-sa/2.0/,http://farm9.staticflickr.com/8396/8711886054_6b75cb7c71_z.jpg,https://www.flickr.com/photo.gne?id=8711886054,not supplied in COCO metadata; original Flickr source linked,COCO photograph 123131; original title not supplied,bounding-box crop; per-image original license retained,http://images.cocodataset.org/val2017/000000123131.jpg,564acb1745af3c7202cac2af758bc15ea37ac4c8deb11961792e7c90f0190c80,cdd9e536070cd23d71c568a408c1dde4fbbbd017e66d474b659adbaab72ea2e0,not specified by COCO image metadata; not claimed Atyrau,2013-11-17 18:15:23
2052861,109900,109900,not_available_still_image,truck,8,processed/crops/2052861.png,raw/images/000000109900.jpg,366.26,69.53,252.04,230.93,640,478,0,2,Attribution-NonCommercial License,http://creativecommons.org/licenses/by-nc/2.0/,http://farm8.staticflickr.com/7147/6541724635_02a7d2572f_z.jpg,https://www.flickr.com/photo.gne?id=6541724635,not supplied in COCO metadata; original Flickr source linked,COCO photograph 109900; original title not supplied,bounding-box crop; per-image original license retained,http://images.cocodataset.org/val2017/000000109900.jpg,72ea2b53ec449ad79e309dadae27b80e58fa25d64579799e90a3d2a790b3421b,f6985c47ce89b1fffac499e19b85bed916966c8f13264791b667a0faa73d122b,not specified by COCO image metadata; not claimed Atyrau,2013-11-16 02:19:53
2053091,85376,85376,not_available_still_image,truck,8,processed/crops/2053091.png,raw/images/000000085376.jpg,241.04,315.84,201.14,116.37,480,640,0,5,Attribution-ShareAlike License,http://creativecommons.org/licenses/by-sa/2.0/,http://farm8.staticflickr.com/7059/6867232585_0d4ea34bae_z.jpg,https://www.flickr.com/photo.gne?id=6867232585,not supplied in COCO metadata; original Flickr source linked,COCO photograph 85376; original title not supplied,bounding-box crop; per-image original license retained,http://images.cocodataset.org/val2017/000000085376.jpg,0c61f0ddf5a17a348a194e16232f78d62391008b3e0aa4a204ce77c4ef6182c8,80d4aca4d5a4989c5dfb63ccb89b8306f1f2d768441a5e1f80e965b5a514882d,not specified by COCO image metadata; not claimed Atyrau,2013-11-15 21:08:59
2053484,369812,369812,not_available_still_image,truck,8,processed/crops/2053484.png,raw/images/000000369812.jpg,460.78,497.1,178.45,135.4,640,637,0,5,Attribution-ShareAlike License,http://creativecommons.org/licenses/by-sa/2.0/,http://farm6.staticflickr.com/5449/7098368435_ac519fdec5_z.jpg,https://www.flickr.com/photo.gne?id=7098368435,not supplied in COCO metadata; original Flickr source linked,COCO photograph 369812; original title not supplied,bounding-box crop; per-image original license retained,http://images.cocodataset.org/val2017/000000369812.jpg,36900b1e1c06b097382afab38134ff4d655634f23287c47d7b6aaaee016cca4e,b6a6063b4255e9b06e7e400011f90b7446c787b782eb3e59da6eed118996f245,not specified by COCO image metadata; not claimed Atyrau,2013-11-17 00:34:58
2054063,512564,512564,not_available_still_image,truck,8,processed/crops/2054063.png,raw/images/000000512564.jpg,119.72,339.42,56.93,59.78,640,424,0,1,Attribution-NonCommercial-ShareAlike License,http://creativecommons.org/licenses/by-nc-sa/2.0/,http://farm9.staticflickr.com/8248/8586248634_f182e9e343_z.jpg,https://www.flickr.com/photo.gne?id=8586248634,not supplied in COCO metadata; original Flickr source linked,COCO photograph 512564; original title not supplied,bounding-box crop; per-image original license retained,http://images.cocodataset.org/val2017/000000512564.jpg,9286b499e47f7e38a13413a09c0738e59f62d0ef16397006350bfef1bc2fed5d,08eb17dc9388a5f7259c95881b05376088fbe4fac4319e550b53db6a1f200968,not specified by COCO image metadata; not claimed Atyrau,2013-11-16 17:44:50
2054177,166747,166747,not_available_still_image,truck,8,processed/crops/2054177.png,raw/images/000000166747.jpg,156.9,117.78,136.6,194.29,375,500,0,1,Attribution-NonCommercial-ShareAlike License,http://creativecommons.org/licenses/by-nc-sa/2.0/,http://farm1.staticflickr.com/40/95007209_282a76c8d8_z.jpg,https://www.flickr.com/photo.gne?id=95007209,not supplied in COCO metadata; original Flickr source linked,COCO photograph 166747; original title not supplied,bounding-box crop; per-image original license retained,http://images.cocodataset.org/val2017/000000166747.jpg,a49b8ab0191de258ca77c4be4cd50a91321a2fd95f451e343eefbe8e21f44d82,b11d711e7c070d0c404003dd53952fd8aed065eb5d64ec7cf4689f11241d4346,not specified by COCO image metadata; not claimed Atyrau,2013-11-18 21:35:29
2169137,458702,458702,not_available_still_image,car,3,processed/crops/2169137.png,raw/images/000000458702.jpg,0.0,446.07,116.21,54.28,427,640,0,2,Attribution-NonCommercial License,http://creativecommons.org/licenses/by-nc/2.0/,http://farm2.staticflickr.com/1340/5118155104_e56d49876e_z.jpg,https://www.flickr.com/photo.gne?id=5118155104,not supplied in COCO metadata; original Flickr source linked,COCO photograph 458702; original title not supplied,bounding-box crop; per-image original license retained,http://images.cocodataset.org/val2017/000000458702.jpg,6eca6864fa023dd4e7ed265d90f8b3bdc7a7d876e0e45baab7018f81dd02424b,58c09f0e930215c33c700b8e210a8e6161a4e254e1066ffdb44198af33dca56c,not specified by COCO image metadata; not claimed Atyrau,2013-11-17 11:23:24
2169186,423617,423617,not_available_still_image,car,3,processed/crops/2169186.png,raw/images/000000423617.jpg,0.0,153.35,56.1,68.57,640,480,0,4,Attribution License,http://creativecommons.org/licenses/by/2.0/,http://farm9.staticflickr.com/8479/8195678412_8d8d906379_z.jpg,https://www.flickr.com/photo.gne?id=8195678412,not supplied in COCO metadata; original Flickr source linked,COCO photograph 423617; original title not supplied,bounding-box crop; per-image original license retained,http://images.cocodataset.org/val2017/000000423617.jpg,ce5546bb400da57646e0de544763fc44c925fc5495e764083f2bcfebba5c76f0,8d1d993ccd54b339866dee7f2784b946b2f25bb6197f8387cef1e5b5151bc783,not specified by COCO image metadata; not claimed Atyrau,2013-11-17 00:28:01
2169327,343218,343218,not_available_still_image,car,3,processed/crops/2169327.png,raw/images/000000343218.jpg,245.25,139.56,65.49,43.42,640,428,0,4,Attribution License,http://creativecommons.org/licenses/by/2.0/,http://farm4.staticflickr.com/3169/2653643649_665418b9df_z.jpg,https://www.flickr.com/photo.gne?id=2653643649,not supplied in COCO metadata; original Flickr source linked,COCO photograph 343218; original title not supplied,bounding-box crop; per-image original license retained,http://images.cocodataset.org/val2017/000000343218.jpg,ff45d2490e8dfa3d775ddf5ea378d835cdec56eed9c33190c9a00cfd584e7871,a92613557d594f4be3d993fedb4b12544906b992a1a6c846b0a36040301e9bc7,not specified by COCO image metadata; not claimed Atyrau,2013-11-23 04:07:15
2169621,542625,542625,not_available_still_image,car,3,processed/crops/2169621.png,raw/images/000000542625.jpg,520.33,149.98,119.67,78.2,640,480,0,4,Attribution License,http://creativecommons.org/licenses/by/2.0/,http://farm8.staticflickr.com/7415/9089660689_e77a462f81_z.jpg,https://www.flickr.com/photo.gne?id=9089660689,not supplied in COCO metadata; original Flickr source linked,COCO photograph 542625; original title not supplied,bounding-box crop; per-image original license retained,http://images.cocodataset.org/val2017/000000542625.jpg,96bcf0e82d56c029bbb5f440727dbd0daf156a14327a5a83d6fd68ba67f62712,b4d0f37b09e11a86b2d9de24de191035e49f1d36c0d45d83c837538d0abab89c,not specified by COCO image metadata; not claimed Atyrau,2013-11-16 23:00:05
2169655,521259,521259,not_available_still_image,car,3,processed/crops/2169655.png,raw/images/000000521259.jpg,0.0,120.35,58.48,102.98,640,457,0,4,Attribution License,http://creativecommons.org/licenses/by/2.0/,http://farm9.staticflickr.com/8050/8115935734_0ff6dcfd4e_z.jpg,https://www.flickr.com/photo.gne?id=8115935734,not supplied in COCO metadata; original Flickr source linked,COCO photograph 521259; original title not supplied,bounding-box crop; per-image original license retained,http://images.cocodataset.org/val2017/000000521259.jpg,95040dd15929de9ee3e0bdb17dc8455197cee814a2293a42c5cccd537565c0ac,d236100c435452d4c7f2a553621144cd2fdf7118b3336a843289c9add036d11d,not specified by COCO image metadata; not claimed Atyrau,2013-11-18 12:15:58
2169694,542625,542625,not_available_still_image,car,3,processed/crops/2169694.png,raw/images/000000542625.jpg,286.75,221.92,353.25,256.83,640,480,0,4,Attribution License,http://creativecommons.org/licenses/by/2.0/,http://farm8.staticflickr.com/7415/9089660689_e77a462f81_z.jpg,https://www.flickr.com/photo.gne?id=9089660689,not supplied in COCO metadata; original Flickr source linked,COCO photograph 542625; original title not supplied,bounding-box crop; per-image original license retained,http://images.cocodataset.org/val2017/000000542625.jpg,96bcf0e82d56c029bbb5f440727dbd0daf156a14327a5a83d6fd68ba67f62712,a4d9e21e3334a075f7a05f5441bdf8f642b3a5ca300dd13205136cd728f66090,not specified by COCO image metadata; not claimed Atyrau,2013-11-16 23:00:05
2170182,161128,161128,not_available_still_image,car,3,processed/crops/2170182.png,raw/images/000000161128.jpg,0.0,391.1,49.79,47.32,375,500,0,2,Attribution-NonCommercial License,http://creativecommons.org/licenses/by-nc/2.0/,http://farm4.staticflickr.com/3189/2756663393_1c18fbf0be_z.jpg,https://www.flickr.com/photo.gne?id=2756663393,not supplied in COCO metadata; original Flickr source linked,COCO photograph 161128; original title not supplied,bounding-box crop; per-image original license retained,http://images.cocodataset.org/val2017/000000161128.jpg,4698f1cd6364d17702a85bb16dc91c0059429baf5f37bf7fcb848138f1c7035b,1b94205bdcc4c46106d38a5dda8cd3bcab36c63c08cae79720239be2801cf28f,not specified by COCO image metadata; not claimed Atyrau,2013-11-17 03:04:46
2170286,147338,147338,not_available_still_image,car,3,processed/crops/2170286.png,raw/images/000000147338.jpg,0.0,76.06,185.08,134.65,480,640,0,1,Attribution-NonCommercial-ShareAlike License,http://creativecommons.org/licenses/by-nc-sa/2.0/,http://farm3.staticflickr.com/2503/3725350954_8d20f6769b_z.jpg,https://www.flickr.com/photo.gne?id=3725350954,not supplied in COCO metadata; original Flickr source linked,COCO photograph 147338; original title not supplied,bounding-box crop; per-image original license retained,http://images.cocodataset.org/val2017/000000147338.jpg,1340659ee42c04143b39b031f8c7345d08b7f54753d9b75638bc6c81b084b2d1,30daade2d9ff8359a9fc7b82e5ada0aa6bfc954273190209da5180284e49970a,not specified by COCO image metadata; not claimed Atyrau,2013-11-16 22:52:44
2171563,353180,353180,not_available_still_image,bus,6,processed/crops/2171563.png,raw/images/000000353180.jpg,204.1,78.33,235.97,127.73,640,420,0,2,Attribution-NonCommercial License,http://creativecommons.org/licenses/by-nc/2.0/,http://farm8.staticflickr.com/7447/10023651645_1c49d4563f_z.jpg,https://www.flickr.com/photo.gne?id=10023651645,not supplied in COCO metadata; original Flickr source linked,COCO photograph 353180; original title not supplied,bounding-box crop; per-image original license retained,http://images.cocodataset.org/val2017/000000353180.jpg,8e26e9fb14e54e7f2ccb2a2188e548bdf136e2878df5b68a2d8078499a056380,edcf2ded61f71f32f6a799b7ef32ddccb64a586e3f7bcc76521bc566bfc9416f,not specified by COCO image metadata; not claimed Atyrau,2013-11-16 19:42:17
2171879,6040,6040,not_available_still_image,truck,8,processed/crops/2171879.png,raw/images/000000006040.jpg,0.0,158.22,55.07,52.84,640,351,0,1,Attribution-NonCommercial-ShareAlike License,http://creativecommons.org/licenses/by-nc-sa/2.0/,http://farm6.staticflickr.com/5443/9806416495_092ff072f4_z.jpg,https://www.flickr.com/photo.gne?id=9806416495,not supplied in COCO metadata; original Flickr source linked,COCO photograph 6040; original title not supplied,bounding-box crop; per-image original license retained,http://images.cocodataset.org/val2017/000000006040.jpg,ac74264bbc3356e0cb87cdc2edac2e2f7e519ae2c16b0a4e2b943a695163ebf6,1e719a4ee4b87c8bcd47ae17374b09bc33050878999c42eba296db4aea4d9283,not specified by COCO image metadata; not claimed Atyrau,2013-11-17 04:30:15
2172005,400815,400815,not_available_still_image,truck,8,processed/crops/2172005.png,raw/images/000000400815.jpg,1.11,0.0,638.89,425.89,640,427,0,2,Attribution-NonCommercial License,http://creativecommons.org/licenses/by-nc/2.0/,http://farm3.staticflickr.com/2423/5751833621_882027b392_z.jpg,https://www.flickr.com/photo.gne?id=5751833621,not supplied in COCO metadata; original Flickr source linked,COCO photograph 400815; original title not supplied,bounding-box crop; per-image original license retained,http://images.cocodataset.org/val2017/000000400815.jpg,2b12954b33d24104b1c77ed71d924c579f6a2b7d9d00de617b7ca8ce17ff340d,9df784e33bbda7c7868390288b05caff7598f2c9fc04d60e454c252ec43f9991,not specified by COCO image metadata; not claimed Atyrau,2013-11-18 10:37:21
2198738,475484,475484,not_available_still_image,car,3,processed/crops/2198738.png,raw/images/000000475484.jpg,140.78,337.45,130.94,51.43,426,640,0,2,Attribution-NonCommercial License,http://creativecommons.org/licenses/by-nc/2.0/,http://farm8.staticflickr.com/7178/6922230747_2f4dc0572f_z.jpg,https://www.flickr.com/photo.gne?id=6922230747,not supplied in COCO metadata; original Flickr source linked,COCO photograph 475484; original title not supplied,bounding-box crop; per-image original license retained,http://images.cocodataset.org/val2017/000000475484.jpg,e1f307ba2c5905702d019ae7aeea4a18fa24e6fb412f33acffe906ea7e03d838,9c0003ff2f8cf004fbb4fb5403a108cac77759e02710bf1d3546ee5f694bd4a2,not specified by COCO image metadata; not claimed Atyrau,2013-11-17 11:16:03
2209309,308328,308328,not_available_still_image,truck,8,processed/crops/2209309.png,raw/images/000000308328.jpg,71.11,77.04,323.56,263.11,640,480,0,1,Attribution-NonCommercial-ShareAlike License,http://creativecommons.org/licenses/by-nc-sa/2.0/,http://farm8.staticflickr.com/7012/6703946359_4a9c6d09c7_z.jpg,https://www.flickr.com/photo.gne?id=6703946359,not supplied in COCO metadata; original Flickr source linked,COCO photograph 308328; original title not supplied,bounding-box crop; per-image original license retained,http://images.cocodataset.org/val2017/000000308328.jpg,58a5b249b1f0f9b33ac2a3fc00fb7217e359a6430d300f637397dcef9c91e2b7,957018d74eb2ae5614a8a6a95533d7ea7359041f9f4a1ba87d5172e9e8d6e790,not specified by COCO image metadata; not claimed Atyrau,2013-11-18 10:33:28
2209341,9769,9769,not_available_still_image,truck,8,processed/crops/2209341.png,raw/images/000000009769.jpg,84.55,187.85,379.28,188.88,640,480,0,1,Attribution-NonCommercial-ShareAlike License,http://creativecommons.org/licenses/by-nc-sa/2.0/,http://farm8.staticflickr.com/7031/6692874313_fcd3117f7f_z.jpg,https://www.flickr.com/photo.gne?id=6692874313,not supplied in COCO metadata; original Flickr source linked,COCO photograph 9769; original title not supplied,bounding-box crop; per-image original license retained,http://images.cocodataset.org/val2017/000000009769.jpg,f5e6d63081ba8fbb2a59770144d7c2350de6a1a8288e15565df7dd1bd87d85bf,24e17b63d4256fef2fcd30cbca872087d2c02246a5b30d04852cd26cae408e59,not specified by COCO image metadata; not claimed Atyrau,2013-11-17 21:33:15
2209342,308328,308328,not_available_still_image,truck,8,processed/crops/2209342.png,raw/images/000000308328.jpg,386.37,41.48,224.0,203.85,640,480,0,1,Attribution-NonCommercial-ShareAlike License,http://creativecommons.org/licenses/by-nc-sa/2.0/,http://farm8.staticflickr.com/7012/6703946359_4a9c6d09c7_z.jpg,https://www.flickr.com/photo.gne?id=6703946359,not supplied in COCO metadata; original Flickr source linked,COCO photograph 308328; original title not supplied,bounding-box crop; per-image original license retained,http://images.cocodataset.org/val2017/000000308328.jpg,58a5b249b1f0f9b33ac2a3fc00fb7217e359a6430d300f637397dcef9c91e2b7,042e3690905a55b57554f315af463af1fe6f00ae174a8082a5bdea25269a8a7a,not specified by COCO image metadata; not claimed Atyrau,2013-11-18 10:33:28
