date,value_ugm3,lag1,lag2,lag3,lag7,lag14,rolling_mean3,rolling_mean7,rolling_mean14,rolling_std7,sin_doy,cos_doy,sin_week,cos_week,latest_feature_date,split
2022-01-19,74.12068749999997,76.35722463768114,67.21063888888888,70.82370833333333,80.22448611111109,87.71497499999997,71.46385728663445,69.91550133712904,72.14043554498791,6.673079289494135,0.321057654185271,0.9470596510722283,0.9749279121818236,-0.22252093395631434,2022-01-18,train
2022-01-20,58.049231481481456,74.12068749999997,76.35722463768114,67.21063888888888,63.88089583333331,,72.56285034219,69.04353010697031,70.4411496074879,5.373794594044461,0.3373010691361842,0.9413968285264122,0.43388373911755823,-0.900968867902419,2022-01-19,train
2022-01-21,60.81605555555554,58.049231481481456,74.12068749999997,76.35722463768114,61.26811111111109,,69.5090478730542,68.21043519956291,69.06426981570941,6.61600949444787,0.3534446712740877,0.9354554315134164,-0.433883739117558,-0.9009688679024191,2022-01-20,train
2022-01-22,76.23218840579709,60.81605555555554,58.049231481481456,74.12068749999997,69.64344444444443,,64.32865817901232,68.14585583448353,68.23944838969402,6.69678135243093,0.3694836834473831,0.9292372181882051,-0.9749279121818236,-0.2225209339563146,2022-01-21,train
2022-01-23,78.9987847222222,76.23218840579709,60.81605555555554,58.049231481481456,70.82370833333333,,65.03249181427803,69.08710497181963,68.96606111843067,7.371404616636852,0.38541335945432564,0.9227440286201427,-0.7818314824680299,0.6234898018587334,2022-01-22,train
2022-01-24,83.24402777777775,78.9987847222222,76.23218840579709,60.81605555555554,67.21063888888888,,72.01567622785828,70.25497302737519,69.80212141874662,8.28355629954169,0.4012289854475009,0.9159777842484877,0.0,1.0,2022-01-23,train
2022-01-25,63.76247222222221,83.24402777777775,78.9987847222222,76.23218840579709,76.35722463768114,,79.491666968599,72.54545715435931,70.83611421559517,9.437753793642681,0.4169258813287287,0.908940487313808,0.7818314824680298,0.6234898018587336,2022-01-24,train
2022-01-26,90.5976597222222,63.76247222222221,83.24402777777775,78.9987847222222,74.12068749999997,80.22448611111109,75.3350949074074,70.74620680929374,70.33085407321138,9.784148066798387,0.4324994021339788,0.901634220265486,0.9749279121818236,-0.22252093395631434,2022-01-25,train
2022-01-27,85.67270138888887,90.5976597222222,63.76247222222221,83.24402777777775,58.049231481481456,63.88089583333331,79.20138657407405,73.10005998389691,71.07179504543362,12.371243603665109,0.44794493940789115,0.8940611451454876,0.43388373911755823,-0.900968867902419,2022-01-26,train
2022-01-28,78.93062499999998,85.67270138888887,90.5976597222222,63.76247222222221,60.81605555555554,61.26811111111109,80.01094444444443,77.0462699706694,72.62835258511616,11.111719565986979,0.4632579225674917,0.88622350294858,-0.433883739117558,-0.9009688679024191,2022-01-27,train
2022-01-29,69.53506944444443,78.93062499999998,85.67270138888887,90.5976597222222,76.23218840579709,69.64344444444443,85.06699537037036,79.63406560559005,73.88996072003678,8.505645188716551,0.4784338202547012,0.8781236129591848,-0.9749279121818236,-0.2225209339563146,2022-01-28,train
2022-01-30,68.2698611111111,69.53506944444443,78.93062499999998,85.67270138888887,78.9987847222222,70.82370833333333,78.04613194444444,78.67733432539681,73.88221964860823,9.292341041962846,0.49346814167723735,0.8697638720650646,-0.7818314824680299,0.6234898018587334,2022-01-29,train
2022-01-31,80.1543913043478,68.2698611111111,69.53506944444443,78.93062499999998,83.24402777777775,67.21063888888888,72.24518518518518,77.14463095238094,73.69980198987805,10.081778308593497,0.5083564379375122,0.8611467540480452,0.0,1.0,2022-01-30,train
2022-02-01,72.43262499999999,80.1543913043478,68.2698611111111,69.53506944444443,63.76247222222221,76.35722463768114,72.65310728663445,76.7032543133195,74.62435573383941,9.834851681323626,0.5230943033491326,0.8522748088519838,0.7818314824680298,0.6234898018587336,2022-01-31,train
2022-02-02,62.00770138888887,72.43262499999999,80.1543913043478,68.2698611111111,90.5976597222222,74.12068749999997,73.6189591384863,77.94184756728775,74.34402718829075,8.370399098638158,0.5376773767406141,0.8431506618282,0.9749279121818236,-0.22252093395631434,2022-02-01,train
2022-02-03,67.80763194444444,62.00770138888887,72.43262499999999,80.1543913043478,85.67270138888887,58.049231481481456,71.53157256441223,73.85756780538301,73.47881389463997,8.1377672136563,0.5521013427459208,0.8337770129585915,0.43388373911755823,-0.900968867902419,2022-02-02,train
2022-02-04,58.07828472222221,67.80763194444444,62.00770138888887,72.43262499999999,78.93062499999998,60.81605555555554,67.41598611111111,71.30541502760524,74.17584249913732,6.438807952039795,0.5663619330814524,0.8241566360566663,-0.433883739117558,-0.9009688679024191,2022-02-03,train
2022-02-05,66.14312499999998,58.07828472222221,67.80763194444444,62.00770138888887,69.53506944444443,76.23218840579709,62.63120601851852,68.32650927363697,73.98028743961352,7.111557255796146,0.580454927809098,0.8142923779467267,-0.9749279121818236,-0.2225209339563146,2022-02-04,train
2022-02-06,64.81819444444443,66.14312499999998,58.07828472222221,67.80763194444444,68.2698611111111,78.9987847222222,64.00968055555556,67.84194578157349,73.25964005348514,7.1310169490966056,0.5943761565849831,0.804187157621448,-0.7818314824680299,0.6234898018587334,2022-02-05,train
2022-02-07,80.62028472222221,64.81819444444443,66.14312499999998,58.07828472222221,80.1543913043478,83.24402777777775,63.01320138888889,67.34885054347825,72.24674074792959,7.2153352496901695,0.6081214998935418,0.7938439653781019,0.0,1.0,2022-02-06,train
2022-02-08,71.78757638888888,80.62028472222221,64.81819444444443,66.14312499999998,72.43262499999999,63.76247222222221,70.52720138888888,67.41540674603173,72.05933052967562,7.353961058258361,0.6216868902665479,0.7832658619336791,0.7818314824680298,0.6234898018587336,2022-02-07,train
2022-02-09,88.0534722222222,71.78757638888888,80.62028472222221,64.81819444444443,62.00770138888887,90.5976597222222,72.40868518518518,67.32325694444442,72.6325522558661,7.284325715245529,0.6350683134867438,0.7724559775191742,0.9749279121818236,-0.22252093395631434,2022-02-08,train
2022-02-10,72.35777777777776,88.0534722222222,71.78757638888888,80.62028472222221,67.80763194444444,85.67270138888887,80.15377777777776,71.04408134920634,72.45082457729467,10.189401042227146,0.6482618097757122,0.7614175109532997,0.43388373911755823,-0.900968867902419,2022-02-09,train
2022-02-11,67.15084027777776,72.35777777777776,88.0534722222222,71.78757638888888,58.07828472222221,78.93062499999998,77.39960879629628,71.69410218253968,71.49975860507244,10.093206176817855,0.6612634749656386,0.7501537286959042,-0.433883739117558,-0.9009688679024191,2022-02-10,train
2022-02-12,77.45672916666663,67.15084027777776,72.35777777777776,88.0534722222222,66.14312499999998,69.53506944444443,75.8540300925926,72.99018154761903,70.658345410628,8.512039093200183,0.6740694616546161,0.7386679638813748,-0.9749279121818236,-0.2225209339563146,2022-02-11,train
2022-02-13,82.56415277777775,77.45672916666663,67.15084027777776,72.35777777777776,64.81819444444443,68.2698611111111,72.3217824074074,74.6064107142857,71.22417824792959,8.0572053093039,0.6866759803451553,0.726963615332308,-0.7818314824680299,0.6234898018587334,2022-02-12,train
2022-02-14,83.8053611111111,82.56415277777775,77.45672916666663,67.15084027777776,80.62028472222221,80.1543913043478,75.7239074074074,77.1415476190476,72.24519908126292,7.211557754747322,0.6990793005655562,0.7150441465537444,0.0,1.0,2022-02-13,train
2022-02-15,72.9116111111111,83.8053611111111,82.56415277777775,77.45672916666663,71.78757638888888,72.43262499999999,81.27541435185184,77.59655853174601,72.50598263888887,7.559706182668073,0.7112757519738152,0.7029130847082615,0.7818314824680298,0.6234898018587336,2022-02-14,train
2022-02-18,77.70063888888886,75.90593749999998,,72.9116111111111,67.15084027777776,58.07828472222221,74.40877430555555,76.63243865740738,73.97333440170938,6.190130421403026,0.746588114532413,0.6652865452111116,-0.433883739117558,-0.9009688679024191,2022-02-17,train
2022-02-19,69.11832638888887,77.70063888888886,75.90593749999998,,77.45672916666663,66.14312499999998,76.80328819444443,78.3907384259259,75.48274626068374,4.105586647873993,0.7579216274973472,0.6523456189565257,-0.9749279121818236,-0.2225209339563146,2022-02-18,train
2022-02-22,71.97917361111111,64.92106944444443,,69.11832638888887,72.9116111111111,71.78757638888888,67.01969791666667,72.11151666666665,75.31112442129627,5.170536410517584,0.7905633969115482,0.612380204990065,0.7818314824680298,0.6234898018587336,2022-02-21,train
2022-02-24,73.44045833333332,67.38299305555553,71.97917361111111,64.92106944444443,75.90593749999998,72.35777777777776,68.09441203703703,71.16802314814812,73.6045509259259,4.966548219401296,0.8111602420785621,0.5848239578463322,0.43388373911755823,-0.900968867902419,2022-02-23,train
2022-02-25,73.22611805555555,73.44045833333332,67.38299305555553,71.97917361111111,77.70063888888886,67.15084027777776,70.93420833333333,70.75710995370369,73.69477430555554,4.583362028541129,0.8211001178128892,0.5707841943569036,-0.433883739117558,-0.9009688679024191,2022-02-24,train
2022-02-26,84.16745138888889,73.22611805555555,73.44045833333332,67.38299305555553,69.11832638888887,77.45672916666663,71.34985648148148,70.01135648148147,74.20104745370368,3.452029979841713,0.8307970168121247,0.5565755266413303,-0.9749279121818236,-0.2225209339563146,2022-02-25,train
2022-02-28,72.25187499999997,86.03027777777775,84.16745138888889,73.22611805555555,64.92106944444443,83.8053611111111,81.1412824074074,74.4496488095238,75.04911805555554,7.936170814302319,0.8494504794814806,0.527668345562516,0.0,1.0,2022-02-27,train
2022-03-03,72.60661805555554,70.94788888888887,,72.25187499999997,73.44045833333332,75.90593749999998,71.59988194444443,76.67734490740739,73.92268402777776,6.608765391924029,0.8755389928586302,0.4831474640149687,0.43388373911755823,-0.900968867902419,2022-03-02,train
2022-03-04,53.68856944444442,72.60661805555554,70.94788888888887,,73.22611805555555,77.70063888888886,71.77725347222221,76.53837152777776,73.64774074074073,6.69860285186331,0.8837203473619977,0.4680153284438345,-0.433883739117558,-0.9009688679024191,2022-03-03,train
2022-03-05,82.2614861111111,53.68856944444442,72.60661805555554,70.94788888888887,84.16745138888889,69.11832638888887,65.74769212962961,73.2821134259259,71.64673495370369,11.592062215697037,0.8916401947968874,0.45274469960737107,-0.9749279121818236,-0.2225209339563146,2022-03-04,train
2022-03-06,64.41522916666665,82.2614861111111,53.68856944444442,72.60661805555554,86.03027777777775,,69.51889120370369,72.96445254629627,72.74199826388887,11.255333248800753,0.8992961915530253,0.4373400963303323,-0.7818314824680299,0.6234898018587334,2022-03-05,train
2022-03-07,83.82002272727271,64.41522916666665,82.2614861111111,53.68856944444442,72.25187499999997,64.92106944444443,66.78842824074074,69.36194444444442,72.10147756410255,9.569928697535133,0.9066860720977985,0.4218060770826634,0.0,1.0,2022-03-06,train
2022-03-09,59.56073913043477,81.12734027777778,83.82002272727271,64.41522916666665,70.94788888888887,67.38299305555553,76.45419739057239,72.6953078102453,74.25894832944832,10.948724166250065,0.9206588168102428,0.3903682146763026,0.9749279121818236,-0.22252093395631434,2022-03-08,train
2022-03-10,52.117499999999986,59.56073913043477,81.12734027777778,83.82002272727271,72.60661805555554,73.44045833333332,74.83603404516177,71.06857213046614,73.65723648905441,12.042887969853453,0.9272375462179537,0.374473674486883,0.43388373911755823,-0.900968867902419,2022-03-09,train
2022-03-11,65.00962499999997,52.117499999999986,59.56073913043477,81.12734027777778,53.68856944444442,73.22611805555555,64.2685264694042,68.14155526538677,72.01700892495184,13.94628062396253,0.9335418911179212,0.35846832151248087,-0.433883739117558,-0.9009688679024191,2022-03-10,train
2022-03-12,71.19368055555553,65.00962499999997,52.117499999999986,59.56073913043477,82.2614861111111,84.16745138888889,58.89595471014493,69.75884891618043,71.38497099760141,12.580429088008623,0.9395699859530622,0.342356891994542,-0.9749279121818236,-0.2225209339563146,2022-03-11,train
2022-03-13,66.83281249999999,71.19368055555553,65.00962499999997,52.117499999999986,64.41522916666665,86.03027777777775,62.77360185185184,68.17773383681534,70.38698862580654,11.38600388617825,0.945320046913132,0.3261441535642696,-0.7818314824680299,0.6234898018587334,2022-03-12,train
2022-03-14,63.14149305555554,66.83281249999999,71.19368055555553,65.00962499999997,83.82002272727271,72.25187499999997,67.67870601851851,68.5231028844344,68.91026052751594,11.289109210003796,0.9507903724625832,0.3098349038318025,0.0,1.0,2022-03-13,train
2022-03-15,84.53422222222221,63.14149305555554,66.83281249999999,71.19368055555553,81.12734027777778,,67.05599537037037,65.56902721704623,68.20946191640483,9.115407714997641,0.9559793438440766,0.2934339689665273,0.7818314824680298,0.6234898018587336,2022-03-14,train
2022-03-16,73.39043055555554,84.53422222222221,63.14149305555554,66.83281249999999,59.56073913043477,70.94788888888887,71.5028425925926,66.05572463768115,69.37551622396322,10.120139512359215,0.9608854255574977,0.27694620226893646,0.9749279121818236,-0.22252093395631434,2022-03-15,train
2022-03-17,62.06693749999999,73.39043055555554,84.53422222222221,63.14149305555554,52.117499999999986,72.60661805555554,73.68871527777777,68.03139484126983,69.54998348586798,9.989940835548964,0.9655071658143364,0.2603764827344581,0.43388373911755823,-0.900968867902419,2022-03-16,train
2022-03-18,69.53722222222221,62.06693749999999,73.39043055555554,84.53422222222221,65.00962499999997,53.68856944444442,73.33053009259258,69.45274305555554,68.79714916047115,7.820641432769172,0.969843196967294,0.24372971360968387,-0.433883739117558,-0.9009688679024191,2022-03-17,train
2022-03-19,70.45589583333333,69.53722222222221,62.06693749999999,73.39043055555554,71.19368055555553,82.2614861111111,68.33153009259259,70.09954265873014,69.92919578745528,7.575310610870521,0.9738922359149924,0.22701082094141847,-0.9749279121818236,-0.2225209339563146,2022-03-18,train
2022-03-20,48.24576388888888,70.45589583333333,69.53722222222221,62.06693749999999,66.83281249999999,64.41522916666665,67.35335185185185,69.99414484126983,69.08593933904258,7.562672301676916,0.9776530844816641,0.2102247521189836,-0.7818314824680299,0.6234898018587334,2022-03-19,train
2022-03-21,59.825791666666646,48.24576388888888,70.45589583333333,69.53722222222221,63.14149305555554,83.82002272727271,62.74629398148149,67.33885218253967,67.93097753348702,11.230969624277677,0.981124629771712,0.19337647441020586,0.0,1.0,2022-03-20,train
2022-03-22,72.19220833333333,59.825791666666646,48.24576388888888,70.45589583333333,84.53422222222221,81.12734027777778,59.50915046296297,66.86518055555554,66.21710388630088,11.504099075340573,0.984305844499033,0.17647097349152166,0.7818314824680298,0.6234898018587336,2022-03-21,train
2022-03-23,64.67013888888887,72.19220833333333,59.825791666666646,48.24576388888888,73.39043055555554,59.56073913043477,60.08792129629631,65.10203571428569,65.57888017598343,9.023000301260165,0.9871957872910085,0.15951325197263655,0.9749279121818236,-0.22252093395631434,2022-03-22,train
2022-03-24,66.0476111111111,64.67013888888887,72.19220833333333,59.825791666666646,62.06693749999999,52.117499999999986,65.56271296296296,63.85627976190475,65.9438373015873,8.257450143072774,0.9897936029670716,0.14250832791617088,0.43388373911755823,-0.900968867902419,2022-03-23,train
2022-03-25,63.92844444444444,66.0476111111111,64.67013888888887,72.19220833333333,69.53722222222221,65.00962499999997,67.63665277777778,64.42494742063491,66.93884523809523,8.250751523358069,0.992098522791769,0.12546123335273648,-0.433883739117558,-0.9009688679024191,2022-03-24,train
2022-03-26,79.69263194444443,63.92844444444444,66.0476111111111,64.67013888888887,70.45589583333333,71.19368055555553,64.88206481481483,63.62369345238095,66.86161805555555,7.937952195078338,0.9941098647022418,0.10837701279187609,-0.9749279121818236,-0.2225209339563146,2022-03-25,train
2022-03-27,57.515236111111086,79.69263194444443,63.92844444444444,66.0476111111111,48.24576388888888,66.83281249999999,69.88956250000001,64.94322718253967,67.46868601190475,9.8099449568651,0.9958270335100595,0.09126072172931188,-0.7818314824680299,0.6234898018587334,2022-03-26,train
2022-03-28,69.20304166666666,57.515236111111086,79.69263194444443,63.92844444444444,59.825791666666646,63.14149305555554,67.0454375,66.26743749999999,66.80314484126983,7.544370533723245,0.9972495210773451,0.07411742515094437,0.0,1.0,2022-03-27,train
2022-03-31,80.19181249999998,79.41918055555554,,69.20304166666666,66.0476111111111,62.06693749999999,74.31111111111113,69.30102430555554,66.36923878205127,8.817327383733225,0.9997451236925734,0.022576263041545485,0.43388373911755823,-0.900968867902419,2022-03-30,train
2022-04-01,58.37181884057969,80.19181249999998,79.41918055555554,,63.92844444444444,69.53722222222221,79.80549652777779,71.65839120370369,67.76345993589743,9.627126350964975,0.9999855506507186,0.005375731557583884,-0.433883739117558,-0.9009688679024191,2022-03-31,train
2022-04-02,71.30968749999998,58.37181884057969,80.19181249999998,79.41918055555554,79.69263194444443,70.45589583333333,72.66093729871176,70.7322869363929,66.90458275269415,10.72420367638716,0.9999300657962057,-0.011826390691832589,-0.9749279121818236,-0.2225209339563146,2022-04-01,train
2022-04-03,67.82665277777777,71.30968749999998,58.37181884057969,80.19181249999998,57.515236111111086,48.24576388888888,69.9577729468599,69.33512952898549,66.97025903474544,9.832355142937791,0.9995786855478958,-0.029025013321975237,-0.7818314824680299,0.6234898018587334,2022-04-02,train
2022-04-04,83.76743749999999,67.82665277777777,71.30968749999998,58.37181884057969,69.20304166666666,59.825791666666646,65.8360530394525,71.05369897342995,68.47648125696766,8.102108051254739,0.9989315138848577,-0.046215046983708354,0.0,1.0,2022-04-03,train
2022-04-06,60.12289393939393,60.85947916666665,83.76743749999999,67.82665277777777,79.41918055555554,64.67013888888887,70.81785648148148,71.67800983436852,69.44639792363432,9.896369353934421,0.9967506498213929,-0.08054900421874167,0.9749279121818236,-0.22252093395631434,2022-04-05,train
2022-04-07,57.40679710144927,60.12289393939393,60.85947916666665,83.76743749999999,80.19181249999998,66.0476111111111,68.24993686868687,68.92139746063114,69.09660985059625,10.06670547808787,0.9952176027737294,-0.09768276782171598,0.43388373911755823,-0.900968867902419,2022-04-06,train
2022-04-08,68.18349305555553,57.40679710144927,60.12289393939393,60.85947916666665,58.37181884057969,63.92844444444444,59.46305673583664,65.66639526083819,68.43193184985304,9.481823366515716,0.9933900548258936,-0.11478762552212701,-0.433883739117558,-0.9009688679024191,2022-04-07,train
2022-04-09,71.33746527777777,68.18349305555553,57.40679710144927,60.12289393939393,71.30968749999998,79.69263194444443,61.90439469879959,67.06806300583473,68.75924328147697,8.933103930591137,0.9912685467787256,-0.13185851571739118,-0.9749279121818236,-0.2225209339563146,2022-04-08,train
2022-04-10,61.94574305555554,71.33746527777777,68.18349305555553,57.40679710144927,67.82665277777777,57.515236111111086,65.64258514492754,67.07203125980298,68.11653815327183,8.935308073306238,0.9888537064205885,-0.1488903868564548,-0.7818314824680299,0.6234898018587334,2022-04-09,train
2022-04-11,68.10906249999998,61.94574305555554,71.33746527777777,68.18349305555553,83.76743749999999,69.20304166666666,67.15556712962963,66.23190129948553,68.45734637976756,9.12694756253337,0.986146248341595,-0.16587819893463143,0.0,1.0,2022-04-10,train
2022-04-12,68.04204166666665,68.10906249999998,61.94574305555554,71.33746527777777,60.85947916666665,,67.13075694444444,63.99499058519981,68.37319413617782,5.177022123170147,0.9831469737221499,-0.1828169249850199,0.7818314824680298,0.6234898018587336,2022-04-11,train
2022-04-13,68.12857638888887,68.04204166666665,68.10906249999998,61.94574305555554,60.12289393939393,79.41918055555554,66.03228240740741,65.02107094234266,68.34954038835559,5.163762399126726,0.9798567700958665,-0.1997015525660636,0.9749279121818236,-0.22252093395631434,2022-04-12,train
2022-04-14,74.47163194444444,68.12857638888887,68.04204166666665,68.10906249999998,57.40679710144927,80.19181249999998,68.09322685185185,66.16473986369908,67.54306866216511,4.769613097938775,0.9762766110869321,-0.21652708524481437,0.43388373911755823,-0.900968867902419,2022-04-13,train
2022-04-15,73.5670972222222,74.47163194444444,68.12857638888887,68.04204166666665,68.18349305555553,58.37181884057969,70.21408333333333,68.60257341269839,67.1344843367683,3.8121936456170746,0.9724075561219968,-0.23328854407545518,-0.433883739117558,-0.9009688679024191,2022-04-14,train
2022-04-16,74.25478472222221,73.5670972222222,74.47163194444444,68.12857638888887,71.33746527777777,71.30968749999998,72.05576851851852,69.3716597222222,68.21986136402846,4.233346477654286,0.9682507501166718,-0.2499809690726521,-0.9749279121818236,-0.2225209339563146,2022-04-15,train
2022-04-17,72.81102083333332,74.25478472222221,73.5670972222222,74.47163194444444,61.94574305555554,67.82665277777777,74.09783796296297,69.78841964285712,68.43022545133006,4.587883151346364,0.9638074231367307,-0.26659942067929354,-0.7818314824680299,0.6234898018587334,2022-04-16,train
2022-04-18,79.28699305555556,72.81102083333332,74.25478472222221,73.5670972222222,68.10906249999998,83.76743749999999,73.54430092592594,71.34060218253966,68.78625174101259,3.0837120031611844,0.9590788900341131,-0.28313898122818354,0.0,1.0,2022-04-17,train
2022-04-19,56.77852083333332,79.28699305555556,72.81102083333332,74.25478472222221,68.04204166666665,60.85947916666665,75.45093287037038,72.93744940476189,68.46621999498085,3.91383252366388,0.9540665500578387,-0.2995947563972602,0.7818314824680298,0.6234898018587336,2022-04-18,train
2022-04-20,88.27030434782606,56.77852083333332,79.28699305555556,72.81102083333332,68.12857638888887,60.12289393939393,69.62551157407408,71.32837499999998,68.17472297117133,7.198733947873988,0.9487718864399473,-0.31596187665790293,0.9749279121818236,-0.22252093395631434,2022-04-19,train
2022-04-21,67.43722916666665,88.27030434782606,56.77852083333332,79.28699305555556,74.47163194444444,57.40679710144927,74.77860607890499,74.2057647084196,70.18525228605934,9.396500065182737,0.9431964659565866,-0.33223549871590435,0.43388373911755823,-0.900968867902419,2022-04-20,train
2022-04-22,53.12245454545453,67.43722916666665,88.27030434782606,56.77852083333332,73.5670972222222,68.18349305555553,70.8286847826087,73.20085002587989,70.90171171928915,9.733436308316875,0.9373419384643772,-0.3484108069446808,-0.433883739117558,-0.9009688679024191,2022-04-21,train
2022-04-23,64.76340277777776,53.12245454545453,67.43722916666665,88.27030434782606,74.25478472222221,71.33746527777777,69.60999601998243,70.28018678634166,69.82592325428193,12.32703401712654,0.9312100364121947,-0.3644830148102912,-0.9749279121818236,-0.2225209339563146,2022-04-22,train
2022-04-24,81.74397101449274,64.76340277777776,53.12245454545453,67.43722916666665,72.81102083333332,61.94574305555554,61.774362163299664,68.92427507999246,69.3563473614248,12.33898028683694,0.9248025743285089,-0.38044736628785164,-0.7818314824680299,0.6234898018587334,2022-04-23,train
2022-04-25,86.15361666666665,81.74397101449274,64.76340277777776,53.12245454545453,79.28699305555556,68.10906249999998,66.54327611257503,70.2004108201581,70.77050650134888,13.23719986392099,0.9181214482844364,-0.39629913726891813,0.0,1.0,2022-04-24,train
2022-04-26,61.65052898550723,86.15361666666665,81.74397101449274,64.76340277777776,56.77852083333332,68.04204166666665,77.5536634863124,71.18135705031682,72.05940322753936,14.239287042893785,0.9111686353326631,-0.41203363695942635,0.7818314824680298,0.6234898018587336,2022-04-25,train
2022-04-27,63.37992361111108,61.65052898550723,86.15361666666665,81.74397101449274,88.27030434782606,68.12857638888887,76.5160388888889,71.87735821491309,71.60286660745653,13.5188007487068,0.9039461929224011,-0.42764620926777464,0.9749279121818236,-0.22252093395631434,2022-04-26,train
2022-04-28,81.26989583333331,63.37992361111108,61.65052898550723,86.15361666666665,67.43722916666665,74.47163194444444,70.39468975442834,68.32158953823952,71.26367712332954,11.629854669876014,0.8964562582905575,-0.44313223418263453,0.43388373911755823,-0.900968867902419,2022-04-27,train
2022-05-01,87.78194444444443,76.48384027777776,,81.26989583333331,81.74397101449274,72.81102083333332,78.87686805555556,75.11362939814813,71.78090014991047,10.242604818421274,0.8724040568049612,-0.48878539428899265,-0.7818314824680299,0.6234898018587334,2022-04-30,train
2022-05-02,78.82649999999998,87.78194444444443,76.48384027777776,,86.15361666666665,79.28699305555556,82.13289236111113,76.11995830314008,72.93250965845746,11.269457451930752,0.8638670987837349,-0.503719798736334,0.0,1.0,2022-05-01,train
2022-05-03,63.35840277777776,78.82649999999998,87.78194444444443,76.48384027777776,61.65052898550723,56.77852083333332,81.03076157407408,74.89877219202897,72.89708711572243,10.321885980744371,0.8550745085896932,-0.518505144391157,0.7818314824680298,0.6234898018587336,2022-05-02,train
2022-05-04,71.03947916666665,63.35840277777776,78.82649999999998,87.78194444444443,63.37992361111108,88.27030434782606,76.65561574074076,75.18341782407406,73.40323188067968,9.898330064618149,0.8460288880917339,-0.533137056031809,0.9749279121818236,-0.22252093395631434,2022-05-03,train
2022-05-05,70.49405072463766,71.03947916666665,63.35840277777776,78.82649999999998,81.26989583333331,67.43722916666665,71.07479398148149,76.46001041666665,72.07778378982128,8.461161981864567,0.8367329140344921,-0.5476112038402312,0.43388373911755823,-0.900968867902419,2022-05-04,train
2022-05-07,55.45502083333332,69.41139855072461,70.49405072463766,71.03947916666665,76.48384027777776,64.76340277777776,70.31497614734299,73.91365942028985,73.56591960237827,7.902632401101684,0.8174009818249189,-0.5760691233798758,-0.9749279121818236,-0.2225209339563146,2022-05-06,train
2022-05-08,58.371527777777764,55.45502083333332,69.41139855072461,70.49405072463766,87.78194444444443,81.74397101449274,65.12015670289856,70.90954235679777,72.8498902220364,10.373460261063489,0.8073707443023492,-0.5900444739548627,-0.7818314824680299,0.6234898018587334,2022-05-07,train
2022-05-09,62.605402777777776,58.371527777777764,55.45502083333332,69.41139855072461,78.82649999999998,86.15361666666665,61.07931572061192,66.70805426155968,71.05200997305832,8.10975142038557,0.7971015927871943,-0.6038452208771035,0.0,1.0,2022-05-08,train
2022-05-10,54.024861111111086,62.605402777777776,58.371527777777764,55.45502083333332,63.35840277777776,61.65052898550723,58.810650462962975,64.39075465838508,69.24060890468226,6.150803315129024,0.7865965660866021,-0.6174672802835514,0.7818314824680298,0.6234898018587336,2022-05-09,train
2022-05-11,67.7886111111111,54.024861111111086,62.605402777777776,58.371527777777764,71.03947916666665,63.37992361111108,58.33393055555556,63.057391563146986,68.65401906819025,7.313632102111702,0.7758587728069828,-0.6309066211876704,0.9749279121818236,-0.22252093395631434,2022-05-10,train
2022-05-12,75.75354166666665,67.7886111111111,54.024861111111086,62.605402777777776,70.49405072463766,81.26989583333331,61.47295833333334,62.59298184092476,68.99314887588255,6.80803775352274,0.7648913904341225,-0.6441592666722685,0.43388373911755823,-0.900968867902419,2022-05-11,train
2022-05-13,65.58483333333332,75.75354166666665,67.7886111111111,54.024861111111086,69.41139855072461,,65.8556712962963,63.34433768978604,68.56881393998512,8.009556421974693,0.753697664392914,-0.6572212950663319,-0.433883739117558,-0.9009688679024191,2022-05-12,train
2022-05-14,54.68674305555553,65.58483333333332,75.75354166666665,67.7886111111111,55.45502083333332,76.48384027777776,69.70899537037037,62.797685515873006,68.35567246808142,7.648929745444671,0.742280907086982,-0.6700888411055113,-0.9749279121818236,-0.2225209339563146,2022-05-13,train
2022-05-15,64.6742847222222,54.68674305555553,65.58483333333332,75.75354166666665,58.371527777777764,87.78194444444443,65.34170601851852,62.68793154761903,66.7987369522084,7.776300522785265,0.7306444969184916,-0.6827580970759147,-0.7818314824680299,0.6234898018587334,2022-05-14,train
2022-05-16,66.2346597222222,64.6742847222222,54.68674305555553,65.58483333333332,62.605402777777776,78.82649999999998,61.648620370370374,63.588325396825375,65.14818982919253,7.554958556781987,0.7187918772884232,-0.6952253139408722,0.0,1.0,2022-05-15,train
2022-05-17,72.38437499999996,66.2346597222222,64.6742847222222,54.68674305555553,54.024861111111086,63.35840277777776,61.865229166666666,64.10679067460316,64.24877266649412,7.600654550158505,0.7067265555776158,-0.7074868024503348,0.7818314824680298,0.6234898018587336,2022-05-16,train
2022-05-18,71.51481944444441,72.38437499999996,66.2346597222222,64.6742847222222,67.7886111111111,71.03947916666665,67.76443981481482,66.72957837301585,64.89348496808142,6.65005875800234,0.6944521021088763,-0.719538934232584,0.9749279121818236,-0.22252093395631434,2022-05-17,train
2022-05-19,66.3968472222222,71.51481944444441,72.38437499999996,66.2346597222222,75.75354166666665,70.49405072463766,70.04461805555555,67.26189384920632,64.92743784506554,6.893634168773499,0.6819721490904629,-0.7313781428679254,0.43388373911755823,-0.900968867902419,2022-05-18,train
2022-05-20,64.57514583333331,66.3968472222222,71.51481944444441,72.38437499999996,65.58483333333332,69.41139855072461,70.09868055555556,65.9252232142857,64.63478045203587,5.79175501071063,0.6692903895412567,-0.7430009249440493,-0.433883739117558,-0.9009688679024191,2022-05-19,train
2022-05-21,56.36461111111108,64.57514583333331,66.3968472222222,71.51481944444441,54.68674305555553,55.45502083333332,67.49560416666667,65.78098214285711,64.28933382936506,5.814174660277047,0.6564105761979381,-0.7544038410927472,-0.9749279121818236,-0.2225209339563146,2022-05-20,train
2022-05-22,82.34733333333331,56.36461111111108,64.57514583333331,66.3968472222222,64.6742847222222,58.371527777777764,62.44553472222222,66.02067757936506,64.35430456349205,5.291683523016142,0.6433365204044917,-0.765583517007675,-0.7818314824680299,0.6234898018587334,2022-05-21,train
2022-05-23,67.83270833333331,82.34733333333331,56.36461111111108,64.57514583333331,66.2346597222222,62.605402777777776,67.76236342592593,68.54539880952379,66.06686210317459,8.04299778688776,0.6300720909843687,-0.7765366444428655,0.0,1.0,2022-05-22,train
2022-05-24,52.83279166666663,67.83270833333331,82.34733333333331,56.36461111111108,72.38437499999996,54.024861111111086,68.84821759259258,68.77369146825394,66.44024107142856,7.988976469885943,0.6166212130956382,-0.7872599821916922,0.7818314824680298,0.6234898018587336,2022-05-23,train
2022-05-25,65.81456944444442,52.83279166666663,67.83270833333331,82.34733333333331,71.51481944444441,67.7886111111111,67.67094444444444,65.98060813492062,66.35509325396823,9.741735981397731,0.6029878670694714,-0.7977503570459932,0.9749279121818236,-0.22252093395631434,2022-05-24,train
2022-05-26,53.48866666666665,65.81456944444442,52.83279166666663,67.83270833333331,66.3968472222222,75.75354166666665,62.160023148148134,65.16628670634918,66.21409027777774,9.435454042180599,0.5891760872322963,-0.8080046647350754,0.43388373911755823,-0.900968867902419,2022-05-25,train
2022-05-27,69.09572916666666,53.48866666666665,65.81456944444442,52.83279166666663,64.57514583333331,65.58483333333332,57.37867592592591,63.32226091269838,64.62374206349203,10.369958780109595,0.5751899607119775,-0.8180198708443174,-0.433883739117558,-0.9009688679024191,2022-05-26,train
2022-05-28,67.8635347222222,69.09572916666666,53.48866666666665,65.81456944444442,56.36461111111108,54.68674305555553,62.799655092592594,63.96805853174601,64.87452033730156,10.599214622704253,0.5610336262283677,-0.8277930117131022,-0.9749279121818236,-0.2225209339563146,2022-05-27,train
2022-05-31,51.191521739130415,66.55646527777776,,67.8635347222222,52.83279166666663,72.38437499999996,67.21000000000001,62.60862615740738,65.92827670940169,7.406762810572816,0.5175855102531889,-0.8556314858488706,0.7818314824680298,0.6234898018587336,2022-05-30,train
2022-06-01,93.47180555555553,51.191521739130415,66.55646527777776,,65.81456944444442,71.51481944444441,58.87399350845412,62.33508116948468,64.29805722779633,7.856653852695804,0.5027907197793043,-0.8644081744776648,0.9749279121818236,-0.22252093395631434,2022-05-31,train
2022-06-02,67.96579861111111,93.47180555555553,51.191521739130415,66.55646527777776,53.48866666666665,66.3968472222222,70.40659752415459,66.94462052133655,65.98705615942028,15.089974800683667,0.4878471454423119,-0.8729290708206411,0.43388373911755823,-0.900968867902419,2022-06-01,train
2022-06-03,60.05943055555554,67.96579861111111,93.47180555555553,51.191521739130415,69.09572916666666,64.57514583333331,70.87637530193238,69.35747584541062,66.10774472779634,13.591067530469411,0.47275920928627757,-0.881191653407483,-0.433883739117558,-0.9009688679024191,2022-06-02,train
2022-06-04,74.74369444444442,60.05943055555554,67.96579861111111,93.47180555555553,67.8635347222222,56.36461111111108,73.8323449074074,67.8514260768921,65.76038201412112,14.116384824350257,0.4575313760742512,-0.8891934772070711,-0.9749279121818236,-0.2225209339563146,2022-06-03,train
2022-06-06,57.7666111111111,72.93328472222221,74.74369444444442,60.05943055555554,66.55646527777776,67.83270833333331,69.24546990740741,69.56028584368529,66.45000006967668,13.224022928934865,0.42667408318992467,-0.9044054548343001,0.0,1.0,2022-06-05,train
2022-06-07,77.47010416666666,57.7666111111111,72.93328472222221,74.74369444444442,51.191521739130415,52.83279166666663,68.48119675925926,68.30459239130434,65.6756848987365,13.953966926595289,0.4110537546870351,-0.9116111071930239,0.7818314824680298,0.6234898018587336,2022-06-06,train
2022-06-14,76.27766666666665,57.762543478260845,,,77.47010416666666,51.191521739130415,,,68.15164382045086,,0.2985688173637202,-0.9543881083175908,0.7818314824680298,0.6234898018587336,2022-06-13,train
2022-06-20,65.19263888888888,67.70464583333333,45.19500757575755,57.68634782608694,57.762543478260845,57.7666111111111,56.862000411725965,62.11072364953885,63.33464231383886,9.792011013251743,0.19864794288017112,-0.9800709131432666,0.0,1.0,2022-06-19,train
2022-06-21,81.07561111111109,65.19263888888888,67.70464583333333,45.19500757575755,76.27766666666665,77.47010416666666,59.36409743265994,63.17216585105714,64.15975651136972,9.643700811171641,0.18175978759137534,-0.9833429613388902,0.7818314824680298,0.6234898018587336,2022-06-20,train
2022-06-22,65.95749999999998,81.07561111111109,65.19263888888888,67.70464583333333,64.32731944444441,,71.3242986111111,63.85758648597777,64.56036839408577,10.828176073226253,0.16481784665719793,-0.9863240225317866,0.9749279121818236,-0.22252093395631434,2022-06-21,train
2022-06-23,80.77734999999998,65.95749999999998,81.07561111111109,65.19263888888888,65.82153472222221,,70.74191666666667,64.09046942248571,64.7000815546772,10.857453115379808,0.14782713347053048,-0.9890132145779883,0.43388373911755823,-0.900968867902419,2022-06-22,train
2022-06-24,62.147284722222196,80.77734999999998,65.95749999999998,81.07561111111109,57.68634782608694,,75.93682037037037,66.22701446216824,66.1616514133429,12.588403077873906,0.13079267585675922,-0.9914097417023038,-0.433883739117558,-0.9009688679024191,2022-06-23,train
2022-06-25,66.05547916666666,62.147284722222196,80.77734999999998,65.95749999999998,45.19500757575755,,69.62737824074075,66.86429116161615,65.8271208557495,12.19060915436458,0.11371951458594969,-0.9935128947338007,-0.9749279121818236,-0.2225209339563146,2022-06-24,train
2022-06-26,55.97915277777776,66.05547916666666,62.147284722222196,80.77734999999998,67.70464583333333,,69.66003796296297,69.84435853174601,65.84468687966621,7.752380541185284,0.0966127018812031,-0.9953220513156602,-0.7818314824680299,0.6234898018587334,2022-06-25,train
2022-06-27,68.76593749999998,55.97915277777776,66.05547916666666,62.147284722222196,65.19263888888888,57.762543478260845,61.393972222222224,68.16928809523809,65.14000587238846,9.386346091791834,0.07947729992362097,-0.9968366760893436,0.0,1.0,2022-06-26,train
2022-06-28,55.50429166666665,68.76593749999998,55.97915277777776,66.05547916666666,81.07561111111109,76.27766666666665,63.600189814814826,68.6797593253968,65.92596258822698,9.2941956941432,0.062318379354325076,-0.998056320853012,0.7818314824680298,0.6234898018587336,2022-06-27,train
2022-07-01,78.69640277777778,100.42246527777775,,55.50429166666665,62.147284722222196,57.68634782608694,77.96337847222223,68.1457685185185,67.11259325740683,16.675457152728434,0.01075130776352193,-0.9999422030204416,-0.433883739117558,-0.9009688679024191,2022-06-30,train
2022-07-02,106.94863888888888,78.69640277777778,100.42246527777775,,66.05547916666666,45.19500757575755,89.5594340277778,70.90395486111109,68.7287513306138,16.85255399206809,-0.00645086419810515,-0.9999791929590823,-0.9749279121818236,-0.2225209339563146,2022-07-01,train
2022-07-03,81.67306249999999,106.94863888888888,78.69640277777778,100.42246527777775,55.97915277777776,67.70464583333333,95.35583564814816,77.71948148148147,73.47903066239316,21.986568589494397,-0.023651127245231586,-0.9997202729664083,-0.7818314824680299,0.6234898018587334,2022-07-02,train
2022-07-04,88.81540151515149,81.67306249999999,106.94863888888888,78.69640277777778,68.76593749999998,65.19263888888888,89.10603472222222,82.0017997685185,74.55352425213674,19.235412150295428,-0.04084439154329611,-0.9991655196610109,0.0,1.0,2022-07-03,train
2022-07-05,85.0105486111111,88.81540151515149,81.67306249999999,106.94863888888888,55.50429166666665,81.07561111111109,92.4790343013468,85.3433771043771,76.37065983877231,18.1892588479028,-0.05802556932878035,-0.9983150972033183,0.7818314824680298,0.6234898018587336,2022-07-04,train
2022-07-07,100.67768749999999,78.67671527777776,85.0105486111111,88.81540151515149,100.42246527777775,80.77734999999998,84.16755513468014,88.6061764069264,77.65174851398599,11.059752914028879,-0.09233133369539122,-0.9957283388645872,0.43388373911755823,-0.900968867902419,2022-07-06,train
2022-07-08,83.3003472222222,100.67768749999999,78.67671527777776,85.0105486111111,78.69640277777778,62.147284722222196,88.12165046296298,88.64263672438672,79.18254370629369,11.105525644349077,-0.10944576864891556,-0.993992768446958,-0.433883739117558,-0.9009688679024191,2022-07-07,train
2022-07-09,90.76652777777775,83.3003472222222,100.67768749999999,78.67671527777776,106.94863888888888,66.05547916666666,87.55158333333334,89.30034307359304,80.80970236013984,10.540245434646568,-0.12652781683868314,-0.9919630595773397,-0.9749279121818236,-0.2225209339563146,2022-07-08,train
2022-07-10,83.25464583333333,90.76652777777775,83.3003472222222,100.67768749999999,81.67306249999999,55.97915277777776,91.58152083333334,86.9886129148629,82.71055225330224,7.3013619853952125,-0.1435724234118113,-0.9896398128792412,-0.7818314824680299,0.6234898018587334,2022-07-09,train
2022-07-11,72.0013194444444,83.25464583333333,90.76652777777775,83.3003472222222,88.81540151515149,68.76593749999998,85.77384027777778,87.21455339105339,84.8086671037296,7.131963396243876,-0.16057454459499376,-0.9870237158387383,0.0,1.0,2022-07-10,train
2022-07-12,93.9904236111111,72.0013194444444,83.25464583333333,90.76652777777775,85.0105486111111,55.50429166666665,82.00749768518519,84.81254166666665,85.05754263791762,9.070846721239821,-0.17752914918703497,-0.984115542601034,0.7818314824680298,0.6234898018587336,2022-07-11,train
2022-07-13,60.19363194444443,93.9904236111111,72.0013194444444,83.25464583333333,78.67671527777776,,83.08212962962962,86.09538095238095,88.01801432595181,9.715590008217642,-0.19443122004766195,-0.9809161537413774,0.9749279121818236,-0.22252093395631434,2022-07-12,train
2022-07-14,60.50595138888887,60.19363194444443,93.9904236111111,72.0013194444444,100.67768749999999,100.42246527777775,75.395125,83.45494047619046,86.03055844155843,13.744190622266197,-0.2112757555821793,-0.9774264960104055,0.43388373911755823,-0.900968867902419,2022-07-13,train
2022-07-15,75.06900694444444,60.50595138888887,60.19363194444443,93.9904236111111,83.3003472222222,78.69640277777778,71.56333564814815,77.71612103174603,83.17937887806636,13.741126833576109,-0.2280577712215198,-0.9736476020539838,-0.433883739117558,-0.9009688679024191,2022-07-14,train
2022-07-16,87.68854166666665,75.06900694444444,60.50595138888887,60.19363194444443,90.76652777777775,106.94863888888888,65.25619675925925,76.54021527777776,82.92027917568541,13.534251305409256,-0.24477230089725957,-0.9695805901076308,-0.9749279121818236,-0.2225209339563146,2022-07-15,train
2022-07-17,74.21827777777777,87.68854166666665,75.06900694444444,60.50595138888887,83.25464583333333,81.67306249999999,74.42116666666668,76.10050297619046,81.54455794552668,13.035845043291227,-0.2614143985111562,-0.965226663665613,-0.7818314824680299,0.6234898018587334,2022-07-16,train
2022-07-18,81.79784722222219,74.21827777777777,87.68854166666665,75.06900694444444,72.0013194444444,88.81540151515149,78.99194212962963,74.80959325396825,81.0120733225108,12.651056690100628,-0.2779791393987801,-0.9605871111248129,0.0,1.0,2022-07-17,train
2022-07-19,87.13220833333331,81.79784722222219,74.21827777777777,87.68854166666665,93.9904236111111,85.0105486111111,81.23488888888888,76.2090972222222,80.51081944444442,12.829227207775016,-0.2944616217868012,-0.9556633054034704,0.7818314824680298,0.6234898018587336,2022-07-18,train
2022-07-22,84.53289855072461,80.46391666666663,,87.13220833333331,75.06900694444444,83.3003472222222,83.7980625,81.06163310185184,79.260203525641,5.734285610072049,-0.34336687399638804,-0.939201357453208,-0.433883739117558,-0.9009688679024191,2022-07-21,train
2022-07-23,92.0356875,84.53289855072461,80.46391666666663,,87.68854166666665,90.76652777777775,82.49840760869566,82.63894836956518,79.35501516629505,5.012399268233158,-0.3594718130884232,-0.9331559438780432,-0.9749279121818236,-0.2225209339563146,2022-07-22,train
2022-07-24,88.61924637681157,92.0356875,84.53289855072461,80.46391666666663,74.21827777777777,83.25464583333333,85.6775009057971,83.36347267512075,79.45264283723522,6.087223227781113,-0.3754703786876202,-0.9268343944460494,-0.7818314824680299,0.6234898018587334,2022-07-23,train
2022-07-25,67.29009722222222,88.61924637681157,92.0356875,84.53289855072461,81.79784722222219,72.0013194444444,88.39594414251208,85.76363410829305,79.86530441750277,4.3519042081704935,-0.3913578365610259,-0.9202385798054075,0.0,1.0,2022-07-24,train
2022-07-26,86.74057638888887,67.29009722222222,88.61924637681157,92.0356875,87.13220833333331,93.9904236111111,82.64834369967794,83.34567577495973,79.50290270810106,8.776791163407406,-0.4071294853542516,-0.9133704517637858,0.7818314824680298,0.6234898018587336,2022-07-25,train
2022-07-28,70.24752777777776,82.04188888888886,86.74057638888887,67.29009722222222,80.46391666666663,60.50595138888887,78.69085416666667,83.1034730848861,80.62585730211815,7.99621850455892,-0.4383067230125192,-0.898825465016444,0.43388373911755823,-0.900968867902419,2022-07-27,train
2022-07-31,69.8600347222222,80.70981944444442,,70.24752777777776,88.61924637681157,74.21827777777777,75.47867361111112,79.27485934983895,81.31916601247984,8.69364482052946,-0.48408852163897587,-0.8750190302029955,-0.7818314824680299,0.6234898018587334,2022-07-30,train
2022-08-01,78.36160416666665,69.8600347222222,80.70981944444442,,67.29009722222222,81.79784722222219,75.28492708333334,76.14832407407405,80.95597909118355,8.007088337253492,-0.4990686026885319,-0.8665624788845385,0.0,1.0,2022-07-31,train
2022-08-02,79.26990277777776,78.36160416666665,69.8600347222222,80.70981944444442,86.74057638888887,87.13220833333331,76.3104861111111,77.99357523148146,80.66962550322059,6.7315382047318435,-0.5139010013093103,-0.8578494977869301,0.7818314824680298,0.6234898018587336,2022-08-01,train
2022-08-03,83.05353472222221,79.26990277777776,78.36160416666665,69.8600347222222,82.04188888888886,,75.83051388888889,76.74846296296293,80.01443337359096,5.336388074330392,-0.5285813283559292,-0.8488826652214553,0.9749279121818236,-0.22252093395631434,2022-08-02,train
2022-08-04,72.53305797101449,83.05353472222221,79.26990277777776,78.36160416666665,70.24752777777776,80.46391666666663,80.22834722222223,76.91707060185183,80.24821040040875,5.548841122974635,-0.5431052396834317,-0.8396646346181327,0.43388373911755823,-0.900968867902419,2022-08-03,train
2022-08-06,89.84276388888888,83.25481249999997,72.53305797101449,83.05353472222221,80.70981944444442,92.0356875,79.61380173107891,78.14896661490681,79.53983003530286,5.1353181038103255,-0.5716666713027052,-0.8204859638785327,-0.9749279121818236,-0.2225209339563146,2022-08-05,train
2022-08-07,87.8480486111111,89.84276388888888,83.25481249999997,72.53305797101449,69.8600347222222,88.61924637681157,81.8768781199678,79.45367296411317,79.37114360367892,6.788471465540633,-0.5856957398073508,-0.8105309990194823,-0.7818314824680299,0.6234898018587334,2022-08-06,train
2022-08-08,95.17424999999999,87.8480486111111,89.84276388888888,83.25481249999997,78.36160416666665,67.29009722222222,86.981875,82.02338923395443,79.31182069862504,5.897790898081902,-0.5995514915196489,-0.8003361849976323,0.0,1.0,2022-08-07,train
2022-08-09,72.35511363636361,95.17424999999999,87.8480486111111,89.84276388888888,79.26990277777776,86.74057638888887,90.95502083333334,84.42519578157349,81.45675552768486,7.392105823428463,-0.6132298262997502,-0.7899045386224707,0.7818314824680298,0.6234898018587336,2022-08-08,train
2022-08-10,87.39943749999998,72.35511363636361,95.17424999999999,87.8480486111111,83.05353472222221,82.04188888888886,85.12580408249158,83.43736876137146,80.3501814697983,8.564836956152277,-0.6267266965083301,-0.7792391467859886,0.9749279121818236,-0.22252093395631434,2022-08-09,train
2022-08-11,82.07162499999998,87.39943749999998,72.35511363636361,95.17424999999999,72.53305797101449,70.24752777777776,84.97626704545455,84.0582120153397,80.76230059372992,8.688988512391735,-0.6400381082043503,-0.7683431655492202,0.43388373911755823,-0.900968867902419,2022-08-10,train
2022-08-12,74.49504166666665,82.07162499999998,87.39943749999998,72.35511363636361,83.25481249999997,,80.60872537878788,85.42086444805193,81.67184653390086,7.200818574628714,-0.65316012232693,-0.7572198192083127,-0.433883739117558,-0.9009688679024191,2022-08-11,train
2022-08-13,71.20148611111108,74.49504166666665,82.07162499999998,87.39943749999998,89.84276388888888,80.70981944444442,81.32203472222223,84.16946861471861,81.15921761481272,8.314952500917627,-0.666088855860977,-0.7458723993404063,-0.9749279121818236,-0.2225209339563146,2022-08-12,train
2022-08-14,75.31262499999998,71.20148611111108,74.49504166666665,82.07162499999998,87.8480486111111,69.8600347222222,75.92271759259259,81.5064289321789,80.48005094814604,9.139387644016235,-0.6788204829862355,-0.734304263829602,-0.7818314824680299,0.6234898018587334,2022-08-13,train
2022-08-15,66.77836956521737,75.31262499999998,71.20148611111108,74.49504166666665,95.17424999999999,78.36160416666665,73.66971759259259,79.7156541305916,80.86952168227302,8.915056415166756,-0.6913512362094071,-0.722518835873311,0.0,1.0,2022-08-14,train
2022-08-16,77.99662499999998,66.77836956521737,75.31262499999998,71.20148611111108,72.35511363636361,79.26990277777776,71.09749355877616,75.65909978276552,80.04214778216951,6.953237839876604,-0.7036774074790128,-0.7105196029692745,0.7818314824680298,0.6234898018587336,2022-08-15,train
2022-08-17,79.53572916666666,77.99662499999998,66.77836956521737,75.31262499999998,87.39943749999998,83.05353472222221,73.36253985507246,76.46502997757071,79.95119936947108,6.832351158040336,-0.7157953492826642,-0.6983101158835584,0.9749279121818236,-0.22252093395631434,2022-08-16,train
2022-08-18,79.95466666666665,79.53572916666666,77.99662499999998,66.77836956521737,82.07162499999998,72.53305797101449,74.77024124396137,75.34164307280881,79.69992754407427,5.182021368145103,-0.7277014757264236,-0.6858939875998223,0.43388373911755823,-0.900968867902419,2022-08-17,train
2022-08-19,68.16052083333332,79.95466666666665,79.53572916666666,77.99662499999998,74.49504166666665,83.25481249999997,79.16234027777779,75.0392204537612,80.23004245090657,4.769122676360626,-0.7393922635959241,-0.673274892250183,-0.433883739117558,-0.9009688679024191,2022-08-18,train
2022-08-20,78.95848611111107,68.16052083333332,79.95466666666665,79.53572916666666,71.20148611111108,89.84276388888888,75.88363888888888,74.13428890614215,79.15187876043038,5.442965747759227,-0.7508642533989489,-0.6604565640279754,-0.9749279121818236,-0.2225209339563146,2022-08-19,train
2022-08-21,78.50684057971013,78.95848611111107,68.16052083333332,79.95466666666665,75.31262499999998,87.8480486111111,75.69122453703703,75.24243176328501,78.37443034773196,5.53520458945453,-0.7621140503891487,-0.6474427960827475,-0.7818314824680299,0.6234898018587334,2022-08-20,train
2022-08-22,87.5957847222222,78.50684057971013,78.95848611111107,68.16052083333332,66.77836956521737,95.17424999999999,75.20861584138486,75.69874827467217,77.70720120263188,5.671930941090995,-0.7731383255706026,-0.6342374393978054,0.0,1.0,2022-08-21,train
2022-08-23,86.28569444444442,87.5957847222222,78.50684057971013,78.95848611111107,77.99662499999998,72.35511363636361,81.68703713768116,78.67266472567287,77.1658822542192,5.672769313638352,-0.7839338166829201,-0.620844401650647,0.7818314824680298,0.6234898018587336,2022-08-22,train
2022-08-24,54.06987962962961,86.28569444444442,87.5957847222222,78.50684057971013,79.53572916666666,87.39943749999998,84.12943991545893,79.85681750345064,78.16092374051068,6.334660439398997,-0.7944973291665992,-0.6072676460566135,0.9749279121818236,-0.22252093395631434,2022-08-23,train
2022-08-25,78.7145144927536,54.06987962962961,86.28569444444442,87.5957847222222,79.95466666666665,82.07162499999998,75.9837862654321,76.21883899815963,75.78024103548422,11.640349302093508,-0.8048257371083452,-0.593511190196115,0.43388373911755823,-0.900968867902419,2022-08-24,train
2022-08-26,80.58972916666666,78.7145144927536,54.06987962962961,86.28569444444442,68.16052083333332,74.49504166666665,73.02336285560922,76.04167440188634,75.54044742782376,11.58331176013448,-0.8149159841660791,-0.5795791048257612,-0.433883739117558,-0.9009688679024191,2022-08-25,train
2022-08-27,76.2994375,80.58972916666666,78.7145144927536,54.06987962962961,78.95848611111107,71.20148611111108,71.12470776301664,77.81727559236253,75.97578224925235,11.117115718969849,-0.8247650844733614,-0.5654755126737576,-0.9749279121818236,-0.2225209339563146,2022-08-26,train
2022-08-28,83.43177777777775,76.2994375,80.58972916666666,78.7145144927536,78.50684057971013,75.31262499999998,78.53456038647344,77.43741150506094,76.33992163417297,11.117051208290905,-0.8343701235229538,-0.5512045872199277,-0.7818314824680299,0.6234898018587334,2022-08-27,train
2022-08-31,71.32021527777776,70.7440486111111,,83.43177777777775,54.06987962962961,79.53572916666666,77.08791319444445,73.97489786298979,77.14208536169949,10.655554035138328,-0.8616928164028522,-0.5074302810827518,0.9749279121818236,-0.22252093395631434,2022-08-30,train
2022-09-01,66.81493055555552,71.32021527777776,70.7440486111111,,78.7145144927536,79.95466666666665,71.03213194444446,76.8499538043478,76.51012275486187,5.078308138365767,-0.8702939222685674,-0.49253272872205434,0.43388373911755823,-0.900968867902419,2022-08-31,train
2022-09-02,61.666590277777765,66.81493055555552,71.32021527777776,70.7440486111111,80.58972916666666,68.16052083333332,69.62639814814814,74.86668981481479,75.49937382323793,6.365079048542046,-0.8786374941610001,-0.4774894280028391,-0.433883739117558,-0.9009688679024191,2022-09-01,train
2022-09-03,69.97454166666664,61.666590277777765,66.81493055555552,71.32021527777776,76.2994375,78.95848611111107,66.6005787037037,71.71283333333332,74.9998407035798,7.541614423995578,-0.886721063082993,-0.46230483047981086,-0.9749279121818236,-0.2225209339563146,2022-09-02,train
2022-09-04,79.9822847222222,69.97454166666664,61.666590277777765,66.81493055555552,83.43177777777775,78.50684057971013,66.15202083333332,70.65868402777777,74.30876805400716,7.2069005291788315,-0.8945422369764496,-0.4469834295196741,-0.7818314824680299,0.6234898018587334,2022-09-03,train
2022-09-06,64.17939583333332,93.22795138888888,79.9822847222222,69.97454166666664,70.7440486111111,86.28569444444442,81.06159259259259,73.39008035714285,74.85550734702092,10.332979805872208,-0.9093882203647925,-0.4159483918249421,0.7818314824680298,0.6234898018587336,2022-09-05,train
2022-09-07,97.10210416666665,64.17939583333332,93.22795138888888,79.9822847222222,71.32021527777776,54.06987962962961,79.12987731481482,72.4522728174603,73.15502283847391,10.895730620577313,-0.9164086366943458,-0.4002439388573056,0.9749279121818236,-0.22252093395631434,2022-09-06,train
2022-09-08,81.39270833333332,97.10210416666665,64.17939583333332,93.22795138888888,66.81493055555552,78.7145144927536,84.8364837962963,76.13539980158728,76.46519395670752,14.280968309489424,-0.9231578729647039,-0.38442104726885545,0.43388373911755823,-0.900968867902419,2022-09-07,train
2022-09-09,80.58942028985506,81.39270833333332,97.10210416666665,64.17939583333332,61.666590277777765,80.58972916666666,80.89140277777778,78.21793948412697,76.67120886752136,13.7482464364619,-0.9296339319682695,-0.3684843993077793,-0.433883739117558,-0.9009688679024191,2022-09-08,train
2022-09-10,65.17124305555552,80.58942028985506,81.39270833333332,97.10210416666665,69.97454166666664,76.2994375,86.3614109299517,80.92120091442372,76.67118510776662,11.651960383013035,-0.9358348973349941,-0.35243871088460327,-0.9749279121818236,-0.2225209339563146,2022-09-09,train
2022-09-11,71.56611805555553,65.17124305555552,80.58942028985506,81.39270833333332,79.9822847222222,83.43177777777775,75.71779055958132,80.2350153985507,75.81517015050164,12.513625603970612,-0.9417589340994617,-0.33628873017668287,-0.7818314824680299,0.6234898018587334,2022-09-10,train
2022-09-12,80.47735416666666,71.56611805555553,65.17124305555552,80.58942028985506,93.22795138888888,,72.44226046698873,79.03270587474118,74.90242709494609,12.939036707765535,-0.9474042892438845,-0.32003923622313857,0.0,1.0,2022-09-11,train
2022-09-13,82.8499097222222,80.47735416666666,71.56611805555553,65.17124305555552,64.17939583333332,70.7440486111111,72.40490509259259,77.2111919858523,75.30063617149756,11.415403694846948,-0.9527692922168511,-0.30369503751065885,0.7818314824680298,0.6234898018587336,2022-09-12,train
2022-09-14,89.41016666666665,82.8499097222222,80.47735416666666,71.56611805555553,97.10210416666665,71.32021527777776,78.29779398148148,79.87840825569356,76.16534053657692,9.950190763974096,-0.9578523554276669,-0.28726097055059635,0.9749279121818236,-0.22252093395631434,2022-09-13,train
2022-09-15,68.87765972222219,89.41016666666665,82.8499097222222,80.47735416666666,81.39270833333332,66.81493055555552,84.24581018518519,78.77956004140785,77.45747992149757,7.955964463030929,-0.9626519747161487,-0.2707418984477642,0.43388373911755823,-0.900968867902419,2022-09-14,train
2022-09-16,75.13416666666664,68.87765972222219,89.41016666666665,82.8499097222222,80.58942028985506,61.666590277777765,80.37924537037037,76.99169595410626,77.60481771911661,8.647042877914242,-0.9671667297977312,-0.2541427094613622,-0.433883739117558,-0.9009688679024191,2022-09-15,train
2022-09-17,74.998375,75.13416666666664,68.87765972222219,89.41016666666665,65.17124305555552,69.97454166666664,77.80733101851852,76.21237400793648,78.56678746118011,8.51355291072328,-0.97139528468375,-0.23746831555846842,-0.9749279121818236,-0.2225209339563146,2022-09-16,train
2022-09-18,73.12539583333331,74.998375,75.13416666666664,68.87765972222219,71.56611805555553,79.9822847222222,73.00340046296296,77.61624999999997,78.92563269927534,7.078778675945304,-0.9753363880767837,-0.2207236509605022,-0.7818314824680299,0.6234898018587334,2022-09-17,train
2022-09-19,72.09202898550723,73.12539583333331,74.998375,75.13416666666664,80.47735416666666,93.22795138888888,74.4193125,77.83900396825395,78.43585492149758,6.878359597881091,-0.9789888737409319,-0.20391367068311472,0.0,1.0,2022-09-18,train
2022-09-20,81.24818749999999,72.09202898550723,73.12539583333331,74.998375,82.8499097222222,64.17939583333332,73.4052666062802,76.64110037094545,76.92614617839888,7.06980672803152,-0.9823516608469237,-0.18704334906991657,0.7818314824680298,0.6234898018587336,2022-09-19,train
2022-09-21,86.35205555555554,81.24818749999999,72.09202898550723,73.12539583333331,89.41016666666665,97.10210416666665,75.48853743961352,76.41228291062801,78.14534558316078,6.858114892513518,-0.9854237542919524,-0.17011767832049052,0.9749279121818236,-0.22252093395631434,2022-09-20,train
2022-09-22,81.91794444444442,86.35205555555554,81.24818749999999,72.09202898550723,68.87765972222219,81.39270833333332,79.8974240136876,75.97540989475499,77.3774849680814,5.926220424897939,-0.9882042449941422,-0.15314166701312007,0.43388373911755823,-0.900968867902419,2022-09-21,train
2022-09-23,107.63400793650793,81.91794444444442,86.35205555555554,81.24818749999999,75.13416666666664,80.58942028985506,83.17272916666666,77.8383077122153,77.41500183316079,5.344209834973077,-0.9906923101615609,-0.13612033862266704,-0.433883739117558,-0.9009688679024191,2022-09-22,train
2022-09-24,80.49220833333332,107.63400793650793,81.91794444444442,86.35205555555554,74.998375,65.17124305555552,91.96800264550264,82.48114217933549,79.34675809363598,12.253866480962042,-0.9928872135356962,-0.11905873003404988,-0.9749279121818236,-0.2225209339563146,2022-09-23,train
2022-09-25,64.3700972222222,80.49220833333332,107.63400793650793,81.91794444444442,73.12539583333331,71.56611805555553,90.01472023809525,83.26597551266882,80.44111275633439,11.864483217115726,-0.994788305609327,-0.10196189005174576,-0.7818314824680299,0.6234898018587334,2022-09-24,train
2022-09-26,80.0931111111111,64.3700972222222,80.49220833333332,107.63400793650793,72.09202898550723,80.47735416666666,84.16543783068784,82.01521856822437,79.92711126823916,13.465188955545164,-0.9963950238187231,-0.08483487790576538,0.0,1.0,2022-09-25,train
2022-09-27,80.50974305555555,80.0931111111111,64.3700972222222,80.49220833333332,81.24818749999999,82.8499097222222,74.9851388888889,83.1582303004535,79.89966533569948,12.805905906346899,-0.9977068927101168,-0.06768276175455162,0.7818314824680298,0.6234898018587336,2022-09-26,train
2022-10-01,76.90824999999998,62.67751388888888,,,80.49220833333332,74.998375,,73.62853472222221,78.79255573887163,9.245205699278582,-0.9999994220246925,0.001075151282798226,-0.9749279121818236,-0.2225209339563146,2022-09-30,train
2022-10-02,96.88711805555552,76.90824999999998,62.67751388888888,,64.3700972222222,73.12539583333331,69.79288194444446,72.91174305555553,78.95171198887162,8.703058070073775,-0.999832969770105,0.018276557681691223,-0.7818314824680299,0.6234898018587334,2022-10-01,train
2022-10-03,85.06413888888886,96.88711805555552,76.90824999999998,62.67751388888888,80.0931111111111,72.09202898550723,78.82429398148149,79.4151472222222,80.93185550739014,12.179495506359627,-0.9993706508539969,0.03547255575312556,0.0,1.0,2022-10-02,train
2022-10-04,72.2603472222222,85.06413888888886,96.88711805555552,76.90824999999998,80.50974305555555,81.24818749999999,86.28650231481481,80.40935277777776,82.01286466600527,12.44859120081145,-0.9986126020839734,0.052658056924614005,0.7818314824680298,0.6234898018587336,2022-10-03,train
2022-10-07,65.68484027777777,82.27771527777774,66.20713194444444,72.2603472222222,62.67751388888888,107.63400793650793,73.58173148148148,77.46888789682536,79.61511524470897,11.768145024412721,-0.9945667569706337,0.1041007489354256,-0.433883739117558,-0.9009688679024191,2022-10-06,train
2022-10-08,77.7098260869565,65.68484027777777,82.27771527777774,66.20713194444444,76.90824999999998,80.49220833333332,71.38989583333334,77.89850595238093,76.11935127314813,11.178271000944688,-0.9926289059345095,0.121193461470736,-0.9749279121818236,-0.2225209339563146,2022-10-07,train
2022-10-09,70.92985416666666,77.7098260869565,65.68484027777777,82.27771527777774,96.88711805555552,64.3700972222222,75.2241272141707,78.01301682194615,75.88748608595006,11.170539075987755,-0.9903973200352558,0.1382503109109819,-0.7818314824680299,0.6234898018587334,2022-10-08,train
2022-10-10,73.60125694444442,70.92985416666666,77.7098260869565,65.68484027777777,85.06413888888886,80.0931111111111,71.44150684380033,74.3048362663906,76.43413249798711,7.59792662601042,-0.9878726596350429,0.15526624985999563,0.0,1.0,2022-10-09,train
2022-10-11,73.01654166666664,73.60125694444442,70.92985416666666,77.7098260869565,72.2603472222222,80.50974305555555,74.08031239935588,72.66728170289853,75.89314465076488,5.948841209097032,-0.9850556718215013,0.172236243027682,0.7818314824680298,0.6234898018587336,2022-10-10,train
2022-10-12,78.71881249999998,73.01654166666664,73.60125694444442,70.92985416666666,66.20713194444444,,72.51588425925927,72.77530948067631,75.26871120169079,5.947085662064976,-0.981947190186646,0.18915526872004093,0.9749279121818236,-0.22252093395631434,2022-10-11,train
2022-10-13,63.84115277777775,78.71881249999998,73.01654166666664,73.60125694444442,82.27771527777774,,75.1122037037037,74.56269241718425,75.53410360925304,5.507995323358609,-0.9785481345802031,0.20601832032517084,0.43388373911755823,-0.900968867902419,2022-10-12,train
2022-10-14,68.37122916666662,63.84115277777775,78.71881249999998,73.01654166666664,65.68484027777777,62.67751388888888,71.85883564814814,71.92889777432711,74.69889283557623,5.610997977893172,-0.9748595108374125,0.22282040779479959,-0.433883739117558,-0.9009688679024191,2022-10-13,train
2022-10-17,52.7436111111111,64.24975694444443,,68.37122916666662,73.60125694444442,85.06413888888886,66.31049305555555,70.29979166666665,72.45635414344108,5.851437517201249,-0.9620675724981452,0.27281126433401914,0.0,1.0,2022-10-16,train
2022-10-18,81.96195614035086,52.7436111111111,64.24975694444443,,73.01654166666664,72.2603472222222,58.49668402777779,66.82351736111109,69.97015969899664,8.899545039187716,-0.957232443323312,0.28931997761869527,0.7818314824680298,0.6234898018587336,2022-10-17,train
2022-10-19,76.54783333333332,81.96195614035086,52.7436111111111,64.24975694444443,78.71881249999998,66.20713194444444,66.31844139863549,68.31441977339179,70.71643730808346,10.709729670991464,-0.9521140536681102,0.3057430764672831,0.9749279121818236,-0.22252093395631434,2022-10-18,train
2022-10-20,75.58294444444442,76.54783333333332,81.96195614035086,52.7436111111111,63.84115277777775,82.27771527777774,70.41780019493177,67.95258991228069,71.51187587645953,10.317400194600928,-0.9467139181463862,0.3220757010206104,0.43388373911755823,-0.900968867902419,2022-10-19,train
2022-10-21,64.64941304347825,75.58294444444442,76.54783333333332,81.96195614035086,68.37122916666662,65.68484027777777,78.03091130604288,69.90955519005846,70.99689350466465,10.493653798965637,-0.9410336347451197,0.3383130181923076,-0.433883739117558,-0.9009688679024191,2022-10-20,train
2022-10-23,68.96871527777776,70.30062499999998,64.64941304347825,75.58294444444442,64.24975694444443,70.92985416666666,70.17766082930757,69.43373428816605,70.34730671072188,9.78480621160701,-0.9288394302558068,0.3704825404820963,-0.7818314824680299,0.6234898018587334,2022-10-22,train
2022-10-24,79.22242361111108,68.96871527777776,70.30062499999998,64.64941304347825,52.7436111111111,73.60125694444442,67.97291777375203,70.10787119292796,70.19644987311504,9.527294065013843,-0.9223291176290545,0.3864052261209853,0.0,1.0,2022-10-23,train
2022-10-25,72.27729710144926,79.22242361111108,68.96871527777776,70.30062499999998,81.96195614035086,73.01654166666664,72.83058796296297,73.89055869292795,70.62884730901247,6.137486697116891,-0.9155458729775467,0.40221356823680365,0.7818314824680298,0.6234898018587336,2022-10-24,train
2022-10-26,73.73134722222221,72.27729710144926,79.22242361111108,68.96871527777776,76.54783333333332,78.71881249999998,73.48947866344606,72.50703597308487,70.5719823424573,5.0011443380114375,-0.9084917035725082,0.41790288888678667,0.9749279121818236,-0.22252093395631434,2022-10-25,train
2022-10-27,61.73072222222222,73.73134722222221,72.27729710144926,79.22242361111108,75.58294444444442,63.84115277777775,75.07702264492754,72.10468081435472,70.18833116724362,4.727690330200352,-0.9011686968561569,0.4334685453485363,0.43388373911755823,-0.900968867902419,2022-10-26,train
2022-10-28,78.24071527777777,61.73072222222222,73.73134722222221,72.27729710144926,64.64941304347825,68.37122916666662,69.24645551529792,70.12579192546583,70.02599035527781,5.8053857968057105,-0.8935790198239952,0.4489059314938798,-0.433883739117558,-0.9009688679024191,2022-10-27,train
2022-10-29,82.48227083333332,78.24071527777777,61.73072222222222,73.73134722222221,70.30062499999998,,71.23426157407408,72.06740653036574,70.78518159459405,5.939798115755733,-0.8857249183835637,0.4642104791518923,-0.9749279121818236,-0.2225209339563146,2022-10-28,train
2022-10-30,80.46222916666663,82.48227083333332,78.24071527777777,61.73072222222222,68.96871527777776,64.24975694444443,74.15123611111112,73.80764164941338,71.62068796878971,7.021825065724601,-0.8776087166898392,0.4793776594606945,-0.7818314824680299,0.6234898018587334,2022-10-29,train
2022-11-02,78.97221527777776,60.53195833333333,,80.46222916666663,73.73134722222221,76.54783333333332,70.49709375,72.86320717592591,72.67142268208842,9.549185312359057,-0.8517119107469189,0.5240103253675756,0.9749279121818236,-0.22252093395631434,2022-11-01,train
2022-11-03,69.99252777777777,78.97221527777776,60.53195833333333,,61.73072222222222,75.58294444444442,69.75208680555556,73.73668518518518,72.85791360089185,9.878494121083637,-0.8425720899866032,0.5385835804920232,0.43388373911755823,-0.900968867902419,2022-11-02,train
2022-11-04,80.39264583333332,69.99252777777777,78.97221527777776,60.53195833333333,78.24071527777777,64.64941304347825,69.83223379629631,75.11365277777776,72.4278815496098,8.323731855586443,-0.8331829385891785,0.5529974600700271,-0.433883739117558,-0.9009688679024191,2022-11-03,train
2022-11-05,72.78138888888888,80.39264583333332,69.99252777777777,78.97221527777776,82.48227083333332,70.30062499999998,76.45246296296297,75.47230787037036,73.63889945652173,8.529243893424129,-0.8235472349556007,0.5672476988027229,-0.9749279121818236,-0.2225209339563146,2022-11-04,train
2022-11-06,76.83792063492062,72.78138888888888,80.39264583333332,69.99252777777777,80.46222916666663,68.96871527777776,74.38885416666666,73.85549421296294,73.82972744797472,7.825048917082578,-0.8136678304455991,0.5813300798152042,-0.7818314824680299,0.6234898018587334,2022-11-05,train
2022-11-08,82.00804861111108,82.86615277777777,76.83792063492062,72.78138888888888,60.53195833333333,72.27729710144926,77.49515410052909,74.62497278911565,74.71533779596007,7.6206972581816235,-0.7931896839451843,0.6089746507720486,0.7818314824680298,0.6234898018587336,2022-11-07,train
2022-11-09,72.38202898550723,82.00804861111108,82.86615277777777,76.83792063492062,78.97221527777776,73.73134722222221,80.57070734126984,77.69298568594103,75.46385714285712,4.803783064800319,-0.7825970017677834,0.6225286602431057,0.9749279121818236,-0.22252093395631434,2022-11-08,train
2022-11-10,91.81890277777775,72.38202898550723,82.00804861111108,82.86615277777777,69.99252777777777,61.73072222222222,79.08541012479871,76.75153050133096,75.36006343234058,5.144956398824364,-0.7717727365467836,0.6358984534680745,0.43388373911755823,-0.900968867902419,2022-11-09,train
2022-11-11,59.59661805555553,91.81890277777775,72.38202898550723,82.00804861111108,80.39264583333332,78.24071527777777,82.0696601247987,79.86958407275952,77.67453885969101,6.734355216039222,-0.7607200913564104,0.6490800741100398,-0.433883739117558,-0.9009688679024191,2022-11-10,train
2022-11-12,59.6581736111111,59.59661805555553,91.81890277777775,72.38202898550723,72.78138888888888,82.48227083333332,74.59918327294686,76.89872296164842,76.2403775349047,10.173877402392844,-0.7494423368521954,0.6620696215153815,-0.9749279121818236,-0.2225209339563146,2022-11-11,train
2022-11-13,66.79688194444442,59.6581736111111,59.59661805555553,91.81890277777775,76.83792063492062,80.46222916666663,70.35789814814814,75.02397792196588,74.48467774857991,12.088066482337219,-0.7379428103031386,0.6748632518680403,-0.7818314824680299,0.6234898018587334,2022-11-12,train
2022-11-14,60.279499999999985,66.79688194444442,59.6581736111111,59.59661805555553,82.86615277777777,,62.01722453703703,73.58954382332641,73.43349719302435,12.427922992617066,-0.7262249146041543,0.6874571793269664,0.0,1.0,2022-11-13,train
2022-11-15,70.50963888888886,60.279499999999985,66.79688194444442,59.6581736111111,82.00804861111108,60.53195833333333,62.244851851851855,70.36287914078673,72.49392596495117,12.54951431684871,-0.7142921172691032,0.699847677146407,0.7818314824680298,0.6234898018587336,2022-11-14,train
2022-11-16,79.77568749999998,70.50963888888886,60.279499999999985,66.79688194444442,72.38202898550723,78.97221527777776,65.86200694444443,68.72024918046927,73.20661743320515,11.477991924099118,-0.7021479494046978,0.7120310787787131,0.9749279121818236,-0.22252093395631434,2022-11-15,train
2022-11-17,79.1367847222222,79.77568749999998,70.50963888888886,60.279499999999985,91.81890277777775,69.99252777777777,70.18827546296296,69.7764861111111,73.26400830622103,12.189274120983773,-0.6897960046655887,0.7240037789593305,0.43388373911755823,-0.900968867902419,2022-11-16,train
2022-11-18,96.0841111111111,79.1367847222222,79.77568749999998,70.50963888888886,59.59661805555553,80.39264583333332,76.47403703703704,67.96475496031744,73.91716951653848,8.852879859324903,-0.6772399381909491,0.7357622347736527,-0.433883739117558,-0.9009688679024191,2022-11-17,train
2022-11-19,74.10947222222221,96.0841111111111,79.1367847222222,79.77568749999998,59.6581736111111,72.78138888888888,84.99886111111111,73.17725396825395,75.03798846495117,12.914606359635336,-0.6644834655228552,0.7473029667054296,-0.9749279121818236,-0.2225209339563146,2022-11-18,train
2022-11-20,74.23320138888887,74.10947222222221,96.0841111111111,79.1367847222222,66.79688194444442,76.83792063492062,83.11012268518517,75.24172519841268,75.13285156018927,11.467283545628641,-0.6515303615068021,0.75862255966641,-0.7818314824680299,0.6234898018587334,2022-11-19,train
2022-11-21,59.6012222222222,74.23320138888887,74.10947222222221,96.0841111111111,60.279499999999985,82.86615277777777,81.4755949074074,76.30405654761903,74.94680018547272,10.884189289337751,-0.6383844591746642,0.7697176640069211,0.0,1.0,2022-11-20,train
2022-11-22,57.366902777777774,59.6012222222222,74.23320138888887,74.10947222222221,70.50963888888886,82.00804861111108,69.31463194444444,76.2071597222222,73.28501943150447,11.05234513506235,-0.6250496486104377,0.7805849965070866,0.7818314824680298,0.6234898018587336,2022-11-21,train
2022-11-23,69.52110416666666,57.366902777777774,59.6012222222222,74.23320138888887,79.77568749999998,72.38202898550723,63.73377546296297,74.32962599206348,71.52493758626638,13.10689135301511,-0.6115298757991053,0.7912213413483807,0.9749279121818236,-0.22252093395631434,2022-11-22,train
2022-11-24,63.74932638888887,69.52110416666666,57.366902777777774,59.6012222222222,79.1367847222222,91.81890277777775,62.163076388888896,72.864685515873,71.32058581349204,12.96908855473967,-0.5978291414589552,0.801623551065242,0.43388373911755823,-0.900968867902419,2022-11-23,train
2022-11-25,67.74318749999999,63.74932638888887,69.52110416666666,57.366902777777774,96.0841111111111,59.59661805555553,63.54577777777778,70.66647718253967,69.31561607142855,13.032710462950098,-0.5839514998576998,0.8117885474764613,-0.433883739117558,-0.9009688679024191,2022-11-24,train
2022-11-26,84.41075,67.74318749999999,63.74932638888887,69.52110416666666,74.10947222222221,59.6581736111111,67.00453935185185,66.6177738095238,69.89751388888888,6.669017507462213,-0.5699010576127624,0.8217133225960589,-0.9749279121818236,-0.2225209339563146,2022-11-25,train
2022-11-27,80.60109420289854,84.41075,67.74318749999999,63.74932638888887,74.23320138888887,66.79688194444442,71.96775462962962,68.08938492063491,71.6655550595238,9.239045304761637,-0.5556819724760489,0.8313949395234058,-0.7818314824680299,0.6234898018587334,2022-11-26,train
2022-11-28,63.52939583333332,80.60109420289854,84.41075,67.74318749999999,59.6012222222222,60.279499999999985,77.58501056763286,68.99908389406485,72.65157022084195,10.207540282172976,-0.5412984521036173,0.8408305333122887,0.0,1.0,2022-11-27,train
2022-11-29,83.67805555555553,63.52939583333332,80.60109420289854,84.41075,57.366902777777774,70.50963888888886,76.18041334541063,69.56025155279502,72.88370563750861,9.700142534719873,-0.5267547528105542,0.8500173118187018,0.7818314824680298,0.6234898018587336,2022-11-28,train
2022-11-30,93.30044202898549,83.67805555555553,63.52939583333332,80.60109420289854,69.52110416666666,79.77568749999998,75.93618186392915,73.31898766390613,73.82430682798481,9.276264932644287,-0.5120551783114646,0.8589525565270845,0.9749279121818236,-0.22252093395631434,2022-11-29,train
2022-12-03,90.29168055555554,76.25069444444442,,93.30044202898549,84.41075,74.10947222222221,84.77556823671497,80.29507201086955,72.93037297937568,9.950493148118412,-0.46706492487743034,0.8842230238742036,-0.9749279121818236,-0.2225209339563146,2022-12-02,train
2022-12-04,94.1583333333333,90.29168055555554,76.25069444444442,,80.60109420289854,74.23320138888887,83.27118750000001,81.27522710346214,74.17515823578594,10.698511321730896,-0.451785789832884,0.8921264484954345,-0.7818314824680299,0.6234898018587334,2022-12-03,train
2022-12-05,83.95760869565216,94.1583333333333,90.29168055555554,76.25069444444442,63.52939583333332,59.6012222222222,86.9002361111111,83.5347669585346,75.70786069305089,11.892666406896101,-0.4363729641045924,0.8997658785476209,0.0,1.0,2022-12-04,train
2022-12-06,85.83799999999998,83.95760869565216,94.1583333333333,90.29168055555554,83.67805555555553,57.366902777777774,89.46920752818035,86.9394691022544,77.58142888331473,6.893323037280053,-0.42083100859565564,0.9071390534005044,0.7818314824680298,0.6234898018587336,2022-12-05,train
2022-12-07,83.5348611111111,85.83799999999998,83.95760869565216,94.1583333333333,93.30044202898549,69.52110416666666,87.98464734299516,87.29945984299515,79.77151328502413,6.743713640741202,-0.4051645224207563,0.9142437912130223,0.9749279121818236,-0.22252093395631434,2022-12-06,train
2022-12-09,76.66114583333332,79.12845833333331,83.5348611111111,85.83799999999998,76.25069444444442,67.74318749999999,82.83377314814815,84.73709092477569,82.03250473801558,6.142121092866645,-0.37347653741307074,0.9276396261490467,-0.433883739117558,-0.9009688679024191,2022-12-08,train
2022-12-10,87.99316666666664,76.66114583333332,79.12845833333331,83.5348611111111,90.29168055555554,84.41075,79.77482175925927,84.7957268374741,82.71850153288739,6.0488539661579885,-0.3574644155648614,0.9339267592294762,-0.9749279121818236,-0.2225209339563146,2022-12-09,train
2022-12-11,70.77444444444441,87.99316666666664,76.66114583333332,79.12845833333331,94.1583333333333,80.60109420289854,81.26092361111111,84.46736771048997,82.9940720457079,5.756086372984239,-0.34134651424503615,0.9399375283564133,-0.7818314824680299,0.6234898018587334,2022-12-10,train
2022-12-12,68.77832638888884,70.77444444444441,87.99316666666664,76.66114583333332,83.95760869565216,63.52939583333332,78.4762523148148,81.12681215493441,82.2381759104422,5.975803083100251,-0.3251276029999093,0.9456701548465688,0.0,1.0,2022-12-11,train
2022-12-13,73.18270833333331,68.77832638888884,70.77444444444441,87.99316666666664,85.83799999999998,83.67805555555553,75.84864583333332,78.95834325396822,82.64193979933108,7.369048162936127,-0.30881248126625377,0.9511229423235357,0.7818314824680298,0.6234898018587336,2022-12-12,train
2022-12-14,67.42306249999997,73.18270833333331,68.77832638888884,70.77444444444441,83.5348611111111,93.30044202898549,70.91182638888887,77.15044444444443,81.83460539762169,6.939812917998706,-0.29240597695107734,0.9562942772197719,0.9749279121818236,-0.22252093395631434,2022-12-13,train
2022-12-15,70.13512499999996,67.42306249999997,73.18270833333331,68.77832638888884,79.12845833333331,,69.79469907407406,74.8487589285714,79.84403774154588,7.138427812931086,-0.27591294500296043,0.9611826292540837,0.43388373911755823,-0.900968867902419,2022-12-14,train
2022-12-16,66.38100694444441,70.13512499999996,67.42306249999997,73.18270833333331,76.66114583333332,76.25069444444442,70.24696527777776,73.56399702380949,79.1505439742926,7.048535729692829,-0.2593382659754056,0.9657865518844574,-0.433883739117558,-0.9009688679024191,2022-12-15,train
2022-12-17,80.5961458333333,66.38100694444441,70.13512499999996,67.42306249999997,87.99316666666664,90.29168055555554,67.97973148148147,72.09540575396822,78.44556629572116,7.359764818519282,-0.2426868445825954,0.9701046827361175,-0.9749279121818236,-0.2225209339563146,2022-12-16,train
2022-12-18,84.91572222222219,80.5961458333333,66.38100694444441,70.13512499999996,70.77444444444441,94.1583333333333,72.37075925925923,71.03868849206346,77.75302810127671,4.773259706633684,-0.22596360824801906,0.974135744004672,-0.7818314824680299,0.6234898018587334,2022-12-17,train
2022-12-19,80.97331249999996,84.91572222222219,80.5961458333333,66.38100694444441,68.77832638888884,83.95760869565216,77.29762499999998,73.058871031746,77.0928415933402,7.078586571927418,-0.20917350564635637,0.9778785428342386,0.0,1.0,2022-12-18,train
2022-12-20,67.67611666666663,80.97331249999996,84.91572222222219,80.5961458333333,73.18270833333331,85.83799999999998,82.16172685185184,74.80101190476186,76.87967757936505,7.345160137833642,-0.19232150523909483,0.9813319716704275,0.7818314824680298,0.6234898018587336,2022-12-19,train
2022-12-21,78.07879861111107,67.67611666666663,80.97331249999996,84.91572222222219,67.42306249999997,83.5348611111111,77.85505046296295,74.01435595238092,75.58240019841267,7.826468949395827,-0.17541259380427843,0.9844950085880858,0.9749279121818236,-0.22252093395631434,2022-12-20,train
2022-12-22,58.51991666666664,78.07879861111107,67.67611666666663,80.97331249999996,70.13512499999996,79.12845833333331,75.5760759259259,75.53660396825391,75.19268144841267,7.3527270325714325,-0.15845177496083632,0.9873667175937016,0.43388373911755823,-0.900968867902419,2022-12-21,train
2022-12-23,52.90973611111108,58.51991666666664,78.07879861111107,67.67611666666663,66.38100694444441,76.66114583333332,68.09161064814813,73.87728849206346,73.72064275793647,9.708191949945142,-0.14144406768794202,0.9899462489023779,-0.433883739117558,-0.9009688679024191,2022-12-22,train
2022-12-24,68.31885416666664,52.90973611111108,58.51991666666664,78.07879861111107,80.5961458333333,87.99316666666664,63.169483796296284,71.9528212301587,72.02411349206345,12.403043589738274,-0.12439450483979998,0.9922328391893008,-0.9749279121818236,-0.2225209339563146,2022-12-23,train
2022-12-25,63.56236805555554,68.31885416666664,52.90973611111108,58.51991666666664,84.91572222222219,70.77444444444441,59.91616898148147,70.19892242063489,70.61880545634918,11.832007936934223,-0.10730813165636247,0.9942258118156161,-0.7818314824680299,0.6234898018587334,2022-12-24,train
2022-12-26,72.05015972222219,63.56236805555554,68.31885416666664,52.90973611111108,80.97331249999996,68.77832638888884,61.59698611111111,67.14844325396822,70.1036571428571,10.019149717206824,-0.09019000427034513,0.9959245770286599,0.0,1.0,2022-12-25,train
2022-12-27,85.59648611111108,72.05015972222219,63.56236805555554,68.31885416666664,67.67611666666663,73.18270833333331,67.97712731481481,65.87370714285711,70.3373595238095,8.404614961727065,-0.07304518821104743,0.9973286321364752,0.7818314824680298,0.6234898018587336,2022-12-26,train
2022-12-28,51.060159420289814,85.59648611111108,72.05015972222219,63.56236805555554,78.07879861111107,67.42306249999997,73.73633796296296,68.4337599206349,71.2240579365079,11.281899622059386,-0.05587875690537313,0.9984375616565666,0.9749279121818236,-0.22252093395631434,2022-12-27,train
2022-12-29,79.99227083333331,51.060159420289814,85.59648611111108,72.05015972222219,58.51991666666664,70.13512499999996,69.56893508454105,64.57395432194615,70.05527914510003,12.029242721249975,-0.03869579017652689,0.9992510374388481,0.43388373911755823,-0.900968867902419,2022-12-28,train
2022-12-30,84.81965972222218,79.99227083333331,51.060159420289814,85.59648611111108,52.90973611111108,66.38100694444441,72.21630545491142,67.6414334886128,70.75936099033814,12.932022242793934,-0.021501372740813793,0.999768818762748,-0.433883739117558,-0.9009688679024191,2022-12-29,train
2023-01-02,50.318173611111085,62.15508695652171,,84.81965972222218,72.05015972222219,80.97331249999996,73.48737333937197,72.61230379428338,69.67022504180599,13.756720246865925,0.03439806061360801,0.9994082116062598,0.0,1.0,2023-01-01,train
2023-01-03,47.21402083333331,50.318173611111085,62.15508695652171,,85.59648611111108,67.67611666666663,56.236630283816424,68.9903061090982,67.31213743496838,16.51808579121818,0.051584366869408364,0.9986686402879997,0.7818314824680298,0.6234898018587336,2023-01-02,train
2023-01-04,52.1658958333333,47.21402083333331,50.318173611111085,62.15508695652171,51.060159420289814,78.07879861111107,53.229093800322055,62.593228562801905,65.73813006317351,16.230474856777935,0.06875540848113941,0.9976335468520451,0.9749279121818236,-0.22252093395631434,2023-01-03,train
2023-01-05,57.63847222222219,52.1658958333333,47.21402083333331,50.318173611111085,79.99227083333331,58.51991666666664,49.89936342592592,62.77751796497581,63.7448298494983,16.078901572464858,0.08590610426133272,0.9963032375991965,0.43388373911755823,-0.900968867902419,2023-01-04,train
2023-01-06,62.60385416666663,57.63847222222219,52.1658958333333,47.21402083333331,84.81965972222218,52.90973611111108,52.339462962962955,59.051884863123966,63.67702643069488,13.707190825656998,0.10303137904317879,0.9946781061893646,-0.433883739117558,-0.9009688679024191,2023-01-05,train
2023-01-08,54.80627083333329,58.78497916666663,62.60385416666663,57.63847222222219,62.15508695652171,63.56236805555554,59.6757685185185,55.840068969979264,63.68935281958376,5.999091260760815,0.13718540405660057,0.9905453876091833,-0.7818314824680299,0.6234898018587334,2023-01-07,train
2023-01-09,65.95443749999997,54.80627083333329,58.78497916666663,62.60385416666663,50.318173611111085,72.05015972222219,58.731701388888865,54.79023809523807,63.01580687941283,5.3136435724099496,0.1542040475626894,0.988039023376751,0.0,1.0,2023-01-08,train
2023-01-10,81.26773611111108,65.95443749999997,54.80627083333329,58.78497916666663,47.21402083333331,85.59648611111108,59.848562499999986,57.02399007936505,62.546905170011115,6.312966817070973,0.17117705961019986,0.985240282501282,0.7818314824680298,0.6234898018587336,2023-01-09,train
2023-01-11,77.88760416666663,81.26773611111108,65.95443749999997,54.80627083333329,52.1658958333333,51.060159420289814,67.3428148148148,61.88880654761902,62.21392440078034,9.703778906142485,0.18809941761179758,0.9821499931752291,0.9749279121818236,-0.22252093395631434,2023-01-10,train
2023-01-12,80.90022222222218,77.88760416666663,81.26773611111108,65.95443749999997,57.63847222222219,79.99227083333331,75.03659259259258,65.56333630952378,64.27757399665549,10.26232023841891,0.20496611396949532,0.9787690698649216,0.43388373911755823,-0.900968867902419,2023-01-11,train
2023-01-13,81.19775694444442,80.90022222222218,77.88760416666663,81.26773611111108,62.60385416666663,84.81965972222218,80.01852083333331,68.88644345238092,64.3474164111854,11.007623200701534,0.22177215755648186,0.975098513039961,-0.433883739117558,-0.9009688679024191,2023-01-12,train
2023-01-14,68.22213888888886,81.19775694444442,80.90022222222218,77.88760416666663,58.78497916666663,,79.99519444444444,71.54271527777775,64.06880850520248,11.472529965573168,0.23851257519407648,0.9711394088771653,-0.9749279121818236,-0.2225209339563146,2023-01-13,train
2023-01-15,77.5129097222222,68.22213888888886,81.19775694444442,80.90022222222218,54.80627083333329,62.15508695652171,76.77337268518518,72.89088095238093,64.36547496118008,10.208307115092538,0.2551824131233728,0.9668929289391521,-0.7818314824680299,0.6234898018587334,2023-01-14,train
2023-01-16,62.61265972222218,77.5129097222222,68.22213888888886,81.19775694444442,65.95443749999997,50.318173611111085,75.64426851851852,76.13468650793648,65.46246230158727,6.401969883712849,0.2717767384711357,0.9623603298276545,0.0,1.0,2023-01-15,train
2023-01-17,69.62662318840577,62.61265972222218,77.5129097222222,68.22213888888886,81.26773611111108,47.21402083333331,69.4492361111111,75.65728968253966,66.34063988095235,7.3430658308761885,0.2882906407095177,0.9575429528116719,0.7818314824680298,0.6234898018587336,2023-01-16,train
2023-01-18,76.21665277777775,69.62662318840577,62.61265972222218,77.5129097222222,77.88760416666663,52.1658958333333,69.91739754428342,73.99427355072461,67.94154004917182,7.1770022227523205,0.3047192331091634,0.9524422234305676,0.9749279121818236,-0.22252093395631434,2023-01-17,train
2023-01-19,68.95988194444442,76.21665277777775,69.62662318840577,62.61265972222218,80.90022222222218,57.63847222222219,69.48531189613526,73.75556620945477,69.65945125948927,7.052638314993946,0.321057654185271,0.9470596510722283,0.43388373911755823,-0.900968867902419,2023-01-18,train
2023-01-20,73.59561805555553,68.95988194444442,76.21665277777775,69.62662318840577,81.19775694444442,62.60385416666663,71.60105263687599,72.04980331262938,70.46812338250514,6.4552734491566115,0.3373010691361842,0.9413968285264122,-0.433883739117558,-0.9009688679024191,2023-01-19,train
2023-01-21,59.81661805555552,73.59561805555553,68.95988194444442,76.21665277777775,68.22213888888886,58.78497916666663,72.92405092592593,70.96378347135953,71.25324937456864,5.171584955641531,0.3534446712740877,0.9354554315134164,-0.9749279121818236,-0.2225209339563146,2023-01-20,train
2023-01-22,75.50094444444441,59.81661805555552,73.59561805555553,68.95988194444442,77.5129097222222,54.80627083333329,67.45737268518518,69.76299478088335,71.32693786663212,6.672345579042231,0.3694836834473831,0.9292372181882051,-0.7818314824680299,0.6234898018587334,2023-01-21,train
2023-01-23,74.02365277777774,75.50094444444441,59.81661805555552,73.59561805555553,62.61265972222218,65.95443749999997,69.63772685185184,69.47557116977222,72.80512883885436,6.316720820897912,0.38541335945432564,0.9227440286201427,0.0,1.0,2023-01-22,train
2023-01-24,74.43136111111109,74.02365277777774,75.50094444444441,59.81661805555552,69.62662318840577,81.26773611111108,69.78040509259257,71.1057130348516,73.38150135869562,5.691949385596617,0.4012289854475009,0.9159777842484877,0.7818314824680298,0.6234898018587336,2023-01-23,train
2023-01-25,75.83809722222219,74.43136111111109,74.02365277777774,75.50094444444441,76.21665277777775,77.88760416666663,74.6519861111111,71.79210416666663,72.89318885869562,5.772983424273076,0.4169258813287287,0.908940487313808,0.9749279121818236,-0.22252093395631434,2023-01-24,train
2023-01-26,78.4685208333333,75.83809722222219,74.43136111111109,74.02365277777774,68.95988194444442,80.90022222222218,74.76437037037034,71.73802480158727,72.74679550552102,5.726211415514581,0.4324994021339788,0.901634220265486,0.43388373911755823,-0.900968867902419,2023-01-25,train
2023-01-27,72.9795208333333,78.4685208333333,75.83809722222219,74.43136111111109,73.59561805555553,81.19775694444442,76.24599305555554,73.09640178571426,72.57310254917181,6.074566732596778,0.44794493940789115,0.8940611451454876,-0.433883739117558,-0.9009688679024191,2023-01-26,train
2023-01-28,76.09831944444441,72.9795208333333,78.4685208333333,75.83809722222219,59.81661805555552,68.22213888888886,75.76204629629628,73.00838789682537,71.98608568409244,6.070590101644745,0.4632579225674917,0.88622350294858,-0.9749279121818236,-0.2225209339563146,2023-01-27,train
2023-01-29,66.38951388888887,76.09831944444441,72.9795208333333,78.4685208333333,75.50094444444441,77.5129097222222,75.84878703703701,75.33434523809521,72.54867000948927,1.768555325833559,0.4784338202547012,0.8781236129591848,-0.7818314824680299,0.6234898018587334,2023-01-28,train
2023-01-30,72.52126388888885,66.38951388888887,76.09831944444441,72.9795208333333,74.02365277777774,62.61265972222218,71.82245138888888,74.03271230158727,71.75414173567975,3.805461910280615,0.49346814167723735,0.8697638720650646,0.0,1.0,2023-01-29,train
2023-01-31,62.107591666666636,72.52126388888885,66.38951388888887,76.09831944444441,74.43136111111109,69.62662318840577,71.66969907407407,73.81808531746029,72.46189917615594,3.848185354524229,0.5083564379375122,0.8611467540480452,0.7818314824680298,0.6234898018587336,2023-01-30,train
2023-02-01,69.33599305555552,62.107591666666636,72.52126388888885,66.38951388888887,75.83809722222219,76.21665277777775,67.00612314814815,72.0575468253968,71.92482549603172,5.829726508859435,0.5230943033491326,0.8522748088519838,0.9749279121818236,-0.22252093395631434,2023-01-31,train
2023-02-02,77.32407638888886,69.33599305555552,62.107591666666636,72.52126388888885,78.4685208333333,68.95988194444442,67.98828287037036,71.12867480158727,71.43334980158728,5.641940239129918,0.5376773767406141,0.8431506618282,0.43388373911755823,-0.900968867902419,2023-02-01,train
2023-02-03,65.31460416666664,77.32407638888886,69.33599305555552,62.107591666666636,72.9795208333333,73.59561805555553,69.58922037037036,70.96518273809521,72.03079226190474,5.4054215291363885,0.5521013427459208,0.8337770129585915,-0.433883739117558,-0.9009688679024191,2023-02-02,train
2023-02-04,50.22888194444442,65.31460416666664,77.32407638888886,69.33599305555552,76.09831944444441,59.81661805555552,70.65822453703703,69.87019464285711,71.43929126984123,5.697806290946201,0.5663619330814524,0.8241566360566663,-0.9749279121818236,-0.2225209339563146,2023-02-03,train
2023-02-05,53.75875694444443,50.22888194444442,65.31460416666664,77.32407638888886,66.38951388888887,75.50094444444441,64.28918749999998,66.17456071428568,70.75445297619044,8.623394867157444,0.580454927809098,0.8142923779467267,-0.7818314824680299,0.6234898018587334,2023-02-04,train
2023-02-06,61.51518055555553,53.75875694444443,50.22888194444442,65.31460416666664,72.52126388888885,74.02365277777774,56.43408101851852,64.37016686507933,69.20143958333331,9.810646873440295,0.5943761565849831,0.804187157621448,0.0,1.0,2023-02-05,train
2023-02-07,67.04393055555553,61.51518055555553,53.75875694444443,50.22888194444442,62.107591666666636,74.43136111111109,55.16760648148148,62.797869246031716,68.307977281746,9.1460235254457,0.6081214998935418,0.7938439653781019,0.7818314824680298,0.6234898018587336,2023-02-06,train
2023-02-08,59.218027777777756,67.04393055555553,61.51518055555553,53.75875694444443,69.33599305555552,75.83809722222219,60.77262268518518,63.50306051587298,67.7803036706349,9.273348625553005,0.6216868902665479,0.7832658619336791,0.9749279121818236,-0.22252093395631434,2023-02-07,train
2023-02-09,68.63080555555553,59.218027777777756,67.04393055555553,61.51518055555553,77.32407638888886,78.4685208333333,62.592379629629626,62.05763690476188,66.59315585317458,8.997070134507076,0.6350683134867438,0.7724559775191742,0.43388373911755823,-0.900968867902419,2023-02-08,train
2023-02-10,67.83416666666663,68.63080555555553,59.218027777777756,67.04393055555553,65.31460416666664,72.9795208333333,64.96425462962962,60.81574107142855,65.89046190476188,6.892385421544888,0.6482618097757122,0.7614175109532997,-0.433883739117558,-0.9009688679024191,2023-02-09,train
2023-02-11,77.14881249999996,67.83416666666663,68.63080555555553,59.218027777777756,50.22888194444442,76.09831944444441,65.22766666666666,61.17567857142855,65.52293660714282,7.224282022614203,0.6612634749656386,0.7501537286959042,-0.9749279121818236,-0.2225209339563146,2023-02-10,train
2023-02-12,61.65611111111108,77.14881249999996,67.83416666666663,68.63080555555553,53.75875694444443,66.38951388888887,71.2045949074074,65.02138293650792,65.5979718253968,7.582040854501625,0.6740694616546161,0.7386679638813748,-0.7818314824680299,0.6234898018587334,2023-02-11,train
2023-02-13,76.23981944444442,61.65611111111108,77.14881249999996,67.83416666666663,61.51518055555553,72.52126388888885,68.87969675925925,66.14957638888886,65.2598716269841,6.062076487966368,0.6866759803451553,0.726963615332308,0.0,1.0,2023-02-12,train
2023-02-14,84.59088194444442,76.23981944444442,61.65611111111108,77.14881249999996,67.04393055555553,62.107591666666636,71.68158101851851,68.2530962301587,65.52548273809522,6.706395432689403,0.6990793005655562,0.7150441465537444,0.7818314824680298,0.6234898018587336,2023-02-13,train
2023-02-15,58.00520833333331,84.59088194444442,76.23981944444442,61.65611111111108,59.218027777777756,69.33599305555552,74.16227083333332,70.75980357142853,67.13143204365078,9.049222128185265,0.7112757519738152,0.7029130847082615,0.9749279121818236,-0.22252093395631434,2023-02-14,train
2023-02-16,48.667409722222196,58.00520833333331,84.59088194444442,76.23981944444442,68.63080555555553,77.32407638888886,72.94530324074073,70.58654365079363,66.32209027777775,9.314750890992531,0.7232617254437388,0.6905740195722293,0.43388373911755823,-0.900968867902419,2023-02-15,train
2023-02-17,59.431770833333296,48.667409722222196,58.00520833333331,84.59088194444442,67.83416666666663,65.31460416666664,63.754499999999986,67.73462996031743,64.27518551587299,12.51850060086729,0.7350336741329413,0.6780306024735382,-0.433883739117558,-0.9009688679024191,2023-02-16,train
2023-02-18,56.314715277777736,59.431770833333296,48.667409722222196,58.00520833333331,77.14881249999996,50.22888194444442,55.368129629629614,66.53428769841267,63.85498313492061,12.904256113585937,0.746588114532413,0.6652865452111116,-0.9749279121818236,-0.2225209339563146,2023-02-17,train
2023-02-19,80.08790972222218,56.314715277777736,59.431770833333296,48.667409722222196,61.65611111111108,53.75875694444443,54.804631944444424,63.557988095238066,64.28968551587299,12.442413776221327,0.7579216274973472,0.6523456189565257,-0.7818314824680299,0.6234898018587334,2023-02-18,train
2023-02-20,73.97310416666663,80.08790972222218,56.314715277777736,59.431770833333296,76.23981944444442,61.51518055555553,65.27813194444441,66.19110218253965,66.17033928571425,13.844193173953672,0.7690308592589181,0.6392116531380588,0.0,1.0,2023-02-19,train
2023-02-21,53.944034722222206,73.97310416666663,80.08790972222218,56.314715277777736,84.59088194444442,67.04393055555553,70.12524305555553,65.86728571428569,67.06019097222219,13.594232504766739,0.7799125224167177,0.6258885343075018,0.7818314824680298,0.6234898018587336,2023-02-20,train
2023-02-22,52.45776388888887,53.944034722222206,73.97310416666663,80.08790972222218,58.00520833333331,59.218027777777756,69.33501620370369,61.489164682539645,66.12448412698409,11.300694642449745,0.7905633969115482,0.612380204990065,0.9749279121818236,-0.22252093395631434,2023-02-21,train
2023-02-23,58.78695138888886,52.45776388888887,53.944034722222206,73.97310416666663,48.667409722222196,68.63080555555553,60.12496759259258,60.69667261904759,65.6416081349206,11.770486673376839,0.8009803309782905,0.5986906625177214,0.43388373911755823,-0.900968867902419,2023-02-22,train
2023-02-24,59.430881944444415,58.78695138888886,52.45776388888887,53.944034722222206,59.431770833333296,67.83416666666663,55.06291666666666,62.14232142857139,64.93847569444442,10.611163187428957,0.8111602420785621,0.5848239578463322,-0.433883739117558,-0.9009688679024191,2023-02-23,train
2023-02-25,81.36135416666663,59.430881944444415,58.78695138888886,52.45776388888887,56.314715277777736,77.14881249999996,56.891865740740734,62.14219444444441,64.33824107142854,10.611201036132739,0.8211001178128892,0.5707841943569036,-0.9749279121818236,-0.2225209339563146,2023-02-24,train
2023-02-26,72.61217361111107,81.36135416666663,59.430881944444415,58.78695138888886,80.08790972222218,61.65611111111108,66.52639583333331,65.72028571428568,64.63913690476188,12.392087203927737,0.8307970168121247,0.5565755266413303,-0.7818314824680299,0.6234898018587334,2023-02-25,train
2023-02-27,66.29181249999996,72.61217361111107,81.36135416666663,59.430881944444415,73.97310416666663,76.23981944444442,71.13480324074072,64.65232341269838,65.42171279761902,11.21359774577419,0.8402480696078469,0.5422021592729844,0.0,1.0,2023-02-26,train
2023-02-28,72.30404166666663,66.29181249999996,72.61217361111107,81.36135416666663,53.944034722222206,84.59088194444442,73.42178009259256,63.554996031746,64.71114087301584,10.502783165754327,0.8494504794814806,0.527668345562516,0.7818314824680298,0.6234898018587336,2023-02-27,train
2023-03-01,60.91650694444439,72.30404166666663,66.29181249999996,72.61217361111107,52.45776388888887,58.00520833333331,70.4026759259259,66.17785416666663,63.83350942460314,9.98223633943848,0.8584015232918917,0.512978386299228,0.9749279121818236,-0.22252093395631434,2023-02-28,train
2023-03-02,49.84650694444441,60.91650694444439,72.30404166666663,66.29181249999996,58.78695138888886,48.667409722222196,66.50412037037034,67.38624603174598,64.0414593253968,8.436919610494888,0.8670985522812081,0.4981366284784055,0.43388373911755823,-0.900968867902419,2023-03-01,train
2023-03-03,54.397472222222184,49.84650694444441,60.91650694444439,72.30404166666663,59.430881944444415,59.431770833333296,61.02235185185182,66.10903968253965,64.12568055555552,10.403248383481746,0.8755389928586302,0.4831474640149687,-0.433883739117558,-0.9009688679024191,2023-03-02,train
2023-03-04,59.45265972222219,54.397472222222184,49.84650694444441,60.91650694444439,81.36135416666663,56.314715277777736,55.05349537037034,65.38998115079362,63.766087797619015,11.092859317061002,0.8837203473619977,0.4680153284438345,-0.9749279121818236,-0.2225209339563146,2023-03-03,train
2023-03-05,49.5577708333333,59.45265972222219,54.397472222222184,49.84650694444441,72.61217361111107,80.08790972222218,54.565546296296276,62.26016765873012,63.9902266865079,8.659350141484294,0.8916401947968874,0.45274469960737107,-0.7818314824680299,0.6234898018587334,2023-03-04,train
2023-03-06,62.071368055555524,49.5577708333333,59.45265972222219,54.397472222222184,66.29181249999996,73.97310416666663,54.469300925925914,58.96668154761902,61.8095024801587,8.447520067649998,0.8992961915530253,0.4373400963303323,0.0,1.0,2023-03-05,train
2023-03-07,52.00190277777775,62.071368055555524,49.5577708333333,59.45265972222219,72.30404166666663,53.944034722222206,57.02726620370368,58.36376091269837,60.95937847222219,7.974966181318465,0.9066860720977985,0.4218060770826634,0.7818314824680298,0.6234898018587336,2023-03-06,train
2023-03-08,59.58756249999997,52.00190277777775,62.071368055555524,49.5577708333333,60.91650694444439,52.45776388888887,54.54368055555554,55.46345535714282,60.82065476190473,5.3050277847110285,0.9138076496466615,0.4061472386305789,0.9749279121818236,-0.22252093395631434,2023-03-07,train
2023-03-09,66.7157222222222,59.58756249999997,52.00190277777775,62.071368055555524,49.84650694444441,58.78695138888886,57.88694444444443,55.273606150793626,61.329926091269805,5.097059738111596,0.9206588168102428,0.3903682146763026,0.43388373911755823,-0.900968867902419,2023-03-08,train
2023-03-10,49.70706249999996,66.7157222222222,59.58756249999997,52.00190277777775,54.397472222222184,59.430881944444415,59.43506249999999,57.683494047619014,61.896266865079326,6.009656181414701,0.9272375462179537,0.374473674486883,-0.433883739117558,-0.9009688679024191,2023-03-09,train
2023-03-11,72.01532638888887,49.70706249999996,66.7157222222222,59.58756249999997,59.45265972222219,81.36135416666663,58.67011574074072,57.01343551587298,61.20170833333329,6.663063312746437,0.9335418911179212,0.35846832151248087,-0.9749279121818236,-0.2225209339563146,2023-03-10,train
2023-03-16,78.16445138888885,70.48724999999996,,,66.7157222222222,49.84650694444441,,64.73134027777775,58.71278219696966,10.2608259063702,0.9608854255574977,0.27694620226893646,0.43388373911755823,-0.900968867902419,2023-03-15,train
2023-03-17,53.56190277777775,78.16445138888885,70.48724999999996,,49.70706249999996,54.397472222222184,74.32585069444443,67.5935225694444,61.28714078282825,12.377344860424202,0.9655071658143364,0.2603764827344581,-0.433883739117558,-0.9009688679024191,2023-03-16,train
2023-03-18,73.12745833333331,53.56190277777775,78.16445138888885,70.48724999999996,72.01532638888887,59.45265972222219,67.4045347222222,68.55723263888886,61.211179924242394,10.533153202339633,0.969843196967294,0.24372971360968387,-0.9749279121818236,-0.2225209339563146,2023-03-17,train
2023-03-22,62.07526388888886,65.8846597222222,64.43216666666663,65.03716666666664,70.48724999999996,59.58756249999997,65.11799768518517,67.24215079365077,65.33824810606058,7.812533707312935,0.984305844499033,0.17647097349152166,0.9749279121818236,-0.22252093395631434,2023-03-21,train
2023-03-23,74.29160416666663,62.07526388888886,65.8846597222222,64.43216666666663,78.16445138888885,66.7157222222222,64.13069675925925,66.04043849206347,65.56440277777776,7.8768792657631295,0.9871957872910085,0.15951325197263655,0.43388373911755823,-0.900968867902419,2023-03-22,train
2023-03-24,57.229548611111085,74.29160416666663,62.07526388888886,65.8846597222222,53.56190277777775,49.70706249999996,67.4171759259259,65.48717460317458,66.25311931818179,6.966810623192623,0.9897936029670716,0.14250832791617088,-0.433883739117558,-0.9009688679024191,2023-03-23,train
2023-03-25,71.19243749999997,57.229548611111085,74.29160416666663,62.07526388888886,73.12745833333331,72.01532638888887,64.53213888888888,66.01112400793647,66.93698169191916,5.9898987139534,0.992098522791769,0.12546123335273648,-0.9749279121818236,-0.2225209339563146,2023-03-24,train
2023-03-26,44.903326388888864,71.19243749999997,57.229548611111085,74.29160416666663,65.03716666666664,,67.57119675925924,65.73469246031743,66.86217361111107,5.641250069637469,0.9941098647022418,0.10837701279187609,-0.7818314824680299,0.6234898018587334,2023-03-25,train
2023-03-27,58.29521527777775,44.903326388888864,71.19243749999997,57.229548611111085,64.43216666666663,,57.77510416666666,62.85842956349204,65.03226967592589,9.716748997620801,0.9958270335100595,0.09126072172931188,0.0,1.0,2023-03-26,train
2023-03-28,62.81148611111109,58.29521527777775,44.903326388888864,71.19243749999997,65.8846597222222,,58.130326388888875,61.981722222222196,64.51403472222219,9.827319338697048,0.9972495210773451,0.07411742515094437,0.7818314824680298,0.6234898018587336,2023-03-27,train
2023-03-29,69.17456944444442,62.81148611111109,58.29521527777775,44.903326388888864,62.07526388888886,70.48724999999996,55.33667592592591,61.542697420634894,64.39242410714283,9.691608224437529,0.998376906467142,0.056952196034039754,0.9749279121818236,-0.22252093395631434,2023-03-28,train
2023-03-30,51.55048550724635,69.17456944444442,62.81148611111109,58.29521527777775,74.29160416666663,78.16445138888885,63.42709027777776,62.556883928571395,64.29866121031743,10.118674513743093,0.9992088560679753,0.03977011384605572,0.43388373911755823,-0.900968867902419,2023-03-29,train
2023-03-31,57.63870833333329,51.55048550724635,69.17456944444442,62.81148611111109,57.229548611111085,53.56190277777775,61.178847020933965,59.30815269151136,62.39766364734297,9.344185429796134,0.9997451236925734,0.022576263041545485,-0.433883739117558,-0.9009688679024191,2023-03-30,train
2023-04-01,66.17029166666664,57.63870833333329,51.55048550724635,69.17456944444442,71.19243749999997,73.12745833333331,59.454587761674695,59.36660408040024,62.68886404416837,9.330285290979772,0.9999855506507186,0.005375731557583884,-0.9749279121818236,-0.2225209339563146,2023-03-31,train
2023-04-02,51.871826388888856,66.17029166666664,57.63870833333329,51.55048550724635,44.903326388888864,65.03716666666664,58.45316183574877,58.64915467563834,62.19192356797789,8.417858346308392,0.9999300657962057,-0.011826390691832589,-0.7818314824680299,0.6234898018587334,2023-04-01,train
2023-04-03,71.50345138888885,51.871826388888856,66.17029166666664,57.63870833333329,58.29521527777775,64.43216666666663,58.56027546296294,59.644654675638336,61.25154211956518,6.772607529583841,0.9995786855478958,-0.029025013321975237,0.0,1.0,2023-04-02,train
2023-04-04,53.50309027777775,71.50345138888885,51.871826388888856,66.17029166666664,62.81148611111109,65.8846597222222,63.18185648148147,61.53154554865421,61.756633885438205,8.052917164291665,0.9989315138848577,-0.046215046983708354,0.7818314824680298,0.6234898018587336,2023-04-03,train
2023-04-05,73.27935416666665,53.50309027777775,71.50345138888885,51.871826388888856,69.17456944444442,62.07526388888886,58.959456018518495,60.20177471532088,60.87223606797789,8.558978346726663,0.9979887423155984,-0.06339140486951038,0.9749279121818236,-0.22252093395631434,2023-04-04,train
2023-04-06,61.299951388888864,73.27935416666665,53.50309027777775,71.50345138888885,51.55048550724635,74.29160416666663,66.09529861111109,60.788172532781196,61.67252823067629,9.37764775313647,0.9967506498213929,-0.08054900421874167,0.43388373911755823,-0.900968867902419,2023-04-05,train
2023-04-07,66.41563194444443,61.299951388888864,73.27935416666665,53.50309027777775,57.63870833333329,57.229548611111085,62.69413194444443,62.180953373015846,60.744553032263596,8.455667241804772,0.9952176027737294,-0.09768276782171598,-0.433883739117558,-0.9009688679024191,2023-04-06,train
2023-04-08,54.006784722222186,66.41563194444443,61.299951388888864,73.27935416666665,66.17029166666664,71.19243749999997,66.99831249999998,63.434799603174575,61.40070184178741,8.319509711569475,0.9933900548258936,-0.11478762552212701,-0.9749279121818236,-0.2225209339563146,2023-04-07,train
2023-04-09,56.57861805555553,54.006784722222186,66.41563194444443,61.299951388888864,51.871826388888856,44.903326388888864,60.574122685185166,61.697155753968225,60.17315521480329,8.902753841598999,0.9912685467787256,-0.13185851571739118,-0.7818314824680299,0.6234898018587334,2023-04-08,train
2023-04-10,55.73082638888886,56.57861805555553,54.006784722222186,66.41563194444443,71.50345138888885,58.29521527777775,59.00034490740739,62.36955456349204,61.00710461956519,8.185878548951147,0.9888537064205885,-0.1488903868564548,0.0,1.0,2023-04-09,train
2023-04-11,64.61971527777776,55.73082638888886,56.57861805555553,54.006784722222186,53.50309027777775,62.81148611111109,55.438743055555534,60.1163224206349,60.823933984644555,7.384182426433755,0.986146248341595,-0.16587819893463143,0.7818314824680298,0.6234898018587336,2023-04-10,train
2023-04-12,59.5105347222222,64.61971527777776,55.73082638888886,56.57861805555553,73.27935416666665,69.17456944444442,58.97638657407405,61.70441170634918,60.953093210835036,6.904689414156136,0.9831469737221499,-0.1828169249850199,0.9749279121818236,-0.22252093395631434,2023-04-11,train
2023-04-13,54.5968194444444,59.5105347222222,64.61971527777776,55.73082638888886,61.299951388888864,51.55048550724635,59.953692129629616,59.73743749999998,60.26280501639059,4.65115229447647,0.9798567700958665,-0.1997015525660636,0.43388373911755823,-0.900968867902419,2023-04-12,train
2023-04-14,54.72815277777775,54.5968194444444,59.5105347222222,64.61971527777776,66.41563194444443,57.63870833333329,59.5756898148148,58.779847222222195,60.48040029761902,4.955888019281636,0.9762766110869321,-0.21652708524481437,-0.433883739117558,-0.9009688679024191,2023-04-13,train
2023-04-15,50.32830555555552,54.72815277777775,54.5968194444444,59.5105347222222,54.006784722222186,66.17029166666664,56.278502314814794,57.110207341269806,60.27250347222219,3.785104458719531,0.9724075561219968,-0.23328854407545518,-0.9749279121818236,-0.2225209339563146,2023-04-14,train
2023-04-16,48.47326388888887,50.32830555555552,54.72815277777775,54.5968194444444,56.57861805555553,51.871826388888856,53.21775925925923,56.584710317460285,59.14093303571426,4.479434945856105,0.9682507501166718,-0.2499809690726521,-0.7818314824680299,0.6234898018587334,2023-04-15,train
2023-04-17,63.20597222222219,48.47326388888887,50.32830555555552,54.72815277777775,55.73082638888886,71.50345138888885,51.17657407407406,55.42680257936505,58.898178571428545,5.428356079319136,0.9638074231367307,-0.26659942067929354,0.0,1.0,2023-04-16,train
2023-04-18,67.79410416666664,63.20597222222219,48.47326388888887,50.32830555555552,64.61971527777776,53.50309027777775,54.00251388888887,56.494680555555526,58.30550148809521,6.181191964266121,0.9590788900341131,-0.28313898122818354,0.7818314824680298,0.6234898018587336,2023-04-17,train
2023-04-19,66.33679166666664,67.79410416666664,63.20597222222219,48.47326388888887,59.5105347222222,73.27935416666665,59.824446759259246,56.94816468253965,59.326288194444416,6.945790743640837,0.9540665500578387,-0.2995947563972602,0.9749279121818236,-0.22252093395631434,2023-04-18,train
2023-04-22,75.44331944444441,51.969493055555525,,66.33679166666664,50.32830555555552,54.006784722222186,59.153142361111094,58.0179884259259,57.5291832264957,8.700659602413541,0.9373419384643772,-0.3484108069446808,-0.9749279121818236,-0.2225209339563146,2023-04-21,train
2023-04-23,47.032881944444426,75.44331944444441,51.969493055555525,,48.47326388888887,56.57861805555553,63.706406249999986,62.20382407407405,59.1781474358974,10.17733762438465,0.9312100364121947,-0.3644830148102912,-0.7818314824680299,0.6234898018587334,2023-04-22,train
2023-04-24,56.86613194444441,47.032881944444426,75.44331944444441,51.969493055555525,63.20597222222219,55.73082638888886,58.1485648148148,61.96376041666664,58.44386004273502,10.57520141035157,0.9248025743285089,-0.38044736628785164,0.0,1.0,2023-04-23,train
2023-04-25,54.91234027777774,56.86613194444441,47.032881944444426,75.44331944444441,67.79410416666664,64.61971527777776,59.780777777777764,60.907120370370336,58.53119123931621,10.7416779051863,0.9181214482844364,-0.39629913726891813,0.7818314824680298,0.6234898018587336,2023-04-24,train
2023-04-26,67.29868749999996,54.91234027777774,56.86613194444441,47.032881944444426,66.33679166666664,59.5105347222222,52.93711805555554,58.76015972222219,57.78447008547005,10.370809259587775,0.9111686353326631,-0.41203363695942635,0.9749279121818236,-0.22252093395631434,2023-04-25,train
2023-04-28,46.71323611111109,52.06511111111109,67.29868749999996,54.91234027777774,51.969493055555525,54.72815277777775,58.09204629629627,57.94113789682537,58.18881196581193,9.944828028812026,0.8964562582905575,-0.44313223418263453,-0.433883739117558,-0.9009688679024191,2023-04-27,train
2023-04-29,47.1361458333333,46.71323611111109,52.06511111111109,67.29868749999996,75.44331944444441,50.32830555555552,55.35901157407405,57.19024404761901,57.57227991452988,10.644685469956535,0.8887010478292915,-0.45848712914008766,-0.9749279121818236,-0.2225209339563146,2023-04-28,train
2023-04-30,50.021069444444414,47.1361458333333,46.71323611111109,52.06511111111109,47.032881944444426,48.47326388888887,48.638164351851835,53.146362103174575,57.32672916666664,7.453133946221469,0.8806828564301475,-0.47370635037968,-0.7818314824680299,0.6234898018587334,2023-04-29,train
2023-05-03,42.397805555555514,46.890903508771906,,50.021069444444414,67.29868749999996,66.33679166666664,48.455986476608174,51.6875255847953,55.22384265350875,7.938440904741804,0.8550745085896932,-0.518505144391157,0.9749279121818236,-0.22252093395631434,2023-05-02,train
2023-05-04,56.83460416666663,42.397805555555514,46.890903508771906,,52.06511111111109,,44.644354532163725,47.53737859405455,53.22892714424949,3.2967384367216965,0.8460288880917339,-0.533137056031809,0.43388373911755823,-0.900968867902419,2023-05-03,train
2023-05-05,52.97738888888886,56.83460416666663,42.397805555555514,46.890903508771906,46.71323611111109,51.969493055555525,48.70777107699803,48.332294103313814,53.506286915204655,4.826781934200992,0.8367329140344921,-0.5476112038402312,-0.433883739117558,-0.9009688679024191,2023-05-04,train
2023-05-06,45.25949999999997,52.97738888888886,56.83460416666663,42.397805555555514,47.1361458333333,75.44331944444441,50.736599537037,49.37631956627678,53.58381736392259,5.077494283258517,0.8271893372462497,-0.5619233046832195,-0.9749279121818236,-0.2225209339563146,2023-05-05,train
2023-05-07,63.2980833333333,45.25949999999997,52.97738888888886,56.83460416666663,50.021069444444414,47.032881944444426,51.690497685185164,49.06354526072121,51.26198509896533,5.296179743415629,0.8174009818249189,-0.5760691233798758,-0.7818314824680299,0.6234898018587334,2023-05-06,train
2023-05-09,53.41445833333329,69.45876388888885,63.2980833333333,45.25949999999997,46.890903508771906,54.91234027777774,59.338782407407386,53.87386419172929,53.481818432298674,9.966139225026781,0.7971015927871943,-0.6038452208771035,0.7818314824680298,0.6234898018587336,2023-05-08,train
2023-05-10,61.13510416666664,53.41445833333329,69.45876388888885,63.2980833333333,42.397805555555514,67.29868749999996,62.057101851851826,54.80580059523806,53.36659674426448,9.498362682917243,0.7865965660866021,-0.6174672802835514,0.9749279121818236,-0.22252093395631434,2023-05-09,train
2023-05-11,59.079722222222195,61.13510416666664,53.41445833333329,69.45876388888885,56.83460416666663,52.06511111111109,61.336108796296266,57.4825575396825,52.89247494939268,7.929479917313785,0.7758587728069828,-0.6309066211876704,0.43388373911755823,-0.900968867902419,2023-05-10,train
2023-05-12,54.783333333333296,59.079722222222195,61.13510416666664,53.41445833333329,52.97738888888886,46.71323611111109,57.87642824074072,57.80328869047616,53.432060419478155,7.9442948366151285,0.7648913904341225,-0.6441592666722685,-0.433883739117558,-0.9009688679024191,2023-05-11,train
2023-05-13,64.82290972222218,54.783333333333296,59.079722222222195,61.13510416666664,45.25949999999997,47.1361458333333,58.33271990740739,58.06128075396822,54.052837128879865,7.789264244638467,0.753697664392914,-0.6572212950663319,-0.9749279121818236,-0.2225209339563146,2023-05-12,train
2023-05-14,55.61285416666663,64.82290972222218,54.783333333333296,59.079722222222195,63.2980833333333,50.021069444444414,59.561988425925904,60.856053571428546,55.41335742802516,5.644976748696862,0.742280907086982,-0.6700888411055113,-0.7818314824680299,0.6234898018587334,2023-05-13,train
2023-05-15,71.16095833333331,55.61285416666663,64.82290972222218,54.783333333333296,69.45876388888885,,58.40636574074071,59.758163690476145,55.84349471434995,5.835018855513012,0.7306444969184916,-0.6827580970759147,0.0,1.0,2023-05-14,train
2023-05-16,60.4600972222222,71.16095833333331,55.61285416666663,64.82290972222218,53.41445833333329,46.890903508771906,63.865574074074054,60.00133432539679,56.93759925856305,6.321825000465548,0.7187918772884232,-0.6952253139408722,0.7818314824680298,0.6234898018587336,2023-05-15,train
2023-05-17,53.57209027777776,60.4600972222222,71.16095833333331,55.61285416666663,61.13510416666664,42.397805555555514,62.41130324074072,61.00785416666663,57.90682738095234,5.6202725429712315,0.7067265555776158,-0.7074868024503348,0.9749279121818236,-0.22252093395631434,2023-05-16,train
2023-05-18,61.551673611111084,53.57209027777776,60.4600972222222,71.16095833333331,59.079722222222195,56.83460416666663,61.7310486111111,59.92742361111108,58.70499057539679,6.2799663148621105,0.6944521021088763,-0.719538934232584,0.43388373911755823,-0.900968867902419,2023-05-17,train
2023-05-19,49.37894444444441,61.551673611111084,53.57209027777776,60.4600972222222,54.783333333333296,52.97738888888886,58.5279537037037,60.280559523809494,59.041924107142826,6.293839807074993,0.6819721490904629,-0.7313781428679254,-0.433883739117558,-0.9009688679024191,2023-05-18,train
2023-05-20,50.79944444444441,49.37894444444441,61.551673611111084,53.57209027777776,64.82290972222218,45.25949999999997,54.834236111111096,59.50850396825394,58.784892361111076,7.327206654950043,0.6692903895412567,-0.7430009249440493,-0.9749279121818236,-0.2225209339563146,2023-05-19,train
2023-05-21,53.42026388888885,50.79944444444441,49.37894444444441,61.551673611111084,55.61285416666663,63.2980833333333,53.91002083333331,57.505151785714254,59.1806026785714,7.545844482080951,0.6564105761979381,-0.7544038410927472,-0.7818314824680299,0.6234898018587334,2023-05-20,train
2023-05-22,52.10584027777775,53.42026388888885,50.79944444444441,49.37894444444441,71.16095833333331,69.45876388888885,51.199550925925905,57.19192460317458,58.47504414682537,7.6817679568997965,0.6433365204044917,-0.765583517007675,0.0,1.0,2023-05-21,train
2023-05-23,57.123902777777744,52.10584027777775,53.42026388888885,50.79944444444441,60.4600972222222,53.41445833333329,52.10851620370369,54.469764880952354,57.23554960317457,4.70674390634741,0.6300720909843687,-0.7765366444428655,0.7818314824680298,0.6234898018587336,2023-05-22,train
2023-05-24,51.04845138888885,57.123902777777744,52.10584027777775,53.42026388888885,53.57209027777776,61.13510416666664,54.21666898148146,53.99316567460314,57.50050992063489,4.133016815670363,0.6166212130956382,-0.7872599821916922,0.9749279121818236,-0.22252093395631434,2023-05-23,train
2023-05-25,55.85038194444442,51.04845138888885,57.123902777777744,52.10584027777775,61.551673611111084,59.079722222222195,53.426064814814794,53.6326458333333,56.78003472222219,4.283207206341179,0.6029878670694714,-0.7977503570459932,0.43388373911755823,-0.900968867902419,2023-05-24,train
2023-05-26,67.70507407407405,55.85038194444442,51.04845138888885,57.123902777777744,49.37894444444441,54.783333333333296,54.67424537037035,52.81817559523807,56.54936755952377,2.8177711039883118,0.5891760872322963,-0.8080046647350754,-0.433883739117558,-0.9009688679024191,2023-05-25,train
2023-05-27,68.05119444444442,67.70507407407405,55.85038194444442,51.04845138888885,50.79944444444441,64.82290972222218,58.20130246913578,55.43619411375658,57.47234904100526,5.908359792619594,0.5751899607119775,-0.8180198708443174,-0.9749279121818236,-0.2225209339563146,2023-05-26,train
2023-05-28,69.56974305555552,68.05119444444442,67.70507407407405,55.85038194444442,53.42026388888885,55.61285416666663,63.86888348765431,57.900729828042294,57.70294080687828,7.124763440198302,0.5610336262283677,-0.8277930117131022,-0.7818314824680299,0.6234898018587334,2023-05-27,train
2023-05-29,65.58998611111109,69.56974305555552,68.05119444444442,67.70507407407405,52.10584027777775,71.16095833333331,68.44200385802468,60.207798280423255,58.699861441798916,7.993819125183308,0.5467112728685939,-0.8373211953118121,0.0,1.0,2023-05-28,train
2023-05-30,63.31474305555552,65.58998611111109,69.56974305555552,68.05119444444442,57.123902777777744,60.4600972222222,67.73697453703703,62.134104828042304,58.301934854497325,7.31161734498882,0.5322271388474397,-0.8466016020976267,0.7818314824680298,0.6234898018587336,2023-05-29,train
2023-05-31,66.74520833333331,63.31474305555552,65.58998611111109,69.56974305555552,51.04845138888885,53.57209027777776,66.15815740740739,63.01851058201055,58.50583812830685,6.9710718505534475,0.5175855102531889,-0.8556314858488706,0.9749279121818236,-0.22252093395631434,2023-05-30,train
2023-06-01,61.156138888888854,66.74520833333331,63.31474305555552,65.58998611111109,55.85038194444442,61.551673611111084,65.21664583333332,65.2609044312169,59.4467751322751,4.60041129124407,0.5027907197793043,-0.8644081744776648,0.43388373911755823,-0.900968867902419,2023-05-31,train
2023-06-02,56.46789583333331,61.156138888888854,66.74520833333331,63.31474305555552,67.70507407407405,49.37894444444441,63.738696759259234,66.01886970899469,59.41852265211637,2.9226783218722003,0.4878471454423119,-0.8729290708206411,-0.433883739117558,-0.9009688679024191,2023-06-01,train
2023-06-03,63.467083333333306,56.46789583333331,61.156138888888854,66.74520833333331,68.05119444444442,50.79944444444441,61.45641435185183,64.413558531746,59.924876322751295,4.5016837668626755,0.47275920928627757,-0.881191653407483,-0.9749279121818236,-0.2225209339563146,2023-06-02,train
2023-06-04,46.138749999999966,63.467083333333306,56.46789583333331,61.156138888888854,69.56974305555552,53.42026388888885,60.363706018518506,63.75868551587298,60.82970767195764,4.208173594732786,0.4575313760742512,-0.8891934772070711,-0.7818314824680299,0.6234898018587334,2023-06-03,train
2023-06-05,59.25081249999996,46.138749999999966,63.467083333333306,56.46789583333331,65.58998611111109,52.10584027777775,55.35790972222222,60.41140079365076,60.30959953703701,7.1240892142213506,0.44216815196707204,-0.8969321743510065,0.0,1.0,2023-06-04,train
2023-06-06,55.102381944444424,59.25081249999996,46.138749999999966,63.467083333333306,63.31474305555552,57.123902777777744,56.285548611111096,59.50580456349203,60.81995469576717,6.7491279728780675,0.42667408318992467,-0.9044054548343001,0.7818314824680298,0.6234898018587336,2023-06-05,train
2023-06-07,54.14731249999997,55.102381944444424,59.25081249999996,46.138749999999966,66.74520833333331,51.04845138888885,53.49731481481481,58.332610119047594,60.67556035052907,6.6901892382304045,0.4110537546870351,-0.9116111071930239,0.9749279121818236,-0.22252093395631434,2023-06-06,train
2023-06-08,66.48500694444441,54.14731249999997,55.102381944444424,59.25081249999996,61.156138888888854,55.85038194444442,56.166835648148144,56.532910714285684,60.89690757275129,5.66604321186762,0.3953117887649151,-0.9185469991587165,0.43388373911755823,-0.900968867902419,2023-06-07,train
2023-06-09,74.81334027777774,66.48500694444441,54.14731249999997,55.102381944444424,56.46789583333331,67.70507407407405,58.57823379629628,57.294177579365055,61.65652364417986,6.6613007239993545,0.37945284372454435,-0.925211078289358,-0.433883739117558,-0.9009688679024191,2023-06-08,train
2023-06-10,65.4720208333333,74.81334027777774,66.48500694444441,54.14731249999997,63.467083333333306,68.05119444444442,65.14855324074072,59.91495535714283,62.16425694444441,9.34876597043244,0.36348161248290634,-0.9316013725767187,-0.9749279121818236,-0.2225209339563146,2023-06-09,train
2023-06-11,52.998486111111085,65.4720208333333,74.81334027777774,66.48500694444441,46.138749999999966,69.56974305555552,68.9234560185185,60.20137499999997,61.980030257936484,9.505135989595532,0.3474028211842774,-0.9377159910299093,-0.7818314824680299,0.6234898018587334,2023-06-10,train
2023-06-12,49.072958333333304,52.998486111111085,65.4720208333333,74.81334027777774,59.25081249999996,65.58998611111109,64.42794907407406,61.18133730158728,60.79636904761902,8.056959359786951,0.3312212278016865,-0.9435531242349544,0.0,1.0,2023-06-11,train
2023-06-13,67.44024305555551,49.072958333333304,52.998486111111085,65.4720208333333,55.102381944444424,63.31474305555552,55.847821759259254,59.72735813492061,59.61658134920632,9.287761589507276,0.31494162072895193,-0.9491110448902284,0.7818314824680298,0.6234898018587336,2023-06-12,train
2023-06-14,54.1355833333333,67.44024305555551,49.072958333333304,52.998486111111085,54.14731249999997,66.74520833333331,56.50389583333331,61.48990972222219,59.91125992063489,9.43333773037896,0.2985688173637202,-0.9543881083175908,0.9749279121818236,-0.22252093395631434,2023-06-13,train
2023-06-15,42.98243749999998,54.1355833333333,67.44024305555551,49.072958333333304,66.48500694444441,61.156138888888854,56.88292824074072,61.48823412698409,59.010572420634894,9.43486024826312,0.2821076626819194,-0.9593827529490743,0.43388373911755823,-0.900968867902419,2023-06-14,train
2023-06-16,69.4875833333333,42.98243749999998,54.1355833333333,67.44024305555551,74.81334027777774,56.46789583333331,54.85275462962962,58.13072420634917,57.71245089285711,11.348173036260015,0.26556302780405594,-0.9640935007889755,-0.433883739117558,-0.9009688679024191,2023-06-15,train
2023-06-17,53.85527083333329,69.4875833333333,42.98243749999998,54.1355833333333,65.4720208333333,63.467083333333306,55.53520138888888,57.369901785714255,58.64242857142854,10.159583345448484,0.24893980855376657,-0.9685189578512204,-0.9749279121818236,-0.2225209339563146,2023-06-16,train
2023-06-18,56.26445138888886,53.85527083333329,69.4875833333333,42.98243749999998,52.998486111111085,46.138749999999966,55.44176388888888,55.71036607142854,57.955870535714254,9.54579042195566,0.23224292400907015,-0.9726578145718654,-0.7818314824680299,0.6234898018587334,2023-06-17,train
2023-06-19,30.252534722222197,56.26445138888886,53.85527083333329,69.4875833333333,49.072958333333304,59.25081249999996,59.86910185185184,56.17693253968251,58.67913492063489,9.47067065923495,0.21547731504673012,-0.976508846196619,0.0,1.0,2023-06-18,train
2023-06-20,70.61163888888885,30.252534722222197,56.26445138888886,53.85527083333329,67.44024305555551,55.102381944444424,46.7907523148148,53.48830059523806,56.60782936507933,13.59637437553865,0.19864794288017112,-0.9800709131432666,0.7818314824680298,0.6234898018587336,2023-06-19,train
2023-06-21,63.136361111111086,70.61163888888885,30.252534722222197,56.26445138888886,54.1355833333333,54.14731249999997,52.37620833333332,53.94135714285711,57.71563343253964,14.179113578395501,0.18175978759137534,-0.9833429613388902,0.9749279121818236,-0.22252093395631434,2023-06-20,train
2023-06-22,77.05732638888887,63.136361111111086,70.61163888888885,30.252534722222197,42.98243749999998,66.48500694444441,54.6668449074074,55.22718253968251,58.3577083333333,14.601486891863255,0.16481784665719793,-0.9863240225317866,0.43388373911755823,-0.900968867902419,2023-06-21,train
2023-06-23,63.2913958333333,77.05732638888887,63.136361111111086,70.61163888888885,69.4875833333333,74.81334027777774,70.2684421296296,60.095023809523774,59.112874007936476,15.491776128595568,0.14782713347053048,-0.9890132145779883,-0.433883739117558,-0.9009688679024191,2023-06-22,train
2023-06-24,57.403548611111084,63.2913958333333,77.05732638888887,63.136361111111086,53.85527083333329,65.4720208333333,67.82836111111111,59.20985416666663,58.28987797619044,15.03597191371955,0.13079267585675922,-0.9914097417023038,-0.9749279121818236,-0.2225209339563146,2023-06-23,train
2023-06-25,58.36002777777773,57.403548611111084,63.2913958333333,77.05732638888887,56.26445138888886,52.998486111111085,65.91742361111109,59.71675099206347,57.713558531745996,14.884417325322792,0.11371951458594969,-0.9935128947338007,-0.7818314824680299,0.6234898018587334,2023-06-24,train
2023-06-26,60.478499999999976,58.36002777777773,57.403548611111084,63.2913958333333,30.252534722222197,49.072958333333304,59.68499074074072,60.01611904761901,58.09652579365076,14.824361995195092,0.0966127018812031,-0.9953220513156602,0.0,1.0,2023-06-25,train
2023-06-27,56.70247916666663,60.478499999999976,58.36002777777773,57.403548611111084,70.61163888888885,67.44024305555551,58.74735879629628,64.33411408730156,58.91120734126981,7.099266716811388,0.07947729992362097,-0.9968366760893436,0.7818314824680298,0.6234898018587336,2023-06-26,train
2023-06-28,69.20339583333329,56.70247916666663,60.478499999999976,58.36002777777773,63.136361111111086,54.1355833333333,58.51366898148146,62.347091269841236,58.14422420634917,6.995167899892451,0.062318379354325076,-0.998056320853012,0.9749279121818236,-0.22252093395631434,2023-06-27,train
2023-06-29,59.48909722222219,69.20339583333329,56.70247916666663,60.478499999999976,77.05732638888887,42.98243749999998,62.12812499999998,63.21381051587298,59.22049652777775,7.469067247778713,0.04514101777397193,-0.9989806246941579,0.43388373911755823,-0.900968867902419,2023-06-28,train
2023-06-30,60.37535416666665,59.48909722222219,69.20339583333329,56.70247916666663,63.2913958333333,69.4875833333333,61.79832407407406,60.70406349206345,60.39954365079361,4.33706006106785,0.02795029824021032,-0.999609314096404,-0.433883739117558,-0.9009688679024191,2023-06-29,train
2023-07-01,60.42011805555552,60.37535416666665,59.48909722222219,69.20339583333329,57.403548611111084,53.85527083333329,63.02261574074074,60.28748611111108,59.74867013888885,4.184486109747803,0.01075130776352193,-0.9999422030204416,-0.9749279121818236,-0.2225209339563146,2023-06-30,train
2023-07-02,57.72480555555552,60.42011805555552,60.37535416666665,59.48909722222219,58.36002777777773,56.26445138888886,60.094856481481465,60.71842460317457,60.21758779761901,3.988735886995199,-0.00645086419810515,-0.9999791929590823,-0.7818314824680299,0.6234898018587334,2023-07-01,train
2023-07-03,45.98829166666664,57.72480555555552,60.42011805555552,60.37535416666665,60.478499999999976,30.252534722222197,59.50675925925924,60.62767857142854,60.32189880952377,4.057958423014841,-0.023651127245231586,-0.9997202729664083,0.0,1.0,2023-07-02,train
2023-07-04,46.28706944444442,45.98829166666664,57.72480555555552,60.42011805555552,56.70247916666663,70.61163888888885,54.71107175925925,58.55764880952377,61.44588144841266,6.868968767489127,-0.04084439154329611,-0.9991655196610109,0.7818314824680298,0.6234898018587336,2023-07-03,train
2023-07-05,57.50620833333331,46.28706944444442,45.98829166666664,57.72480555555552,69.20339583333329,63.136361111111086,50.00005555555555,57.06973313492061,59.70841220238093,8.313890021526959,-0.05802556932878035,-0.9983150972033183,0.9749279121818236,-0.22252093395631434,2023-07-04,train
2023-07-06,53.422284722222194,57.50620833333331,46.28706944444442,45.98829166666664,59.48909722222219,77.05732638888887,49.9271898148148,55.39870634920633,59.30625843253966,6.430954183092789,-0.07518957641475855,-0.9971692572470178,0.43388373911755823,-0.900968867902419,2023-07-05,train
2023-07-07,56.98390277777775,53.422284722222194,57.50620833333331,46.28706944444442,60.37535416666665,63.2913958333333,52.40518749999999,54.532018849206324,57.61804117063489,6.192198648638445,-0.09233133369539122,-0.9957283388645872,-0.433883739117558,-0.9009688679024191,2023-07-06,train
2023-07-08,53.763111111111094,56.98390277777775,53.422284722222194,57.50620833333331,60.42011805555552,57.403548611111084,55.9707986111111,54.04752579365076,57.16750595238092,5.777600094992389,-0.10944576864891556,-0.993992768446958,-0.9749279121818236,-0.2225209339563146,2023-07-07,train
2023-07-09,55.36693749999997,53.763111111111094,56.98390277777775,53.422284722222194,57.72480555555552,58.36002777777773,54.72309953703703,53.09652480158728,56.907474702380924,5.0567465909870295,-0.12652781683868314,-0.9919630595773397,-0.7818314824680299,0.6234898018587334,2023-07-08,train
2023-07-10,58.82516666666664,55.36693749999997,53.763111111111094,56.98390277777775,45.98829166666664,60.478499999999976,55.371317129629624,52.75968650793648,56.69368253968251,4.767313837369146,-0.1435724234118113,-0.9896398128792412,0.0,1.0,2023-07-09,train
2023-07-11,52.740013888888846,58.82516666666664,55.36693749999997,53.763111111111094,46.28706944444442,56.70247916666663,55.985071759259256,54.59352579365077,56.57558730158728,4.158549088375946,-0.16057454459499376,-0.9870237158387383,0.7818314824680298,0.6234898018587336,2023-07-10,train
2023-07-12,67.14151754385962,52.740013888888846,58.82516666666664,55.36693749999997,57.50620833333331,69.20339583333329,55.64403935185184,55.51537499999996,56.29255406746029,2.3184344828529557,-0.17752914918703497,-0.984115542601034,0.9749279121818236,-0.22252093395631434,2023-07-11,train
2023-07-13,45.73670138888886,67.14151754385962,52.740013888888846,58.82516666666664,53.422284722222194,59.48909722222219,59.568899366471726,56.891847744360874,56.1452770467836,5.00319669952689,-0.19443122004766195,-0.9809161537413774,0.43388373911755823,-0.900968867902419,2023-07-12,train
2023-07-14,61.848618055555534,45.73670138888886,67.14151754385962,52.740013888888846,56.98390277777775,60.37535416666665,55.20607760721246,55.7939072681704,55.16296305868836,6.508366063608047,-0.2112757555821793,-0.9774264960104055,-0.433883739117558,-0.9009688679024191,2023-07-13,train
2023-07-15,55.69160416666665,61.848618055555534,45.73670138888886,67.14151754385962,53.763111111111094,60.42011805555552,58.242278996101355,56.48886659356723,55.268196193609,6.904293676955043,-0.2280577712215198,-0.9736476020539838,-0.9749279121818236,-0.2225209339563146,2023-07-14,train
2023-07-16,45.76084722222217,55.69160416666665,61.848618055555534,45.73670138888886,55.36693749999997,57.72480555555552,54.4256412037037,56.764365601503734,54.9304452015455,6.815304023170176,-0.24477230089725957,-0.9695805901076308,-0.7818314824680299,0.6234898018587334,2023-07-15,train
2023-07-17,57.47018055555552,45.76084722222217,55.69160416666665,61.848618055555534,58.82516666666664,45.98829166666664,54.433689814814805,55.392066990392614,54.07587674916455,8.006584796771472,-0.2614143985111562,-0.965226663665613,0.0,1.0,2023-07-16,train
2023-07-18,67.47105555555552,57.47018055555552,45.76084722222217,55.69160416666665,52.740013888888846,46.28706944444442,52.97421064814813,55.19849754594817,54.89601166979947,7.925722883340847,-0.2779791393987801,-0.9605871111248129,0.7818314824680298,0.6234898018587336,2023-07-17,train
2023-07-19,65.13482638888884,67.47105555555552,57.47018055555552,45.76084722222217,67.14151754385962,57.50620833333331,56.90069444444442,57.302932069757695,56.40915353487883,9.041326643927984,-0.2944616217868012,-0.9556633054034704,0.9749279121818236,-0.22252093395631434,2023-07-18,train
2023-07-20,64.13293055555552,65.13482638888884,67.47105555555552,57.47018055555552,45.73670138888886,53.422284722222194,63.358687499999974,57.01626190476187,56.954054824561375,8.702864192355976,-0.3108569682435036,-0.9504567035349151,0.43388373911755823,-0.900968867902419,2023-07-19,train
2023-07-21,60.137458333333306,64.13293055555552,65.13482638888884,67.47105555555552,61.848618055555534,56.98390277777775,65.57960416666664,59.64429464285711,57.71910095551375,7.410709206389441,-0.3271603271220951,-0.9449688462364056,-0.433883739117558,-0.9009688679024191,2023-07-20,train
2023-07-22,73.47428260869562,60.137458333333306,64.13293055555552,65.13482638888884,55.69160416666665,53.763111111111094,63.13507175925924,59.39984325396822,57.94435492376772,7.353882636597685,-0.34336687399638804,-0.939201357453208,-0.9749279121818236,-0.2225209339563146,2023-07-21,train
2023-07-23,58.45269565217389,73.47428260869562,60.137458333333306,64.13293055555552,45.76084722222217,55.36693749999997,65.91489049919483,61.940225888543786,59.35229574502375,8.790539777776727,-0.3594718130884232,-0.9331559438780432,-0.7818314824680299,0.6234898018587334,2023-07-22,train
2023-07-24,69.2698819444444,58.45269565217389,73.47428260869562,60.137458333333306,57.47018055555552,58.82516666666664,64.02147886473429,63.7533470928226,59.57270704160761,5.64240272578357,-0.3754703786876202,-0.9268343944460494,0.0,1.0,2023-07-23,train
2023-07-25,62.69506944444441,69.2698819444444,58.45269565217389,73.47428260869562,67.47105555555552,52.740013888888846,67.06562006843798,65.43901871980673,60.318758132877456,5.1974962612711595,-0.3913578365610259,-0.9202385798054075,0.7818314824680298,0.6234898018587336,2023-07-24,train
2023-07-26,60.35356249999996,62.69506944444441,69.2698819444444,58.45269565217389,65.13482638888884,67.14151754385962,63.472549013687576,64.756734989648,61.02983352970285,5.199764587947124,-0.4071294853542516,-0.9133704517637858,0.9749279121818236,-0.22252093395631434,2023-07-25,train
2023-07-27,53.48608333333329,60.35356249999996,62.69506944444441,69.2698819444444,64.13293055555552,45.73670138888886,64.10617129629627,64.07369729123529,60.544979597998584,5.449839477844856,-0.4227806579826773,-0.9062320427107697,0.43388373911755823,-0.900968867902419,2023-07-26,train
2023-07-28,74.64547916666665,53.48608333333329,60.35356249999996,62.69506944444441,60.137458333333306,61.848618055555534,58.84490509259257,62.552719116632126,61.09850687974462,6.759005603566814,-0.4383067230125192,-0.898825465016444,-0.433883739117558,-0.9009688679024191,2023-07-27,train
2023-07-29,59.21184027777775,74.64547916666665,53.48608333333329,60.35356249999996,73.47428260869562,55.69160416666665,62.82837499999997,64.62529352139403,62.01256838768113,8.004554420533896,-0.45370308603134424,-0.8911529104063088,-0.9749279121818236,-0.2225209339563146,2023-07-28,train
2023-07-30,75.61380555555552,59.21184027777775,74.64547916666665,53.48608333333329,58.45269565217389,45.76084722222217,62.44780092592591,62.58780175983434,62.264013824189064,7.145845042545208,-0.46896519100763184,-0.8832166493127127,-0.7818314824680299,0.6234898018587334,2023-07-29,train
2023-07-31,43.90411805555553,75.61380555555552,59.21184027777775,74.64547916666665,69.2698819444444,57.47018055555552,69.82370833333333,65.03938888888885,64.39636799085574,8.335509626866605,-0.48408852163897587,-0.8750190302029955,0.0,1.0,2023-07-30,train
2023-08-01,66.8663333333333,43.90411805555553,75.61380555555552,59.21184027777775,62.69506944444441,67.47105555555552,59.57658796296295,61.415708333333306,63.42736352657001,11.208400872870515,-0.4990686026885319,-0.8665624788845385,0.7818314824680298,0.6234898018587336,2023-07-31,train
2023-08-02,60.23926388888885,66.8663333333333,43.90411805555553,75.61380555555552,60.35356249999996,65.13482638888884,62.12808564814812,62.01160317460314,63.384169082125574,11.397049429324708,-0.5139010013093103,-0.8578494977869301,0.9749279121818236,-0.22252093395631434,2023-08-01,train
2023-08-03,59.252013888888854,60.23926388888885,66.8663333333333,43.90411805555553,53.48608333333329,64.13293055555552,57.0032384259259,61.995274801587264,63.03448604641129,11.399902306025215,-0.5285813283559292,-0.8488826652214553,0.43388373911755823,-0.900968867902419,2023-08-02,train
2023-08-04,47.40116666666663,59.252013888888854,60.23926388888885,66.8663333333333,74.64547916666665,60.137458333333306,62.119203703703676,62.81897916666664,62.68584914164938,10.879003893937854,-0.5431052396834317,-0.8396646346181327,-0.433883739117558,-0.9009688679024191,2023-08-03,train
2023-08-05,60.68605555555553,47.40116666666663,59.252013888888854,60.23926388888885,59.21184027777775,73.47428260869562,55.63081481481479,58.9269345238095,61.77611402260176,10.816061466380303,-0.5574684374327892,-0.8301981337405212,-0.9749279121818236,-0.2225209339563146,2023-08-04,train
2023-08-06,69.63541666666664,60.68605555555553,47.40116666666663,59.252013888888854,75.61380555555552,58.45269565217389,55.77974537037036,59.137536706349174,60.86266923309176,10.836865909383537,-0.5716666713027052,-0.8204859638785327,-0.7818314824680299,0.6234898018587334,2023-08-05,train
2023-08-07,72.0339583333333,69.63541666666664,60.68605555555553,47.40116666666663,43.90411805555553,69.2698819444444,59.24087962962961,58.28348115079363,61.661435019841235,9.471520017521266,-0.5856957398073508,-0.8105309990194823,0.0,1.0,2023-08-06,train
2023-08-08,68.72103472222219,72.0339583333333,69.63541666666664,60.68605555555553,66.8663333333333,62.69506944444441,67.45181018518518,62.30202976190473,61.85886904761902,8.24142542077965,-0.5995514915196489,-0.8003361849976323,0.7818314824680298,0.6234898018587336,2023-08-07,train
2023-08-09,75.0304722222222,68.72103472222219,72.0339583333333,69.63541666666664,60.23926388888885,60.35356249999996,70.13013657407406,62.566987103174576,62.28929513888886,8.440042442993725,-0.6132298262997502,-0.7899045386224707,0.9749279121818236,-0.22252093395631434,2023-08-08,train
2023-08-10,56.40120833333331,75.0304722222222,68.72103472222219,72.0339583333333,59.252013888888854,53.48608333333329,71.9284884259259,64.68001686507934,63.3376458333333,9.540019227485338,-0.6267266965083301,-0.7792391467859886,0.43388373911755823,-0.900968867902419,2023-08-09,train
2023-08-11,65.74398611111107,56.40120833333331,75.0304722222222,68.72103472222219,47.40116666666663,74.64547916666665,66.71757175925924,64.27275892857139,63.545869047619014,9.865649517159504,-0.6400381082043503,-0.7683431655492202,-0.433883739117558,-0.9009688679024191,2023-08-10,train
2023-08-12,67.03399305555551,65.74398611111107,56.40120833333331,75.0304722222222,60.68605555555553,59.21184027777775,65.7252222222222,66.89316170634918,62.910048115079334,6.49916086017718,-0.65316012232693,-0.7572198192083127,-0.9749279121818236,-0.2225209339563146,2023-08-11,train
2023-08-13,53.15140972222218,67.03399305555551,65.74398611111107,56.40120833333331,69.63541666666664,75.61380555555552,63.059729166666635,67.80000992063489,63.46877331349203,5.904371293572515,-0.666088855860977,-0.7458723993404063,-0.7818314824680299,0.6234898018587334,2023-08-12,train
2023-08-14,61.49963194444441,53.15140972222218,67.03399305555551,65.74398611111107,72.0339583333333,43.90411805555553,61.976462962962934,65.44515178571426,61.86431646825393,7.974593764308913,-0.6788204829862355,-0.734304263829602,0.0,1.0,2023-08-13,train
2023-08-15,69.07454861111107,61.49963194444441,53.15140972222218,67.03399305555551,68.72103472222219,66.8663333333333,60.56167824074071,63.940248015872974,63.12113888888886,7.5040709155659755,-0.6913512362094071,-0.722518835873311,0.7818314824680298,0.6234898018587336,2023-08-14,train
2023-08-16,63.52513194444441,69.07454861111107,61.49963194444441,53.15140972222218,75.0304722222222,60.23926388888885,61.24186342592591,63.99074999999997,63.278868551587266,7.5426979009824535,-0.7036774074790128,-0.7105196029692745,0.9749279121818236,-0.22252093395631434,2023-08-15,train
2023-08-17,57.73487499999996,63.52513194444441,69.07454861111107,61.49963194444441,56.40120833333331,59.252013888888854,64.69977083333332,62.347129960317424,63.51357341269837,5.784817417729834,-0.7157953492826642,-0.6983101158835584,0.43388373911755823,-0.900968867902419,2023-08-16,train
2023-08-18,45.15374166666663,57.73487499999996,63.52513194444441,69.07454861111107,65.74398611111107,47.40116666666663,63.44485185185183,62.537653769841235,63.40520634920632,5.57448789740053,-0.7277014757264236,-0.6858939875998223,-0.433883739117558,-0.9009688679024191,2023-08-17,train
2023-08-19,50.042326388888874,45.15374166666663,57.73487499999996,63.52513194444441,67.03399305555551,60.68605555555553,55.47124953703701,59.59619027777774,63.244675992063456,8.344697642932962,-0.7393922635959241,-0.673274892250183,-0.9749279121818236,-0.2225209339563146,2023-08-18,train
2023-08-20,59.2200069444444,50.042326388888874,45.15374166666663,57.73487499999996,53.15140972222218,69.63541666666664,50.9769810185185,57.16880932539679,62.48440962301584,8.29170297689456,-0.7508642533989489,-0.6604565640279754,-0.7818314824680299,0.6234898018587334,2023-08-19,train
2023-08-21,54.452020833333286,59.2200069444444,50.042326388888874,45.15374166666663,61.49963194444441,72.0339583333333,51.47202499999998,58.03575178571425,61.74045178571426,8.117068611230508,-0.7621140503891487,-0.6474427960827475,0.0,1.0,2023-08-20,train
2023-08-22,54.49101388888886,54.452020833333286,59.2200069444444,50.042326388888874,69.07454861111107,68.72103472222219,54.57145138888887,57.02895019841266,60.48459910714282,8.052638623128455,-0.7731383255706026,-0.6342374393978054,0.7818314824680298,0.6234898018587336,2023-08-21,train
2023-08-23,55.47715972222219,54.49101388888886,54.452020833333286,59.2200069444444,63.52513194444441,75.0304722222222,56.05434722222219,54.94558809523806,59.468169047619014,6.055738721642369,-0.7839338166829201,-0.620844401650647,0.9749279121818236,-0.22252093395631434,2023-08-22,train
2023-08-24,47.96711805555552,55.47715972222219,54.49101388888886,54.452020833333286,57.73487499999996,56.40120833333331,54.80673148148146,53.79587777777774,58.07150386904759,4.7863170918851505,-0.7944973291665992,-0.6072676460566135,0.43388373911755823,-0.900968867902419,2023-08-23,train
2023-08-25,57.50221527777774,47.96711805555552,55.47715972222219,54.49101388888886,45.15374166666663,65.74398611111107,52.645097222222205,52.4004839285714,57.469068849206316,4.869665639554378,-0.8048257371083452,-0.593511190196115,-0.433883739117558,-0.9009688679024191,2023-08-24,train
2023-08-26,42.28810416666664,57.50221527777774,47.96711805555552,55.47715972222219,50.042326388888874,67.03399305555551,53.6488310185185,54.16455158730156,56.88037093253964,3.958339446941752,-0.8149159841660791,-0.5795791048257612,-0.9749279121818236,-0.2225209339563146,2023-08-25,train
2023-08-27,73.5532083333333,42.28810416666664,57.50221527777774,47.96711805555552,59.2200069444444,53.15140972222218,49.25247916666665,53.05680555555552,55.11280744047616,5.908726045942929,-0.8247650844733614,-0.5654755126737576,-0.7818314824680299,0.6234898018587334,2023-08-26,train
2023-08-28,58.53979166666662,73.5532083333333,42.28810416666664,57.50221527777774,54.452020833333286,61.49963194444441,57.78117592592591,55.10440575396823,56.57007876984124,9.680281249160926,-0.8343701235229538,-0.5512045872199277,0.0,1.0,2023-08-27,train
2023-08-29,70.77962499999995,58.53979166666662,73.5532083333333,42.28810416666664,54.49101388888886,69.07454861111107,58.1270347222222,55.68837301587298,56.35866160714283,9.757358046800695,-0.8437282590292712,-0.5367705514607103,0.7818314824680298,0.6234898018587336,2023-08-28,train
2023-08-30,65.34135416666663,70.77962499999995,58.53979166666662,73.5532083333333,55.47715972222219,63.52513194444441,67.6242083333333,58.015317460317426,56.48045277777775,11.252005308370014,-0.8528367217694595,-0.522177676659508,0.9749279121818236,-0.22252093395631434,2023-08-29,train
2023-08-31,73.65919696969695,65.34135416666663,70.77962499999995,58.53979166666662,47.96711805555552,57.73487499999996,64.88692361111107,59.42448809523806,56.610182936507904,11.49618760523523,-0.8616928164028522,-0.5074302810827518,0.43388373911755823,-0.900968867902419,2023-08-30,train
2023-09-01,60.6820833333333,73.65919696969695,65.34135416666663,70.77962499999995,57.50221527777774,45.15374166666663,69.92672537878785,63.09478508297256,57.74763450577198,11.328665892296941,-0.8702939222685674,-0.49253272872205434,-0.433883739117558,-0.9009688679024191,2023-08-31,train
2023-09-02,45.97607638888886,60.6820833333333,73.65919696969695,65.34135416666663,42.28810416666664,50.042326388888874,66.56087815656564,63.54905194805191,58.856801767676735,11.129029677750616,-0.8786374941610001,-0.4774894280028391,-0.9749279121818236,-0.2225209339563146,2023-09-01,train
2023-09-03,66.01697222222221,45.97607638888886,60.6820833333333,73.65919696969695,73.5532083333333,59.2200069444444,60.10578556397305,64.07590512265509,58.56635533910531,9.983071996940183,-0.886721063082993,-0.46230483047981086,-0.7818314824680299,0.6234898018587334,2023-09-02,train
2023-09-04,57.71086111111108,66.01697222222221,45.97607638888886,60.6820833333333,58.53979166666662,54.452020833333286,57.5583773148148,62.99929996392494,59.051852858946575,9.16338068654985,-0.8945422369764496,-0.4469834295196741,0.0,1.0,2023-09-03,train
2023-09-05,62.89410416666663,57.71086111111108,66.01697222222221,45.97607638888886,70.77962499999995,54.49101388888886,56.56796990740739,62.88088131313128,59.28462716450213,9.235686980840983,-0.9020987014301837,-0.43152975897147144,0.7818314824680298,0.6234898018587336,2023-09-04,train
2023-09-08,59.70649305555553,37.8167083333333,,62.89410416666663,60.6820833333333,57.50221527777774,50.35540624999998,55.182800925925896,59.44310008741256,10.95282255201735,-0.9231578729647039,-0.38442104726885545,-0.433883739117558,-0.9009688679024191,2023-09-07,train
2023-09-09,51.051404761904735,59.70649305555553,37.8167083333333,,45.97607638888886,42.28810416666664,48.76160069444443,55.02020254629627,59.61265991647239,10.86171867955346,-0.9296339319682695,-0.3684843993077793,-0.9749279121818236,-0.2225209339563146,2023-09-08,train
2023-09-10,73.53930555555553,51.051404761904735,59.70649305555553,37.8167083333333,66.01697222222221,73.5532083333333,49.5248687169312,55.866090608465576,60.286759962259936,10.19359251283637,-0.9358348973349941,-0.35243871088460327,-0.7818314824680299,0.6234898018587334,2023-09-09,train
2023-09-11,62.97593055555552,73.53930555555553,51.051404761904735,59.70649305555553,57.71086111111108,58.53979166666662,61.432401124338604,57.1198128306878,60.285690517815496,11.99514780363581,-0.9417589340994617,-0.33628873017668287,0.0,1.0,2023-09-10,train
2023-09-12,51.15411805555552,62.97593055555552,73.53930555555553,51.051404761904735,62.89410416666663,70.77962499999995,62.522213624338605,57.997324404761876,60.626931970806936,12.237176729272633,-0.9474042892438845,-0.32003923622313857,0.7818314824680298,0.6234898018587336,2023-09-11,train
2023-09-14,54.82016666666664,61.13455555555552,51.15411805555552,62.97593055555552,37.8167083333333,73.65919696969695,58.4215347222222,56.76835941043081,58.79367769730267,11.334778539308052,-0.9578523554276669,-0.28726097055059635,0.43388373911755823,-0.900968867902419,2023-09-13,train
2023-09-15,75.37336805555553,54.82016666666664,61.13455555555552,51.15411805555552,59.70649305555553,60.6820833333333,55.70294675925924,59.197424886621285,57.34452152014649,7.897162887353996,-0.9626519747161487,-0.2707418984477642,-0.433883739117558,-0.9009688679024191,2023-09-14,train
2023-09-16,52.47211805555552,75.37336805555553,54.82016666666664,61.13455555555552,51.051404761904735,45.97607638888886,63.77603009259257,61.43554988662129,58.47462034493282,10.00440446679193,-0.9671667297977312,-0.2541427094613622,-0.9749279121818236,-0.2225209339563146,2023-09-15,train
2023-09-17,55.12653472222218,52.47211805555552,75.37336805555553,54.82016666666664,73.53930555555553,66.01697222222221,60.8885509259259,61.638508928571405,58.974315857753325,9.770303185512558,-0.97139528468375,-0.23746831555846842,-0.7818314824680299,0.6234898018587334,2023-09-16,train
2023-09-18,62.46002777777773,55.12653472222218,52.47211805555552,75.37336805555553,62.97593055555552,57.71086111111108,60.990673611111085,59.008113095238066,58.136589896214865,8.417213692271966,-0.9753363880767837,-0.2207236509605022,0.0,1.0,2023-09-17,train
2023-09-19,48.9184583333333,62.46002777777773,55.12653472222218,52.47211805555552,51.15411805555552,62.89410416666663,56.68622685185182,58.934412698412665,58.501910409035375,8.378852699762573,-0.9789888737409319,-0.20391367068311472,0.7818314824680298,0.6234898018587336,2023-09-18,train
2023-09-20,67.36622916666663,48.9184583333333,62.46002777777773,55.12653472222218,61.13455555555552,,55.50167361111108,58.6150327380952,57.4268607295482,8.75883713349196,-0.9823516608469237,-0.18704334906991657,0.9749279121818236,-0.22252093395631434,2023-09-19,train
2023-09-21,60.692979166666625,67.36622916666663,48.9184583333333,62.46002777777773,54.82016666666664,37.8167083333333,59.581571759259226,59.50527182539679,58.136815617913804,9.354064462949122,-0.9854237542919524,-0.17011767832049052,0.43388373911755823,-0.900968867902419,2023-09-20,train
2023-09-22,74.31181249999997,60.692979166666625,67.36622916666663,48.9184583333333,75.37336805555553,59.70649305555553,58.992555555555526,60.344245039682505,59.77083496315189,9.124366990483674,-0.9882042449941422,-0.15314166701312007,-0.433883739117558,-0.9009688679024191,2023-09-21,train
2023-09-23,58.071576388888865,74.31181249999997,60.692979166666625,67.36622916666663,52.47211805555552,51.051404761904735,67.45700694444442,60.19259424603171,60.8140720663265,8.837249329325081,-0.9906923101615609,-0.13612033862266704,-0.9749279121818236,-0.2225209339563146,2023-09-22,train
2023-09-24,63.23974305555553,58.071576388888865,74.31181249999997,60.692979166666625,55.12653472222218,73.53930555555553,64.35878935185183,60.992516865079324,61.31551289682536,8.256267165203447,-0.9928872135356962,-0.11905873003404988,-0.7818314824680299,0.6234898018587334,2023-09-23,train
2023-09-25,61.45270138888886,63.23974305555553,58.071576388888865,74.31181249999997,62.46002777777773,62.97593055555552,65.20771064814814,62.15154662698409,60.57982986111108,7.8552796910451015,-0.994788305609327,-0.10196189005174576,0.0,1.0,2023-09-24,train
2023-09-26,56.595624999999984,61.45270138888886,63.23974305555553,58.071576388888865,48.9184583333333,51.15411805555552,60.921340277777766,62.00764285714282,60.47102777777775,7.857912998254961,-0.9963950238187231,-0.08483487790576538,0.7818314824680298,0.6234898018587336,2023-09-25,train
2023-09-27,57.07650694444442,56.595624999999984,61.45270138888886,63.23974305555553,67.36622916666663,61.13455555555552,60.42935648148147,63.104380952380914,60.859706845238065,6.055632705310221,-0.9977068927101168,-0.06768276175455162,0.9749279121818236,-0.22252093395631434,2023-09-26,train
2023-09-28,48.208263888888865,57.07650694444442,56.595624999999984,61.45270138888886,60.692979166666625,54.82016666666664,58.37494444444443,61.63442063492061,60.569846230158696,6.097411421788332,-0.9987235240803972,-0.050510617185222886,0.43388373911755823,-0.900968867902419,2023-09-27,train
2023-09-29,63.23390972222219,48.208263888888865,57.07650694444442,56.595624999999984,74.31181249999997,75.37336805555553,53.960131944444434,59.85088988095236,60.09756746031742,7.960098989729367,-0.9994446170919858,-0.033323525711631344,-0.433883739117558,-0.9009688679024191,2023-09-28,train
2023-09-30,62.11006944444441,63.23390972222219,48.208263888888865,57.07650694444442,58.071576388888865,52.47211805555552,56.17289351851849,58.26833234126981,59.230463293650764,5.243633874284212,-0.9998699583618592,-0.016126573270657762,-0.9749279121818236,-0.2225209339563146,2023-09-29,train
2023-10-01,56.70690277777776,62.11006944444441,63.23390972222219,48.208263888888865,63.23974305555553,55.12653472222218,57.85074768518516,58.845259920634895,59.91888839285711,5.436979711315389,-0.9999994220246925,0.001075151282798226,-0.7818314824680299,0.6234898018587334,2023-09-30,train
2023-10-02,55.943645833333306,56.70690277777776,62.11006944444441,63.23390972222219,61.45270138888886,62.46002777777773,60.68362731481479,57.9119970238095,60.031771825396795,5.107653115549613,-0.999832969770105,0.018276557681691223,0.0,1.0,2023-10-01,train
2023-10-03,86.37913888888886,55.943645833333306,56.70690277777776,62.11006944444441,56.595624999999984,48.9184583333333,58.253539351851835,57.124989087301564,59.5663159722222,4.890992923323013,-0.9993706508539969,0.03547255575312556,0.7818314824680298,0.6234898018587336,2023-10-02,train
2023-10-04,71.42013888888884,86.37913888888886,55.943645833333306,56.70690277777776,57.07650694444442,67.36622916666663,66.34322916666666,61.37977678571426,62.242078869047596,12.057731934480923,-0.9986126020839734,0.052658056924614005,0.9749279121818236,-0.22252093395631434,2023-10-03,train
2023-10-05,59.28088194444442,71.42013888888884,86.37913888888886,55.943645833333306,48.208263888888865,60.692979166666625,71.24764120370368,63.428867063492035,62.53164384920632,12.417948968418667,-0.9975590477788613,0.06982797572987089,0.43388373911755823,-0.900968867902419,2023-10-04,train
2023-10-06,70.4466597222222,59.28088194444442,71.42013888888884,86.37913888888886,63.23390972222219,74.31181249999997,72.36005324074073,65.01066964285711,62.43077976190474,10.749085722686662,-0.9962102997023297,0.0869772313136861,-0.433883739117558,-0.9009688679024191,2023-10-05,train
2023-10-07,58.24550694444442,70.4466597222222,59.28088194444442,71.42013888888884,62.11006944444441,58.071576388888865,67.04922685185183,66.04106249999997,62.15469742063489,10.895092239849859,-0.9945667569706337,0.1041007489354256,-0.9749279121818236,-0.2225209339563146,2023-10-06,train
2023-10-08,68.28122916666665,58.24550694444442,70.4466597222222,59.28088194444442,56.70690277777776,63.23974305555553,62.657682870370344,65.48898214285711,62.167121031746,11.220536532483246,-0.9926289059345095,0.121193461470736,-0.7818314824680299,0.6234898018587334,2023-10-07,train
2023-10-09,53.08332638888885,68.28122916666665,58.24550694444442,70.4466597222222,55.943645833333306,61.45270138888886,65.6577986111111,67.14245734126982,62.527227182539654,10.543058571921495,-0.9903973200352558,0.1382503109109819,0.0,1.0,2023-10-08,train
2023-10-10,47.693034722222194,53.08332638888885,68.28122916666665,58.24550694444442,86.37913888888886,56.595624999999984,59.87002083333332,66.73384027777774,61.92941468253965,11.090638040855838,-0.9878726596350429,0.15526624985999563,0.7818314824680298,0.6234898018587336,2023-10-09,train
2023-10-11,61.67754861111109,47.693034722222194,53.08332638888885,68.28122916666665,71.42013888888884,57.07650694444442,56.352530092592566,61.207253968253944,61.2935153769841,9.136245928061467,-0.9850556718215013,0.172236243027682,0.9749279121818236,-0.22252093395631434,2023-10-10,train
2023-10-12,59.76752083333329,61.67754861111109,47.693034722222194,53.08332638888885,59.28088194444442,48.208263888888865,54.15130324074073,59.815455357142824,61.62216121031743,7.991499368911244,-0.981947190186646,0.18915526872004093,0.43388373911755823,-0.900968867902419,2023-10-11,train
2023-10-13,64.71445138888886,59.76752083333329,61.67754861111109,47.693034722222194,70.4466597222222,63.23390972222219,56.37936805555554,59.88497519841267,62.44782242063489,7.9881899379286825,-0.9785481345802031,0.20601832032517084,-0.433883739117558,-0.9009688679024191,2023-10-12,train
2023-10-14,62.81770138888885,64.71445138888886,59.76752083333329,61.67754861111109,58.24550694444442,62.11006944444441,62.0531736111111,59.066088293650765,62.553575396825366,6.9515909553247415,-0.9748595108374125,0.22282040779479959,-0.9749279121818236,-0.2225209339563146,2023-10-13,train
2023-10-15,73.60905555555553,62.81770138888885,64.71445138888886,59.76752083333329,68.28122916666665,56.70690277777776,62.43322453703701,59.71925892857139,62.604120535714266,7.075338917422423,-0.9708824104813836,0.23955655912092708,-0.7818314824680299,0.6234898018587334,2023-10-14,train
2023-10-16,54.52221527777775,73.60905555555553,62.81770138888885,64.71445138888886,53.08332638888885,55.943645833333306,67.04706944444443,60.480376984126956,63.81141716269838,8.325928735961481,-0.9666180104000972,0.2562218218071163,0.0,1.0,2023-10-15,train
2023-10-17,62.23622916666664,54.52221527777775,73.60905555555553,62.81770138888885,47.693034722222194,86.37913888888886,63.649657407407396,60.68593253968252,63.70988640873013,8.128284953414322,-0.9620675724981452,0.27281126433401914,0.7818314824680298,0.6234898018587336,2023-10-16,train
2023-10-18,70.34029861111107,62.23622916666664,54.52221527777775,73.60905555555553,61.67754861111109,71.42013888888884,63.45583333333332,62.763531746031724,61.98539285714282,5.770430290202521,-0.957232443323312,0.28931997761869527,0.9749279121818236,-0.22252093395631434,2023-10-17,train
2023-10-19,60.51561111111108,70.34029861111107,62.23622916666664,54.52221527777775,59.76752083333329,59.28088194444442,62.36624768518516,64.00106746031743,61.90826140873013,6.393939430612171,-0.9521140536681102,0.3057430764672831,0.43388373911755823,-0.900968867902419,2023-10-18,train
2023-10-20,64.22904166666663,60.51561111111108,70.34029861111107,62.23622916666664,64.71445138888886,70.4466597222222,64.36404629629628,64.10793749999996,61.99645634920632,6.317176441202777,-0.9467139181463862,0.3220757010206104,-0.433883739117558,-0.9009688679024191,2023-10-19,train
2023-10-21,58.12003472222219,64.22904166666663,60.51561111111108,70.34029861111107,62.81770138888885,58.24550694444442,65.0283171296296,64.03859325396822,61.55234077380949,6.312071185254084,-0.9410336347451197,0.3383130181923076,-0.9749279121818236,-0.2225209339563146,2023-10-20,train
2023-10-22,66.96932638888886,58.12003472222219,64.22904166666663,60.51561111111108,73.60905555555553,68.28122916666665,60.95489583333332,63.36749801587298,61.54337847222219,6.701239093177948,-0.9350748843515574,0.3544502230989869,-0.7818314824680299,0.6234898018587334,2023-10-21,train
2023-10-23,69.86897916666663,66.96932638888886,58.12003472222219,64.22904166666663,54.52221527777775,53.08332638888885,63.10613425925925,62.41896527777775,61.449671130952346,5.342054826359495,-0.9288394302558068,0.3704825404820963,0.0,1.0,2023-10-22,train
2023-10-24,73.46534027777776,69.86897916666663,66.96932638888886,58.12003472222219,62.23622916666664,47.693034722222194,64.98611342592591,64.61136011904759,62.64864632936504,4.667675706546964,-0.9223291176290545,0.3864052261209853,0.7818314824680298,0.6234898018587336,2023-10-23,train
2023-10-25,57.51413888888886,73.46534027777776,69.86897916666663,66.96932638888886,70.34029861111107,61.67754861111109,70.10121527777777,66.2155188492063,64.48952529761901,5.5597005314787085,-0.9155458729775467,0.40221356823680365,0.9749279121818236,-0.22252093395631434,2023-10-24,train
2023-10-26,65.5602083333333,57.51413888888886,73.46534027777776,69.86897916666663,60.51561111111108,59.76752083333329,66.9494861111111,64.38321031746028,64.19213888888886,6.064381573848247,-0.9084917035725082,0.41790288888678667,0.43388373911755823,-0.900968867902419,2023-10-25,train
2023-10-27,66.93418055555553,65.5602083333333,57.51413888888886,73.46534027777776,64.22904166666663,64.71445138888886,65.51322916666666,65.10386706349203,64.605902281746,5.823113727903487,-0.9011686968561569,0.4334685453485363,-0.433883739117558,-0.9009688679024191,2023-10-26,train
2023-10-28,68.36815277777775,66.93418055555553,65.5602083333333,57.51413888888886,58.12003472222219,62.81770138888885,63.336175925925914,65.49031547619045,64.76445436507933,5.845101258078523,-0.8935790198239952,0.4489059314938798,-0.9749279121818236,-0.2225209339563146,2023-10-27,train
2023-10-29,41.472270833333305,68.36815277777775,66.93418055555553,65.5602083333333,66.96932638888886,73.60905555555553,66.95418055555554,66.95433234126982,65.1609151785714,4.898107521900323,-0.8857249183835637,0.4642104791518923,-0.7818314824680299,0.6234898018587334,2023-10-28,train
2023-10-30,46.02769444444444,41.472270833333305,68.36815277777775,66.93418055555553,69.86897916666663,54.52221527777775,58.92486805555554,63.3118958333333,62.86543055555552,10.804417087846826,-0.8776087166898392,0.4793776594606945,0.0,1.0,2023-10-29,train
2023-10-31,61.09427777777777,46.02769444444444,41.472270833333305,68.36815277777775,73.46534027777776,62.23622916666664,51.95603935185185,59.90599801587299,62.258679067460285,12.075870347235622,-0.8692328164574792,0.49440298420761813,0.7818314824680298,0.6234898018587336,2023-10-30,train
2023-11-01,64.9616875,61.09427777777777,46.02769444444444,41.472270833333305,57.51413888888886,70.34029861111107,49.53141435185185,58.13870337301585,62.17711111111108,10.572391731879192,-0.8605996962501181,0.5092820071573356,0.9749279121818236,-0.22252093395631434,2023-10-31,train
2023-11-02,56.59195833333334,64.9616875,61.09427777777777,46.02769444444444,65.5602083333333,60.51561111111108,57.36121990740742,59.20263888888888,61.792924603174576,10.869622208419024,-0.8517119107469189,0.5240103253675756,0.43388373911755823,-0.900968867902419,2023-11-01,train
2023-11-03,58.315756944444445,56.59195833333334,64.9616875,61.09427777777777,66.93418055555553,64.22904166666663,60.88264120370371,57.9214603174603,61.51266369047617,10.51823143975534,-0.8425720899866032,0.5385835804920232,-0.433883739117558,-0.9009688679024191,2023-11-02,train
2023-11-04,60.888868055555555,58.315756944444445,56.59195833333334,64.9616875,68.36815277777775,58.12003472222219,59.95646759259262,56.690256944444435,61.090286210317444,9.764855923509131,-0.8331829385891785,0.5529974600700271,-0.9749279121818236,-0.2225209339563146,2023-11-03,train
2023-11-05,68.79359027777778,60.888868055555555,58.315756944444445,56.59195833333334,41.472270833333305,66.96932638888886,58.59886111111113,55.621787698412696,61.28806001984125,8.61566563206719,-0.8235472349556007,0.5672476988027229,-0.7818314824680299,0.6234898018587334,2023-11-04,train
2023-11-06,69.32016666666667,68.79359027777778,60.888868055555555,58.315756944444445,46.02769444444444,69.86897916666663,62.666071759259275,59.52483333333333,61.418364583333314,7.211441889781681,-0.8136678304455991,0.5813300798152042,0.0,1.0,2023-11-05,train
2023-11-07,76.18778472222222,69.32016666666667,68.79359027777778,60.888868055555555,61.09427777777777,73.46534027777776,66.33420833333335,62.85232936507936,61.379163690476176,4.971578435036806,-0.8035476485339116,0.5952404359043674,0.7818314824680298,0.6234898018587336,2023-11-06,train
2023-11-08,50.57816666666667,76.18778472222222,69.32016666666667,68.79359027777778,64.9616875,57.51413888888886,71.43384722222224,65.00854464285715,61.573624007936495,6.958188542336471,-0.7931896839451843,0.6089746507720486,0.9749279121818236,-0.22252093395631434,2023-11-07,train
2023-11-09,65.695375,50.57816666666667,76.18778472222222,69.32016666666667,56.59195833333334,65.5602083333333,65.36203935185186,62.95375595238095,61.078197420634915,8.842858170585483,-0.7825970017677834,0.6225286602431057,0.43388373911755823,-0.900968867902419,2023-11-08,train
2023-11-10,62.55757638888889,65.695375,50.57816666666667,76.18778472222222,58.315756944444445,66.93418055555553,64.15377546296298,64.25424404761905,61.08785218253968,8.410132428665005,-0.7717727365467836,0.6358984534680745,-0.433883739117558,-0.9009688679024191,2023-11-09,train
2023-11-11,62.594854166666664,62.55757638888889,65.695375,50.57816666666667,60.888868055555555,68.36815277777775,59.61037268518521,64.86021825396826,60.77523759920634,8.056307918895824,-0.7607200913564104,0.6490800741100398,-0.9749279121818236,-0.2225209339563146,2023-11-10,train
2023-11-12,60.86445138888888,62.594854166666664,62.55757638888889,65.695375,68.79359027777778,41.472270833333305,63.61593518518521,65.10393055555555,60.36285912698412,7.9411278161267225,-0.7494423368521954,0.6620696215153815,-0.7818314824680299,0.6234898018587334,2023-11-11,train
2023-11-13,72.42796527777777,60.86445138888888,62.594854166666664,62.55757638888889,69.32016666666667,46.02769444444444,62.00562731481483,63.971196428571425,61.74801488095238,7.892475894527027,-0.7379428103031386,0.6748632518680403,0.0,1.0,2023-11-12,train
2023-11-14,64.31684722222222,72.42796527777777,60.86445138888888,62.594854166666664,76.18778472222222,61.09427777777777,65.29575694444446,64.41516765873016,63.633748511904756,8.319382369528784,-0.7262249146041543,0.6874571793269664,0.7818314824680298,0.6234898018587336,2023-11-13,train
2023-11-15,70.15867361111111,64.31684722222222,72.42796527777777,60.86445138888888,50.57816666666667,64.9616875,65.86975462962965,62.719319444444444,63.86393204365079,6.539069560290399,-0.7142921172691032,0.699847677146407,0.9749279121818236,-0.22252093395631434,2023-11-14,train
2023-11-16,80.63706944444445,70.15867361111111,64.31684722222222,72.42796527777777,65.695375,56.59195833333334,68.96782870370373,65.51653472222222,64.23514533730159,4.276331971016378,-0.7021479494046978,0.7120310787787131,0.43388373911755823,-0.900968867902419,2023-11-15,train
2023-11-17,66.12236111111112,80.63706944444445,70.15867361111111,64.31684722222222,62.55757638888889,58.315756944444445,71.70419675925928,67.6510625,65.95265327380953,7.14641186610754,-0.6897960046655887,0.7240037789593305,-0.433883739117558,-0.9009688679024191,2023-11-16,train
2023-11-18,80.06386805555555,66.12236111111112,80.63706944444445,70.15867361111111,62.594854166666664,60.888868055555555,72.30603472222225,68.16031746031747,66.51026785714285,6.843551200830223,-0.6772399381909491,0.7357622347736527,-0.9749279121818236,-0.2225209339563146,2023-11-17,train
2023-11-19,68.30750694444446,80.06386805555555,66.12236111111112,80.63706944444445,60.86445138888888,68.79359027777778,75.60776620370372,70.65589087301588,67.87991071428571,7.617196408167007,-0.6644834655228552,0.7473029667054296,-0.7818314824680299,0.6234898018587334,2023-11-18,train
2023-11-20,51.923187500000004,68.30750694444446,80.06386805555555,66.12236111111112,72.42796527777777,69.32016666666667,71.49791203703707,71.71918452380952,67.84519047619048,6.453145911278181,-0.6515303615068021,0.75862255966641,0.0,1.0,2023-11-19,train
2023-11-21,66.06484027777778,51.923187500000004,68.30750694444446,80.06386805555555,64.31684722222222,76.18778472222222,66.7648541666667,68.78993055555556,66.60254910714285,9.841866178468043,-0.6383844591746642,0.7697176640069211,0.7818314824680298,0.6234898018587336,2023-11-20,train
2023-11-22,64.85263194444444,66.06484027777778,51.923187500000004,68.30750694444446,70.15867361111111,50.57816666666667,62.0985115740741,69.03964384920634,65.8794816468254,9.731008209679953,-0.6250496486104377,0.7805849965070866,0.9749279121818236,-0.22252093395631434,2023-11-21,train
2023-11-23,57.60344444444444,64.85263194444444,66.06484027777778,51.923187500000004,80.63706944444445,65.695375,60.94688657407409,68.2816378968254,66.89908630952381,9.835411824768931,-0.6115298757991053,0.7912213413483807,0.43388373911755823,-0.900968867902419,2023-11-22,train
2023-11-24,56.07884027777778,57.60344444444444,64.85263194444444,66.06484027777778,66.12236111111112,62.55757638888889,62.840305555555574,64.99112003968254,66.32109126984128,8.812741976613268,-0.5978291414589552,0.801623551065242,-0.433883739117558,-0.9009688679024191,2023-11-23,train
2023-11-25,52.172958333333334,56.07884027777778,57.60344444444444,64.85263194444444,80.06386805555555,62.594854166666664,59.51163888888891,63.556331349206346,65.85832440476192,9.396144785377954,-0.5839514998576998,0.8117885474764613,-0.9749279121818236,-0.2225209339563146,2023-11-24,train
2023-11-26,63.477875000000004,52.172958333333334,56.07884027777778,57.60344444444444,68.30750694444446,60.86445138888888,55.28508101851855,59.571915674603176,65.11390327380953,6.7783805366472665,-0.5699010576127624,0.8217133225960589,-0.7818314824680299,0.6234898018587334,2023-11-25,train
2023-11-27,61.81007638888889,63.477875000000004,52.172958333333334,56.07884027777778,51.923187500000004,72.42796527777777,57.243224537037065,58.88196825396825,65.30057638888889,5.934256868848214,-0.5556819724760489,0.8313949395234058,0.0,1.0,2023-11-26,train
2023-11-28,56.467597222222224,61.81007638888889,63.477875000000004,52.172958333333334,66.06484027777778,64.31684722222222,59.153636574074106,60.294380952380955,64.54215575396826,5.123105304506235,-0.5412984521036173,0.8408305333122887,0.7818314824680298,0.6234898018587336,2023-11-27,train
2023-11-29,57.98379166666666,56.467597222222224,61.81007638888889,63.477875000000004,64.85263194444444,70.15867361111111,60.585182870370396,58.92334623015872,63.98149503968254,4.576482768657906,-0.5267547528105542,0.8500173118187018,0.9749279121818236,-0.22252093395631434,2023-11-28,train
2023-11-30,49.28819444444445,57.98379166666666,56.467597222222224,61.81007638888889,57.60344444444444,80.63706944444445,58.75382175925929,57.942083333333336,63.111860615079365,3.7561363743941336,-0.5120551783114646,0.8589525565270845,0.43388373911755823,-0.900968867902419,2023-11-29,train
2023-12-01,57.540708333333335,49.28819444444445,57.98379166666666,56.467597222222224,56.07884027777778,66.12236111111112,54.579861111111136,56.75419047619048,60.87265525793651,4.992475226146024,-0.4972040784469378,0.8676336233547726,-0.433883739117558,-0.9009688679024191,2023-11-30,train
2023-12-02,70.42689583333333,57.540708333333335,49.28819444444445,57.98379166666666,52.172958333333334,80.06386805555555,54.937564814814834,56.96302876984127,60.25968005952381,4.990091377268461,-0.4822058478963526,0.8760579434344281,-0.9749279121818236,-0.2225209339563146,2023-12-01,train
2023-12-03,63.347590277777776,70.42689583333333,57.540708333333335,49.28819444444445,63.477875000000004,68.30750694444446,59.085266203703725,59.57073412698413,59.57132490079365,6.58452886988267,-0.46706492487743034,0.8842230238742036,-0.7818314824680299,0.6234898018587334,2023-12-02,train
2023-12-04,61.82820833333333,63.347590277777776,70.42689583333333,57.540708333333335,61.81007638888889,51.923187500000004,63.7717314814815,59.552122023809524,59.2170451388889,6.571815963382503,-0.451785789832884,0.8921264484954345,0.0,1.0,2023-12-03,train
2023-12-05,54.378951388888886,61.82820833333333,63.347590277777776,70.42689583333333,56.467597222222224,66.06484027777778,65.20089814814817,59.5547123015873,59.924546626984124,6.572857754258068,-0.4363729641045924,0.8997658785476209,0.7818314824680298,0.6234898018587336,2023-12-04,train
2023-12-06,61.788375,54.378951388888886,61.82820833333333,63.347590277777776,57.98379166666666,64.85263194444444,59.85158333333336,59.25633432539683,59.08984027777778,6.7804838807382515,-0.42083100859565564,0.9071390534005044,0.9749279121818236,-0.22252093395631434,2023-12-05,train
2023-12-07,49.23815277777778,61.788375,54.378951388888886,61.82820833333333,49.28819444444445,57.60344444444444,59.33184490740743,59.79984623015873,58.870964781746025,6.81388042609763,-0.4051645224207563,0.9142437912130223,0.43388373911755823,-0.900968867902419,2023-12-06,train
2023-12-08,50.92966666666666,49.23815277777778,61.788375,54.378951388888886,57.540708333333335,56.07884027777778,55.13515972222225,59.79269742063492,58.2734439484127,6.826760900389874,-0.3893781415452015,0.9210779895789526,-0.433883739117558,-0.9009688679024191,2023-12-07,train
2023-12-13,43.548673611111106,43.40427777777777,,,61.788375,57.98379166666666,,51.34011805555555,56.37771022727273,7.6752928817772474,-0.30881248126625377,0.9511229423235357,0.9749279121818236,-0.22252093395631434,2023-12-12,train
2023-12-14,36.1679375,43.548673611111106,43.40427777777777,,49.23815277777778,49.28819444444445,43.476475694444474,46.78019270833333,55.06542676767677,3.8772507067061035,-0.29240597695107734,0.9562942772197719,0.43388373911755823,-0.900968867902419,2023-12-13,train
2023-12-15,41.27504166666667,36.1679375,43.548673611111106,43.40427777777777,50.92966666666666,57.540708333333335,41.04029629629631,43.51263888888889,53.87267613636364,6.026883666260483,-0.27591294500296043,0.9611826292540837,-0.433883739117558,-0.9009688679024191,2023-12-14,train
2023-12-19,46.39739583333334,43.70775694444444,40.947340277777776,40.189256944444445,43.40427777777777,54.378951388888886,41.61478472222225,41.32004067460317,45.96140277777777,2.6763098822786073,-0.20917350564635637,0.9778785428342386,0.7818314824680298,0.6234898018587336,2023-12-18,train
2023-12-20,46.18058333333334,46.39739583333334,43.70775694444444,40.947340277777776,43.548673611111106,61.788375,43.68416435185188,41.74762896825397,45.235806818181814,3.2437497945910354,-0.19232150523909483,0.9813319716704275,0.9749279121818236,-0.22252093395631434,2023-12-19,train
2023-12-21,49.26639583333333,46.18058333333334,46.39739583333334,43.70775694444444,36.1679375,49.23815277777778,45.42857870370373,42.12361607142857,43.816916666666664,3.6182232026344203,-0.17541259380427843,0.9844950085880858,0.43388373911755823,-0.900968867902419,2023-12-20,train
2023-12-22,50.911368055555556,49.26639583333333,46.18058333333334,46.39739583333334,41.27504166666667,50.92966666666666,47.281458333333354,43.99482440476191,43.81948421717171,3.4055955416109205,-0.15845177496083632,0.9873667175937016,-0.433883739117558,-0.9009688679024191,2023-12-21,train
2023-12-23,44.21409027777778,50.911368055555556,49.26639583333333,46.18058333333334,40.189256944444445,,48.78611574074076,45.37144246031745,43.81782070707071,4.015891411898533,-0.14144406768794202,0.9899462489023779,-0.9749279121818236,-0.2225209339563146,2023-12-22,train
2023-12-24,48.893631944444444,44.21409027777778,50.911368055555556,49.26639583333333,40.947340277777776,,48.13061805555557,45.94641865079365,43.8508431712963,3.389555944593275,-0.12439450483979998,0.9922328391893008,-0.7818314824680299,0.6234898018587334,2023-12-23,train
2023-12-25,48.98995138888889,48.893631944444444,44.21409027777778,50.911368055555556,43.70775694444444,,48.00636342592595,47.081603174603174,44.238749999999996,2.6959633808778287,-0.10730813165636247,0.9942258118156161,0.0,1.0,2023-12-24,train
2023-12-26,45.532472222222225,48.98995138888889,48.893631944444444,44.21409027777778,46.39739583333334,43.40427777777777,47.36589120370373,47.836202380952386,44.57812152777778,2.3051509745515597,-0.09019000427034513,0.9959245770286599,0.7818314824680298,0.6234898018587336,2023-12-25,train
2023-12-27,54.11600694444445,45.532472222222225,48.98995138888889,48.893631944444444,46.18058333333334,43.548673611111106,47.805351851851874,47.71264186507937,44.73013541666666,2.4156594699325176,-0.07304518821104743,0.9973286321364752,0.9749279121818236,-0.22252093395631434,2023-12-26,train
2023-12-28,56.025395833333334,54.11600694444445,45.532472222222225,48.98995138888889,49.26639583333333,36.1679375,49.54614351851854,48.846273809523815,45.48494494047619,3.2831005504129136,-0.05587875690537313,0.9984375616565666,0.43388373911755823,-0.900968867902419,2023-12-27,train
2023-12-29,52.66676388888889,56.025395833333334,54.11600694444445,45.532472222222225,50.911368055555556,41.27504166666667,51.89129166666669,49.811845238095245,46.90333482142857,4.272186960969596,-0.03869579017652689,0.9992510374388481,-0.433883739117558,-0.9009688679024191,2023-12-28,train
2023-12-30,45.10525694444445,52.66676388888889,56.025395833333334,54.11600694444445,44.21409027777778,40.189256944444445,54.26938888888892,50.06261607142858,47.717029265873016,4.397175164759195,-0.021501372740813793,0.999768818762748,-0.9749279121818236,-0.2225209339563146,2023-12-29,train
2023-12-31,48.524951388888894,45.10525694444445,52.66676388888889,56.025395833333334,48.893631944444444,40.947340277777776,51.26580555555557,50.189925595238094,48.06817212301588,4.20847553809326,-0.004300592702981974,0.9999907524084426,-0.7818314824680299,0.6234898018587334,2023-12-30,train
2024-01-01,49.919999999999995,48.524951388888894,45.10525694444445,52.66676388888889,48.98995138888889,43.70775694444444,48.765657407407424,50.13725694444445,48.60943005952381,4.229656055750109,0.017201575418260506,0.9998520419557735,0.0,1.0,2023-12-31,validation
2024-01-02,51.04911805555556,49.919999999999995,48.524951388888894,45.10525694444445,45.532472222222225,46.39739583333334,47.85006944444447,50.27012103174604,49.05316170634921,4.202127686896656,0.03439806061360801,0.9994082116062598,0.7818314824680298,0.6234898018587336,2024-01-01,validation
2024-01-03,48.38211111111111,51.04911805555556,49.919999999999995,48.524951388888894,54.11600694444445,46.18058333333334,49.8313564814815,51.058213293650795,49.38542757936508,3.646028817076254,0.051584366869408364,0.9986686402879997,0.9749279121818236,-0.22252093395631434,2024-01-02,validation
2024-01-04,43.50060416666667,48.38211111111111,51.04911805555556,49.919999999999995,56.025395833333334,49.26639583333333,49.78374305555558,50.239085317460315,49.542679563492065,3.485106005097923,0.06875540848113941,0.9976335468520451,0.43388373911755823,-0.900968867902419,2024-01-03,validation
2024-01-05,55.01701388888889,43.50060416666667,48.38211111111111,51.04911805555556,52.66676388888889,50.911368055555556,47.64394444444448,48.44982936507937,49.1308373015873,3.224682516471005,0.08590610426133272,0.9963032375991965,-0.433883739117558,-0.9009688679024191,2024-01-04,validation
2024-01-06,51.68548611111111,55.01701388888889,43.50060416666667,48.38211111111111,45.10525694444445,44.21409027777778,48.96657638888891,48.78557936507936,49.42409771825397,3.806742775356406,0.10303137904317879,0.9946781061893646,-0.9749279121818236,-0.2225209339563146,2024-01-05,validation
2024-01-07,50.51647916666667,51.68548611111111,55.01701388888889,43.50060416666667,48.524951388888894,48.893631944444444,50.06770138888891,49.725612103174605,49.95776884920635,3.550276949792913,0.1201261651823505,0.9927586335250793,-0.7818314824680299,0.6234898018587334,2024-01-06,validation
2024-01-08,44.31118055555555,50.51647916666667,51.68548611111111,55.01701388888889,49.919999999999995,48.98995138888889,52.406326388888914,50.01011607142857,50.07368650793651,3.5176717093130123,0.13718540405660057,0.9905453876091833,0.0,1.0,2024-01-07,validation
2024-01-09,46.86479166666667,44.31118055555555,50.51647916666667,51.68548611111111,51.04911805555556,45.532472222222225,48.8377152777778,49.20885615079364,49.73948859126984,4.127543830008455,0.1542040475626894,0.988039023376751,0.7818314824680298,0.6234898018587336,2024-01-08,validation
2024-01-10,45.674125000000004,46.86479166666667,44.31118055555555,50.51647916666667,48.38211111111111,54.11600694444445,47.230817129629656,48.61109523809524,49.83465426587302,4.119598606624654,0.17117705961019986,0.985240282501282,0.9749279121818236,-0.22252093395631434,2024-01-09,validation
2024-01-11,44.81751388888889,45.674125000000004,46.86479166666667,44.31118055555555,43.50060416666667,56.025395833333334,45.6166990740741,48.22424007936508,49.2316626984127,4.269120091432122,0.18809941761179758,0.9821499931752291,0.43388373911755823,-0.900968867902419,2024-01-10,validation
2024-01-12,42.45556944444444,44.81751388888889,45.674125000000004,46.86479166666667,55.01701388888889,52.66676388888889,45.785476851851875,48.412370039682536,48.431099702380955,4.049642269340493,0.20496611396949532,0.9787690698649216,-0.433883739117558,-0.9009688679024191,2024-01-11,validation
2024-01-13,49.14844444444444,42.45556944444444,44.81751388888889,45.674125000000004,51.68548611111111,45.10525694444445,44.315736111111136,46.61787797619048,47.70172867063492,3.3595226757381744,0.22177215755648186,0.975098513039961,-0.9749279121818236,-0.2225209339563146,2024-01-12,validation
2024-01-14,43.029090277777776,49.14844444444444,42.45556944444444,44.81751388888889,50.51647916666667,48.524951388888894,45.47384259259261,46.25544345238096,47.99052777777778,2.814307451979036,0.23851257519407648,0.9711394088771653,-0.7818314824680299,0.6234898018587334,2024-01-13,validation
2024-01-15,43.041500000000006,43.029090277777776,49.14844444444444,42.45556944444444,44.31118055555555,49.919999999999995,44.87770138888891,45.18581646825397,47.59796626984127,2.3009481689886893,0.2551824131233728,0.9668929289391521,0.0,1.0,2024-01-14,validation
2024-01-16,42.91845138888889,43.041500000000006,43.029090277777776,49.14844444444444,46.86479166666667,51.04911805555556,45.073011574074094,45.00443353174603,47.10664484126984,2.427927154552629,0.2717767384711357,0.9623603298276545,0.7818314824680298,0.6234898018587336,2024-01-15,validation
2024-01-17,42.78336805555555,42.91845138888889,43.041500000000006,43.029090277777776,45.674125000000004,48.38211111111111,42.99634722222225,44.440670634920636,46.525882936507934,2.381686044597369,0.2882906407095177,0.9575429528116719,0.9749279121818236,-0.22252093395631434,2024-01-16,validation
2024-01-18,49.21700694444444,42.78336805555555,42.91845138888889,43.041500000000006,44.81751388888889,43.50060416666667,42.91443981481484,44.02770535714286,46.12597271825397,2.3827865485066586,0.3047192331091634,0.9524422234305676,0.43388373911755823,-0.900968867902419,2024-01-17,validation
2024-01-19,46.180618055555556,49.21700694444444,42.78336805555555,42.91845138888889,42.45556944444444,55.01701388888889,44.97294212962965,44.65620436507937,46.53428720238095,3.0985482310478103,0.321057654185271,0.9470596510722283,-0.433883739117558,-0.9009688679024191,2024-01-18,validation
2024-01-20,46.572965277777776,46.180618055555556,49.21700694444444,42.78336805555555,49.14844444444444,51.68548611111111,46.060331018518546,45.18835416666667,45.90311607142856,2.975028459451113,0.3373010691361842,0.9413968285264122,-0.9749279121818236,-0.2225209339563146,2024-01-19,validation
2024-01-21,42.14339583333334,46.572965277777776,46.180618055555556,49.21700694444444,43.029090277777776,50.51647916666667,47.32353009259261,44.82042857142857,45.53793601190476,2.529559059820099,0.3534446712740877,0.9354554315134164,-0.7818314824680299,0.6234898018587334,2024-01-20,validation
2024-01-22,43.76519444444444,42.14339583333334,46.572965277777776,46.180618055555556,43.041500000000006,44.31118055555555,44.96565972222225,44.6939007936508,44.93985863095238,2.653223218131611,0.3694836834473831,0.9292372181882051,0.0,1.0,2024-01-21,validation
2024-01-23,49.63199305555556,43.76519444444444,42.14339583333334,46.572965277777776,42.91845138888889,46.86479166666667,44.160518518518536,44.797285714285714,44.900859623015876,2.5914863392427763,0.38541335945432564,0.9227440286201427,0.7818314824680298,0.6234898018587336,2024-01-22,validation
2024-01-24,40.162909722222224,49.63199305555556,43.76519444444444,42.14339583333334,42.78336805555555,45.674125000000004,45.180194444444474,45.75636309523809,45.09851686507937,2.9916656278665505,0.4012289854475009,0.9159777842484877,0.9749279121818236,-0.22252093395631434,2024-01-23,validation
2024-01-25,44.08634722222222,40.162909722222224,49.63199305555556,43.76519444444444,49.21700694444444,44.81751388888889,44.520032407407435,45.3820119047619,44.70485863095239,3.5394780407850663,0.4169258813287287,0.908940487313808,0.43388373911755823,-0.900968867902419,2024-01-24,validation
2024-01-26,41.71447916666667,44.08634722222222,40.162909722222224,49.63199305555556,46.180618055555556,42.45556944444444,44.62708333333336,44.64906051587302,44.65263244047619,3.119253774357751,0.4324994021339788,0.901634220265486,-0.433883739117558,-0.9009688679024191,2024-01-25,validation
2024-01-27,42.26818055555555,41.71447916666667,44.08634722222222,40.162909722222224,46.572965277777776,49.14844444444444,41.98791203703706,44.01104067460317,44.599697420634925,3.209233517675836,0.44794493940789115,0.8940611451454876,-0.9749279121818236,-0.2225209339563146,2024-01-26,validation
2024-01-28,41.74720138888889,42.26818055555555,41.71447916666667,44.08634722222222,42.14339583333334,43.029090277777776,42.6896689814815,43.396071428571425,44.108250000000005,3.0447187098620963,0.4632579225674917,0.88622350294858,-0.7818314824680299,0.6234898018587334,2024-01-27,validation
2024-01-29,38.381166666666665,41.74720138888889,42.26818055555555,41.71447916666667,43.76519444444444,43.041500000000006,41.90995370370373,43.33947222222223,44.016686507936505,3.0754139044700946,0.4784338202547012,0.8781236129591848,0.0,1.0,2024-01-28,validation
2024-01-30,40.263375,38.381166666666665,41.74720138888889,42.26818055555555,49.63199305555556,42.91845138888889,40.79884953703706,42.570325396825396,43.68380555555556,3.582631035088633,0.49346814167723735,0.8697638720650646,0.7818314824680298,0.6234898018587336,2024-01-29,validation
2024-01-31,40.79096527777778,40.263375,38.381166666666665,41.74720138888889,40.162909722222224,42.78336805555555,40.13058101851854,41.23195138888889,43.49415724206349,1.8224354545817338,0.5083564379375122,0.8611467540480452,0.9749279121818236,-0.22252093395631434,2024-01-30,validation
2024-02-01,50.677305555555556,40.79096527777778,40.263375,38.381166666666665,44.08634722222222,49.21700694444444,39.81183564814817,41.32167361111111,43.3518427579365,1.7758985538640781,0.5230943033491326,0.8522748088519838,0.43388373911755823,-0.900968867902419,2024-01-31,validation
2024-02-02,51.170812500000004,50.677305555555556,40.79096527777778,40.263375,41.71447916666667,46.180618055555556,43.91054861111113,42.263239087301585,43.4561498015873,3.9285600441713444,0.5376773767406141,0.8431506618282,-0.433883739117558,-0.9009688679024191,2024-02-01,validation
2024-02-03,51.29277083333333,51.170812500000004,50.677305555555556,40.79096527777778,42.26818055555555,46.572965277777776,47.54636111111114,43.61414384920635,43.81259226190476,5.145720309893689,0.5521013427459208,0.8337770129585915,-0.9749279121818236,-0.2225209339563146,2024-02-02,validation
2024-02-04,50.63570138888889,51.29277083333333,51.170812500000004,50.677305555555556,41.74720138888889,42.14339583333334,51.046962962962986,44.90337103174603,44.149721230158725,5.836459730607633,0.5663619330814524,0.8241566360566663,-0.7818314824680299,0.6234898018587334,2024-02-03,validation
2024-02-05,46.72552083333334,50.63570138888889,51.29277083333333,51.170812500000004,38.381166666666665,43.76519444444444,51.033094907407424,46.173156746031744,44.75631448412698,5.999962323625132,0.580454927809098,0.8142923779467267,0.0,1.0,2024-02-04,validation
2024-02-06,51.02957638888889,46.72552083333334,50.63570138888889,51.29277083333333,40.263375,49.63199305555556,49.551331018518546,47.36520734126985,44.967766369047624,4.926804096746189,0.5943761565849831,0.804187157621448,0.7818314824680298,0.6234898018587336,2024-02-05,validation
2024-02-07,53.05086111111111,51.02957638888889,46.72552083333334,50.63570138888889,40.79096527777778,40.162909722222224,49.46359953703706,48.903236111111106,45.06759375000001,3.9173384264045805,0.6081214998935418,0.7938439653781019,0.9749279121818236,-0.22252093395631434,2024-02-06,validation
2024-02-08,53.11801388888889,53.05086111111111,51.02957638888889,46.72552083333334,50.677305555555556,44.08634722222222,50.26865277777781,50.6546498015873,45.98816170634921,1.9146343316186545,0.6216868902665479,0.7832658619336791,0.43388373911755823,-0.900968867902419,2024-02-07,validation
2024-02-09,48.42903472222222,53.11801388888889,53.05086111111111,51.02957638888889,51.170812500000004,41.71447916666667,52.39948379629632,51.00332242063492,46.63328075396826,2.1296161203129746,0.6350683134867438,0.7724559775191742,-0.433883739117558,-0.9009688679024191,2024-02-08,validation
2024-02-10,54.54728472222222,48.42903472222222,53.11801388888889,53.05086111111111,51.29277083333333,42.26818055555555,51.5326365740741,50.61163988095239,47.11289186507936,2.3358291412847247,0.6482618097757122,0.7614175109532997,-0.9749279121818236,-0.2225209339563146,2024-02-09,validation
2024-02-11,47.13509027777778,54.54728472222222,48.42903472222222,53.11801388888889,50.63570138888889,41.74720138888889,52.03144444444447,51.076570436507936,47.989970734126985,2.7763532632918397,0.6612634749656386,0.7501537286959042,-0.7818314824680299,0.6234898018587334,2024-02-10,validation
2024-02-12,46.90754861111111,47.13509027777778,54.54728472222222,48.42903472222222,46.72552083333334,38.381166666666665,50.03713657407409,50.576483134920636,48.37481994047619,3.158035090991462,0.6740694616546161,0.7386679638813748,0.0,1.0,2024-02-11,validation
2024-02-13,57.98197916666667,46.90754861111111,47.13509027777778,54.54728472222222,51.02957638888889,40.263375,49.529974537037056,50.6024871031746,48.983847222222224,3.1215794683354594,0.6866759803451553,0.726963615332308,0.7818314824680298,0.6234898018587336,2024-02-12,validation
2024-02-14,52.514006944444446,57.98197916666667,46.90754861111111,47.13509027777778,53.05086111111111,40.79096527777778,50.6748726851852,51.595687500000004,50.249461805555555,4.199899183754136,0.6990793005655562,0.7150441465537444,0.9749279121818236,-0.22252093395631434,2024-02-13,validation
2024-02-15,53.14130555555556,52.514006944444446,57.98197916666667,46.90754861111111,53.11801388888889,50.677305555555556,52.467844907407425,51.51899404761905,51.08682192460318,4.173717888691405,0.7112757519738152,0.7029130847082615,0.43388373911755823,-0.900968867902419,2024-02-14,validation
2024-02-16,41.049104166666666,53.14130555555556,52.514006944444446,57.98197916666667,48.42903472222222,51.170812500000004,54.54576388888891,51.52232142857143,51.26282192460318,4.17521414145543,0.7232617254437388,0.6905740195722293,-0.433883739117558,-0.9009688679024191,2024-02-15,validation
2024-02-17,38.61163888888889,41.049104166666666,53.14130555555556,52.514006944444446,54.54728472222222,51.29277083333333,48.90147222222225,50.468045634920635,50.53984275793651,5.729075751315887,0.7350336741329413,0.6780306024735382,-0.9749279121818236,-0.2225209339563146,2024-02-16,validation
2024-02-18,41.08402777777778,38.61163888888889,41.049104166666666,53.14130555555556,47.13509027777778,50.63570138888889,44.26734953703706,48.191524801587306,49.63404761904763,6.887067753522643,0.746588114532413,0.6652865452111116,-0.7818314824680299,0.6234898018587334,2024-02-17,validation
2024-02-19,37.775284722222224,41.08402777777778,38.61163888888889,41.049104166666666,46.90754861111111,46.72552083333334,40.24825694444447,47.327087301587305,48.95178521825397,7.402250875580458,0.7579216274973472,0.6523456189565257,0.0,1.0,2024-02-18,validation
2024-02-20,42.03380555555555,37.775284722222224,41.08402777777778,38.61163888888889,57.98197916666667,51.02957638888889,39.15698379629632,46.02247817460318,48.31248263888889,8.245269281362472,0.7690308592589181,0.6392116531380588,0.7818314824680298,0.6234898018587336,2024-02-19,validation
2024-02-21,39.75577777777778,42.03380555555555,37.775284722222224,41.08402777777778,52.514006944444446,53.05086111111111,40.29770601851854,43.74416765873017,47.66992757936508,6.38294272219181,0.7799125224167177,0.6258885343075018,0.9749279121818236,-0.22252093395631434,2024-02-20,validation
2024-02-22,44.25525694444445,39.75577777777778,42.03380555555555,37.775284722222224,53.14130555555556,53.11801388888889,39.85495601851854,41.9215634920635,46.72027876984127,5.167135213305018,0.7905633969115482,0.612380204990065,0.43388373911755823,-0.900968867902419,2024-02-21,validation
2024-02-23,41.05661111111112,44.25525694444445,39.75577777777778,42.03380555555555,41.049104166666666,48.42903472222222,42.01494675925928,40.65212797619048,46.08722470238096,2.178645042648253,0.8009803309782905,0.5986906625177214,-0.433883739117558,-0.9009688679024191,2024-02-22,validation
2024-02-24,46.06571527777778,41.05661111111112,44.25525694444445,39.75577777777778,38.61163888888889,54.54728472222222,41.689215277777805,40.6532003968254,45.56062301587302,2.178874854566111,0.8111602420785621,0.5848239578463322,-0.9749279121818236,-0.2225209339563146,2024-02-23,validation
2024-02-25,41.58433333333333,46.06571527777778,41.05661111111112,44.25525694444445,41.08402777777778,47.13509027777778,43.7925277777778,41.71806845238096,44.95479662698413,2.7590671704644,0.8211001178128892,0.5707841943569036,-0.7818314824680299,0.6234898018587334,2024-02-24,validation
2024-02-26,41.8945625,41.58433333333333,46.06571527777778,41.05661111111112,37.775284722222224,46.90754861111111,42.902219907407435,41.789540674603174,44.558313988095236,2.7463560543010526,0.8307970168121247,0.5565755266413303,0.0,1.0,2024-02-25,validation
2024-02-27,51.88013194444445,41.8945625,41.58433333333333,46.06571527777778,42.03380555555555,57.98197916666667,43.18153703703706,42.37800892857143,44.2002435515873,2.110590122574751,0.8402480696078469,0.5422021592729844,0.7818314824680298,0.6234898018587336,2024-02-26,validation
2024-02-28,51.139180555555555,51.88013194444445,41.8945625,41.58433333333333,39.75577777777778,52.514006944444446,45.11967592592595,43.78462698412699,43.764397321428575,4.144260878217488,0.8494504794814806,0.527668345562516,0.9749279121818236,-0.22252093395631434,2024-02-27,validation
2024-02-29,52.542319444444445,51.139180555555555,51.88013194444445,41.8945625,44.25525694444445,53.14130555555556,48.30462500000002,45.41082738095239,43.66619543650794,4.516553397474111,0.8584015232918917,0.512978386299228,0.43388373911755823,-0.900968867902419,2024-02-28,validation
2024-03-01,55.9793611111111,52.542319444444445,51.139180555555555,51.88013194444445,41.05661111111112,41.049104166666666,51.85387731481484,46.59469345238095,43.62341071428572,5.197877634922579,0.8670985522812081,0.4981366284784055,-0.433883739117558,-0.9009688679024191,2024-02-29,validation
2024-03-02,53.722361111111105,55.9793611111111,52.542319444444445,51.139180555555555,46.06571527777778,38.61163888888889,53.22028703703705,48.72651488095238,44.68985763888889,5.593099681284154,0.8755389928586302,0.4831474640149687,-0.9749279121818236,-0.2225209339563146,2024-03-01,validation
2024-03-03,52.738395833333335,53.722361111111105,55.9793611111111,52.542319444444445,41.58433333333333,41.08402777777778,54.08134722222224,49.82032142857143,45.76919494047619,5.732950374087815,0.8837203473619977,0.4680153284438345,-0.7818314824680299,0.6234898018587334,2024-03-02,validation
2024-03-04,50.08159722222222,52.738395833333335,53.722361111111105,55.9793611111111,41.8945625,37.775284722222224,54.146706018518536,51.413758928571426,46.60164980158731,4.474197820326753,0.8916401947968874,0.45274469960737107,0.0,1.0,2024-03-03,validation
2024-03-05,47.13831944444445,50.08159722222222,52.738395833333335,53.722361111111105,51.88013194444445,42.03380555555555,52.18078472222225,52.58333531746031,47.48067212301587,1.901528703986652,0.8992961915530253,0.4373400963303323,0.7818314824680298,0.6234898018587336,2024-03-04,validation
2024-03-06,53.62114583333334,47.13831944444445,50.08159722222222,52.738395833333335,51.139180555555555,39.75577777777778,49.9861041666667,51.90593353174603,47.84528025793651,2.817695840311808,0.9066860720977985,0.4218060770826634,0.9749279121818236,-0.22252093395631434,2024-03-05,validation
2024-03-07,58.08998611111111,53.62114583333334,47.13831944444445,50.08159722222222,52.542319444444445,44.25525694444445,50.28035416666669,52.26049999999999,48.83566369047619,2.860957897313749,0.9138076496466615,0.4061472386305789,0.43388373911755823,-0.900968867902419,2024-03-06,validation
2024-03-08,55.9915,58.08998611111111,53.62114583333334,47.13831944444445,55.9793611111111,41.05661111111112,52.94981712962965,53.053023809523815,49.82385863095238,3.619790710822623,0.9206588168102428,0.3903682146763026,-0.433883739117558,-0.9009688679024191,2024-03-07,validation
2024-03-09,48.66824305555556,55.9915,58.08998611111111,53.62114583333334,53.722361111111105,46.06571527777778,55.900877314814835,53.05475793650794,50.89063640873015,3.621428815856756,0.9272375462179537,0.374473674486883,-0.9749279121818236,-0.2225209339563146,2024-03-08,validation
2024-03-10,48.76188194444445,48.66824305555556,55.9915,58.08998611111111,52.738395833333335,41.58433333333333,54.24990972222224,52.33274107142857,51.07653125,3.9546415837968083,0.9335418911179212,0.35846832151248087,-0.7818314824680299,0.6234898018587334,2024-03-09,validation
2024-03-11,54.75871527777778,48.76188194444445,48.66824305555556,55.9915,50.08159722222222,41.8945625,51.1405416666667,51.76466765873016,51.58921329365079,4.16658668538921,0.9395699859530622,0.342356891994542,0.0,1.0,2024-03-10,validation
2024-03-12,56.414861111111115,54.75871527777778,48.76188194444445,48.66824305555556,47.13831944444445,51.88013194444445,50.729613425925955,52.43282738095239,52.50808134920635,4.226290745465674,0.945320046913132,0.3261441535642696,0.7818314824680298,0.6234898018587336,2024-03-11,validation
2024-03-13,56.09480555555555,56.414861111111115,54.75871527777778,48.76188194444445,53.62114583333334,51.139180555555555,53.311819444444474,53.758047619047616,52.83199057539683,3.7126028240177673,0.9507903724625832,0.3098349038318025,0.9749279121818236,-0.22252093395631434,2024-03-12,validation
2024-03-14,43.32570138888889,56.09480555555555,56.414861111111115,54.75871527777778,58.08998611111111,52.542319444444445,55.75612731481484,54.11142757936508,53.18596378968254,3.813748640420414,0.9559793438440766,0.2934339689665273,0.43388373911755823,-0.900968867902419,2024-03-13,validation
2024-03-15,50.14736805555555,43.32570138888889,56.09480555555555,56.414861111111115,55.9915,55.9793611111111,51.94512268518522,52.00224404761905,52.52763392857143,5.109312534074853,0.9608854255574977,0.27694620226893646,-0.433883739117558,-0.9009688679024191,2024-03-14,validation
2024-03-16,46.93083333333334,50.14736805555555,43.32570138888889,56.09480555555555,48.66824305555556,53.722361111111105,49.855958333333355,51.16736805555555,52.11106299603175,4.817982355415756,0.9655071658143364,0.2603764827344581,-0.9749279121818236,-0.2225209339563146,2024-03-15,validation
2024-03-17,50.118340277777776,46.93083333333334,50.14736805555555,43.32570138888889,48.76188194444445,52.738395833333335,46.80130092592595,50.91916666666667,51.62595386904762,5.00914325747478,0.969843196967294,0.24372971360968387,-0.7818314824680299,0.6234898018587334,2024-03-16,validation
2024-03-18,47.12770833333334,50.118340277777776,46.93083333333334,50.14736805555555,54.75871527777778,50.08159722222222,49.065513888888916,51.11294642857143,51.4388070436508,4.937504234647476,0.9738922359149924,0.22701082094141847,0.0,1.0,2024-03-17,validation
2024-03-19,45.885416666666664,47.12770833333334,50.118340277777776,46.93083333333334,56.414861111111115,47.13831944444445,48.05896064814817,50.02280257936508,51.22781498015873,4.839856838329132,0.9776530844816641,0.2102247521189836,0.7818314824680298,0.6234898018587336,2024-03-18,validation
2024-03-20,42.16919444444444,45.885416666666664,47.12770833333334,50.118340277777776,56.09480555555555,53.62114583333334,47.71048842592595,48.518596230158735,51.138321924603176,4.102161585138324,0.981124629771712,0.19337647441020586,0.9749279121818236,-0.22252093395631434,2024-03-19,validation
2024-03-21,48.01991666666667,42.16919444444444,45.885416666666664,47.12770833333334,43.32570138888889,58.08998611111111,45.06077314814817,46.529223214285715,50.320325396825396,3.0599318713473687,0.984305844499033,0.17647097349152166,0.43388373911755823,-0.900968867902419,2024-03-20,validation
2024-03-22,54.46423611111111,48.01991666666667,42.16919444444444,45.885416666666664,50.14736805555555,55.9915,45.358175925925956,47.1998253968254,49.60103472222222,2.7383316762922414,0.9871957872910085,0.15951325197263655,-0.433883739117558,-0.9009688679024191,2024-03-21,validation
2024-03-23,41.57028472222222,54.46423611111111,48.01991666666667,42.16919444444444,46.93083333333334,48.66824305555556,48.217782407407434,47.816520833333335,49.49194444444445,3.7950016400356485,0.9897936029670716,0.14250832791617088,-0.9749279121818236,-0.2225209339563146,2024-03-22,validation
2024-03-24,46.680993055555554,41.57028472222222,54.46423611111111,48.01991666666667,50.118340277777776,48.76188194444445,48.01814583333336,47.05072817460318,48.984947420634924,4.482153112106151,0.992098522791769,0.12546123335273648,-0.7818314824680299,0.6234898018587334,2024-03-23,validation
2024-03-25,41.83904861111111,46.680993055555554,41.57028472222222,54.46423611111111,47.12770833333334,54.75871527777778,47.57183796296298,46.55967857142856,48.836312500000005,4.273498394669284,0.9941098647022418,0.10837701279187609,0.0,1.0,2024-03-24,validation
2024-03-26,48.27964583333334,41.83904861111111,46.680993055555554,41.57028472222222,45.885416666666664,56.414861111111115,43.36344212962965,45.80415575396825,47.91347916666667,4.610544391091668,0.9958270335100595,0.09126072172931188,0.7818314824680298,0.6234898018587336,2024-03-25,validation
2024-03-27,42.29430555555555,48.27964583333334,41.83904861111111,46.680993055555554,42.16919444444444,56.09480555555555,45.599895833333356,46.146188492063494,47.33239236111111,4.705409307966042,0.9972495210773451,0.07411742515094437,0.9749279121818236,-0.22252093395631434,2024-03-26,validation
2024-03-28,38.29815277777778,42.29430555555555,48.27964583333334,41.83904861111111,48.01991666666667,43.32570138888889,44.13766666666669,46.1640615079365,46.34664236111111,4.687990772919135,0.998376906467142,0.056952196034039754,0.43388373911755823,-0.900968867902419,2024-03-27,validation
2024-03-29,45.73963888888889,38.29815277777778,42.29430555555555,48.27964583333334,54.46423611111111,50.14736805555555,42.957368055555584,44.77523809523809,45.98753174603174,5.428168098005648,0.9992088560679753,0.03977011384605572,-0.433883739117558,-0.9009688679024191,2024-03-28,validation
2024-03-30,51.299368055555554,45.73963888888889,38.29815277777778,42.29430555555555,41.57028472222222,46.93083333333334,42.1106990740741,43.528867063492065,45.6726939484127,3.4873426965482768,0.9997451236925734,0.022576263041545485,-0.9749279121818236,-0.2225209339563146,2024-03-29,validation
2024-03-31,55.59022222222222,51.299368055555554,45.73963888888889,38.29815277777778,46.680993055555554,50.118340277777776,45.112386574074094,44.91873611111111,45.98473214285714,4.39681406612466,0.9999855506507186,0.005375731557583884,-0.7818314824680299,0.6234898018587334,2024-03-30,validation
2024-04-01,55.479659722222216,55.59022222222222,51.299368055555554,45.73963888888889,41.83904861111111,47.12770833333334,50.87640972222224,46.19148313492064,46.3755808531746,5.992046325025532,0.9999300657962057,-0.011826390691832589,0.0,1.0,2024-03-31,validation
2024-04-02,56.05231944444444,55.479659722222216,55.59022222222222,51.299368055555554,48.27964583333334,45.885416666666664,54.12308333333336,48.140141865079364,46.9721488095238,6.5341839209140735,0.9995786855478958,-0.029025013321975237,0.7818314824680298,0.6234898018587336,2024-04-01,validation
2024-04-03,43.15752777777777,56.05231944444444,55.479659722222216,55.59022222222222,42.29430555555555,42.16919444444444,55.70740046296299,49.250523809523806,47.69835615079365,7.18941134964473,0.9989315138848577,-0.046215046983708354,0.9749279121818236,-0.22252093395631434,2024-04-02,validation
2024-04-04,64.13220833333334,43.15752777777777,56.05231944444444,55.479659722222216,38.29815277777778,48.01991666666667,51.5631689814815,49.373841269841265,47.76895138888889,7.056379987882129,0.9979887423155984,-0.06339140486951038,0.43388373911755823,-0.900968867902419,2024-04-03,validation
2024-04-05,61.3130625,64.13220833333334,43.15752777777777,56.05231944444444,45.73963888888889,54.46423611111111,54.447351851851884,53.06442063492064,48.919829365079366,7.053969115070266,0.9967506498213929,-0.08054900421874167,-0.433883739117558,-0.9009688679024191,2024-04-04,validation
2024-04-06,41.33855555555555,61.3130625,64.13220833333334,43.15752777777777,51.299368055555554,41.57028472222222,56.200932870370394,55.28919543650794,49.40903125,6.810423215252306,0.9952176027737294,-0.09768276782171598,-0.9749279121818236,-0.2225209339563146,2024-04-05,validation
2024-04-07,38.52213888888889,41.33855555555555,61.3130625,64.13220833333334,55.59022222222222,46.680993055555554,55.59460879629632,53.86622222222223,49.39247916666666,8.590875463762755,0.9933900548258936,-0.11478762552212701,-0.7818314824680299,0.6234898018587334,2024-04-06,validation
2024-04-08,65.62597916666667,38.52213888888889,41.33855555555555,61.3130625,55.479659722222216,41.83904861111111,47.0579189814815,51.42792460317461,48.80970386904762,10.276757739272565,0.9912685467787256,-0.13185851571739118,0.0,1.0,2024-04-07,validation
2024-04-09,47.4515625,65.62597916666667,38.52213888888889,41.33855555555555,56.05231944444444,48.27964583333334,48.49555787037039,52.87739880952381,50.508770337301584,11.576786150014915,0.9888537064205885,-0.1488903868564548,0.7818314824680298,0.6234898018587336,2024-04-08,validation
2024-04-10,40.5423125,47.4515625,65.62597916666667,38.52213888888889,43.15752777777777,42.29430555555555,50.53322685185187,51.648719246031746,50.44962152777777,11.639901701407423,0.986146248341595,-0.16587819893463143,0.9749279121818236,-0.22252093395631434,2024-04-09,validation
2024-04-11,23.22378472222222,40.5423125,47.4515625,65.62597916666667,64.13220833333334,38.29815277777778,51.20661805555557,51.27511706349206,50.32447916666666,11.994434527679397,0.9831469737221499,-0.1828169249850199,0.43388373911755823,-0.900968867902419,2024-04-10,validation
2024-04-12,45.85748611111111,23.22378472222222,40.5423125,47.4515625,61.3130625,45.73963888888889,37.07255324074076,45.43105654761904,49.247738591269844,14.408908730595401,0.9798567700958665,-0.1997015525660636,-0.433883739117558,-0.9009688679024191,2024-04-11,validation
2024-04-13,48.58761111111111,45.85748611111111,23.22378472222222,40.5423125,41.33855555555555,51.299368055555554,36.541194444444464,43.22311706349206,49.256156250000004,12.645939114869767,0.9762766110869321,-0.21652708524481437,-0.9749279121818236,-0.2225209339563146,2024-04-12,validation
2024-04-14,22.62226388888889,48.58761111111111,45.85748611111111,23.22378472222222,38.52213888888889,55.59022222222222,39.22296064814816,44.25869642857142,49.06245932539683,12.762170064570102,0.9724075561219968,-0.23328854407545518,-0.7818314824680299,0.6234898018587334,2024-04-13,validation
2024-04-15,23.34872916666667,22.62226388888889,48.58761111111111,45.85748611111111,65.62597916666667,55.479659722222216,39.022453703703725,41.987285714285704,46.70760515873015,15.145680807573479,0.9682507501166718,-0.2499809690726521,0.0,1.0,2024-04-14,validation
2024-04-16,30.908243055555555,23.34872916666667,22.62226388888889,48.58761111111111,47.4515625,56.05231944444444,31.519534722222243,35.94767857142857,44.4125386904762,12.312729616892415,0.9638074231367307,-0.26659942067929354,0.7818314824680298,0.6234898018587336,2024-04-15,validation
2024-04-17,22.742951388888887,30.908243055555555,23.34872916666667,22.62226388888889,40.5423125,43.15752777777777,25.626412037037056,33.58434722222223,42.61653323412698,11.28109837387157,0.9590788900341131,-0.28313898122818354,0.9749279121818236,-0.22252093395631434,2024-04-16,validation
2024-04-18,9.366430555555555,22.742951388888887,30.908243055555555,23.34872916666667,23.22378472222222,64.13220833333334,25.666641203703723,31.04158134920635,41.15834920634921,11.4560177631616,0.9540665500578387,-0.2995947563972602,0.43388373911755823,-0.900968867902419,2024-04-17,validation
2024-04-19,1.0981458333333334,9.366430555555555,22.742951388888887,30.908243055555555,45.85748611111111,61.3130625,21.005875000000017,29.061959325396824,37.24650793650794,13.956503575190315,0.9487718864399473,-0.31596187665790293,-0.433883739117558,-0.9009688679024191,2024-04-18,validation
2024-04-20,1.1741527777777778,1.0981458333333334,9.366430555555555,22.742951388888887,48.58761111111111,41.33855555555555,11.069175925925942,22.667767857142856,32.94544246031746,15.178874055444222,0.9431964659565866,-0.33223549871590435,-0.9749279121818236,-0.2225209339563146,2024-04-19,validation
2024-04-21,1.2812222222222223,1.1741527777777778,1.0981458333333334,9.366430555555555,22.62226388888889,38.52213888888889,3.8795763888889074,15.894416666666668,30.07655654761905,11.912028346515823,0.9373419384643772,-0.3484108069446808,-0.7818314824680299,0.6234898018587334,2024-04-20,validation
2024-04-22,1.1164722222222223,1.2812222222222223,1.1741527777777778,1.0981458333333334,23.34872916666667,65.62597916666667,1.1845069444444636,12.845696428571427,27.41649107142857,12.61346617682572,0.9312100364121947,-0.3644830148102912,0.0,1.0,2024-04-21,validation
2024-04-23,1.334701388888889,1.1164722222222223,1.2812222222222223,1.1741527777777778,30.908243055555555,47.4515625,1.1906157407407596,9.669659722222223,22.808669146825398,12.323742083395537,0.9248025743285089,-0.38044736628785164,0.7818314824680298,0.6234898018587336,2024-04-22,validation
2024-04-24,3.7557152777777776,1.334701388888889,1.1164722222222223,1.2812222222222223,22.742951388888887,40.5423125,1.2441319444444634,5.444868055555555,19.51460763888889,8.212792558488985,0.9181214482844364,-0.39629913726891813,0.9749279121818236,-0.22252093395631434,2024-04-23,validation
2024-04-25,15.757263888888888,3.7557152777777776,1.334701388888889,1.1164722222222223,9.366430555555555,23.22378472222222,2.0689629629629818,2.732405753968254,16.886993551587302,3.07753032992467,0.9111686353326631,-0.41203363695942635,0.43388373911755823,-0.900968867902419,2024-04-24,validation
2024-04-26,3.6648680555555555,15.757263888888888,3.7557152777777776,1.334701388888889,1.0981458333333334,45.85748611111111,6.949226851851871,3.6453819444444444,16.353670634920633,5.425696933509018,0.9039461929224011,-0.42764620926777464,-0.433883739117558,-0.9009688679024191,2024-04-25,validation
2024-04-27,1.4493958333333332,3.6648680555555555,15.757263888888888,3.7557152777777776,1.1741527777777778,48.58761111111111,7.7259490740740935,4.012056547619047,13.339912202380953,5.310366266969725,0.8964562582905575,-0.44313223418263453,-0.9749279121818236,-0.2225209339563146,2024-04-26,validation
2024-04-28,15.827506944444444,1.4493958333333332,3.6648680555555555,15.757263888888888,1.2812222222222223,22.62226388888889,6.957175925925944,4.051376984126984,9.972896825396827,5.286817706787226,0.8887010478292915,-0.45848712914008766,-0.7818314824680299,0.6234898018587334,2024-04-27,validation
2024-04-29,12.306409722222222,15.827506944444444,1.4493958333333332,3.6648680555555555,1.1164722222222223,23.34872916666667,6.980590277777796,6.129417658730158,9.487557043650794,6.6892744612680675,0.8806828564301475,-0.47370635037968,0.0,1.0,2024-04-28,validation
2024-04-30,5.417131944444445,12.306409722222222,15.827506944444444,1.4493958333333332,1.334701388888889,30.908243055555555,9.861104166666685,7.727980158730159,8.69881994047619,6.628425547685174,0.8724040568049612,-0.48878539428899265,0.7818314824680298,0.6234898018587336,2024-04-29,validation
2024-05-01,31.18427777777778,5.417131944444445,12.306409722222222,15.827506944444444,3.7557152777777776,22.742951388888887,11.183682870370388,8.311184523809525,6.8780262896825395,6.133259956549259,0.8638670987837349,-0.503719798736334,0.9749279121818236,-0.22252093395631434,2024-04-30,validation
2024-05-02,13.349104166666665,31.18427777777778,5.417131944444445,12.306409722222222,15.757263888888888,9.366430555555555,16.3026064814815,12.229550595238095,7.480978174603175,10.170645771309962,0.8550745085896932,-0.518505144391157,0.43388373911755823,-0.900968867902419,2024-05-01,validation
2024-05-03,16.46409027777778,13.349104166666665,31.18427777777778,5.417131944444445,3.6648680555555555,1.0981458333333334,16.650171296296318,11.885527777777778,7.7654548611111105,10.071679681639965,0.8460288880917339,-0.533137056031809,-0.433883739117558,-0.9009688679024191,2024-05-02,validation
2024-05-04,39.675104166666664,16.46409027777778,13.349104166666665,31.18427777777778,1.4493958333333332,1.1741527777777778,20.33249074074076,13.713988095238095,8.863022321428572,9.474646062232836,0.8367329140344921,-0.5476112038402312,-0.9749279121818236,-0.2225209339563146,2024-05-03,validation
2024-05-05,45.66064583333334,39.675104166666664,16.46409027777778,13.349104166666665,15.827506944444444,1.2812222222222223,23.162766203703722,19.174803571428573,11.613090277777777,11.926366397579676,0.8271893372462497,-0.5619233046832195,-0.7818314824680299,0.6234898018587334,2024-05-04,validation
2024-05-06,32.782784722222225,45.66064583333334,39.675104166666664,16.46409027777778,12.306409722222222,1.1164722222222223,33.93328009259262,23.436680555555558,14.783049107142856,15.36543507527293,0.8174009818249189,-0.5760691233798758,0.0,1.0,2024-05-05,validation
2024-05-07,20.766111111111112,32.782784722222225,45.66064583333334,39.675104166666664,5.417131944444445,1.334701388888889,39.37284490740743,26.361876984126987,17.044928571428574,14.833233439169113,0.8073707443023492,-0.5900444739548627,0.7818314824680298,0.6234898018587336,2024-05-06,validation
2024-05-08,34.18052083333333,20.766111111111112,32.782784722222225,45.66064583333334,31.18427777777778,3.7557152777777776,33.06984722222224,28.55458829365079,18.43288640873016,12.104567018865337,0.7971015927871943,-0.6038452208771035,0.9749279121818236,-0.22252093395631434,2024-05-07,validation
2024-05-09,56.40122222222222,34.18052083333333,20.766111111111112,32.782784722222225,13.349104166666665,15.757263888888888,29.24313888888891,28.98262301587302,20.606086805555556,12.264967797072485,0.7865965660866021,-0.6174672802835514,0.43388373911755823,-0.900968867902419,2024-05-08,validation
2024-05-10,51.33880555555555,56.40122222222222,34.18052083333333,20.766111111111112,16.46409027777778,3.6648680555555555,37.11595138888891,35.13292559523809,23.509226686507937,13.815243564538038,0.7758587728069828,-0.6309066211876704,-0.433883739117558,-0.9009688679024191,2024-05-09,validation
2024-05-11,33.61995833333334,51.33880555555555,56.40122222222222,34.18052083333333,39.675104166666664,1.4493958333333332,47.30684953703706,40.115027777777776,26.914507936507935,12.148535347672947,0.7648913904341225,-0.6441592666722685,-0.9749279121818236,-0.2225209339563146,2024-05-10,validation
2024-05-12,21.41385416666665,33.61995833333334,51.33880555555555,56.40122222222222,45.66064583333334,15.827506944444444,47.11999537037039,39.25000694444445,29.212405257936513,12.398091476592898,0.753697664392914,-0.6572212950663319,-0.7818314824680299,0.6234898018587334,2024-05-11,validation
2024-05-13,22.4216458333333,21.41385416666665,33.61995833333334,51.33880555555555,32.782784722222225,12.306409722222222,35.457539351851864,35.78617956349206,29.61143005952381,13.634034543774648,0.742280907086982,-0.6700888411055113,0.0,1.0,2024-05-12,validation
2024-05-14,51.50555555555553,22.4216458333333,21.41385416666665,33.61995833333334,20.766111111111112,5.417131944444445,25.818486111111113,34.306016865079364,30.333946924603172,14.546337440518725,0.7306444969184916,-0.6827580970759147,0.7818314824680298,0.6234898018587336,2024-05-13,validation
2024-05-15,34.27068749999999,51.50555555555553,22.4216458333333,21.41385416666665,34.18052083333333,31.18427777777778,31.780351851851844,38.69736607142857,33.62597718253968,14.416905851434379,0.7187918772884232,-0.6952253139408722,0.9749279121818236,-0.22252093395631434,2024-05-14,validation
2024-05-16,34.980576388888885,34.27068749999999,51.50555555555553,22.4216458333333,56.40122222222222,13.349104166666665,36.065962962962956,38.710247023809515,33.846435019841266,14.412237143090351,0.7067265555776158,-0.7074868024503348,0.43388373911755823,-0.900968867902419,2024-05-15,validation
2024-05-17,28.24304861111111,34.980576388888885,34.27068749999999,51.50555555555553,51.33880555555555,16.46409027777778,40.252273148148156,35.65015476190475,35.391540178571425,12.122060907195813,0.6944521021088763,-0.719538934232584,-0.433883739117558,-0.9009688679024191,2024-05-16,validation
2024-05-18,33.47655555555556,28.24304861111111,34.980576388888885,34.27068749999999,33.61995833333334,39.675104166666664,32.49810416666668,32.3507609126984,36.23289434523809,10.117605309766828,0.6819721490904629,-0.7313781428679254,-0.9749279121818236,-0.2225209339563146,2024-05-17,validation
2024-05-19,21.845625,33.47655555555556,28.24304861111111,34.980576388888885,21.41385416666665,45.66064583333334,32.23339351851853,32.330274801587294,35.790140873015865,10.114751907860715,0.6692903895412567,-0.7430009249440493,-0.7818314824680299,0.6234898018587334,2024-05-18,validation
2024-05-20,16.861868055555558,21.845625,33.47655555555556,28.24304861111111,22.4216458333333,32.782784722222225,27.855076388888904,32.39195634920634,34.089067956349204,10.038112759508286,0.6564105761979381,-0.7544038410927472,0.0,1.0,2024-05-19,validation
2024-05-21,21.792694444444447,16.861868055555558,21.845625,33.47655555555556,51.50555555555553,20.766111111111112,24.061349537037056,31.597702380952374,32.951859623015864,11.120123812999784,0.6433365204044917,-0.765583517007675,0.7818314824680298,0.6234898018587336,2024-05-20,validation
2024-05-22,2.5893819444444444,21.792694444444447,16.861868055555558,21.845625,34.27068749999999,34.18052083333333,20.16672916666668,27.353007936507936,33.02518700396825,7.2530047546426735,0.6300720909843687,-0.7765366444428655,0.9749279121818236,-0.22252093395631434,2024-05-21,validation
2024-05-23,1.1228749999999998,2.5893819444444444,21.792694444444447,16.861868055555558,34.980576388888885,56.40122222222222,13.747981481481498,22.82710714285714,30.768677083333326,11.087777832663935,0.6166212130956382,-0.7872599821916922,0.43388373911755823,-0.900968867902419,2024-05-22,validation
2024-05-24,9.35838095238094,1.1228749999999998,2.5893819444444444,21.792694444444447,28.24304861111111,51.33880555555555,8.501650462962978,17.99029265873016,26.820223710317457,12.228630076715152,0.6029878670694714,-0.7977503570459932,-0.433883739117558,-0.9009688679024191,2024-05-23,validation
2024-05-25,38.70144444444444,9.35838095238094,1.1228749999999998,2.5893819444444444,33.47655555555556,33.61995833333334,4.356879298941809,15.292482993197279,23.821621952947844,11.659617042495316,0.5891760872322963,-0.8080046647350754,-0.9749279121818236,-0.2225209339563146,2024-05-24,validation
2024-05-26,14.384055555555555,38.70144444444444,9.35838095238094,1.1228749999999998,21.845625,21.41385416666665,16.394233465608476,16.038895691609977,24.184585246598633,13.096431290777176,0.5751899607119775,-0.8180198708443174,-0.7818314824680299,0.6234898018587334,2024-05-25,validation
2024-05-27,1.1276666666666666,14.384055555555555,38.70144444444444,9.35838095238094,16.861868055555558,22.4216458333333,20.814626984126992,14.972957199546483,23.682456774376412,12.846308755548085,0.5610336262283677,-0.8277930117131022,0.0,1.0,2024-05-26,validation
2024-05-28,1.2664236111111111,1.1276666666666666,14.384055555555555,38.70144444444444,21.792694444444447,51.50555555555553,18.07105555555557,12.725214143990927,22.161458262471655,13.801712065709726,0.5467112728685939,-0.8373211953118121,0.7818314824680298,0.6234898018587336,2024-05-27,validation
2024-05-29,1.1116458333333334,1.2664236111111111,1.1276666666666666,14.384055555555555,2.5893819444444444,34.27068749999999,5.592715277777792,9.792889739229024,18.572948837868477,13.734497516852187,0.5322271388474397,-0.8466016020976267,0.9749279121818236,-0.22252093395631434,2024-05-28,validation
2024-05-30,0.9746458333333333,1.1116458333333334,1.2664236111111111,1.1276666666666666,1.1228749999999998,34.980576388888885,1.1685787037037179,9.581784580498864,16.204445861678003,13.874317074666804,0.5175855102531889,-0.8556314858488706,0.43388373911755823,-0.900968867902419,2024-05-29,validation
2024-05-31,0.7630277777777777,0.9746458333333333,1.1116458333333334,1.2664236111111111,9.35838095238094,28.24304861111111,1.1175717592592735,9.56060898526077,13.775450821995463,13.889483989763693,0.5027907197793043,-0.8644081744776648,-0.433883739117558,-0.9009688679024191,2024-05-30,validation
2024-06-01,0.7637291666666667,0.7630277777777777,0.9746458333333333,1.1116458333333334,38.70144444444444,33.47655555555556,0.9497731481481625,8.33270138888889,11.812592191043082,14.284658626651376,0.4878471454423119,-0.8729290708206411,-0.9749279121818236,-0.2225209339563146,2024-05-31,validation
2024-06-02,0.9495833333333333,0.7637291666666667,0.7630277777777777,0.9746458333333333,14.384055555555555,21.845625,0.8338009259259401,2.9130277777777778,9.475961734693877,5.061745151121215,0.47275920928627757,-0.881191653407483,-0.7818314824680299,0.6234898018587334,2024-06-01,validation
2024-06-03,18.09126388888889,0.9495833333333333,0.7637291666666667,0.7630277777777777,1.1276666666666666,16.861868055555558,0.8254467592592736,0.9938174603174603,7.983387329931972,0.18913926030973022,0.4575313760742512,-0.8891934772070711,0.0,1.0,2024-06-02,validation
2024-06-04,48.21122916666667,18.09126388888889,0.9495833333333333,0.7637291666666667,1.2664236111111111,21.792694444444447,6.601525462962978,3.417188492063492,8.07120131802721,6.473153670147068,0.44216815196707204,-0.8969321743510065,0.7818314824680298,0.6234898018587336,2024-06-03,validation
2024-06-05,36.19600694444444,48.21122916666667,18.09126388888889,0.9495833333333333,1.1116458333333334,2.5893819444444444,22.417358796296313,10.123589285714287,9.958239512471653,17.974333180831927,0.42667408318992467,-0.9044054548343001,0.9749279121818236,-0.22252093395631434,2024-06-04,validation
2024-06-06,35.32310416666667,36.19600694444444,48.21122916666667,18.09126388888889,0.9746458333333333,1.1228749999999998,34.166166666666676,15.135640873015875,12.35871272675737,19.837553317547663,0.4110537546870351,-0.9116111071930239,0.43388373911755823,-0.900968867902419,2024-06-05,validation
2024-06-07,37.316069444444445,35.32310416666667,36.19600694444444,48.21122916666667,0.7630277777777777,9.35838095238094,39.91011342592594,20.042563492063493,14.801586238662129,19.998440757354942,0.3953117887649151,-0.9185469991587165,-0.433883739117558,-0.9009688679024191,2024-06-06,validation
2024-06-08,31.86972222222222,37.316069444444445,35.32310416666667,36.19600694444444,0.7637291666666667,38.70144444444444,36.278393518518534,25.26442658730159,16.798563988095236,18.86541954469104,0.37945284372454435,-0.925211078289358,-0.9749279121818236,-0.2225209339563146,2024-06-07,validation
2024-08-26,47.05335416666667,54.670298611111114,44.60527777777778,50.087375,45.68482638888889,,49.78765046296297,46.2817380952381,46.2817380952381,4.565530009507133,-0.8247650844733614,-0.5654755126737576,0.0,1.0,2024-08-25,validation
2024-08-27,53.31002083333333,47.05335416666667,54.670298611111114,44.60527777777778,41.74272916666667,,48.776310185185196,46.47724206349206,46.37819010416667,4.565010419330022,-0.8343701235229538,-0.5512045872199277,0.7818314824680298,0.6234898018587336,2024-08-26,validation
2024-08-28,42.56622222222222,53.31002083333333,47.05335416666667,54.670298611111114,44.58132638888889,,51.67789120370372,48.1297123015873,47.148393518518525,4.658192941910773,-0.8437282590292712,-0.5367705514607103,0.9749279121818236,-0.22252093395631434,2024-08-27,validation
2024-08-29,51.3503125,42.56622222222222,53.31002083333333,47.05335416666667,42.60033333333333,,47.64319907407408,47.84184027777777,46.690176388888894,4.966116122744812,-0.8528367217694595,-0.522177676659508,0.43388373911755823,-0.900968867902419,2024-08-28,validation
2024-08-30,48.014097222222226,51.3503125,42.56622222222222,53.31002083333333,50.087375,,49.07551851851853,49.091837301587304,47.113825126262626,4.506890843220575,-0.8616928164028522,-0.5074302810827518,-0.433883739117558,-0.9009688679024191,2024-08-29,validation
2024-08-31,58.073187499999996,48.014097222222226,51.3503125,42.56622222222222,44.60527777777778,,47.310210648148164,48.795654761904764,47.18884780092592,4.498680364437483,-0.8702939222685674,-0.49253272872205434,-0.9749279121818236,-0.2225209339563146,2024-08-30,validation
2024-09-01,55.407354166666664,58.073187499999996,48.014097222222226,51.3503125,54.670298611111114,,52.47919907407408,50.719641865079375,48.0261047008547,5.2286075258030325,-0.8786374941610001,-0.4774894280028391,-0.7818314824680299,0.6234898018587334,2024-08-31,validation
2024-09-02,46.255409722222225,55.407354166666664,58.073187499999996,48.014097222222226,47.05335416666667,45.68482638888889,53.8315462962963,50.82493551587301,48.55333680555555,5.327904068526215,-0.886721063082993,-0.46230483047981086,0.0,1.0,2024-09-01,validation
2024-09-03,50.991736111111116,46.255409722222225,55.407354166666664,58.073187499999996,53.31002083333333,41.74272916666667,53.24531712962963,50.71094345238095,48.59409275793651,5.429612499247278,-0.8945422369764496,-0.4469834295196741,0.7818314824680298,0.6234898018587336,2024-09-02,validation
2024-09-04,51.601215277777776,50.991736111111116,46.255409722222225,55.407354166666664,42.56622222222222,44.58132638888889,50.88483333333335,50.37975992063492,49.254736111111114,5.3141323361237065,-0.9020987014301837,-0.43152975897147144,0.9749279121818236,-0.22252093395631434,2024-09-03,validation
2024-09-05,46.26743055555554,51.601215277777776,50.991736111111116,46.255409722222225,51.3503125,42.60033333333333,49.61612037037039,51.670473214285714,49.75615674603175,4.045965296752276,-0.9093882203647925,-0.4159483918249421,0.43388373911755823,-0.900968867902419,2024-09-04,validation
2024-09-06,58.03938888888889,46.26743055555554,51.601215277777776,50.991736111111116,48.014097222222226,50.087375,49.62012731481482,50.94434722222222,50.01809226190476,4.539063146542043,-0.9164086366943458,-0.4002439388573056,-0.433883739117558,-0.9009688679024191,2024-09-05,validation
2024-09-07,44.59229861111111,58.03938888888889,46.26743055555554,51.601215277777776,58.073187499999996,44.60527777777778,51.96934490740741,52.37653174603174,50.58609325396826,5.016867367646483,-0.9231578729647039,-0.38442104726885545,-0.9749279121818236,-0.2225209339563146,2024-09-06,validation
2024-09-08,49.25819444444445,44.59229861111111,58.03938888888889,46.26743055555554,55.407354166666664,54.670298611111114,49.633039351851856,50.450690476190466,50.58516617063492,5.0529545095014505,-0.9296339319682695,-0.3684843993077793,-0.7818314824680299,0.6234898018587334,2024-09-07,validation
2024-09-09,55.29152777777778,49.25819444444445,44.59229861111111,58.03938888888889,46.255409722222225,47.05335416666667,50.62996064814816,49.57223908730158,50.198587301587295,4.557884918784614,-0.9358348973349941,-0.35243871088460327,0.0,1.0,2024-09-08,validation
2024-09-10,56.13885416666667,55.29152777777778,49.25819444444445,44.59229861111111,50.991736111111116,53.31002083333333,49.71400694444446,50.86311309523809,50.787028273809526,4.737972593045455,-0.9417589340994617,-0.33628873017668287,0.7818314824680298,0.6234898018587336,2024-09-09,validation
2024-09-11,49.68264583333333,56.13885416666667,55.29152777777778,49.25819444444445,51.601215277777776,42.56622222222222,53.562858796296304,51.598415674603174,50.98908779761905,5.143321179690202,-0.9474042892438845,-0.32003923622313857,0.9749279121818236,-0.22252093395631434,2024-09-10,validation
2024-09-12,57.468333333333334,49.68264583333333,56.13885416666667,55.29152777777778,46.26743055555554,51.3503125,53.7043425925926,51.32433432539682,51.49740376984126,5.194016408165594,-0.9527692922168511,-0.30369503751065885,0.43388373911755823,-0.900968867902419,2024-09-11,validation
2024-09-13,58.85165972222222,57.468333333333334,49.68264583333333,56.13885416666667,58.03938888888889,48.014097222222226,54.42994444444446,52.92446329365079,51.93440525793651,5.100986795979317,-0.9578523554276669,-0.28726097055059635,-0.433883739117558,-0.9009688679024191,2024-09-12,validation
2024-09-14,51.74957638888889,58.85165972222222,57.468333333333334,49.68264583333333,44.59229861111111,58.073187499999996,55.33421296296297,53.04050198412698,52.70851686507937,5.243970133571958,-0.9626519747161487,-0.2707418984477642,-0.9749279121818236,-0.2225209339563146,2024-09-13,validation
2024-09-15,53.57918055555555,51.74957638888889,58.85165972222222,57.468333333333334,49.25819444444445,55.407354166666664,56.02318981481483,54.06297023809525,52.25683035714286,3.8290903166583865,-0.9671667297977312,-0.2541427094613622,-0.7818314824680299,0.6234898018587334,2024-09-14,validation
2024-09-16,54.9128125,53.57918055555555,51.74957638888889,58.85165972222222,55.29152777777778,46.255409722222225,54.726805555555565,54.680253968253965,52.12624652777778,3.2262595350191217,-0.97139528468375,-0.23746831555846842,0.0,1.0,2024-09-15,validation
2024-09-17,46.02504861111111,54.9128125,53.57918055555555,51.74957638888889,56.13885416666667,50.991736111111116,53.413856481481496,54.626151785714285,52.744632440476195,3.2174638563419276,-0.9753363880767837,-0.2207236509605022,0.7818314824680298,0.6234898018587336,2024-09-16,validation
2024-09-18,46.80942361111111,46.02504861111111,54.9128125,53.57918055555555,49.68264583333333,51.601215277777776,51.505680555555564,53.18132242063492,52.38986904761904,4.457024905858544,-0.9789888737409319,-0.20391367068311472,0.9749279121818236,-0.22252093395631434,2024-09-17,validation
2024-09-19,47.995666666666665,46.80942361111111,46.02504861111111,54.9128125,57.468333333333334,46.26743055555554,49.24909490740742,52.77086210317459,52.04759821428571,4.939153755780969,-0.9823516608469237,-0.18704334906991657,0.43388373911755823,-0.900968867902419,2024-09-18,validation
2024-09-20,44.5506875,47.995666666666665,46.80942361111111,46.02504861111111,58.85165972222222,58.03938888888889,46.94337962962964,51.41762400793651,52.17104365079365,4.730907612733578,-0.9854237542919524,-0.17011767832049052,-0.433883739117558,-0.9009688679024191,2024-09-19,validation
2024-09-21,46.340694444444445,44.5506875,47.995666666666665,46.80942361111111,51.74957638888889,44.59229861111111,46.451925925925934,49.374627976190474,51.20756498015873,4.019992154718054,-0.9882042449941422,-0.15314166701312007,-0.9749279121818236,-0.2225209339563146,2024-09-20,validation
2024-09-22,53.60415277777778,46.340694444444445,44.5506875,47.995666666666665,53.57918055555555,49.25819444444445,46.29568287037038,48.601930555555555,51.332450396825394,4.007221920671295,-0.9906923101615609,-0.13612033862266704,-0.7818314824680299,0.6234898018587334,2024-09-21,validation
2024-09-23,51.95779166666667,53.60415277777778,46.340694444444445,44.5506875,54.9128125,55.29152777777778,48.16517824074075,48.60549801587302,51.6428759920635,4.012399233202692,-0.9928872135356962,-0.11905873003404988,0.0,1.0,2024-09-22,validation
2024-09-24,50.55714583333333,51.95779166666667,53.60415277777778,46.340694444444445,46.02504861111111,56.13885416666667,50.63421296296298,48.18335218253968,51.40475198412698,3.3367722084598896,-0.994788305609327,-0.10196189005174576,0.7818314824680298,0.6234898018587336,2024-09-23,validation
2024-09-25,44.913868055555554,50.55714583333333,51.95779166666667,53.60415277777778,46.80942361111111,49.68264583333333,52.03969675925927,48.83079464285714,51.00605853174603,3.2875178691797076,-0.9963950238187231,-0.08483487790576538,0.9749279121818236,-0.22252093395631434,2024-09-24,validation
2024-09-26,37.88633333333333,44.913868055555554,50.55714583333333,51.95779166666667,47.995666666666665,57.468333333333334,49.142935185185195,48.5600009920635,50.66543154761905,3.5494063136016667,-0.9977068927101168,-0.06768276175455162,0.43388373911755823,-0.900968867902419,2024-09-25,validation
2024-09-27,43.215631944444446,37.88633333333333,44.913868055555554,50.55714583333333,44.5506875,58.85165972222222,44.45244907407408,47.115810515873015,49.26671726190476,5.394420206901728,-0.9987235240803972,-0.050510617185222886,-0.433883739117558,-0.9009688679024191,2024-09-26,validation
2024-09-28,43.98434027777778,43.215631944444446,37.88633333333333,44.913868055555554,46.340694444444445,51.74957638888889,42.00527777777779,46.925088293650795,48.149858134920635,5.522311234919391,-0.9994446170919858,-0.033323525711631344,-0.9749279121818236,-0.2225209339563146,2024-09-27,validation
2024-09-29,44.16777083333333,43.98434027777778,43.215631944444446,37.88633333333333,53.60415277777778,53.57918055555555,41.6954351851852,46.58846626984127,47.595198412698416,5.634548344297837,-0.9998699583618592,-0.016126573270657762,-0.7818314824680299,0.6234898018587334,2024-09-28,validation
2024-09-30,49.16572222222222,44.16777083333333,43.98434027777778,43.215631944444446,51.95779166666667,54.9128125,43.789247685185195,45.24041170634921,46.92295486111111,4.733004009805371,-0.9999994220246925,0.001075151282798226,0.0,1.0,2024-09-29,validation
2024-10-01,56.388125,49.16572222222222,44.16777083333333,43.98434027777778,50.55714583333333,46.02504861111111,45.772611111111125,44.84154464285714,46.51244841269841,4.1549000452353315,-0.999832969770105,0.018276557681691223,0.7818314824680298,0.6234898018587336,2024-09-30,validation
2024-10-02,38.56804861111111,56.388125,49.16572222222222,44.16777083333333,44.913868055555554,46.80942361111111,49.90720601851853,45.67454166666666,47.252668154761906,5.764509215869051,-0.9993706508539969,0.03547255575312556,0.9749279121818236,-0.22252093395631434,2024-10-01,validation
2024-10-03,47.455937500000005,38.56804861111111,56.388125,49.16572222222222,37.88633333333333,47.995666666666665,48.04063194444446,44.76799603174603,46.663998511904765,6.371135996137818,-0.9986126020839734,0.052658056924614005,0.43388373911755823,-0.900968867902419,2024-10-02,validation
2024-10-04,43.18877777777777,47.455937500000005,38.56804861111111,56.388125,43.215631944444446,44.5506875,47.47070370370371,46.135082341269836,46.62544642857143,5.632251123158497,-0.9975590477788613,0.06982797572987089,-0.433883739117558,-0.9009688679024191,2024-10-03,validation
2024-10-05,42.32021527777778,43.18877777777777,47.455937500000005,38.56804861111111,43.98434027777778,46.340694444444445,43.0709212962963,46.131246031746024,46.528167162698416,5.634579742186572,-0.9962102997023297,0.0869772313136861,-0.9749279121818236,-0.2225209339563146,2024-10-04,validation
2024-10-06,48.870652777777785,42.32021527777778,43.18877777777777,47.455937500000005,44.16777083333333,53.60415277777778,44.321643518518535,45.89351388888888,46.240990079365076,5.773648013682416,-0.9945667569706337,0.1041007489354256,-0.7818314824680299,0.6234898018587334,2024-10-05,validation
2024-10-07,49.24904166666666,48.870652777777785,42.32021527777778,43.18877777777777,49.16572222222222,51.95779166666667,44.79321527777779,46.56535416666667,45.90288293650793,5.812854285595823,-0.9926289059345095,0.121193461470736,0.0,1.0,2024-10-06,validation
2024-10-08,42.01497222222222,49.24904166666666,48.870652777777785,42.32021527777778,56.388125,50.55714583333333,46.81330324074076,46.57725694444444,45.709400793650794,5.819148312738572,-0.9903973200352558,0.1382503109109819,0.7818314824680298,0.6234898018587336,2024-10-07,validation
2025-01-21,49.203743055555556,40.738930555555555,42.15452777777778,40.949555555555555,33.61495138888889,,41.28100462962964,36.45437400793651,36.45437400793651,4.666657394469385,0.3534446712740877,0.9354554315134164,0.7818314824680298,0.6234898018587336,2025-01-20,test
2025-01-22,41.895208333333336,49.203743055555556,40.738930555555555,42.15452777777778,33.267152777777774,,44.03240046296298,38.68134424603175,38.04804513888889,6.460578697472701,0.3694836834473831,0.9292372181882051,0.9749279121818236,-0.22252093395631434,2025-01-21,test
2025-01-23,42.88848611111111,41.895208333333336,49.203743055555556,40.738930555555555,30.545354166666666,,43.945960648148166,39.91392361111111,38.475507716049385,6.066508503189525,0.38541335945432564,0.9227440286201427,0.43388373911755823,-0.900968867902419,2025-01-22,test
2025-01-24,38.350763888888885,42.88848611111111,41.895208333333336,49.203743055555556,33.91014583333334,,44.662479166666685,41.67722817460317,38.916805555555555,4.47452754044546,0.4012289854475009,0.9159777842484877,-0.433883739117558,-0.9009688679024191,2025-01-23,test
2025-01-25,35.425104166666664,38.350763888888885,42.88848611111111,41.895208333333336,40.949555555555555,,41.044819444444464,42.31160218253968,38.86534722222222,3.36771841993157,0.4169258813287287,0.908940487313808,-0.9749279121818236,-0.2225209339563146,2025-01-24,test
2025-01-26,38.56772916666667,35.425104166666664,38.350763888888885,42.88848611111111,42.15452777777778,,38.888118055555566,41.52239484126984,38.578660300925925,4.267276853209455,0.4324994021339788,0.901634220265486,-0.7818314824680299,0.6234898018587334,2025-01-25,test
2025-01-27,44.54617361111111,38.56772916666667,35.425104166666664,38.350763888888885,40.738930555555555,,37.44786574074075,41.00999503968254,38.577819444444444,4.392237333338146,0.44794493940789115,0.8940611451454876,0.0,1.0,2025-01-26,test
2025-01-28,40.39670833333333,44.54617361111111,38.56772916666667,35.425104166666664,49.203743055555556,33.61495138888889,39.51300231481483,41.5538869047619,39.00413045634921,4.58459098797983,0.4632579225674917,0.88622350294858,0.7818314824680298,0.6234898018587336,2025-01-27,test
2025-01-29,40.02838888888889,40.39670833333333,44.54617361111111,38.56772916666667,41.895208333333336,33.267152777777774,41.17020370370371,40.295739087301584,39.48854166666666,3.1050780657570245,0.4784338202547012,0.8781236129591848,0.9749279121818236,-0.22252093395631434,2025-01-28,test
2025-01-30,39.224243055555554,40.02838888888889,40.39670833333333,44.54617361111111,42.88848611111111,30.545354166666666,41.65709027777779,40.0290505952381,39.9714871031746,3.023915060636585,0.49346814167723735,0.8697638720650646,0.43388373911755823,-0.900968867902419,2025-01-29,test
2025-01-31,43.03959722222223,39.224243055555554,40.02838888888889,40.39670833333333,38.350763888888885,33.91014583333334,39.883113425925934,39.5055873015873,40.59140773809524,2.7512912341772773,0.5083564379375122,0.8611467540480452,-0.433883739117558,-0.9009688679024191,2025-01-30,test
2025-02-01,41.33575694444445,43.03959722222223,39.224243055555554,40.02838888888889,35.425104166666664,40.949555555555555,40.7640763888889,40.175420634920634,41.243511408730164,2.9841942763802196,0.5230943033491326,0.8522748088519838,-0.9749279121818236,-0.2225209339563146,2025-01-31,test
2025-02-02,43.00575,41.33575694444445,43.03959722222223,39.224243055555554,38.56772916666667,42.15452777777778,41.199865740740755,41.019799603174604,41.271097222222224,2.130044435511053,0.5376773767406141,0.8431506618282,-0.7818314824680299,0.6234898018587334,2025-02-01,test
2025-02-03,42.746048611111114,43.00575,41.33575694444445,43.03959722222223,44.54617361111111,40.738930555555555,42.46036805555557,41.653802579365085,41.331898809523814,1.9296012938702964,0.5521013427459208,0.8337770129585915,0.0,1.0,2025-02-02,test
2025-02-04,38.02025,42.746048611111114,43.00575,41.33575694444445,40.39670833333333,49.203743055555556,42.362518518518534,41.39664186507937,41.475264384920635,1.5654837749405883,0.5663619330814524,0.8241566360566663,0.7818314824680298,0.6234898018587336,2025-02-03,test
2025-02-05,40.46826388888889,38.02025,42.746048611111114,43.00575,40.02838888888889,41.895208333333336,41.25734953703705,41.05714781746032,40.67644345238095,2.012370003987678,0.580454927809098,0.8142923779467267,0.9749279121818236,-0.22252093395631434,2025-02-04,test
2025-02-06,39.868604166666664,40.46826388888889,38.02025,42.746048611111114,39.224243055555554,42.88848611111111,40.41152083333335,41.1199871031746,40.574518849206356,1.9815228199168309,0.5943761565849831,0.804187157621448,0.43388373911755823,-0.900968867902419,2025-02-05,test
2025-02-07,38.24559722222222,39.868604166666664,40.46826388888889,38.02025,43.03959722222223,38.350763888888885,39.452372685185196,41.212038690476184,40.358812996031745,1.8917097826980864,0.6081214998935418,0.7938439653781019,-0.433883739117558,-0.9009688679024191,2025-02-06,test
2025-02-08,40.14910416666667,38.24559722222222,39.868604166666664,40.46826388888889,41.33575694444445,35.425104166666664,39.52748842592594,40.527181547619044,40.35130109126984,1.9852789504456683,0.6216868902665479,0.7832658619336791,-0.9749279121818236,-0.2225209339563146,2025-02-07,test
2025-02-09,34.343069444444446,40.14910416666667,38.24559722222222,39.868604166666664,43.00575,38.56772916666667,39.42110185185186,40.357659722222216,40.68872966269841,1.9551632436163873,0.6350683134867438,0.7724559775191742,-0.7818314824680299,0.6234898018587334,2025-02-08,test
2025-02-10,34.60159027777778,34.343069444444446,40.14910416666667,38.24559722222222,42.746048611111114,44.54617361111111,37.57925694444446,39.12013392857143,40.386968253968256,2.6261062213777047,0.6482618097757122,0.7614175109532997,0.0,1.0,2025-02-09,test
2025-02-11,35.73320833333333,34.60159027777778,34.343069444444446,40.14910416666667,38.02025,40.39670833333333,36.36458796296298,37.95663988095238,39.67664087301587,2.5551436346745877,0.6612634749656386,0.7501537286959042,0.7818314824680298,0.6234898018587336,2025-02-10,test
2025-02-12,37.391243055555556,35.73320833333333,34.60159027777778,34.343069444444446,40.46826388888889,40.02838888888889,34.892622685185195,37.629919642857146,39.34353373015873,2.6883989276377798,0.6740694616546161,0.7386679638813748,0.9749279121818236,-0.22252093395631434,2025-02-11,test
2025-02-13,35.560972222222226,37.391243055555556,35.73320833333333,34.60159027777778,39.868604166666664,39.224243055555554,35.90868055555557,37.19034523809524,39.15516617063492,2.380935447040225,0.6866759803451553,0.726963615332308,0.43388373911755823,-0.900968867902419,2025-02-12,test
2025-02-14,34.8006875,35.560972222222226,37.391243055555556,35.73320833333333,38.24559722222222,43.03959722222223,36.22847453703705,36.57496924603175,38.89350396825397,2.1151869055697192,0.6990793005655562,0.7150441465537444,-0.433883739117558,-0.9009688679024191,2025-02-13,test
2025-02-15,34.95902777777778,34.8006875,35.560972222222226,37.391243055555556,40.14910416666667,41.33575694444445,35.91763425925927,36.082839285714286,38.30501041666667,2.0617884011838874,0.7112757519738152,0.7029130847082615,-0.9749279121818236,-0.2225209339563146,2025-02-14,test
2025-02-16,33.55698611111111,34.95902777777778,34.8006875,35.560972222222226,34.343069444444446,43.00575,35.10689583333335,35.3413998015873,37.84952976190476,1.0316768817872113,0.7232617254437388,0.6905740195722293,-0.7818314824680299,0.6234898018587334,2025-02-15,test
2025-02-17,36.04038888888889,33.55698611111111,34.95902777777778,34.8006875,34.60159027777778,42.746048611111114,34.43890046296297,35.229102182539684,37.17461805555555,1.1892109821603467,0.7350336741329413,0.6780306024735382,0.0,1.0,2025-02-16,test
2025-02-18,35.12155555555555,36.04038888888889,33.55698611111111,34.95902777777778,35.73320833333333,38.02025,34.852134259259266,35.434644841269844,36.695642361111105,1.187014251383179,0.746588114532413,0.6652865452111116,0.7818314824680298,0.6234898018587336,2025-02-17,test
2025-02-19,32.48875694444445,35.12155555555555,36.04038888888889,33.55698611111111,37.391243055555556,40.46826388888889,34.9063101851852,35.34726587301587,36.48859275793651,1.1838817615021553,0.7579216274973472,0.6523456189565257,0.9749279121818236,-0.22252093395631434,2025-02-18,test
2025-02-20,30.79336111111111,32.48875694444445,35.12155555555555,36.04038888888889,35.560972222222226,39.868604166666664,34.55023379629631,34.64691071428571,35.91862797619048,1.2226477609928474,0.7690308592589181,0.6392116531380588,0.43388373911755823,-0.900968867902419,2025-02-19,test
2025-02-21,31.49607638888889,30.79336111111111,32.48875694444445,35.12155555555555,34.8006875,38.24559722222222,32.80122453703705,33.96582341269841,35.27039632936508,1.8136694848619652,0.7799125224167177,0.6258885343075018,-0.433883739117558,-0.9009688679024191,2025-02-20,test
2025-02-22,30.070888888888888,31.49607638888889,30.79336111111111,32.48875694444445,34.95902777777778,40.14910416666667,31.592731481481493,33.49373611111111,34.7882876984127,1.9823794363099423,0.7905633969115482,0.612380204990065,-0.9749279121818236,-0.2225209339563146,2025-02-21,test
2025-02-23,30.61747916666667,30.070888888888888,31.49607638888889,30.79336111111111,33.55698611111111,34.343069444444446,30.786775462962975,32.795430555555555,34.06841517857143,2.2261460820912258,0.8009803309782905,0.5986906625177214,-0.7818314824680299,0.6234898018587334,2025-02-22,test
2025-02-24,29.96755555555556,30.61747916666667,30.070888888888888,31.49607638888889,36.04038888888889,34.60159027777778,30.72814814814816,32.37550099206349,33.802301587301585,2.3332194422072643,0.8111602420785621,0.5848239578463322,0.0,1.0,2025-02-23,test
2025-02-25,30.45573611111111,29.96755555555556,30.61747916666667,30.070888888888888,35.12155555555555,35.73320833333333,30.218641203703715,31.507953373015873,33.471299107142855,1.8148371654531374,0.8211001178128892,0.5707841943569036,0.7818314824680298,0.6234898018587336,2025-02-24,test
2025-02-26,31.121604166666668,30.45573611111111,29.96755555555556,30.61747916666667,32.48875694444445,37.391243055555556,30.346923611111123,30.84140773809524,33.09433680555556,0.8851424057962479,0.8307970168121247,0.5565755266413303,0.9749279121818236,-0.22252093395631434,2025-02-25,test
2025-02-27,29.386916666666664,31.121604166666668,30.45573611111111,29.96755555555556,30.79336111111111,35.560972222222226,30.51496527777779,30.6461001984127,32.6465054563492,0.5475091866443227,0.8402480696078469,0.5422021592729844,0.43388373911755823,-0.900968867902419,2025-02-26,test
2025-02-28,31.971652777777777,29.386916666666664,31.121604166666668,30.45573611111111,31.49607638888889,34.8006875,30.321418981481497,30.445179563492065,32.20550148809524,0.7164579001603291,0.8494504794814806,0.527668345562516,-0.433883739117558,-0.9009688679024191,2025-02-27,test
2025-03-01,30.129958333333335,31.971652777777777,29.386916666666664,31.121604166666668,30.070888888888888,34.95902777777778,30.82672453703705,30.51311904761905,32.00342757936508,0.8439290509270134,0.8584015232918917,0.512978386299228,-0.9749279121818236,-0.2225209339563146,2025-02-28,test
2025-03-02,31.599722222222223,30.129958333333335,31.971652777777777,29.386916666666664,30.61747916666667,33.55698611111111,30.49617592592594,30.52155753968254,31.65849404761905,0.8390514108836153,0.8670985522812081,0.4981366284784055,-0.7818314824680299,0.6234898018587334,2025-03-01,test
2025-03-03,31.933666666666667,31.599722222222223,30.129958333333335,31.971652777777777,29.96755555555556,36.04038888888889,31.23377777777779,30.66187797619048,31.518689484126984,0.934474270242797,0.8755389928586302,0.4831474640149687,0.0,1.0,2025-03-02,test
2025-03-04,31.95067361111111,31.933666666666667,31.599722222222223,30.129958333333335,30.45573611111111,35.12155555555555,31.221115740740753,30.942750992063488,31.225352182539684,0.9851047543774533,0.8837203473619977,0.4680153284438345,0.7818314824680298,0.6234898018587336,2025-03-03,test
2025-03-05,33.05685416666667,31.95067361111111,31.933666666666667,31.599722222222223,31.121604166666668,32.48875694444445,31.828020833333344,31.156313492063493,30.998860615079366,1.0232342664689358,0.8916401947968874,0.45274469960737107,0.9749279121818236,-0.22252093395631434,2025-03-04,test
2025-03-06,35.06113194444445,33.05685416666667,31.95067361111111,31.933666666666667,29.386916666666664,30.79336111111111,32.31373148148149,31.43277777777778,31.039438988095238,1.248857664299678,0.8992961915530253,0.4373400963303323,0.43388373911755823,-0.900968867902419,2025-03-05,test
2025-03-07,40.050270833333336,35.06113194444445,33.05685416666667,31.95067361111111,31.971652777777777,31.49607638888889,33.35621990740742,32.24337996031746,31.344279761904765,1.5131505641389424,0.9066860720977985,0.4218060770826634,-0.433883739117558,-0.9009688679024191,2025-03-06,test
2025-03-08,37.96836805555555,40.050270833333336,35.06113194444445,33.05685416666667,30.129958333333335,30.070888888888888,36.05608564814816,33.397468253968256,31.955293650793653,3.298687079561067,0.9138076496466615,0.4061472386305789,-0.9749279121818236,-0.2225209339563146,2025-03-07,test
2025-03-09,37.911520833333334,37.96836805555555,40.050270833333336,35.06113194444445,31.599722222222223,30.61747916666667,37.69325694444445,34.51724107142857,32.51939930555556,3.334848434057649,0.9206588168102428,0.3903682146763026,-0.7818314824680299,0.6234898018587334,2025-03-08,test
2025-03-10,36.14125694444444,37.911520833333334,37.96836805555555,40.050270833333336,31.933666666666667,29.96755555555556,38.643386574074086,35.418926587301584,33.04040228174603,3.2671405935638376,0.9272375462179537,0.374473674486883,0.0,1.0,2025-03-09,test
2025-03-11,42.63284027777778,36.14125694444444,37.911520833333334,37.96836805555555,31.95067361111111,30.45573611111111,37.34038194444446,36.02001091269842,33.48138095238095,2.883598845640565,0.9335418911179212,0.35846832151248087,0.7818314824680298,0.6234898018587336,2025-03-10,test
2025-03-12,43.80821527777778,42.63284027777778,36.14125694444444,37.911520833333334,33.05685416666667,31.121604166666668,38.89520601851853,37.546034722222224,34.35117410714286,3.1822324261019608,0.9395699859530622,0.342356891994542,0.9749279121818236,-0.22252093395631434,2025-03-11,test
2025-03-13,42.50963194444444,43.80821527777778,42.63284027777778,36.14125694444444,35.06113194444445,29.386916666666664,40.86077083333334,39.08194345238095,35.25736061507937,3.248298866092934,0.945320046913132,0.3261441535642696,0.43388373911755823,-0.900968867902419,2025-03-12,test
2025-03-14,39.56410416666667,42.50963194444444,43.80821527777778,42.63284027777778,40.050270833333336,31.971652777777777,42.98356250000001,40.146014880952386,36.19469742063492,2.914477092073272,0.9507903724625832,0.3098349038318025,-0.433883739117558,-0.9009688679024191,2025-03-13,test
2025-03-15,38.744277777777775,39.56410416666667,42.50963194444444,43.80821527777778,37.96836805555555,30.129958333333335,41.960650462962974,40.0765625,36.737015376984125,2.9229194322778724,0.9559793438440766,0.2934339689665273,-0.9749279121818236,-0.2225209339563146,2025-03-14,test
2025-03-16,45.86579166666667,38.744277777777775,39.56410416666667,42.50963194444444,37.911520833333334,31.599722222222223,40.27267129629631,40.18740674603175,37.35232390873016,2.843273983833235,0.9608854255574977,0.27694620226893646,-0.7818314824680299,0.6234898018587334,2025-03-15,test
2025-03-17,43.329729166666674,45.86579166666667,38.744277777777775,39.56410416666667,36.14125694444444,31.933666666666667,41.39139120370371,41.323731150793655,38.371328869047616,3.3299401454112703,0.9655071658143364,0.2603764827344581,0.0,1.0,2025-03-16,test
2025-03-18,57.86420138888889,43.329729166666674,45.86579166666667,38.744277777777775,42.63284027777778,31.95067361111111,42.64659953703705,42.35065575396826,39.18533333333333,2.4601821879725363,0.969843196967294,0.24372971360968387,0.7818314824680298,0.6234898018587336,2025-03-17,test
2025-03-19,48.470756944444446,57.86420138888889,43.329729166666674,45.86579166666667,43.80821527777778,33.05685416666667,49.01990740740742,44.526564484126986,41.0362996031746,6.37394954529142,0.9738922359149924,0.22701082094141847,0.9749279121818236,-0.22252093395631434,2025-03-18,test
2025-03-20,49.147638888888885,48.470756944444446,57.86420138888889,43.329729166666674,42.50963194444444,35.06113194444445,49.88822916666668,45.19264186507936,42.13729265873015,6.528123924928865,0.9776530844816641,0.2102247521189836,0.43388373911755823,-0.900968867902419,2025-03-19,test
2025-03-21,48.74397916666667,49.147638888888885,48.470756944444446,57.86420138888889,39.56410416666667,40.050270833333336,51.82753240740741,46.140928571428574,43.14347172619047,6.5554956252676275,0.981124629771712,0.19337647441020586,-0.433883739117558,-0.9009688679024191,2025-03-20,test
2025-03-22,46.01580555555555,48.74397916666667,49.147638888888885,48.470756944444446,38.744277777777775,37.96836805555555,48.78745833333335,47.45233928571428,43.76445089285715,5.906631923481037,0.984305844499033,0.17647097349152166,-0.9749279121818236,-0.2225209339563146,2025-03-21,test
2025-03-23,43.67008333333333,46.01580555555555,48.74397916666667,49.147638888888885,45.86579166666667,37.911520833333334,47.969141203703714,48.49112896825397,44.33926785714285,4.618973731197107,0.9871957872910085,0.15951325197263655,-0.7818314824680299,0.6234898018587334,2025-03-22,test
2025-03-24,42.88023611111111,43.67008333333333,46.01580555555555,48.74397916666667,43.329729166666674,36.14125694444444,46.14328935185187,48.177456349206345,44.75059375,4.893377522397556,0.9897936029670716,0.14250832791617088,0.0,1.0,2025-03-23,test
2025-03-25,44.12459722222223,42.88023611111111,43.67008333333333,46.01580555555555,57.86420138888889,42.63284027777778,44.188708333333345,48.11324305555555,45.2319494047619,4.969944356583469,0.992098522791769,0.12546123335273648,0.7818314824680298,0.6234898018587336,2025-03-24,test
2025-03-26,44.574284722222224,44.12459722222223,42.88023611111111,43.67008333333333,48.470756944444446,43.80821527777778,43.55830555555557,46.15044246031746,45.33850347222222,2.6477060943991733,0.9941098647022418,0.10837701279187609,0.9749279121818236,-0.22252093395631434,2025-03-25,test
2025-03-27,38.062916666666666,44.574284722222224,44.12459722222223,42.88023611111111,49.147638888888885,42.50963194444444,43.85970601851853,45.59380357142857,45.393222718253966,2.4830616623990336,0.9958270335100595,0.09126072172931188,0.43388373911755823,-0.900968867902419,2025-03-26,test
2025-03-28,43.69940277777778,38.062916666666666,44.574284722222224,44.12459722222223,48.74397916666667,39.56410416666667,42.253932870370384,44.01027182539683,45.0756001984127,3.2538457730688797,0.9972495210773451,0.07411742515094437,-0.433883739117558,-0.9009688679024191,2025-03-27,test
2025-03-29,53.76174305555556,43.69940277777778,38.062916666666666,44.574284722222224,46.01580555555555,38.744277777777775,42.1122013888889,43.28961805555556,45.370978670634926,2.5026098134274433,0.998376906467142,0.056952196034039754,-0.9749279121818236,-0.2225209339563146,2025-03-28,test
2025-03-30,55.064902777777775,53.76174305555556,43.69940277777778,38.062916666666666,43.67008333333333,45.86579166666667,45.17468750000001,44.39618055555555,46.44365476190476,4.676898456513049,0.9992088560679753,0.03977011384605572,-0.7818314824680299,0.6234898018587334,2025-03-29,test
2025-03-31,48.548680555555556,55.064902777777775,53.76174305555556,43.69940277777778,42.88023611111111,43.329729166666674,50.842016203703714,46.024011904761906,47.10073412698413,6.137125377620628,0.9997451236925734,0.022576263041545485,0.0,1.0,2025-03-30,test
2025-04-01,58.24863194444444,48.548680555555556,55.064902777777775,53.76174305555556,44.12459722222223,57.86420138888889,52.458442129629645,46.83378968253969,47.47351636904762,6.026141560093089,0.9999855506507186,0.005375731557583884,0.7818314824680298,0.6234898018587336,2025-03-31,test
2025-04-02,64.54597222222222,58.24863194444444,48.548680555555556,55.064902777777775,44.574284722222224,48.470756944444446,53.95407175925927,48.85150892857143,47.50097569444444,7.2151097935763,0.9999300657962057,-0.011826390691832589,0.9749279121818236,-0.22252093395631434,2025-04-01,test
2025-04-03,38.36870138888889,64.54597222222222,58.24863194444444,48.548680555555556,38.062916666666666,49.147638888888885,57.11442824074075,51.70460714285714,48.64920535714286,8.975774815412992,0.9995786855478958,-0.029025013321975237,0.43388373911755823,-0.900968867902419,2025-04-02,test
2025-04-04,51.726756944444446,38.36870138888889,64.54597222222222,58.24863194444444,43.69940277777778,48.74397916666667,53.72110185185186,51.748290674603176,47.879281250000005,8.898731245669518,0.9989315138848577,-0.046215046983708354,-0.433883739117558,-0.9009688679024191,2025-04-03,test
2025-04-05,47.36183333333333,51.726756944444446,38.36870138888889,64.54597222222222,53.76174305555556,46.01580555555555,51.54714351851853,52.89505555555555,48.092336805555554,8.1765404886633,0.9979887423155984,-0.06339140486951038,-0.9749279121818236,-0.2225209339563146,2025-04-04,test
2025-04-06,56.62146527777778,47.36183333333333,51.726756944444446,38.36870138888889,55.064902777777775,43.67008333333333,45.81909722222223,51.980782738095236,48.188481646825394,8.417729539698849,0.9967506498213929,-0.08054900421874167,-0.7818314824680299,0.6234898018587334,2025-04-05,test
2025-04-07,45.46279166666667,56.62146527777778,47.36183333333333,51.726756944444446,48.548680555555556,42.88023611111111,51.90335185185186,52.2031488095238,49.11358035714286,8.53255564439319,0.9952176027737294,-0.09768276782171598,0.0,1.0,2025-04-06,test
2025-04-08,45.84388888888889,45.46279166666667,56.62146527777778,47.36183333333333,58.24863194444444,44.12459722222223,49.81536342592593,51.76230753968254,49.29804861111112,8.827456447222243,0.9933900548258936,-0.11478762552212701,0.7818314824680298,0.6234898018587336,2025-04-07,test
2025-04-09,39.07938888888889,45.84388888888889,45.46279166666667,56.62146527777778,64.54597222222222,44.574284722222224,49.30938194444445,49.9902013888889,49.420855158730156,8.54904163771317,0.9912685467787256,-0.13185851571739118,0.9749279121818236,-0.22252093395631434,2025-04-08,test
2025-04-10,34.61958333333333,39.07938888888889,45.84388888888889,45.46279166666667,38.36870138888889,38.062916666666666,43.462023148148155,46.35211805555556,49.02836259920635,6.494131838511549,0.9888537064205885,-0.1488903868564548,0.43388373911755823,-0.900968867902419,2025-04-09,test
2025-04-11,37.67055555555556,34.61958333333333,39.07938888888889,45.84388888888889,51.726756944444446,43.69940277777778,39.84762037037038,45.81652976190476,48.782410218253965,7.359256479748087,0.986146248341595,-0.16587819893463143,-0.433883739117558,-0.9009688679024191,2025-04-10,test
2025-04-12,33.40906944444445,37.67055555555556,34.61958333333333,39.07938888888889,47.36183333333333,53.76174305555556,37.123175925925935,43.80850099206349,48.35177827380952,7.395412871571017,0.9831469737221499,-0.1828169249850199,-0.9749279121818236,-0.2225209339563146,2025-04-11,test
2025-04-13,39.64902777777778,33.40906944444445,37.67055555555556,34.61958333333333,56.62146527777778,55.064902777777775,35.23306944444445,41.815249007936515,46.89801587301588,8.122637304949127,0.9798567700958665,-0.1997015525660636,-0.7818314824680299,0.6234898018587334,2025-04-12,test
2025-04-14,43.18907142857142,39.64902777777778,33.40906944444445,37.67055555555556,45.46279166666667,48.548680555555556,36.909550925925934,39.390615079365084,45.79688194444445,4.833562300935135,0.9762766110869321,-0.21652708524481437,0.0,1.0,2025-04-13,test
2025-04-17,45.64927083333333,40.469,,43.18907142857142,34.61958333333333,38.36870138888889,41.82903571428572,38.16771792328043,42.5747026098901,3.692839935338378,0.9638074231367307,-0.26659942067929354,0.43388373911755823,-0.900968867902419,2025-04-16,test
2025-04-18,45.484659722222226,45.64927083333333,40.469,,37.67055555555556,51.726756944444446,43.05913541666668,40.00599917328042,43.13474641330891,4.273032672308554,0.9590788900341131,-0.28313898122818354,-0.433883739117558,-0.9009688679024191,2025-04-17,test
2025-04-19,42.128062500000006,45.484659722222226,45.64927083333333,40.469,33.40906944444445,47.36183333333333,43.86764351851853,41.308349867724864,42.654585088522595,4.597363627648383,0.9540665500578387,-0.2995947563972602,-0.9749279121818236,-0.2225209339563146,2025-04-18,test
2025-04-20,46.85902777777778,42.128062500000006,45.484659722222226,45.64927083333333,39.64902777777778,56.62146527777778,44.42066435185186,42.76151537698413,42.25198733211233,2.50127644350667,0.9487718864399473,-0.31596187665790293,-0.7818314824680299,0.6234898018587334,2025-04-19,test
2025-04-21,49.16858333333334,46.85902777777778,42.128062500000006,45.484659722222226,43.18907142857142,45.46279166666667,44.82391666666668,43.96318204365079,41.5010306013431,2.438029178946978,0.9431964659565866,-0.33223549871590435,0.0,1.0,2025-04-20,test
2025-04-23,50.85078472222222,39.66606818181817,49.16858333333334,46.85902777777778,40.469,39.07938888888889,45.23122643097644,44.203524621212125,41.31087452131202,3.5184684733717777,0.9312100364121947,-0.3644830148102912,0.9749279121818236,-0.22252093395631434,2025-04-22,test
2025-04-24,44.62147916666667,50.85078472222222,39.66606818181817,49.16858333333334,45.64927083333333,34.61958333333333,46.56181207912459,45.68663672438673,42.21636650849151,3.853997157035505,0.9248025743285089,-0.38044736628785164,0.43388373911755823,-0.900968867902419,2025-04-23,test
2025-04-25,50.772687499999996,44.62147916666667,50.85078472222222,39.66606818181817,45.484659722222226,37.67055555555556,45.0461106902357,45.53980934343435,42.98574311105561,3.8751778663049605,0.9181214482844364,-0.39629913726891813,-0.433883739117558,-0.9009688679024191,2025-04-24,test
2025-04-26,55.03540277777778,50.772687499999996,44.62147916666667,50.85078472222222,42.128062500000006,33.40906944444445,48.74831712962964,46.29524188311688,43.99359941447441,4.349085057795922,0.9111686353326631,-0.41203363695942635,-0.9749279121818236,-0.2225209339563146,2025-04-25,test
2025-04-27,44.68770138888889,55.03540277777778,50.772687499999996,44.62147916666667,46.85902777777778,39.64902777777778,50.143189814814825,48.13914763708514,45.65716351703851,4.978492986278186,0.9039461929224011,-0.42764620926777464,-0.7818314824680299,0.6234898018587334,2025-04-26,test
2025-04-28,48.18553472222222,44.68770138888889,55.03540277777778,50.772687499999996,49.16858333333334,43.18907142857142,50.16526388888891,47.82895815295815,46.0447537948163,5.136675420024135,0.8964562582905575,-0.44313223418263453,0.0,1.0,2025-04-27,test
2025-04-29,44.96534027777778,48.18553472222222,44.68770138888889,55.03540277777778,39.66606818181817,,49.30287962962964,47.688522637085136,46.42909712509713,5.10730037154503,0.8887010478292915,-0.45848712914008766,0.7818314824680298,0.6234898018587336,2025-04-28,test
2025-04-30,44.22403472222222,44.96534027777778,48.18553472222222,44.68770138888889,50.85078472222222,40.469,45.94619212962963,48.44556150793651,46.324543064574314,3.9906410141407593,0.8806828564301475,-0.47370635037968,0.9749279121818236,-0.22252093395631434,2025-04-29,test
2025-05-01,46.62359027777777,44.22403472222222,44.96534027777778,48.18553472222222,44.62147916666667,45.64927083333333,45.79163657407408,47.49888293650793,46.59275983044733,4.109218938176383,0.8724040568049612,-0.48878539428899265,0.43388373911755823,-0.900968867902419,2025-04-30,test
2025-05-02,42.588631944444444,46.62359027777777,44.22403472222222,44.96534027777778,50.772687499999996,45.484659722222226,45.27098842592593,47.7848988095238,46.662354076479076,3.9418297552789596,0.8638670987837349,-0.503719798736334,-0.433883739117558,-0.9009688679024191,2025-05-01,test
2025-05-03,50.14093055555555,42.588631944444444,46.62359027777777,44.22403472222222,55.03540277777778,42.128062500000006,44.47875231481482,46.61574801587302,46.45549494949495,4.1177267989296436,0.8550745085896932,-0.518505144391157,-0.9749279121818236,-0.2225209339563146,2025-05-02,test
2025-05-04,41.047979166666664,50.14093055555555,42.588631944444444,46.62359027777777,44.68770138888889,46.85902777777778,46.45105092592593,45.9165376984127,47.02784266774892,2.577081815279209,0.8460288880917339,-0.533137056031809,-0.7818314824680299,0.6234898018587334,2025-05-03,test
2025-05-05,46.55034027777777,41.047979166666664,50.14093055555555,42.588631944444444,48.18553472222222,49.16858333333334,44.592513888888895,45.39657738095237,46.612767766955265,3.1661863620438764,0.8367329140344921,-0.5476112038402312,0.0,1.0,2025-05-04,test
2025-05-06,46.43434722222222,46.55034027777777,41.047979166666664,50.14093055555555,44.96534027777778,39.66606818181817,45.91308333333334,45.16297817460317,46.425750405844155,2.981032318995524,0.8271893372462497,-0.5619233046832195,0.7818314824680298,0.6234898018587336,2025-05-05,test
2025-05-07,44.64101388888889,46.43434722222222,46.55034027777777,41.047979166666664,44.22403472222222,50.85078472222222,44.677555555555564,45.372836309523805,46.909198908730154,3.0162989899547026,0.8174009818249189,-0.5760691233798758,0.9749279121818236,-0.22252093395631434,2025-05-06,test
2025-05-08,42.31013194444444,44.64101388888889,46.43434722222222,46.55034027777777,46.62359027777777,44.62147916666667,45.87523379629631,45.43240476190476,46.465643849206344,2.993864218295323,0.8073707443023492,-0.5900444739548627,0.43388373911755823,-0.900968867902419,2025-05-07,test
2025-05-09,47.68579166666667,42.31013194444444,44.64101388888889,46.43434722222222,42.588631944444444,50.772687499999996,44.461831018518524,44.81619642857142,46.30054761904762,3.147777347814233,0.7971015927871943,-0.6038452208771035,-0.433883739117558,-0.9009688679024191,2025-05-08,test
2025-05-10,37.45968055555556,47.68579166666667,42.31013194444444,44.64101388888889,50.14093055555555,55.03540277777778,44.87897916666668,45.5443621031746,46.080055059523815,3.1361327018143714,0.7865965660866021,-0.6174672802835514,-0.9749279121818236,-0.2225209339563146,2025-05-09,test
2025-05-11,45.27079166666667,37.45968055555556,47.68579166666667,42.31013194444444,41.047979166666664,44.68770138888889,42.4852013888889,43.73275496031746,44.82464632936508,3.6576896407652533,0.7758587728069828,-0.6309066211876704,-0.7818314824680299,0.6234898018587334,2025-05-10,test
2025-05-12,41.631236111111114,45.27079166666667,37.45968055555556,47.68579166666667,46.55034027777777,48.18553472222222,43.47208796296297,44.336013888888886,44.866295634920625,3.4852605725771464,0.7648913904341225,-0.6441592666722685,0.0,1.0,2025-05-11,test
2025-05-13,44.72463888888888,41.631236111111114,45.27079166666667,37.45968055555556,46.43434722222222,44.96534027777778,41.45390277777779,43.63328472222223,44.3981314484127,3.4602030540467705,0.753697664392914,-0.6572212950663319,0.7818314824680298,0.6234898018587336,2025-05-12,test
2025-05-14,41.54054861111111,44.72463888888888,41.631236111111114,45.27079166666667,44.64101388888889,44.22403472222222,43.875555555555565,43.38904067460317,44.38093849206349,3.28546160521422,0.742280907086982,-0.6700888411055113,0.9749279121818236,-0.22252093395631434,2025-05-13,test
2025-05-15,40.67013194444444,41.54054861111111,44.72463888888888,41.631236111111114,42.31013194444444,46.62359027777777,42.63214120370372,42.94611706349206,44.18926091269841,3.2975183714061718,0.7306444969184916,-0.6827580970759147,0.43388373911755823,-0.900968867902419,2025-05-14,test
2025-05-16,46.615208333333335,40.67013194444444,41.54054861111111,44.72463888888888,47.68579166666667,42.588631944444444,42.311773148148156,42.71183134920635,43.76401388888889,3.4066886923035935,0.7187918772884232,-0.6952253139408722,-0.433883739117558,-0.9009688679024191,2025-05-15,test
2025-05-17,44.70516666666666,46.615208333333335,40.67013194444444,41.54054861111111,37.45968055555556,50.14093055555555,42.941962962962975,42.55889087301587,44.05162648809523,3.1613684324291125,0.7067265555776158,-0.7074868024503348,-0.9749279121818236,-0.2225209339563146,2025-05-16,test
2025-05-18,44.61158333333333,44.70516666666666,46.615208333333335,40.67013194444444,45.27079166666667,41.047979166666664,43.996835648148156,43.593960317460315,43.66335763888889,2.2756125486820538,0.6944521021088763,-0.719538934232584,-0.7818314824680299,0.6234898018587334,2025-05-17,test
2025-05-19,41.73867361111111,44.61158333333333,44.70516666666666,46.615208333333335,41.631236111111114,46.55034027777777,45.31065277777778,43.4997876984127,43.917900793650794,2.20726786940404,0.6819721490904629,-0.7313781428679254,0.0,1.0,2025-05-18,test
2025-05-20,48.564506944444446,41.73867361111111,44.61158333333333,44.70516666666666,44.72463888888888,46.43434722222222,43.685141203703715,43.515135912698405,43.57421031746031,2.1924331044197305,0.6692903895412567,-0.7430009249440493,0.7818314824680298,0.6234898018587336,2025-05-19,test
2025-05-21,42.07696527777777,48.564506944444446,41.73867361111111,44.61158333333333,41.54054861111111,44.64101388888889,44.971587962962964,44.06368849206349,43.726364583333336,2.9088215925771657,0.6564105761979381,-0.7544038410927472,0.9749279121818236,-0.22252093395631434,2025-05-20,test
2025-05-22,47.73141666666667,42.07696527777777,48.564506944444446,41.73867361111111,40.67013194444444,42.31013194444444,44.126715277777784,44.140319444444444,43.54321825396825,2.8374632595550517,0.6433365204044917,-0.765583517007675,0.43388373911755823,-0.900968867902419,2025-05-21,test
2025-05-23,43.82485416666666,47.73141666666667,42.07696527777777,48.564506944444446,46.615208333333335,47.68579166666667,46.1242962962963,45.149074404761905,43.93045287698413,2.6469434725260252,0.6300720909843687,-0.7765366444428655,-0.433883739117558,-0.9009688679024191,2025-05-22,test
2025-05-24,51.751798611111106,43.82485416666666,47.73141666666667,42.07696527777777,44.70516666666666,37.45968055555556,44.54441203703704,44.750452380952375,43.65467162698412,2.5990245733704143,0.6166212130956382,-0.7872599821916922,-0.9749279121818236,-0.2225209339563146,2025-05-23,test
2025-05-25,42.073006944444444,51.751798611111106,43.82485416666666,47.73141666666667,44.61158333333333,45.27079166666667,47.76935648148149,45.75711408730159,44.67553720238095,3.707038262983212,0.6029878670694714,-0.7977503570459932,-0.7818314824680299,0.6234898018587334,2025-05-24,test
2025-05-26,45.64190277777777,42.073006944444444,51.751798611111106,43.82485416666666,41.73867361111111,41.631236111111114,45.88321990740741,45.394460317460315,44.44712400793651,3.9537445654643433,0.5891760872322963,-0.8080046647350754,0.0,1.0,2025-05-25,test
2025-05-27,41.34551388888889,45.64190277777777,42.073006944444444,51.751798611111106,48.564506944444446,44.72463888888888,46.48890277777779,45.952064484126986,44.733600198412695,3.6127683525631933,0.5751899607119775,-0.8180198708443174,0.7818314824680298,0.6234898018587336,2025-05-26,test
2025-05-28,30.907611111111112,41.34551388888889,45.64190277777777,42.073006944444444,42.07696527777777,41.54054861111111,43.02014120370371,44.92077976190476,44.49223412698412,3.7696858079882762,0.5610336262283677,-0.8277930117131022,0.9749279121818236,-0.22252093395631434,2025-05-27,test
2025-05-29,43.942145833333335,30.907611111111112,41.34551388888889,45.64190277777777,47.73141666666667,40.67013194444444,39.2983425925926,43.325157738095236,43.732738591269836,6.528434394517101,0.5467112728685939,-0.8373211953118121,0.43388373911755823,-0.900968867902419,2025-05-28,test
2025-05-30,48.24654166666667,43.942145833333335,30.907611111111112,41.34551388888889,43.82485416666666,46.615208333333335,38.731756944444456,42.783833333333334,43.96645386904761,6.253493232410154,0.5322271388474397,-0.8466016020976267,-0.433883739117558,-0.9009688679024191,2025-05-29,test
2025-05-31,44.826249999999995,48.24654166666667,43.942145833333335,30.907611111111112,51.751798611111106,44.70516666666666,41.03209953703705,43.415502976190474,44.082977678571424,6.590415741090518,0.5175855102531889,-0.8556314858488706,-0.9749279121818236,-0.2225209339563146,2025-05-30,test
2025-06-01,45.867875,44.826249999999995,48.24654166666667,43.942145833333335,42.073006944444444,44.61158333333333,45.67164583333334,42.426138888888886,44.09162648809524,5.5714446213733195,0.5027907197793043,-0.8644081744776648,-0.7818314824680299,0.6234898018587334,2025-05-31,test
2025-06-02,42.17228472222222,45.867875,44.826249999999995,48.24654166666667,45.64190277777777,41.73867361111111,46.31355555555556,42.9682628968254,44.18136160714285,5.714156794352211,0.4878471454423119,-0.8729290708206411,0.0,1.0,2025-06-01,test
2025-06-03,44.194590277777785,42.17228472222222,45.867875,44.826249999999995,41.34551388888889,48.564506944444446,44.28880324074075,42.47260317460318,44.21233382936508,5.592778205603499,0.47275920928627757,-0.881191653407483,0.7818314824680298,0.6234898018587336,2025-06-02,test
2025-06-04,44.058548611111114,44.194590277777785,42.17228472222222,45.867875,30.907611111111112,42.07696527777777,44.07825000000002,42.87961408730159,43.90019692460317,5.600748647674694,0.4575313760742512,-0.8891934772070711,0.9749279121818236,-0.22252093395631434,2025-06-03,test
2025-06-05,45.96208333333333,44.058548611111114,44.194590277777785,42.17228472222222,43.942145833333335,47.73141666666667,43.47514120370372,44.758319444444446,44.04173859126984,1.8958114842723999,0.44216815196707204,-0.8969321743510065,0.43388373911755823,-0.900968867902419,2025-06-04,test
2025-06-06,47.55336805555555,45.96208333333333,44.058548611111114,44.194590277777785,48.24654166666667,43.82485416666666,44.738407407407415,45.04688194444445,43.915357638888885,1.9045838139109592,0.42667408318992467,-0.9044054548343001,-0.433883739117558,-0.9009688679024191,2025-06-05,test
2025-06-07,45.17966666666666,47.55336805555555,45.96208333333333,44.058548611111114,44.826249999999995,51.751798611111106,45.858000000000004,44.94785714285714,44.1816800595238,1.719527354301443,0.4110537546870351,-0.9116111071930239,-0.9749279121818236,-0.2225209339563146,2025-06-06,test
2025-06-08,36.09916666666667,45.17966666666666,47.55336805555555,45.96208333333333,45.867875,42.073006944444444,46.23170601851853,44.99834523809524,43.712242063492056,1.7205498131389592,0.3953117887649151,-0.9185469991587165,-0.7818314824680299,0.6234898018587334,2025-06-07,test
2025-06-09,37.43391666666667,36.09916666666667,45.17966666666666,47.55336805555555,42.17228472222222,45.64190277777777,42.94406712962964,43.60281547619047,43.28553918650794,3.7096388858790696,0.37945284372454435,-0.925211078289358,0.0,1.0,2025-06-08,test
2025-06-10,43.23492361111111,37.43391666666667,36.09916666666667,45.17966666666666,44.194590277777785,41.34551388888889,39.570916666666676,42.92590575396825,42.699254464285715,4.385011798949901,0.36348161248290634,-0.9316013725767187,0.7818314824680298,0.6234898018587336,2025-06-09,test
2025-06-11,44.88638888888889,43.23492361111111,37.43391666666667,36.09916666666667,44.058548611111114,30.907611111111112,38.922668981481486,42.78881051587302,42.8342123015873,4.353625629796,0.3474028211842774,-0.9377159910299093,0.9749279121818236,-0.22252093395631434,2025-06-10,test
2025-06-12,41.31164583333333,44.88638888888889,43.23492361111111,37.43391666666667,45.96208333333333,43.942145833333335,41.851743055555566,42.90707341269841,43.83269642857143,4.4048086253848,0.3312212278016865,-0.9435531242349544,0.43388373911755823,-0.900968867902419,2025-06-11,test
2025-06-13,39.27398611111111,41.31164583333333,44.88638888888889,43.23492361111111,47.55336805555555,48.24654166666667,43.14431944444445,42.2427251984127,43.64480357142857,4.213803267331358,0.31494162072895193,-0.9491110448902284,-0.433883739117558,-0.9009688679024191,2025-06-12,test
2025-06-14,40.10754861111111,39.27398611111111,41.31164583333333,44.88638888888889,45.17966666666666,44.826249999999995,41.82400694444445,41.059956349206345,43.00390674603175,3.5906061933052937,0.2985688173637202,-0.9543881083175908,-0.9749279121818236,-0.2225209339563146,2025-06-13,test
2025-06-15,41.0541984126984,40.10754861111111,39.27398611111111,41.31164583333333,36.09916666666667,45.867875,40.23106018518519,40.33536805555555,42.666856646825394,3.098778981177863,0.2821076626819194,-0.9593827529490743,-0.7818314824680299,0.6234898018587334,2025-06-14,test
2025-06-16,41.73088405797102,41.0541984126984,40.10754861111111,39.27398611111111,37.43391666666667,42.17228472222222,40.14524437830688,41.04322973356009,42.323022604875284,2.472462498332131,0.26556302780405594,-0.9640935007889755,0.0,1.0,2025-06-15,test
2025-06-17,38.025194444444445,41.73088405797102,41.0541984126984,40.10754861111111,43.23492361111111,44.194590277777785,40.96421036059352,41.65708221803214,42.2914939860002,1.8923727777642247,0.24893980855376657,-0.9685189578512204,0.7818314824680298,0.6234898018587336,2025-06-16,test
2025-06-18,41.18595833333333,38.025194444444445,41.73088405797102,41.0541984126984,44.88638888888889,44.058548611111114,40.27009230503796,40.912835194222616,41.85082285504781,2.172178180660122,0.23224292400907015,-0.9726578145718654,0.9749279121818236,-0.22252093395631434,2025-06-17,test
2025-06-19,37.65265277777778,41.18595833333333,38.025194444444445,41.73088405797102,41.31164583333333,45.96208333333333,40.31401227858294,40.384202257714676,41.64563783520655,1.3316309614535433,0.21547731504673012,-0.976508846196619,0.43388373911755823,-0.900968867902419,2025-06-18,test
2025-06-20,36.47757971014492,37.65265277777778,41.18595833333333,38.025194444444445,39.27398611111111,47.55336805555555,38.95460185185186,39.86148896406389,41.0521070812383,1.5983352156166766,0.19864794288017112,-0.9800709131432666,-0.433883739117558,-0.9009688679024191,2025-06-19,test
2025-06-21,32.546194444444446,36.47757971014492,37.65265277777778,41.18595833333333,40.10754861111111,45.17966666666666,38.43873027375202,39.462002335354434,40.26097934228039,2.0541262554425095,0.18175978759137534,-0.9833429613388902,-0.9749279121818236,-0.2225209339563146,2025-06-20,test
2025-06-22,39.372479166666665,32.546194444444446,36.47757971014492,37.65265277777778,41.0541984126984,36.09916666666667,35.558808977455726,38.38180888297347,39.35858846926452,3.2802579057052874,0.16481784665719793,-0.9863240225317866,-0.7818314824680299,0.6234898018587334,2025-06-21,test
2025-06-23,40.60418055555556,39.372479166666665,32.546194444444446,36.47757971014492,41.73088405797102,37.43391666666667,36.13208444041869,38.14156327639751,39.5923965049788,3.1090268498815994,0.14782713347053048,-0.9890132145779883,0.0,1.0,2025-06-22,test
2025-06-24,41.92545833333333,40.60418055555556,39.372479166666665,32.546194444444446,38.025194444444445,43.23492361111111,37.50761805555556,37.9806056331953,39.81884392561373,2.9153672258666394,0.13079267585675922,-0.9914097417023038,0.7818314824680298,0.6234898018587336,2025-06-23,test
2025-06-25,40.046395833333335,41.92545833333333,40.60418055555556,39.372479166666665,41.18595833333333,44.88638888888889,40.63403935185186,38.537786188750864,39.72531069148675,3.2757421508521642,0.11371951458594969,-0.9935128947338007,0.9749279121818236,-0.22252093395631434,2025-06-24,test
2025-06-26,37.34149305555555,40.046395833333335,41.92545833333333,40.60418055555556,37.65265277777778,41.31164583333333,40.85867824074075,38.374991545893714,39.37959690180419,3.1480282854352186,0.0966127018812031,-0.9953220513156602,0.43388373911755823,-0.900968867902419,2025-06-25,test
2025-06-27,35.784868055555556,37.34149305555555,40.046395833333335,41.92545833333333,36.47757971014492,39.27398611111111,39.771115740740754,38.330540157004826,39.09601456053436,3.1620933695678612,0.07947729992362097,-0.9968366760893436,-0.433883739117558,-0.9009688679024191,2025-06-26,test
2025-06-28,38.69956944444444,35.784868055555556,37.34149305555555,40.046395833333335,32.546194444444446,40.10754861111111,37.72425231481483,38.231581349206344,38.84679184228039,3.2396358071593423,0.062318379354325076,-0.998056320853012,-0.9749279121818236,-0.2225209339563146,2025-06-27,test
2025-06-29,39.201548611111114,38.69956944444444,35.784868055555556,37.34149305555555,39.372479166666665,41.0541984126984,37.27531018518519,39.11063492063492,38.7462219018042,2.059841551694814,0.04514101777397193,-0.9989806246941579,-0.7818314824680299,0.6234898018587334,2025-06-28,test
2025-06-30,38.95416666666667,39.201548611111114,38.69956944444444,35.784868055555556,40.60418055555556,41.73088405797102,37.89532870370371,39.086216269841266,38.613889773119396,2.057231647340708,0.02795029824021032,-0.999609314096404,0.0,1.0,2025-06-29,test
2025-07-01,35.4433125,38.95416666666667,39.201548611111114,38.69956944444444,41.92545833333333,38.025194444444445,38.951761574074084,38.850500000000004,38.41555281659765,1.9458288170186095,0.01075130776352193,-0.9999422030204416,0.7818314824680298,0.6234898018587336,2025-06-30,test
2025-07-02,33.01836111111111,35.4433125,38.95416666666667,39.201548611111114,40.046395833333335,41.18595833333333,37.8663425925926,37.92447916666667,38.231132677708764,1.7733421616112677,-0.00645086419810515,-0.9999791929590823,0.9749279121818236,-0.22252093395631434,2025-07-01,test
2025-07-03,34.30195833333333,33.01836111111111,35.4433125,38.95416666666667,37.34149305555555,37.65265277777778,35.805280092592604,36.920474206349205,37.64773287612146,2.286909736058122,-0.023651127245231586,-0.9997202729664083,0.43388373911755823,-0.900968867902419,2025-07-02,test
2025-07-04,41.819493055555554,34.30195833333333,33.01836111111111,35.4433125,35.784868055555556,36.47757971014492,34.25454398148148,36.48625496031746,37.40839755866114,2.474512776142101,-0.04084439154329611,-0.9991655196610109,-0.433883739117558,-0.9009688679024191,2025-07-03,test
2025-07-05,35.948819444444446,41.819493055555554,34.30195833333333,33.01836111111111,38.69956944444444,32.546194444444446,36.37993750000001,37.34834424603174,37.78996279761905,3.148766433337211,-0.05802556932878035,-0.9983150972033183,-0.9749279121818236,-0.2225209339563146,2025-07-04,test
2025-07-06,40.23052777777777,35.948819444444446,41.819493055555554,34.30195833333333,39.201548611111114,39.372479166666665,37.35675694444445,36.955379960317465,38.03300744047619,3.1235741796530347,-0.07518957641475855,-0.9971692572470178,-0.7818314824680299,0.6234898018587334,2025-07-05,test
2025-07-07,37.221805555555555,40.23052777777777,35.948819444444446,41.819493055555554,38.95416666666667,40.60418055555556,39.33294675925927,37.102376984126984,38.09429662698413,3.2677810177069615,-0.09233133369539122,-0.9957283388645872,0.0,1.0,2025-07-06,test
2025-07-08,39.79136805555556,37.221805555555555,40.23052777777777,35.948819444444446,35.4433125,41.92545833333333,37.80038425925927,36.85489682539683,37.852698412698416,3.168247934076312,-0.10944576864891556,-0.993992768446958,0.7818314824680298,0.6234898018587336,2025-07-07,test
2025-07-09,36.230444444444444,39.79136805555556,37.221805555555555,40.23052777777777,33.01836111111111,40.046395833333335,39.08123379629631,37.47604761904762,37.700263392857146,3.2699710663690875,-0.12652781683868314,-0.9919630595773397,0.9749279121818236,-0.22252093395631434,2025-07-08,test
2025-07-10,42.123625,36.230444444444444,39.79136805555556,37.221805555555555,34.30195833333333,37.34149305555555,37.74787268518519,37.934916666666666,37.42769543650793,2.7191572620589857,-0.1435724234118113,-0.9896398128792412,0.43388373911755823,-0.900968867902419,2025-07-09,test
2025-07-11,35.06813888888889,42.123625,36.230444444444444,39.79136805555556,41.819493055555554,35.784868055555556,39.38181250000001,39.05229761904762,37.76927628968254,2.5810207023463514,-0.16057454459499376,-0.9870237158387383,-0.433883739117558,-0.9009688679024191,2025-07-10,test
2025-07-12,42.12931944444444,35.06813888888889,42.123625,36.230444444444444,35.948819444444446,38.69956944444444,37.80740277777778,38.08781845238095,37.71808134920635,2.635482781780657,-0.17752914918703497,-0.984115542601034,-0.9749279121818236,-0.2225209339563146,2025-07-11,test
2025-07-13,28.561736111111106,42.12931944444444,35.06813888888889,42.123625,40.23052777777777,39.201548611111114,39.77369444444445,38.97074702380952,37.96306349206349,2.8277225947028084,-0.19443122004766195,-0.9809161537413774,-0.7818314824680299,0.6234898018587334,2025-07-12,test
2025-07-14,38.93438888888889,28.561736111111106,42.12931944444444,35.06813888888889,37.221805555555555,38.95416666666667,35.25306481481482,37.303776785714284,37.203076884920634,4.748421187533369,-0.2112757555821793,-0.9774264960104055,0.0,1.0,2025-07-13,test
2025-07-15,35.06216666666666,38.93438888888889,28.561736111111106,42.12931944444444,39.79136805555556,35.4433125,36.54181481481482,37.548431547619046,37.201664186507934,4.787452480635918,-0.2280577712215198,-0.9736476020539838,0.7818314824680298,0.6234898018587336,2025-07-14,test
2025-07-16,35.07091666666667,35.06216666666666,38.93438888888889,28.561736111111106,36.230444444444444,33.01836111111111,34.18609722222223,36.87283134920635,37.174439484126985,4.751734893857848,-0.24477230089725957,-0.9695805901076308,0.9749279121818236,-0.22252093395631434,2025-07-15,test
2025-07-17,34.23309027777778,35.07091666666667,35.06216666666666,38.93438888888889,42.123625,34.30195833333333,36.355824074074086,36.707184523809524,37.32105059523809,4.797847963782506,-0.2614143985111562,-0.965226663665613,0.43388373911755823,-0.900968867902419,2025-07-16,test
2025-07-18,29.601875000000003,34.23309027777778,35.07091666666667,35.06216666666666,35.06813888888889,41.819493055555554,34.78872453703705,35.579965277777774,37.3161314484127,4.203272986756739,-0.2779791393987801,-0.9605871111248129,-0.433883739117558,-0.9009688679024191,2025-07-17,test
2025-07-19,31.37715972222222,29.601875000000003,34.23309027777778,35.07091666666667,42.12931944444444,35.948819444444446,32.968627314814825,34.79907043650793,36.44344444444444,4.782120217578503,-0.2944616217868012,-0.9556633054034704,-0.9749279121818236,-0.2225209339563146,2025-07-18,test
2025-07-20,38.45440277777778,31.37715972222222,29.601875000000003,34.23309027777778,28.561736111111106,40.23052777777777,31.73737500000001,33.26304761904762,36.11689732142857,3.6210818457130562,-0.3108569682435036,-0.9504567035349151,-0.7818314824680299,0.6234898018587334,2025-07-19,test
2025-07-21,33.146166666666666,38.45440277777778,31.37715972222222,29.601875000000003,38.93438888888889,37.221805555555555,33.14447916666668,34.67628571428571,35.99003125,3.4044223076441087,-0.3271603271220951,-0.9449688462364056,0.0,1.0,2025-07-20,test
2025-07-22,39.45071527777778,33.146166666666666,38.45440277777778,31.37715972222222,35.06216666666666,39.79136805555556,34.32590972222223,33.84939682539682,35.698914186507935,2.856692507809641,-0.34336687399638804,-0.939201357453208,0.7818314824680298,0.6234898018587336,2025-07-21,test
2025-07-23,36.42313888888889,39.45071527777778,33.146166666666666,38.45440277777778,35.07091666666667,36.230444444444444,37.01709490740742,34.47633234126984,35.674581845238095,3.5617592384172463,-0.3594718130884232,-0.9331559438780432,0.9749279121818236,-0.22252093395631434,2025-07-22,test
2025-07-24,36.99023611111111,36.42313888888889,39.45071527777778,33.146166666666666,34.23309027777778,42.123625,36.34000694444446,34.66950694444444,35.68834573412698,3.6352919061465294,-0.3754703786876202,-0.9268343944460494,0.43388373911755823,-0.900968867902419,2025-07-23,test
2025-07-25,32.663000000000004,36.99023611111111,36.42313888888889,39.45071527777778,29.601875000000003,35.06813888888889,37.62136342592594,35.063384920634924,35.32167509920635,3.72830231237008,-0.3913578365610259,-0.9202385798054075,-0.433883739117558,-0.9009688679024191,2025-07-24,test
2025-07-26,34.849944444444446,32.663000000000004,36.99023611111111,36.42313888888889,31.37715972222222,42.12931944444444,35.358791666666676,35.500688492063496,35.14987946428572,3.1090337473635667,-0.4071294853542516,-0.9133704517637858,-0.9749279121818236,-0.2225209339563146,2025-07-25,test
2025-07-27,40.94779166666667,34.849944444444446,32.663000000000004,36.99023611111111,38.45440277777778,28.561736111111106,34.83439351851853,35.9968005952381,34.629924107142855,2.5720819330152915,-0.4227806579826773,-0.9062320427107697,-0.7818314824680299,0.6234898018587334,2025-07-26,test
2025-07-28,38.024791666666665,40.94779166666667,34.849944444444446,32.663000000000004,33.146166666666666,38.93438888888889,36.153578703703715,36.35299900793651,35.514642361111115,3.0897140039746325,-0.4383067230125192,-0.898825465016444,0.0,1.0,2025-07-27,test
2025-07-29,46.114784722222225,38.024791666666665,40.94779166666667,34.849944444444446,39.45071527777778,35.06216666666666,37.9408425925926,37.04994543650793,35.44967113095238,2.780556674385621,-0.45370308603134424,-0.8911529104063088,0.7818314824680298,0.6234898018587336,2025-07-28,test
2025-07-30,40.58850694444445,46.114784722222225,38.024791666666665,40.94779166666667,36.42313888888889,35.07091666666667,41.695789351851865,38.001955357142855,36.23914384920635,4.405533031295042,-0.46896519100763184,-0.8832166493127127,0.9749279121818236,-0.22252093395631434,2025-07-29,test
2025-07-31,40.408145833333336,40.58850694444445,46.114784722222225,38.024791666666665,36.99023611111111,34.23309027777778,41.57602777777779,38.59700793650794,36.63325744047619,4.437929367149909,-0.48408852163897587,-0.8750190302029955,0.43388373911755823,-0.900968867902419,2025-07-30,test
2025-08-01,41.301291666666664,40.408145833333336,40.58850694444445,46.114784722222225,32.663000000000004,29.601875000000003,42.37047916666668,39.08528075396826,37.07433283730159,4.4196707037855845,-0.4990686026885319,-0.8665624788845385,-0.433883739117558,-0.9009688679024191,2025-07-31,test
2025-08-02,33.85126388888889,41.301291666666664,40.408145833333336,40.58850694444445,34.849944444444446,31.37715972222222,40.7659814814815,40.319322420634926,37.91000545634921,3.4206709189944293,-0.5139010013093103,-0.8578494977869301,-0.9749279121818236,-0.2225209339563146,2025-08-01,test
2025-08-03,38.15197916666666,33.85126388888889,41.301291666666664,40.408145833333336,40.94779166666667,38.45440277777778,38.5202337962963,40.17665376984127,38.08672718253968,3.696510573783186,-0.5285813283559292,-0.8488826652214553,-0.7818314824680299,0.6234898018587334,2025-08-02,test
2025-08-04,38.761673611111114,38.15197916666666,33.85126388888889,41.301291666666664,38.024791666666665,33.146166666666666,37.768178240740745,39.777251984126984,38.06512549603175,3.7499587468918216,-0.5431052396834317,-0.8396646346181327,0.0,1.0,2025-08-03,test
2025-08-05,36.19520833333333,38.761673611111114,38.15197916666666,33.85126388888889,46.114784722222225,39.45071527777778,36.9216388888889,39.88252083333334,38.466233134920635,3.7026084313070147,-0.5574684374327892,-0.8301981337405212,0.7818314824680298,0.6234898018587336,2025-08-04,test
2025-08-06,33.09315277777778,36.19520833333333,38.761673611111114,38.15197916666666,40.58850694444445,36.42313888888889,37.70295370370371,38.46543849206349,38.23369692460317,2.6756357167300853,-0.5716666713027052,-0.8204859638785327,0.9749279121818236,-0.22252093395631434,2025-08-05,test
2025-08-07,28.761687500000004,33.09315277777778,36.19520833333333,38.761673611111114,40.408145833333336,36.99023611111111,36.01667824074075,37.39467361111111,37.995840773809526,3.143311180435537,-0.5856957398073508,-0.8105309990194823,0.43388373911755823,-0.900968867902419,2025-08-06,test
2025-08-08,37.25566666666666,28.761687500000004,33.09315277777778,36.19520833333333,41.301291666666664,32.663000000000004,32.683349537037046,35.730893849206346,37.40808730158731,4.1903206669253645,-0.5995514915196489,-0.8003361849976323,-0.433883739117558,-0.9009688679024191,2025-08-07,test
2025-08-09,34.416534722222224,37.25566666666666,28.761687500000004,33.09315277777778,33.85126388888889,34.849944444444446,33.03683564814816,35.15294742063492,37.736134920634925,3.5192368853199967,-0.6132298262997502,-0.7899045386224707,-0.9749279121818236,-0.2225209339563146,2025-08-08,test
2025-08-10,32.05014583333333,34.416534722222224,37.25566666666666,28.761687500000004,38.15197916666666,40.94779166666667,33.47796296296298,35.2337003968254,37.70517708333334,3.490760324852837,-0.6267266965083301,-0.7792391467859886,-0.7818314824680299,0.6234898018587334,2025-08-09,test
2025-08-11,40.07734027777778,32.05014583333333,34.416534722222224,37.25566666666666,38.761673611111114,38.024791666666665,34.57411574074075,34.362009920634925,37.069630952380955,3.40127928260472,-0.6400381082043503,-0.7683431655492202,0.0,1.0,2025-08-10,test
2025-08-12,39.348284722222225,40.07734027777778,32.05014583333333,34.416534722222224,36.19520833333333,46.114784722222225,35.51467361111112,34.54996230158731,37.216241567460315,3.7074897700263665,-0.65316012232693,-0.7572198192083127,0.7818314824680298,0.6234898018587336,2025-08-11,test
2025-08-13,36.426541666666665,39.348284722222225,40.07734027777778,32.05014583333333,33.09315277777778,40.58850694444445,37.15859027777779,35.00040178571429,36.73292013888889,4.110346210366972,-0.666088855860977,-0.7458723993404063,0.9749279121818236,-0.22252093395631434,2025-08-12,test
2025-08-14,40.140499999999996,36.426541666666665,39.348284722222225,40.07734027777778,28.761687500000004,40.408145833333336,38.617388888888904,35.4766001984127,36.43563690476191,4.045132826382046,-0.6788204829862355,-0.734304263829602,0.43388373911755823,-0.900968867902419,2025-08-13,test
2025-08-15,36.066916666666664,40.140499999999996,36.426541666666665,39.348284722222225,37.25566666666666,41.301291666666664,38.63844212962964,37.10214484126984,36.41651934523809,3.0644123582652627,-0.6913512362094071,-0.722518835873311,-0.433883739117558,-0.9009688679024191,2025-08-14,test
2025-08-16,37.20747222222222,36.066916666666664,40.140499999999996,36.426541666666665,34.416534722222224,33.85126388888889,37.54465277777778,36.93232341269841,36.04263541666666,3.0873395183215036,-0.7036774074790128,-0.7105196029692745,-0.9749279121818236,-0.2225209339563146,2025-08-15,test
2025-08-17,41.311819444444446,37.20747222222222,36.066916666666664,40.140499999999996,32.05014583333333,38.15197916666666,37.804962962962975,37.331028769841275,36.28236458333333,2.8816587875704402,-0.7157953492826642,-0.6983101158835584,-0.7818314824680299,0.6234898018587334,2025-08-16,test
2025-08-18,37.84723611111111,41.311819444444446,37.20747222222222,36.066916666666664,40.07734027777778,38.761673611111114,38.19540277777779,38.654125,36.50806746031746,2.0627097296993115,-0.7277014757264236,-0.6858939875998223,0.0,1.0,2025-08-17,test
2025-08-19,39.34922916666667,37.84723611111111,41.311819444444446,37.20747222222222,39.348284722222225,36.19520833333333,38.7888425925926,38.33553869047619,36.44275049603174,1.9766839179872862,-0.7393922635959241,-0.673274892250183,0.7818314824680298,0.6234898018587336,2025-08-18,test
2025-08-20,32.889208333333336,39.34922916666667,37.84723611111111,41.311819444444446,36.426541666666665,33.09315277777778,39.50276157407408,38.33567361111111,36.6680376984127,1.9767645956231232,-0.7508642533989489,-0.6604565640279754,0.9749279121818236,-0.22252093395631434,2025-08-19,test
2025-08-21,37.47250694444444,32.889208333333336,39.34922916666667,37.84723611111111,40.140499999999996,28.761687500000004,36.69522453703704,37.83034027777778,36.65347023809524,2.8189021620526438,-0.7621140503891487,-0.6474427960827475,0.43388373911755823,-0.900968867902419,2025-08-20,test
2025-08-22,35.62661805555556,37.47250694444444,32.889208333333336,39.34922916666667,36.066916666666664,37.25566666666666,36.57031481481483,37.449198412698415,37.27567162698413,2.628420923241547,-0.7731383255706026,-0.6342374393978054,-0.433883739117558,-0.9009688679024191,2025-08-21,test
2025-08-23,35.264125,35.62661805555556,37.47250694444444,32.889208333333336,37.20747222222222,34.416534722222224,35.329444444444455,37.38629861111111,37.15931101190476,2.6719213104666837,-0.7839338166829201,-0.620844401650647,-0.9749279121818236,-0.2225209339563146,2025-08-22,test
2025-08-24,38.51373611111111,35.264125,35.62661805555556,37.47250694444444,41.311819444444446,32.05014583333333,36.121083333333345,37.10867757936508,37.21985317460318,2.791866425691338,-0.7944973291665992,-0.6072676460566135,-0.7818314824680299,0.6234898018587334,2025-08-23,test
2025-08-25,38.09504166666667,38.51373611111111,35.264125,35.62661805555556,37.84723611111111,40.07734027777778,36.46815972222223,36.708951388888885,37.68153819444444,2.234443613877821,-0.8048257371083452,-0.593511190196115,0.0,1.0,2025-08-24,test
2025-08-26,31.450784722222224,38.09504166666667,38.51373611111111,35.264125,39.34922916666667,39.348284722222225,37.2909675925926,36.74435218253968,37.539945436507935,2.2573292189947276,-0.8149159841660791,-0.5795791048257612,0.7818314824680298,0.6234898018587336,2025-08-25,test
2025-08-27,37.963875,31.450784722222224,38.09504166666667,38.51373611111111,32.889208333333336,36.426541666666665,36.019854166666676,35.61600297619048,36.97583829365079,2.6738698563374106,-0.8247650844733614,-0.5654755126737576,0.9749279121818236,-0.22252093395631434,2025-08-26,test
2025-08-28,36.54396527777778,37.963875,31.450784722222224,38.09504166666667,37.47250694444444,40.140499999999996,35.836567129629636,36.34095535714285,37.08564781746031,2.4931801106589595,-0.8343701235229538,-0.5512045872199277,0.43388373911755823,-0.900968867902419,2025-08-27,test
2025-08-29,28.738637681159418,36.54396527777778,37.963875,31.450784722222224,35.62661805555556,36.066916666666664,35.31954166666668,36.208306547619046,36.828752480158734,2.447220071550145,-0.8437282590292712,-0.5367705514607103,-0.433883739117558,-0.9009688679024191,2025-08-28,test
2025-08-30,33.2090625,28.738637681159418,36.54396527777778,37.963875,35.264125,37.20747222222222,34.415492652979076,35.224309351276744,36.30530398119393,3.755288594490837,-0.8528367217694595,-0.522177676659508,-0.9749279121818236,-0.2225209339563146,2025-08-29,test
2025-08-31,30.906625000000002,33.2090625,28.738637681159418,36.54396527777778,38.51373611111111,41.311819444444446,32.83055515297908,34.93072899413389,36.01970328674948,3.8312196311025737,-0.8616928164028522,-0.5074302810827518,-0.7818314824680299,0.6234898018587334,2025-08-30,test
2025-09-01,35.14240972222222,30.906625000000002,33.2090625,28.738637681159418,38.09504166666667,37.84723611111111,30.95144172705315,33.843998835403724,35.27647511214631,3.722858647610134,-0.8702939222685674,-0.49253272872205434,0.0,1.0,2025-08-31,test
2025-09-02,33.37927083333333,35.14240972222222,30.906625000000002,33.2090625,31.450784722222224,39.34922916666667,33.086032407407416,33.422194271911664,35.083273227225675,3.3047221544786196,-0.8786374941610001,-0.4774894280028391,0.7818314824680298,0.6234898018587336,2025-09-01,test
2025-09-03,37.24574305555555,33.37927083333333,35.14240972222222,30.906625000000002,37.963875,32.889208333333336,33.14276851851852,33.697692287784676,34.65684763198758,3.191426635574697,-0.886721063082993,-0.46230483047981086,0.9749279121818236,-0.22252093395631434,2025-09-02,test
2025-09-04,41.68736805555556,37.24574305555555,33.37927083333333,35.14240972222222,36.54396527777778,37.47250694444444,35.255807870370376,33.5951020100069,34.96802868357488,3.0393502535505488,-0.8945422369764496,-0.4469834295196741,0.43388373911755823,-0.900968867902419,2025-09-03,test
2025-09-05,34.97529166666666,41.68736805555556,37.24574305555555,33.37927083333333,28.738637681159418,35.62661805555556,37.43746064814815,34.329873835403724,35.26909019151139,4.251189000634594,-0.9020987014301837,-0.43152975897147144,-0.433883739117558,-0.9009688679024191,2025-09-04,test
2025-09-06,43.004875,34.97529166666666,41.68736805555556,37.24574305555555,33.2090625,35.264125,37.9694675925926,35.220824404761906,35.22256687801932,3.4649131672574756,-0.9093882203647925,-0.4159483918249421,-0.9749279121818236,-0.2225209339563146,2025-09-05,test
2025-09-07,34.04457638888889,43.004875,34.97529166666666,41.68736805555556,30.906625000000002,38.51373611111111,39.889178240740755,36.62022619047618,35.77547759230504,4.375494633801584,-0.9164086366943458,-0.4002439388573056,-0.7818314824680299,0.6234898018587334,2025-09-06,test
2025-09-08,35.84013888888889,34.04457638888889,43.004875,34.97529166666666,35.14240972222222,38.09504166666667,37.341581018518525,37.068504960317455,35.45625189786059,3.8177606021229225,-0.9231578729647039,-0.38442104726885545,0.0,1.0,2025-09-07,test
2025-09-09,37.679270833333334,35.84013888888889,34.04457638888889,43.004875,33.37927083333333,31.450784722222224,37.62986342592593,37.16818055555556,35.29518741373361,3.7678745082595553,-0.9296339319682695,-0.3684843993077793,0.7818314824680298,0.6234898018587336,2025-09-08,test
2025-09-10,35.147576388888886,37.679270833333334,35.84013888888889,34.04457638888889,37.24574305555555,37.963875,35.85466203703705,37.78246626984127,35.74007927881298,3.3775044455291154,-0.9358348973349941,-0.35243871088460327,0.9749279121818236,-0.22252093395631434,2025-09-09,test
2025-09-11,30.20297222222222,35.147576388888886,37.679270833333334,35.84013888888889,41.68736805555556,36.54396527777778,36.22232870370371,37.482728174603174,35.53891509230504,3.5230405919046426,-0.9417589340994617,-0.33628873017668287,0.43388373911755823,-0.900968867902419,2025-09-10,test
2025-09-12,31.764131944444443,30.20297222222222,35.147576388888886,37.679270833333334,34.97529166666666,28.738637681159418,34.34327314814816,35.842100198412695,35.08598701690821,3.893265963540232,-0.9474042892438845,-0.32003923622313857,-0.433883739117558,-0.9009688679024191,2025-09-11,test
2025-09-13,34.9420625,31.764131944444443,30.20297222222222,35.147576388888886,43.004875,33.2090625,32.371560185185196,35.383363095238096,35.30209375,4.190276624083167,-0.9527692922168511,-0.30369503751065885,-0.9749279121818236,-0.2225209339563146,2025-09-12,test
2025-09-20,33.81693055555555,31.4679375,,,34.9420625,43.004875,,,34.89928240740741,,-0.9823516608469237,-0.18704334906991657,-0.9749279121818236,-0.2225209339563146,2025-09-19,test
2025-09-26,36.27064583333333,39.85888888888889,37.52940972222222,41.50633333333333,31.4679375,31.764131944444443,39.631543981481485,37.11677777777778,36.28040432098766,3.469455211131381,-0.9963950238187231,-0.08483487790576538,-0.433883739117558,-0.9009688679024191,2025-09-25,test
2025-09-27,36.313972222222226,36.27064583333333,39.85888888888889,37.52940972222222,33.81693055555555,34.9420625,37.886314814814824,37.80287896825397,36.781128086419756,2.507791712869949,-0.9977068927101168,-0.06768276175455162,-0.9749279121818236,-0.2225209339563146,2025-09-26,test
2025-09-28,33.33965972222222,36.313972222222226,36.27064583333333,39.85888888888889,38.67936111111111,,37.48116898148149,38.159599206349206,36.9335625,1.9652153784701705,-0.9987235240803972,-0.050510617185222886,-0.7818314824680299,0.6234898018587334,2025-09-27,test
2025-09-29,28.868805555555554,33.33965972222222,36.313972222222226,36.27064583333333,36.95858333333333,,35.3080925925926,37.39678472222222,36.574172222222224,2.647668519512369,-0.9994446170919858,-0.033323525711631344,0.0,1.0,2025-09-28,test
2025-09-30,27.38445138888889,28.868805555555554,33.33965972222222,36.313972222222226,41.50633333333333,,32.840812500000006,36.241102182539684,35.87368434343434,4.188199390698579,-0.9998699583618592,-0.016126573270657762,0.7818314824680298,0.6234898018587336,2025-09-29,test
2025-10-01,24.624277777777774,27.38445138888889,28.868805555555554,33.33965972222222,37.52940972222222,,29.864305555555564,34.22369047619048,35.16624826388889,4.609302895168841,-0.9999994220246925,0.001075151282798226,0.9749279121818236,-0.22252093395631434,2025-09-30,test
2025-10-24,30.573229166666664,28.949951388888888,,,31.69209027777778,,,27.628790277777778,,2.731656540548574,-0.9223291176290545,0.3864052261209853,-0.433883739117558,-0.9009688679024191,2025-10-23,test
2025-10-25,27.111125,30.573229166666664,28.949951388888888,,26.303319444444444,,29.761590277777785,27.40501805555555,28.553159722222222,2.3322056762481873,-0.9155458729775467,0.40221356823680365,-0.9749279121818236,-0.2225209339563146,2025-10-24,test
2025-10-26,28.905013888888888,27.111125,30.573229166666664,28.949951388888888,26.492979166666668,,28.878101851851856,27.566579166666667,28.372905381944445,2.263783149981431,-0.9084917035725082,0.41790288888678667,-0.7818314824680299,0.6234898018587334,2025-10-25,test
2025-10-27,33.797645833333334,28.905013888888888,27.111125,30.573229166666664,24.70561111111111,,28.86312268518519,28.048986111111113,28.432028549382714,2.234617687993204,-0.9011686968561569,0.4334685453485363,0.0,1.0,2025-10-26,test
2025-10-30,32.80019444444444,35.97329166666667,34.09263888888889,33.797645833333334,28.949951388888888,31.1549375,34.621192129629634,31.34327083333333,29.979319444444446,3.2963912509471642,-0.8776087166898392,0.4793776594606945,0.43388373911755823,-0.900968867902419,2025-10-29,test
2025-10-31,28.37427083333333,32.80019444444444,35.97329166666667,34.09263888888889,30.573229166666664,31.69209027777778,34.28870833333334,31.893305555555553,30.11642418981481,3.1483872260739227,-0.8692328164574792,0.49440298420761813,-0.433883739117558,-0.9009688679024191,2025-10-30,test
2025-11-01,32.049701388888884,28.37427083333333,32.80019444444444,35.97329166666667,27.111125,26.303319444444444,32.38258564814815,31.579168650793655,29.83993923611111,3.401575186365935,-0.8605996962501181,0.5092820071573356,-0.9749279121818236,-0.2225209339563146,2025-10-31,test
2025-11-02,28.413979166666667,32.049701388888884,28.37427083333333,32.80019444444444,28.905013888888888,26.492979166666668,31.07472222222222,32.28467956349206,30.318804398148146,2.7748288219776978,-0.8517119107469189,0.5240103253675756,-0.7818314824680299,0.6234898018587334,2025-11-01,test
2025-11-03,27.37023611111111,28.413979166666667,32.049701388888884,28.37427083333333,33.797645833333334,24.70561111111111,29.612650462962964,32.214531746031746,30.47888773148148,2.8787667042068854,-0.8425720899866032,0.5385835804920232,0.0,1.0,2025-11-02,test
2025-11-04,21.822805555555558,27.37023611111111,28.413979166666667,32.049701388888884,34.09263888888889,,29.27797222222223,31.296330357142857,30.700939814814816,3.285906264505451,-0.8331829385891785,0.5529974600700271,0.7818314824680298,0.6234898018587336,2025-11-03,test
2025-11-05,19.295222222222222,21.822805555555558,27.37023611111111,28.413979166666667,35.97329166666667,,25.869006944444447,29.543497023809522,30.018006410256415,4.568085627028021,-0.8235472349556007,0.5672476988027229,0.9749279121818236,-0.22252093395631434,2025-11-04,test
2025-11-06,16.638118055555555,19.295222222222222,21.822805555555558,27.37023611111111,32.80019444444444,28.949951388888888,22.8294212962963,27.16091567460317,29.25209325396826,4.985854287140654,-0.8136678304455991,0.5813300798152042,0.43388373911755823,-0.900968867902419,2025-11-05,test
2025-11-07,16.290979166666666,16.638118055555555,19.295222222222222,21.822805555555558,28.37427083333333,30.573229166666664,19.252048611111118,24.852047619047617,28.372676587301587,5.638619225739735,-0.8035476485339116,0.5952404359043674,-0.433883739117558,-0.9009688679024191,2025-11-06,test
2025-11-08,19.332916666666666,16.290979166666666,16.638118055555555,19.295222222222222,32.049701388888884,27.111125,17.408106481481482,23.125863095238092,27.35251587301587,6.202042758112217,-0.7931896839451843,0.6089746507720486,-0.9749279121818236,-0.2225209339563146,2025-11-07,test
2025-11-09,23.45726388888889,19.332916666666666,16.290979166666666,16.638118055555555,28.413979166666667,28.905013888888888,17.420671296296298,21.309179563492062,26.796929563492064,4.872391363213022,-0.7825970017677834,0.6225286602431057,-0.7818314824680299,0.6234898018587334,2025-11-08,test
2025-11-10,29.087374999999998,23.45726388888889,19.332916666666666,16.290979166666666,27.37023611111111,33.797645833333334,19.69371990740741,20.60107738095238,26.407804563492068,3.9384305998540494,-0.7717727365467836,0.6358984534680745,0.0,1.0,2025-11-09,test
2025-11-11,30.028881944444446,29.087374999999998,23.45726388888889,19.332916666666666,21.822805555555558,34.09263888888889,23.959185185185188,20.84638293650794,26.071356646825397,4.450504226022495,-0.7607200913564104,0.6490800741100398,0.7818314824680298,0.6234898018587336,2025-11-10,test
2025-11-12,32.418458333333334,30.028881944444446,29.087374999999998,23.45726388888889,19.295222222222222,35.97329166666667,27.524506944444443,22.018679563492064,25.78108829365079,5.665492894464453,-0.7494423368521954,0.6620696215153815,0.9749279121818236,-0.22252093395631434,2025-11-11,test
2025-11-13,27.561555555555557,32.418458333333334,30.028881944444446,29.087374999999998,16.638118055555555,32.80019444444444,30.511571759259265,23.893427579365078,25.527171626984124,6.6923124570179935,-0.7379428103031386,0.6748632518680403,0.43388373911755823,-0.900968867902419,2025-11-12,test
2025-11-14,23.891381944444444,27.561555555555557,32.418458333333334,30.028881944444446,16.290979166666666,28.37427083333333,30.002965277777786,25.45391865079365,25.15298313492064,5.951078277779042,-0.7262249146041543,0.6874571793269664,-0.433883739117558,-0.9009688679024191,2025-11-13,test
2025-11-15,25.724326388888887,23.891381944444444,27.561555555555557,32.418458333333334,19.332916666666666,32.049701388888884,27.957131944444445,26.53969047619048,24.832776785714284,4.522568477105644,-0.7142921172691032,0.699847677146407,-0.9749279121818236,-0.2225209339563146,2025-11-14,test
2025-11-16,26.904916666666665,25.724326388888887,23.891381944444444,27.561555555555557,23.45726388888889,28.413979166666667,25.72575462962963,27.45274900793651,24.38096428571429,3.3068931153254537,-0.7021479494046978,0.7120310787787131,-0.7818314824680299,0.6234898018587334,2025-11-15,test
2025-11-17,28.91207638888889,26.904916666666665,25.724326388888887,23.891381944444444,29.087374999999998,27.37023611111111,25.506874999999997,27.945270833333332,24.27317410714286,2.8358251931106406,-0.6897960046655887,0.7240037789593305,0.0,1.0,2025-11-16,test
2025-11-18,26.370840277777777,28.91207638888889,26.904916666666665,25.724326388888887,30.028881944444446,21.822805555555558,27.180439814814815,27.920228174603174,24.383305555555555,2.8248111519984196,-0.6772399381909491,0.7357622347736527,0.7818314824680298,0.6234898018587336,2025-11-17,test
2025-11-19,23.369444444444444,26.370840277777777,28.91207638888889,26.904916666666665,32.418458333333334,19.295222222222222,27.39594444444445,27.397650793650794,24.70816517857143,2.7055474050830473,-0.6644834655228552,0.7473029667054296,0.9749279121818236,-0.22252093395631434,2025-11-18,test
2025-11-20,32.63784027777778,23.369444444444444,26.370840277777777,28.91207638888889,27.561555555555557,16.638118055555555,26.217453703703708,26.104934523809526,24.9991810515873,1.9680807541010024,-0.6515303615068021,0.75862255966641,0.43388373911755823,-0.900968867902419,2025-11-19,test
2025-12-16,13.188534722222222,12.55047222222222,11.7796875,12.190229166666667,20.023819444444445,,12.173462962962965,13.206250992063492,13.206250992063492,3.2712224434485386,-0.2593382659754056,0.9657865518844574,0.7818314824680298,0.6234898018587336,2025-12-15,test
2025-12-17,12.493986111111111,13.188534722222222,12.55047222222222,11.7796875,14.456458333333332,,12.506231481481484,12.229781746031746,13.204036458333333,1.3572034108983668,-0.2426868445825954,0.9701046827361175,0.9749279121818236,-0.22252093395631434,2025-12-16,test
2025-12-18,14.542625,12.493986111111111,13.188534722222222,12.55047222222222,11.120395833333333,,12.74433101851852,11.949428571428571,13.125141975308642,0.9672587206330728,-0.22596360824801906,0.974135744004672,0.43388373911755823,-0.900968867902419,2025-12-17,test
2025-12-19,14.654333333333334,14.542625,12.493986111111111,13.188534722222222,10.322694444444444,,13.408381944444448,12.438318452380953,13.266890277777776,1.2895616711556726,-0.20917350564635637,0.9778785428342386,-0.433883739117558,-0.9009688679024191,2025-12-18,test
2025-12-20,16.323888888888888,14.654333333333334,14.542625,12.493986111111111,12.190229166666667,,13.896981481481484,13.057124007936507,13.393021464646464,1.1352114797709867,-0.19232150523909483,0.9813319716704275,-0.9749279121818236,-0.2225209339563146,2025-12-19,test
2025-12-21,17.735069444444445,16.323888888888888,14.654333333333334,14.542625,11.7796875,,15.173615740740743,13.647646825396825,13.637260416666665,1.5922445561134584,-0.17541259380427843,0.9844950085880858,-0.7818314824680299,0.6234898018587334,2025-12-20,test
2025-12-22,15.089159090909073,17.735069444444445,16.323888888888888,14.654333333333334,12.55047222222222,,16.237763888888892,14.498415674603175,13.952476495726497,1.9732610293937098,-0.15845177496083632,0.9873667175937016,0.0,1.0,2025-12-21,test
