date,value_ugm3,lag1,lag2,lag3,lag7,lag14,rolling_mean3,rolling_mean7,rolling_mean14,rolling_std7,sin_doy,cos_doy,sin_week,cos_week,split
2022-01-19,1.5676002537499834,1.68443699283925,1.9766203703703251,0.9238585568326667,11.075622966999871,2.9136363636363183,1.5283053066807473,4.620967533183639,4.407551136990224,4.145575324662014,0.321057654185271,0.9470596510722283,0.9749279121818236,-0.22252093395631434,train
2022-01-20,2.83773148148145,1.5676002537499834,1.68443699283925,1.9766203703703251,3.850268932962754,,1.7428858723198528,3.2626785741479405,4.239296623254432,3.1053878269558663,0.3373010691361842,0.9413968285264122,0.43388373911755823,-0.900968867902419,train
2022-01-21,11.119066764132505,2.83773148148145,1.5676002537499834,1.68443699283925,9.9616593567251,,2.0299229093568942,3.1180303667934686,4.083567163057434,3.0970269940000956,0.3534446712740877,0.9354554315134164,-0.433883739117558,-0.9009688679024191,train
2022-01-22,3.836256683334375,11.119066764132505,2.83773148148145,1.5676002537499834,2.874305555555504,,5.174799499787979,3.2833742821373835,4.787117123164942,3.524661038471506,0.3694836834473831,0.9292372181882051,-0.9749279121818236,-0.2225209339563146,train
2022-01-23,4.42777777777775,3.836256683334375,11.119066764132505,2.83773148148145,0.9238585568326667,,5.931018309649443,3.4207958718200793,4.700675264998526,3.524806412888132,0.38541335945432564,0.9227440286201427,-0.7818314824680299,0.6234898018587334,train
2022-01-24,5.514351851851813,4.42777777777775,3.836256683334375,11.119066764132505,1.9766203703703251,,6.46103374174821,3.9213557605265197,4.677933807730128,3.35586443604577,0.4012289854475009,0.9159777842484877,0.0,1.0,train
2022-01-25,7.913425925925883,5.514351851851813,4.42777777777775,3.836256683334375,1.68443699283925,,4.5927954376546465,4.426745972166732,4.742273657277949,3.2797017807975646,0.4169258813287287,0.908940487313808,0.7818314824680298,0.6234898018587336,train
2022-01-26,11.065484892787483,7.913425925925883,5.514351851851813,4.42777777777775,1.5676002537499834,11.075622966999871,5.951851851851816,5.316601534036251,4.968784533609944,3.256594354554956,0.4324994021339788,0.901634220265486,0.9749279121818236,-0.22252093395631434,train
2022-01-27,16.74256864623238,11.065484892787483,7.913425925925883,5.514351851851813,2.83773148148145,3.850268932962754,8.164420890188394,6.673442196755894,4.968060385451918,3.4093003662918795,0.44794493940789115,0.8940611451454876,0.43388373911755823,-0.900968867902419,train
2022-01-28,15.00341577723038,16.74256864623238,11.065484892787483,7.913425925925883,11.119066764132505,9.9616593567251,11.907159821648582,8.659847506006027,5.8889389363997475,4.633104832282984,0.4632579225674917,0.88622350294858,-0.433883739117558,-0.9009688679024191,train
2022-01-29,8.995660536735537,15.00341577723038,16.74256864623238,11.065484892787483,3.836256683334375,2.874305555555504,14.270489772083414,9.214754507877151,6.2490643950072675,5.1773804333306215,0.4784338202547012,0.8781236129591848,-0.9749279121818236,-0.2225209339563146,train
2022-01-30,12.147441496538121,8.995660536735537,15.00341577723038,16.74256864623238,4.42777777777775,0.9238585568326667,13.5805483200661,9.951812201220177,6.686304036520128,4.62148233659892,0.49346814167723735,0.8697638720650646,-0.7818314824680299,0.6234898018587334,train
2022-01-31,4.346392090608354,12.147441496538121,8.995660536735537,15.00341577723038,5.514351851851813,1.9766203703703251,12.048839270168012,11.05462130390023,7.487988532213374,3.9568739807533775,0.5083564379375122,0.8611467540480452,0.0,1.0,train
2022-02-01,10.372692233114309,4.346392090608354,12.147441496538121,8.995660536735537,7.913425925925883,1.68443699283925,8.496498041294004,10.887769909436878,7.657257940801805,4.243661706186054,0.5230943033491326,0.8522748088519838,0.7818314824680298,0.6234898018587336,train
2022-02-02,8.628749567071413,10.372692233114309,4.346392090608354,12.147441496538121,11.065484892787483,1.5676002537499834,8.955508606753595,11.239093667606651,8.27784760082145,4.053939899618552,0.5376773767406141,0.8431506618282,0.9749279121818236,-0.22252093395631434,train
2022-02-03,11.973403996101313,8.628749567071413,10.372692233114309,4.346392090608354,16.74256864623238,2.83773148148145,7.782611296931357,10.890988621075783,8.78221540891584,4.174168354512444,0.5521013427459208,0.8337770129585915,0.43388373911755823,-0.900968867902419,train
2022-02-04,13.32785759897825,11.973403996101313,8.628749567071413,10.372692233114309,15.00341577723038,11.119066764132505,10.324948598762344,10.209679385342776,9.434763445674403,3.372028248233128,0.5663619330814524,0.8241566360566663,-0.433883739117558,-0.9009688679024191,train
2022-02-05,8.857580311083053,13.32785759897825,11.973403996101313,8.628749567071413,8.995660536735537,3.836256683334375,11.31000372071699,9.970313931306757,9.592534219591954,3.015667506934281,0.580454927809098,0.8142923779467267,-0.9749279121818236,-0.2225209339563146,train
2022-02-06,3.117129629629583,8.857580311083053,13.32785759897825,11.973403996101313,12.147441496538121,4.42777777777775,11.386280635387537,9.950588184784975,9.951200193002576,3.0235466538700146,0.5943761565849831,0.804187157621448,-0.7818314824680299,0.6234898018587334,train
2022-02-07,5.489303118908341,3.117129629629583,8.857580311083053,13.32785759897825,4.346392090608354,5.514351851851813,8.434189179896961,8.66054363236947,9.857582468134849,3.7654458109215208,0.6081214998935418,0.7938439653781019,0.0,1.0,train
2022-02-08,7.539104860549824,5.489303118908341,3.117129629629583,8.857580311083053,10.372692233114309,7.913425925925883,5.821337686540325,8.823816636412323,9.8557932729246,3.566738689660152,0.6216868902665479,0.7832658619336791,0.7818314824680298,0.6234898018587336,train
2022-02-09,8.455936520376133,7.539104860549824,5.489303118908341,3.117129629629583,8.628749567071413,11.065484892787483,5.3818458696959155,8.419018440331683,9.829056053969168,3.522172316389456,0.6350683134867438,0.7724559775191742,0.9749279121818236,-0.22252093395631434,train
2022-02-10,5.232309941520408,8.455936520376133,7.539104860549824,5.489303118908341,11.973403996101313,16.74256864623238,7.161448166611431,8.394330862232357,9.642659741654072,3.5210627283431863,0.6482618097757122,0.7614175109532997,0.43388373911755823,-0.900968867902419,train
2022-02-11,5.260317460317417,5.232309941520408,8.455936520376133,7.539104860549824,13.32785759897825,15.00341577723038,7.075783774148786,7.431317425863656,8.820498405603216,3.2935326544764543,0.6612634749656386,0.7501537286959042,-0.433883739117558,-0.9009688679024191,train
2022-02-12,2.9932870370369997,5.260317460317417,5.232309941520408,8.455936520376133,8.857580311083053,8.995660536735537,6.316187974071318,6.278811691769252,8.124562811538004,2.0708417227470757,0.6740694616546161,0.7386679638813748,-0.9749279121818236,-0.2225209339563146,train
2022-02-13,3.867848020434179,2.9932870370369997,5.260317460317417,5.232309941520408,3.117129629629583,12.147441496538121,4.495304812958273,5.4410555097626725,7.695821847273822,2.03969316995983,0.6866759803451553,0.726963615332308,-0.7818314824680299,0.6234898018587334,train
2022-02-14,3.2030092592592165,3.867848020434179,2.9932870370369997,5.260317460317417,5.489303118908341,4.346392090608354,4.040484172596197,5.548300994163329,7.104422313266398,1.9129352888576436,0.6990793005655562,0.7150441465537444,0.0,1.0,train
2022-02-15,3.2270589668615544,3.2030092592592165,3.867848020434179,2.9932870370369997,7.539104860549824,10.372692233114309,3.3547147722434634,5.221687585642025,7.022752111027175,2.1097435412187298,0.7112757519738152,0.7029130847082615,0.7818314824680298,0.6234898018587336,train
2022-02-18,1.686842105263121,2.5050446998722458,,3.2270589668615544,5.260317460317417,13.32785759897825,2.8660518333668974,3.509427573963602,5.6212144172944,0.9636276081634884,0.746588114532413,0.6652865452111116,-0.433883739117558,-0.9009688679024191,train
2022-02-19,5.39098440545805,1.686842105263121,2.5050446998722458,,2.9932870370369997,8.857580311083053,2.0959434025676806,2.913848348121219,4.725751687008621,0.744419981882063,0.7579216274973472,0.6523456189565257,-0.9749279121818236,-0.2225209339563146,train
2022-02-20,8.32686754140357,5.39098440545805,1.686842105263121,2.5050446998722458,3.867848020434179,3.117129629629583,3.1942904035311366,3.3134645761913943,4.459090463499006,1.2603602112067673,0.7690308592589181,0.6392116531380588,-0.7818314824680299,0.6234898018587334,train
2022-02-21,6.60370370370365,8.32686754140357,5.39098440545805,1.686842105263121,3.2030092592592165,5.489303118908341,5.134898017374913,4.05663449635296,4.8598395336354665,2.4271628876907245,0.7799125224167177,0.6258885343075018,0.0,1.0,train
2022-02-22,2.267166179337195,6.60370370370365,8.32686754140357,5.39098440545805,3.2270589668615544,7.539104860549824,6.773851883521755,4.623416903760366,4.945562655542798,2.58019495908613,0.7905633969115482,0.612380204990065,0.7818314824680298,0.6234898018587336,train
2022-02-24,7.345656318082754,5.732127192982411,2.267166179337195,6.60370370370365,2.5050446998722458,5.232309941520408,4.86766569200775,4.644676546860035,4.330505116419233,2.5204234704154236,0.8111602420785621,0.5848239578463322,0.43388373911755823,-0.900968867902419,train
2022-02-25,5.305092592592538,7.345656318082754,5.732127192982411,2.267166179337195,1.686842105263121,5.260317460317417,5.114983230134118,5.336192492318679,4.493070222308644,2.499503750262925,0.8211001178128892,0.5707841943569036,-0.433883739117558,-0.9009688679024191,train
2022-02-26,13.308321150097404,5.305092592592538,7.345656318082754,5.732127192982411,5.39098440545805,2.9932870370369997,6.127625367885899,5.853085419080025,4.4965144632528835,1.927782614714792,0.8307970168121247,0.5565755266413303,-0.9749279121818236,-0.2225209339563146,train
2022-02-27,37.72986111111108,13.308321150097404,5.305092592592538,7.345656318082754,8.32686754140357,3.867848020434179,8.653023353590896,6.984133525457074,5.2899786257959915,3.384035770675146,0.8402480696078469,0.5422021592729844,-0.7818314824680299,0.6234898018587334,train
2022-02-28,14.93481002554273,37.72986111111108,13.308321150097404,5.305092592592538,6.60370370370365,3.2030092592592165,18.781091617933672,11.184561178272432,7.894748863540368,12.170331900782106,0.8494504794814806,0.527668345562516,0.0,1.0,train
2022-03-01,14.336701393048392,14.93481002554273,37.72986111111108,13.308321150097404,2.267166179337195,3.2270589668615544,21.99099742891707,12.374719224249445,8.797195076331407,12.054505723618316,0.8584015232918917,0.512978386299228,0.7818314824680298,0.6234898018587336,train
2022-03-02,12.3913746891174,14.336701393048392,14.93481002554273,37.72986111111108,5.732127192982411,,22.333790843234066,14.0989385404939,9.651782955268857,11.200765369428087,0.8670985522812081,0.4981366284784055,0.9749279121818236,-0.22252093395631434,train
2022-03-03,7.236001461988258,12.3913746891174,14.336701393048392,14.93481002554273,7.345656318082754,2.5050446998722458,13.887628702569506,15.050259611370326,9.847468079115183,10.640488936826035,0.8755389928586302,0.4831474640149687,0.43388373911755823,-0.900968867902419,train
2022-03-04,13.077534113060379,7.236001461988258,12.3913746891174,14.336701393048392,5.305092592592538,1.686842105263121,11.32135918138468,15.034594631928258,10.185393562123467,10.653794548309094,0.8837203473619977,0.4680153284438345,-0.433883739117558,-0.9009688679024191,train
2022-03-05,1.585648148148117,13.077534113060379,7.236001461988258,12.3913746891174,13.308321150097404,5.39098440545805,10.901636754722011,16.14494342056652,10.999014419823272,9.845106945242254,0.8916401947968874,0.45274469960737107,-0.9749279121818236,-0.2225209339563146,train
2022-03-06,3.1173776455026085,1.585648148148117,13.077534113060379,7.236001461988258,37.72986111111108,8.32686754140357,7.29972790773225,14.470275848859478,10.727204687158277,11.297874853068585,0.8992961915530253,0.4373400963303323,-0.7818314824680299,0.6234898018587334,train
2022-03-07,1.3091130604288124,3.1173776455026085,1.585648148148117,13.077534113060379,14.93481002554273,6.60370370370365,5.926853302237032,9.525635353772556,10.355098266022493,5.516423370836323,0.9066860720977985,0.4218060770826634,0.0,1.0,train
2022-03-08,1.67499999999995,1.3091130604288124,3.1173776455026085,1.585648148148117,14.336701393048392,2.267166179337195,2.004046284693177,7.579107215899138,9.976913220074291,5.690852693349496,0.9138076496466615,0.4061472386305789,0.7818314824680298,0.6234898018587336,train
2022-03-09,1.9124205441138695,1.67499999999995,1.3091130604288124,3.1173776455026085,12.3913746891174,5.732127192982411,2.0338302353104547,5.770292731177933,9.934615635835916,5.173740753994316,0.9206588168102428,0.3903682146763026,0.9749279121818236,-0.22252093395631434,train
2022-03-10,2.2182870370370082,1.9124205441138695,1.67499999999995,1.3091130604288124,7.236001461988258,7.345656318082754,1.632177868180875,4.273299281891713,9.66177944663102,4.396268989055381,0.9272375462179537,0.374473674486883,0.43388373911755823,-0.900968867902419,train
2022-03-11,4.262853313840105,2.2182870370370082,1.9124205441138695,1.67499999999995,13.077534113060379,5.305092592592538,1.9352358603836068,3.5564829354701066,9.295538783699183,4.2389420366771855,0.9335418911179212,0.35846832151248087,-0.433883739117558,-0.9009688679024191,train
2022-03-12,11.188620857699762,4.262853313840105,2.2182870370370082,1.9124205441138695,1.585648148148117,13.308321150097404,2.7978536316636586,2.2972428212957814,9.221093120931153,1.045667368317058,0.9395699859530622,0.342356891994542,-0.9749279121818236,-0.2225209339563146,train
2022-03-13,8.118908382066229,11.188620857699762,4.262853313840105,2.2182870370370082,3.1173776455026085,37.72986111111108,5.889920402858955,3.669096065517445,9.069685957188463,3.4625830582722275,0.945320046913132,0.3261441535642696,-0.7818314824680299,0.6234898018587334,train
2022-03-14,6.320821150097426,8.118908382066229,11.188620857699762,4.262853313840105,1.3091130604288124,14.93481002554273,7.856794184535363,4.383600456455105,6.95461790511383,3.826654530558084,0.9507903724625832,0.3098349038318025,0.0,1.0,train
2022-03-15,3.3956993177387544,6.320821150097426,8.118908382066229,11.188620857699762,1.67499999999995,14.336701393048392,8.542783463287803,5.099558754979193,6.339332985439166,3.618744871001942,0.9559793438440766,0.2934339689665273,0.7818314824680298,0.6234898018587336,train
2022-03-16,5.601169590643238,3.3956993177387544,6.320821150097426,8.118908382066229,1.9124205441138695,12.3913746891174,5.945142949967466,5.345372943227594,5.5578328372027626,3.399128531893038,0.9608854255574977,0.27694620226893646,0.9749279121818236,-0.22252093395631434,train
2022-03-17,3.2685709609114837,5.601169590643238,3.3956993177387544,6.320821150097426,2.2182870370370082,7.236001461988258,5.105896686159803,5.872337092731789,5.072818187311752,3.045786157523909,0.9655071658143364,0.2603764827344581,0.43388373911755823,-0.900968867902419,train
2022-03-18,5.081327777513009,3.2685709609114837,5.601169590643238,3.3956993177387544,4.262853313840105,13.077534113060379,4.088479956431156,6.022377653285285,4.789430294377696,2.8557197275876165,0.969843196967294,0.24372971360968387,-0.433883739117558,-0.9009688679024191,train
2022-03-19,4.30995370370365,5.081327777513009,3.2685709609114837,5.601169590643238,11.188620857699762,1.585648148148117,4.65035610968924,6.139302576667129,4.218272698981455,2.787614269072947,0.9738922359149924,0.22701082094141847,-0.9749279121818236,-0.2225209339563146,train
2022-03-20,4.125462962962921,4.30995370370365,5.081327777513009,3.2685709609114837,8.118908382066229,3.1173776455026085,4.219950814042711,5.156635840381971,4.412865952949708,1.7183434208789474,0.9776530844816641,0.2102247521189836,-0.7818314824680299,0.6234898018587334,train
2022-03-21,5.408808479532126,4.125462962962921,4.30995370370365,5.081327777513009,6.320821150097426,1.3091130604288124,4.5055814813931905,4.586143637652926,4.484872047054016,1.1347726711221005,0.981124629771712,0.19337647441020586,0.0,1.0,train
2022-03-22,4.1303971734892455,5.408808479532126,4.125462962962921,4.30995370370365,3.3956993177387544,1.67499999999995,4.614741715399563,4.455856113286455,4.777707434132823,0.9376479072301263,0.984305844499033,0.17647097349152166,0.7818314824680298,0.6234898018587336,train
2022-03-23,3.8897051656919626,4.1303971734892455,5.408808479532126,4.125462962962921,5.601169590643238,1.9124205441138695,4.554889538661428,4.560812949822238,4.953092946524917,0.8346637162351641,0.9871957872910085,0.15951325197263655,0.9749279121818236,-0.22252093395631434,train
2022-03-24,1.2657974558042167,3.8897051656919626,4.1303971734892455,5.408808479532126,3.2685709609114837,2.2182870370370082,4.476303606237775,4.316318031972057,5.094327562351923,0.7222165509774873,0.9897936029670716,0.14250832791617088,0.43388373911755823,-0.900968867902419,train
2022-03-25,1.0245773677488408,1.2657974558042167,3.8897051656919626,4.1303971734892455,5.081327777513009,4.262853313840105,3.0952999316618057,4.030207531242447,5.026292592263866,1.3394319572955822,0.992098522791769,0.12546123335273648,-0.433883739117558,-0.9009688679024191,train
2022-03-26,1.636647173489225,1.0245773677488408,1.2657974558042167,3.8897051656919626,4.30995370370365,11.188620857699762,2.0600266630816706,3.4506717584189945,4.794987167543062,1.650373429109114,0.9941098647022418,0.10837701279187609,-0.9749279121818236,-0.2225209339563146,train
2022-03-27,2.318287037036996,1.636647173489225,1.0245773677488408,1.2657974558042167,4.125462962962921,8.118908382066229,1.3090073323474245,3.0687708255312196,4.1127033329565945,1.7259671785460775,0.9958270335100595,0.09126072172931188,-0.7818314824680299,0.6234898018587334,train
2022-03-28,2.0666297876823667,2.318287037036996,1.636647173489225,1.0245773677488408,5.408808479532126,6.320821150097426,1.659837192758351,2.81060283611323,3.698373236883078,1.675999645816969,0.9972495210773451,0.07411742515094437,0.0,1.0,train
2022-03-29,6.504268055968503,2.0666297876823667,2.318287037036996,1.636647173489225,4.1303971734892455,3.3956993177387544,2.0071879994028596,2.33314873727755,3.3945024252820026,1.228883998628053,0.998376906467142,0.056952196034039754,0.7818314824680298,0.6234898018587336,train
2022-03-30,6.642129629629596,6.504268055968503,2.0666297876823667,2.318287037036996,3.8897051656919626,5.601169590643238,3.629728293562619,2.6722731490603016,3.6165430494412703,1.9332197734663166,0.9992088560679753,0.03977011384605572,0.9749279121818236,-0.22252093395631434,train
2022-03-31,21.70480019493172,6.642129629629596,6.504268055968503,2.0666297876823667,1.2657974558042167,3.2685709609114837,5.071009157760153,3.0654766439085352,3.690897337940296,2.4365066864194134,0.9997451236925734,0.022576263041545485,0.43388373911755823,-0.900968867902419,train
2022-04-01,14.764148217766591,21.70480019493172,6.642129629629596,6.504268055968503,1.0245773677488408,5.081327777513009,11.617065960176603,5.985334178069607,5.007770854656028,7.304404494536732,0.9999855506507186,0.005375731557583884,-0.433883739117558,-0.9009688679024191,train
2022-04-02,18.978898635477538,14.764148217766591,21.70480019493172,6.642129629629596,1.636647173489225,4.30995370370365,14.370359347442635,7.948130013786428,5.699400886102711,7.589646955802538,0.9999300657962057,-0.011826390691832589,-0.9749279121818236,-0.2225209339563146,train
2022-04-03,27.6501340155945,18.978898635477538,14.764148217766591,21.70480019493172,2.318287037036996,4.125462962962921,18.482615682725278,10.425594508356188,6.7471826669437025,8.005151195441584,0.9995786855478958,-0.029025013321975237,-0.7818314824680299,0.6234898018587334,train
2022-04-04,35.91098927875239,27.6501340155945,18.978898635477538,14.764148217766591,2.0666297876823667,5.408808479532126,20.464393622946208,14.04442979100726,8.427516313560245,9.343261557154994,0.9989315138848577,-0.046215046983708354,0.0,1.0,train
2022-04-05,8.4074775660415,35.91098927875239,27.6501340155945,18.978898635477538,6.504268055968503,4.1303971734892455,27.513340643274802,18.87933828973155,10.60624351350455,10.761223356157469,0.9979887423155984,-0.06339140486951038,0.7818314824680298,0.6234898018587336,train
2022-04-06,10.095370370370349,8.4074775660415,35.91098927875239,27.6501340155945,6.642129629629596,3.8897051656919626,23.98953362012946,19.15122536259912,10.91174925582971,10.414922102362718,0.9967506498213929,-0.08054900421874167,0.9749279121818236,-0.22252093395631434,train
2022-04-07,37.327467581998434,10.095370370370349,8.4074775660415,35.91098927875239,21.70480019493172,1.2657974558042167,18.137945738388073,19.644545468419228,11.35501105616388,9.786479575463067,0.9952176027737294,-0.09768276782171598,0.43388373911755823,-0.900968867902419,train
2022-04-08,28.375499512670515,37.327467581998434,10.095370370370349,8.4074775660415,14.764148217766591,1.0245773677488408,18.610105172803426,21.876355095143044,13.930844636606325,11.889949259444341,0.9933900548258936,-0.11478762552212701,-0.433883739117558,-0.9009688679024191,train
2022-04-09,24.301608187134462,28.375499512670515,37.327467581998434,10.095370370370349,18.978898635477538,1.636647173489225,25.266112488346426,23.82083385155789,15.88448193267216,11.643408495848652,0.9912685467787256,-0.13185851571739118,-0.9749279121818236,-0.2225209339563146,train
2022-04-10,19.14647904483427,24.301608187134462,28.375499512670515,37.327467581998434,27.6501340155945,2.318287037036996,30.001525093934465,24.581220930366023,17.503407719361103,11.446638925647598,0.9888537064205885,-0.1488903868564548,-0.7818314824680299,0.6234898018587334,train
2022-04-11,5.432249025341079,19.14647904483427,24.301608187134462,28.375499512670515,35.91098927875239,2.0666297876823667,23.941195581546413,23.36641307740027,18.705421434203767,11.517675844581817,0.986146248341595,-0.16587819893463143,0.0,1.0,train
2022-04-12,9.142245160314543,5.432249025341079,19.14647904483427,24.301608187134462,8.4074775660415,6.504268055968503,16.293445419103268,19.012307326912943,18.945822808322248,11.743802132293979,0.9831469737221499,-0.1828169249850199,0.7818314824680298,0.6234898018587336,train
2022-04-13,10.617141812865459,9.142245160314543,5.432249025341079,19.14647904483427,10.095370370370349,6.642129629629596,11.240324410163295,19.117274126094806,19.134249744346963,11.636006745212425,0.9798567700958665,-0.1997015525660636,0.9749279121818236,-0.22252093395631434,train
2022-04-14,13.115448343079876,10.617141812865459,9.142245160314543,5.432249025341079,37.327467581998434,21.70480019493172,8.397211999507023,19.191812903594105,19.418179186006665,11.570065741725983,0.9762766110869321,-0.21652708524481437,0.43388373911755823,-0.900968867902419,train
2022-04-15,2.485209665585433,13.115448343079876,10.617141812865459,9.142245160314543,28.375499512670515,14.764148217766591,10.95827843875329,15.732953012320028,18.804654053731536,8.440702785045612,0.9724075561219968,-0.23328854407545518,-0.433883739117558,-0.9009688679024191,train
2022-04-16,1.6503898635477166,2.485209665585433,13.115448343079876,10.617141812865459,24.301608187134462,18.978898635477538,8.739266607176921,12.03434017702216,17.927587014290026,7.6090225441278605,0.9682507501166718,-0.2499809690726521,-0.9749279121818236,-0.2225209339563146,train
2022-04-17,2.491605750487275,1.6503898635477166,2.485209665585433,13.115448343079876,19.14647904483427,27.6501340155945,5.750349290737673,8.798451845081196,16.68983638772361,6.210570170624647,0.9638074231367307,-0.26659942067929354,-0.7818314824680299,0.6234898018587334,train
2022-04-18,2.5115264486974582,2.491605750487275,1.6503898635477166,2.485209665585433,5.432249025341079,35.91098927875239,2.209068426540139,6.4191842316030545,14.892798654501664,4.555131376878891,0.9590788900341131,-0.28313898122818354,0.0,1.0,train
2022-04-19,2.148968141870642,2.5115264486974582,2.491605750487275,1.6503898635477166,9.142245160314543,8.4074775660415,2.2178406875774805,6.001938149225394,12.50712273806917,4.788396032039091,0.9540665500578387,-0.2995947563972602,0.7818314824680298,0.6234898018587336,train
2022-04-20,4.713885948107767,2.148968141870642,2.5115264486974582,2.491605750487275,10.617141812865459,10.095370370370349,2.384033447018456,5.00289857516198,12.060086350628394,4.753414713265828,0.9487718864399473,-0.31596187665790293,0.9749279121818236,-0.22252093395631434,train
2022-04-21,10.380060916179296,4.713885948107767,2.148968141870642,2.5115264486974582,13.115448343079876,37.327467581998434,3.1247935128919533,4.159576308768024,11.675694606181066,4.065201156754711,0.9431964659565866,-0.33223549871590435,0.43388373911755823,-0.900968867902419,train
2022-04-22,5.695784600389813,10.380060916179296,4.713885948107767,2.148968141870642,2.485209665585433,28.375499512670515,5.7476383353859,3.7688066763536554,9.750879844336842,3.070641658948763,0.9373419384643772,-0.3484108069446808,-0.433883739117558,-0.9009688679024191,train
2022-04-23,1.9680799220272496,5.695784600389813,10.380060916179296,4.713885948107767,1.6503898635477166,24.301608187134462,6.929910488225623,4.227460238468567,8.130900207745364,3.0866951633695634,0.9312100364121947,-0.3644830148102912,-0.9749279121818236,-0.2225209339563146,train
2022-04-24,1.1628019323671164,1.9680799220272496,5.695784600389813,10.380060916179296,2.491605750487275,19.14647904483427,6.0146418128654515,4.272844532537071,6.535648188809135,3.044536410999367,0.9248025743285089,-0.38044736628785164,-0.7818314824680299,0.6234898018587334,train
2022-04-25,0.69281602074863,1.1628019323671164,1.9680799220272496,5.695784600389813,2.5115264486974582,5.432249025341079,2.942222151594724,4.083015415662763,5.2510998236329085,3.210984258974864,0.9181214482844364,-0.39629913726891813,0.0,1.0,train
2022-04-26,0.621311623088503,0.69281602074863,1.1628019323671164,1.9680799220272496,2.148968141870642,9.142245160314543,1.2745659583809963,3.823199640241502,4.912568894733448,3.4257326265628776,0.9111686353326631,-0.41203363695942635,0.7818314824680298,0.6234898018587336,train
2022-04-27,1.238011695906404,0.621311623088503,0.69281602074863,1.1628019323671164,4.713885948107767,10.617141812865459,0.8256431920680808,3.6049629947011965,4.303930784931588,3.594660607582641,0.9039461929224011,-0.42764620926777464,0.9749279121818236,-0.22252093395631434,train
2022-04-28,6.4026383007326295,1.238011695906404,0.621311623088503,0.69281602074863,10.380060916179296,13.115448343079876,0.8507131132478433,3.108409530101002,3.6339929194345126,3.6555049864113083,0.8964562582905575,-0.44313223418263453,0.43388373911755823,-0.900968867902419,train
2022-04-29,6.526894641852057,6.4026383007326295,1.238011695906404,0.621311623088503,5.695784600389813,2.485209665585433,2.753987206575843,2.540206299322907,3.154506487838281,2.4457904368664334,0.8887010478292915,-0.45848712914008766,-0.433883739117558,-0.9009688679024191,train
2022-04-30,17.196832358674417,6.526894641852057,6.4026383007326295,1.238011695906404,1.9680799220272496,1.6503898635477166,4.7225148794970275,2.658936305246084,3.4431982718573257,2.63719159310783,0.8806828564301475,-0.47370635037968,-0.9749279121818236,-0.2225209339563146,train
2022-05-01,1.879946393762146,17.196832358674417,6.526894641852057,6.4026383007326295,1.1628019323671164,2.491605750487275,10.042121767086366,4.834472367624252,4.553658450080661,6.048017801997185,0.8724040568049612,-0.48878539428899265,-0.7818314824680299,0.6234898018587334,train
2022-05-02,0.8293859649122458,1.879946393762146,17.196832358674417,6.526894641852057,0.69281602074863,2.5115264486974582,8.534557798096204,4.93692157639497,4.509968496028866,5.981160771707689,0.8638670987837349,-0.503719798736334,0.0,1.0,train
2022-05-03,0.8607586374940874,0.8293859649122458,1.879946393762146,17.196832358674417,0.621311623088503,2.148968141870642,6.635388239116267,4.956431568418344,4.389815604329923,5.965211052646542,0.8550745085896932,-0.518505144391157,0.7818314824680298,0.6234898018587336,train
2022-05-04,1.5206749512670041,0.8607586374940874,0.8293859649122458,1.879946393762146,1.238011695906404,4.713885948107767,1.1900303320561574,4.9906382847619986,4.297800639731597,5.936827695780337,0.8460288880917339,-0.533137056031809,0.9749279121818236,-0.22252093395631434,train
2022-05-05,1.528417219323737,1.5206749512670041,0.8607586374940874,0.8293859649122458,6.4026383007326295,10.380060916179296,1.0702731845577766,5.031018749813512,4.069714139957257,5.9079404714194625,0.8367329140344921,-0.5476112038402312,0.43388373911755823,-0.900968867902419,train
2022-05-06,8.190921227400539,1.528417219323737,1.5206749512670041,0.8607586374940874,6.526894641852057,5.695784600389813,1.3032836026949404,4.334701452469385,3.4374538758961455,6.005767179995651,0.8271893372462497,-0.5619233046832195,-0.433883739117558,-0.9009688679024191,train
2022-05-07,1.6216794380587,8.190921227400539,1.528417219323737,1.5206749512670041,17.196832358674417,1.9680799220272496,3.746671132663758,4.572419536119169,3.6156779206826255,6.138465976716183,0.8174009818249189,-0.5760691233798758,-0.9749279121818236,-0.2225209339563146,train
2022-05-08,5.002022417153954,1.6216794380587,8.190921227400539,1.528417219323737,1.879946393762146,1.1628019323671164,3.7803392949276566,2.3473976903169222,3.5909350289705873,2.606421550572641,0.8073707443023492,-0.5900444739548627,-0.7818314824680299,0.6234898018587334,train
2022-05-09,2.9546296296295957,5.002022417153954,1.6216794380587,8.190921227400539,0.8293859649122458,0.69281602074863,4.938207694204395,2.7934085508014665,3.8651650635982184,2.7747865295589142,0.7971015927871943,-0.6038452208771035,0.0,1.0,train
2022-05-10,1.5664351851851501,2.9546296296295957,5.002022417153954,1.6216794380587,0.8607586374940874,0.621311623088503,3.192777161614081,3.097014788618231,4.026723178518287,2.636917771206135,0.7865965660866021,-0.6174672802835514,0.7818314824680298,0.6234898018587336,train
2022-05-11,0.9257066276802751,1.5664351851851501,2.9546296296295957,5.002022417153954,1.5206749512670041,1.238011695906404,3.174362410656231,3.197825724002669,4.094232004382333,2.549205903439003,0.7758587728069828,-0.6309066211876704,0.9749279121818236,-0.22252093395631434,train
2022-05-12,1.4094907407407,0.9257066276802751,1.5664351851851501,2.9546296296295957,1.528417219323737,6.4026383007326295,1.8155904808316714,3.1128302492045643,4.071924499509039,2.6232875457779294,0.7648913904341225,-0.6441592666722685,0.43388373911755823,-0.900968867902419,train
2022-05-13,2.2080484976809416,1.4094907407407,0.9257066276802751,1.5664351851851501,8.190921227400539,6.526894641852057,1.3005441845353727,3.0958407522641305,3.7152711023667577,2.6356152228589598,0.753697664392914,-0.6572212950663319,-0.433883739117558,-0.9009688679024191,train
2022-05-14,2.2902168615983958,2.2080484976809416,1.4094907407407,0.9257066276802751,1.6216794380587,17.196832358674417,1.5144152887006364,2.241144648018474,3.4067820920688208,1.3780177576678811,0.742280907086982,-0.6700888411055113,-0.9749279121818236,-0.2225209339563146,train
2022-05-15,2.106018518518471,2.2902168615983958,2.2080484976809416,1.4094907407407,5.002022417153954,1.879946393762146,1.96925203334001,2.3366499942384302,2.3420238422776762,1.3508281213381081,0.7306444969184916,-0.6827580970759147,-0.7818314824680299,0.6234898018587334,train
2022-05-16,1.6907686176363252,2.106018518518471,2.2902168615983958,2.2080484976809416,2.9546296296295957,0.8293859649122458,2.2014279592659336,1.9229351515762185,2.3581718511888425,0.6707310200902873,0.7187918772884232,-0.6952253139408722,0.0,1.0,train
2022-05-17,1.5996466861598,1.6907686176363252,2.106018518518471,2.2902168615983958,1.5664351851851501,0.8607586374940874,2.029001332584395,1.7423835784343227,2.4196991835262764,0.4933890144290968,0.7067265555776158,-0.7074868024503348,0.7818314824680298,0.6234898018587336,train
2022-05-18,1.1248781676412791,1.5996466861598,1.6907686176363252,2.106018518518471,0.9257066276802751,1.5206749512670041,1.798811274104863,1.7471280785735583,2.4724769012881134,0.49157141371898977,0.6944521021088763,-0.719538934232584,0.9749279121818236,-0.22252093395631434,train
2022-05-19,1.5577903091060499,1.1248781676412791,1.5996466861598,1.6907686176363252,1.4094907407407,1.528417219323737,1.4717644904791325,1.7755811557108445,2.444205702457704,0.439061392288834,0.6819721490904629,-0.7313781428679254,0.43388373911755823,-0.900968867902419,train
2022-05-20,1.8899801587301248,1.5577903091060499,1.1248781676412791,1.5996466861598,2.2080484976809416,8.190921227400539,1.427438387635707,1.7967668083344661,2.4463037802992984,0.4216867468836424,0.6692903895412567,-0.7430009249440493,-0.433883739117558,-0.9009688679024191,train
2022-05-21,0.40663986354773285,1.8899801587301248,1.5577903091060499,1.1248781676412791,2.2902168615983958,1.6216794380587,1.5242162118258156,1.7513284741986352,1.9962365611085544,0.38557357279358806,0.6564105761979381,-0.7544038410927472,-0.9749279121818236,-0.2225209339563146,train
2022-05-22,0.9655092592592333,0.40663986354773285,1.8899801587301248,1.5577903091060499,2.106018518518471,5.002022417153954,1.2848034437946334,1.4822460459056832,1.909448020072057,0.5631682953387627,0.6433365204044917,-0.765583517007675,-0.7818314824680299,0.6234898018587334,train
2022-05-23,2.9137507433838334,0.9655092592592333,0.40663986354773285,1.8899801587301248,1.6907686176363252,2.9546296296295957,1.0873764271790278,1.319316151725792,1.621125651651005,0.5155988313619013,0.6300720909843687,-0.7765366444428655,0.0,1.0,train
2022-05-24,1.2265406191884083,2.9137507433838334,0.9655092592592333,0.40663986354773285,1.5996466861598,1.5664351851851501,1.4286332887302642,1.4940278839754362,1.6182057312048794,0.7943160932898575,0.6166212130956382,-0.7872599821916922,0.7818314824680298,0.6234898018587336,train
2022-05-25,1.8296418128654544,1.2265406191884083,2.9137507433838334,0.9655092592592333,1.1248781676412791,0.9257066276802751,1.7019335406104892,1.4407270172652373,1.5939275479193977,0.7985544820757432,0.6029878670694714,-0.7977503570459932,0.9749279121818236,-0.22252093395631434,train
2022-05-26,1.5856725146198416,1.8296418128654544,1.2265406191884083,2.9137507433838334,1.5577903091060499,1.4094907407407,1.989977725145896,1.5414075380115482,1.6584943468611963,0.7965209577367574,0.5891760872322963,-0.8080046647350754,0.43388373911755823,-0.900968867902419,train
2022-05-27,1.183260233918079,1.5856725146198416,1.8296418128654544,1.2265406191884083,1.8899801587301248,2.2080484976809416,1.5472849822245653,1.5453907102278042,1.6710787592811351,0.7966862358149908,0.5751899607119775,-0.8180198708443174,-0.433883739117558,-0.9009688679024191,train
2022-05-28,1.0256578947368042,1.183260233918079,1.5856725146198416,1.8296418128654544,0.40663986354773285,2.2902168615983958,1.5328581871344558,1.4444307209689404,1.5978795975837876,0.7904956154060866,0.5610336262283677,-0.8277930117131022,-0.9749279121818236,-0.2225209339563146,train
2022-07-02,1.9243055555555166,2.1233300264549873,1.8625918499461582,1.303410300499425,0.8848075048732417,2.051423929447235,1.7631107256335208,1.3673722241018986,1.4528786872700656,0.9513491106103993,-0.00645086419810515,-0.9999791929590823,-0.9749279121818236,-0.2225209339563146,train
2022-07-03,1.2680921052631084,1.9243055555555166,2.1233300264549873,1.8625918499461582,2.803179824561367,,1.970075810652218,1.5158719456279377,1.4369888905336008,0.9445750047809686,-0.023651127245231586,-0.9997202729664083,-0.7818314824680299,0.6234898018587334,train
2022-07-04,1.7617509840400292,1.2680921052631084,1.9243055555555166,2.1233300264549873,0.4075779727095208,,1.7719092290912017,1.2965737000139008,1.4182225810591016,0.7550853007401632,-0.04084439154329611,-0.9991655196610109,0.0,1.0,train
2022-07-05,3.342104297693875,1.7617509840400292,1.2680921052631084,1.9243055555555166,0.18670808966859,,1.6513828816195488,1.4900269873468306,1.4525754213571944,0.6563827834061765,-0.05802556932878035,-0.9983150972033183,0.7818314824680298,0.6234898018587336,train
2022-07-06,2.0342714424950876,3.342104297693875,1.7617509840400292,1.2680921052631084,1.303410300499425,,2.123982462332335,1.9407978742075858,1.624350773751438,0.6945285712242434,-0.07518957641475855,-0.9971692572470178,0.9749279121818236,-0.22252093395631434,train
2022-07-07,3.1961230741617874,2.0342714424950876,3.342104297693875,1.7617509840400292,1.8625918499461582,,2.3793755747429945,2.0452066087783947,1.6585108294800754,0.6351359066305957,-0.09233133369539122,-0.9957283388645872,0.43388373911755823,-0.900968867902419,train
2022-07-08,1.0674272486771959,3.1961230741617874,2.0342714424950876,3.342104297693875,2.1233300264549873,,2.8574996047835803,2.2357110693806272,1.776788694455592,0.7591225892360454,-0.10944576864891556,-0.993992768446958,-0.433883739117558,-0.9009688679024191,train
2022-07-09,0.8757797270954816,1.0674272486771959,3.1961230741617874,2.0342714424950876,1.9243055555555166,0.8848075048732417,2.0992739217780207,2.0848678154123714,1.726120019757135,0.8803961616761756,-0.12652781683868314,-0.9919630595773397,-0.9749279121818236,-0.2225209339563146,train
2022-07-10,1.1741593567251027,0.8757797270954816,1.0674272486771959,3.1961230741617874,1.2680921052631084,2.803179824561367,1.7131100166448192,1.9350784113466521,1.725475178487295,0.9941193855193118,-0.1435724234118113,-0.9896398128792412,-0.7818314824680299,0.6234898018587334,train
2022-07-11,1.782407407407369,1.1741593567251027,0.8757797270954816,1.0674272486771959,1.7617509840400292,0.4075779727095208,1.0391221108325908,1.9216594472697943,1.6091165736418473,1.005195396510605,-0.16057454459499376,-0.9870237158387383,0.0,1.0,train
2022-07-12,0.9499025341130217,1.782407407407369,1.1741593567251027,0.8757797270954816,3.342104297693875,0.18670808966859,1.2774488304093152,1.9246103648937,1.707318676120265,1.0046779060629543,-0.17752914918703497,-0.984115542601034,0.7818314824680298,0.6234898018587336,train
2022-07-13,1.3176413255360082,0.9499025341130217,1.782407407407369,1.1741593567251027,2.0342714424950876,1.303410300499425,1.3021564327484951,1.5828672558107209,1.761832565009153,0.8346170785861641,-0.19443122004766195,-0.9809161537413774,0.9749279121818236,-0.22252093395631434,train
2022-07-14,6.419030214424904,1.3176413255360082,0.9499025341130217,1.782407407407369,3.1961230741617874,1.8625918499461582,1.3499837556854637,1.4804915248165664,1.7628490667974805,0.813708335284007,-0.2112757555821793,-0.9774264960104055,0.43388373911755823,-0.900968867902419,train
2022-07-15,2.3796518655354375,6.419030214424904,1.3176413255360082,0.9499025341130217,1.0674272486771959,2.1233300264549873,2.8955246913579753,1.9409068305684403,2.0883089499745338,1.9972741644851708,-0.2280577712215198,-0.9736476020539838,-0.433883739117558,-0.9009688679024191,train
2022-07-16,1.041227650063825,2.3796518655354375,6.419030214424904,1.3176413255360082,0.8757797270954816,1.9243055555555166,3.372107801832114,2.1283674901196177,2.1066176527659946,1.9629129995278012,-0.24477230089725957,-0.9695805901076308,-0.9749279121818236,-0.2225209339563146,train
2022-07-17,0.4946759259258866,1.041227650063825,2.3796518655354375,6.419030214424904,1.1741593567251027,1.2680921052631084,3.279969910008053,2.152002907686524,2.043540659516588,1.9462421551674554,-0.2614143985111562,-0.965226663665613,-0.7818314824680299,0.6234898018587334,train
2022-07-20,1.1137611749680398,2.02149204028585,,0.4946759259258866,1.3176413255360082,2.0342714424950876,1.2580839831058643,2.2789531702953183,1.9041376778805352,2.1380549386346,-0.3108569682435036,-0.9504567035349151,0.9749279121818236,-0.22252093395631434,train
2022-07-21,1.1279431216930738,1.1137611749680398,2.02149204028585,,6.419030214424904,3.1961230741617874,1.567626607626941,2.244973145200657,1.8333291957630702,2.157916526354374,-0.3271603271220951,-0.9449688462364056,0.43388373911755823,-0.900968867902419,train
2022-07-22,1.2218880687651459,1.1279431216930738,1.1137611749680398,2.02149204028585,2.3796518655354375,1.0674272486771959,1.421065445648985,1.3631252964120186,1.6742384301885533,0.6988688803150706,-0.34336687399638804,-0.939201357453208,-0.433883739117558,-0.9009688679024191,train
2022-07-23,1.29445242656445,1.2218880687651459,1.1279431216930738,1.1137611749680398,1.041227650063825,0.8757797270954816,1.154530788475417,1.1701646636169698,1.6861200317337803,0.49098012449624806,-0.3594718130884232,-0.9331559438780432,-0.9749279121818236,-0.2225209339563146,train
2022-07-24,0.9787689488588521,1.29445242656445,1.2218880687651459,1.1279431216930738,0.4946759259258866,1.1741593567251027,1.2147612056742205,1.2123687930337408,1.7183256240006242,0.48855766836009756,-0.3754703786876202,-0.9268343944460494,-0.7818314824680299,0.6234898018587334,train
2022-07-26,0.7119578460038575,0.7821969696969348,0.9787689488588521,1.29445242656445,2.02149204028585,0.9499025341130217,1.018472781706743,1.220071821547478,1.626356328187033,0.3910586599908944,-0.4071294853542516,-0.9133704517637858,0.7818314824680298,0.6234898018587336,train
2022-07-27,1.0782041910331,0.7119578460038575,0.7821969696969348,0.9787689488588521,1.1137611749680398,1.3176413255360082,0.8243079215198788,1.032995508078622,1.608052890640174,0.2192729915864563,-0.4227806579826773,-0.9062320427107697,0.9749279121818236,-0.22252093395631434,train
2022-07-28,1.7058235867446,1.0782041910331,0.7119578460038575,0.7821969696969348,1.1279431216930738,6.419030214424904,0.8574530022446281,1.027915938945059,1.589634649524566,0.21749482252226623,-0.4383067230125192,-0.898825465016444,0.43388373911755823,-0.900968867902419,train
2022-07-29,1.191325536062325,1.7058235867446,1.0782041910331,0.7119578460038575,1.2218880687651459,2.3796518655354375,1.1653285412605163,1.110470291095277,1.2270802935491578,0.33805097771094567,-0.45370308603134424,-0.8911529104063088,-0.433883739117558,-0.9009688679024191,train
2022-07-30,0.9028336526180917,1.191325536062325,1.7058235867446,1.0782041910331,1.29445242656445,1.041227650063825,1.3251177712800055,1.106104214994874,1.13567057589738,0.3365662372406916,-0.46896519100763184,-0.8832166493127127,-0.9749279121818236,-0.2225209339563146,train
2022-07-31,1.7721003898635026,0.9028336526180917,1.191325536062325,1.7058235867446,0.9787689488588521,0.4946759259258866,1.2666609251416696,1.0501586758596801,1.1250248837861698,0.332564665788417,-0.48408852163897587,-0.8750190302029955,-0.7818314824680299,0.6234898018587334,train
2022-08-01,1.9439571150097148,1.7721003898635026,0.9028336526180917,1.191325536062325,0.7821969696969348,,1.2887531928479703,1.1634917388603443,1.2232883040890634,0.4261823171483271,-0.4990686026885319,-0.8665624788845385,0.0,1.0,train
2022-08-02,1.2454933520908718,1.9439571150097148,1.7721003898635026,0.9028336526180917,0.7119578460038575,2.02149204028585,1.5396303858304334,1.3294574739050273,1.2747646477262526,0.4762205950001268,-0.5139010013093103,-0.8578494977869301,0.7818314824680298,0.6234898018587336,train
2022-08-03,2.5571326077539083,1.2454933520908718,1.9439571150097148,1.7721003898635026,1.0782041910331,1.1137611749680398,1.6538502856546937,1.4056768319174577,1.21933616999804,0.3970295497308308,-0.5285813283559292,-0.8488826652214553,0.9749279121818236,-0.22252093395631434,train
2022-08-04,1.8532726692209078,2.5571326077539083,1.2454933520908718,1.9439571150097148,1.7058235867446,1.1279431216930738,1.915527691618162,1.6169523200204305,1.322434129482745,0.5555696071336899,-0.5431052396834317,-0.8396646346181327,0.43388373911755823,-0.900968867902419,train
2022-08-05,0.6153508771929481,1.8532726692209078,2.5571326077539083,1.2454933520908718,1.191325536062325,1.2218880687651459,1.885299543021893,1.638016474659903,1.3742433828775902,0.5622557018158261,-0.5574684374327892,-0.8301981337405212,-0.433883739117558,-0.9009688679024191,train
2022-08-06,0.6523148148147856,0.6153508771929481,1.8532726692209078,2.5571326077539083,0.9028336526180917,1.29445242656445,1.6752520513892517,1.555734380535706,1.3309192977652902,0.6702870745520734,-0.5716666713027052,-0.8204859638785327,-0.9749279121818236,-0.2225209339563146,train
2022-08-07,1.0286111111110783,0.6523148148147856,0.6153508771929481,1.8532726692209078,1.7721003898635026,0.9787689488588521,1.040312787076211,1.5199459751352342,1.285052325497457,0.7160808212478215,-0.5856957398073508,-0.8105309990194823,-0.7818314824680299,0.6234898018587334,train
2022-08-10,17.19799648786714,13.804096045197694,,1.0286111111110783,2.5571326077539083,1.0782041910331,7.416353578154382,3.418463020881887,2.334655072977964,5.143413068613695,-0.6267266965083301,-0.7792391467859886,0.9749279121818236,-0.22252093395631434,train
2022-08-11,3.7608187134502455,17.19799648786714,13.804096045197694,,1.8532726692209078,1.7058235867446,15.501046266532411,5.858607000900759,3.5746390958113516,7.558853439507661,-0.6400381082043503,-0.7683431655492202,0.43388373911755823,-0.900968867902419,train
2022-08-12,4.577229532163692,3.7608187134502455,17.19799648786714,13.804096045197694,0.6153508771929481,1.191325536062325,11.587637082171689,6.176531341605649,3.732715644019478,7.395037307164035,-0.65316012232693,-0.7572198192083127,-0.433883739117558,-0.9009688679024191,train
2022-08-13,1.5258040935672126,4.577229532163692,3.7608187134502455,17.19799648786714,0.6523148148147856,0.9028336526180917,8.512014911160355,6.8368444507674395,3.9931697975657365,6.963445147035666,-0.666088855860977,-0.7458723993404063,-0.9749279121818236,-0.2225209339563146,train
2022-08-14,0.7835648148147755,1.5258040935672126,4.577229532163692,3.7608187134502455,1.0286111111110783,1.7721003898635026,3.2879507797270464,6.982425997226176,4.041090600715669,6.815855346421164,-0.6788204829862355,-0.734304263829602,-0.7818314824680299,0.6234898018587334,train
2022-08-16,0.9616578679425872,0.8995126705652662,0.7835648148147755,1.5258040935672126,13.804096045197694,1.2454933520908718,1.0696271929824146,6.078431765375146,3.8847075222931173,6.665067945621414,-0.7036774074790128,-0.7105196029692745,0.7818314824680298,0.6234898018587336,train
2022-08-17,2.4555555555555166,0.9616578679425872,0.8995126705652662,0.7835648148147755,17.19799648786714,2.5571326077539083,0.8815784511075394,4.243797740052988,3.8628740235124797,5.908653214048769,-0.7157953492826642,-0.6983101158835584,0.9749279121818236,-0.22252093395631434,train
2022-08-18,5.656912515964187,2.4555555555555166,0.9616578679425872,0.8995126705652662,3.7608187134502455,1.8532726692209078,1.4389086980211196,2.1377347497227563,3.8550604041126038,1.517186678318824,-0.7277014757264236,-0.6858939875998223,0.43388373911755823,-0.900968867902419,train
2022-08-19,4.410879629629592,5.656912515964187,2.4555555555555166,0.9616578679425872,4.577229532163692,0.6153508771929481,3.024708646487427,2.4086052929390336,4.147648084631317,1.959921220356886,-0.7393922635959241,-0.673274892250183,-0.433883739117558,-0.9009688679024191,train
2022-08-20,16.15797131819902,4.410879629629592,5.656912515964187,2.4555555555555166,1.5258040935672126,0.6523148148147856,4.174449233716428,2.3848410211484485,4.439611834818752,1.9300244119419872,-0.7508642533989489,-0.6604565640279754,-0.9749279121818236,-0.2225209339563146,train
2022-08-21,0.6965277777777542,16.15797131819902,4.410879629629592,5.656912515964187,0.7835648148147755,1.0286111111110783,8.741921154597597,4.475150624667277,5.632354642771385,5.488250775532444,-0.7621140503891487,-0.6474427960827475,-0.7818314824680299,0.6234898018587334,train
2022-08-22,1.766981390257204,0.6965277777777542,16.15797131819902,4.410879629629592,0.8995126705652662,,7.088459575202118,4.462716762233417,5.606809770976515,5.498097884295697,-0.7731383255706026,-0.6342374393978054,0.0,1.0,train
2022-08-25,4.284223239257538,3.62245370370365,,1.766981390257204,5.656912515964187,3.7608187134502455,2.6947175469804217,5.385287722588568,3.6366053525838997,5.572399076231428,-0.8048257371083452,-0.593511190196115,0.43388373911755823,-0.900968867902419,train
2022-08-26,1.976782214884434,4.284223239257538,3.62245370370365,,4.410879629629592,4.577229532163692,3.953338471480589,5.156506176470793,3.6768672391844603,5.587175929160219,-0.8149159841660791,-0.5795791048257612,-0.433883739117558,-0.9009688679024191,train
2022-08-27,4.706249999999965,1.976782214884434,4.284223239257538,3.62245370370365,16.15797131819902,1.5258040935672126,3.2944863859485376,4.750823274013267,3.4768328301629796,5.738464744814431,-0.8247650844733614,-0.5654755126737576,-0.9749279121818236,-0.2225209339563146,train
2022-08-28,3.4703903225771167,4.706249999999965,1.976782214884434,4.284223239257538,0.6965277777777542,0.7835648148147755,3.655751818047309,2.842203054313424,3.7214825152731907,1.591971202873579,-0.8343701235229538,-0.5512045872199277,-0.7818314824680299,0.6234898018587334,train
2022-08-29,3.4427870330494876,3.4703903225771167,4.706249999999965,1.976782214884434,1.766981390257204,0.8995126705652662,3.3844741791538353,3.3045134784466508,3.9281614004856786,1.1983465972741314,-0.8437282590292712,-0.5367705514607103,0.0,1.0,train
2022-09-02,2.3843568944047875,4.895122924648746,,4.5870614035087165,1.976782214884434,4.410879629629592,4.741092164078726,3.84639898311141,4.501452579791102,1.112429636143499,-0.8786374941610001,-0.4774894280028391,-0.433883739117558,-0.9009688679024191,train
2022-09-03,3.287828947368379,2.3843568944047875,4.895122924648746,,4.706249999999965,16.15797131819902,3.639739909526761,3.914328096364802,4.332575685189035,0.9799910713268337,-0.886721063082993,-0.46230483047981086,-0.9749279121818236,-0.2225209339563146,train
2022-09-04,3.3920948977596166,3.287828947368379,2.3843568944047875,4.895122924648746,3.4703903225771167,0.6965277777777542,3.5224362554739677,3.677924587592871,3.260063820953148,0.9199949638861731,-0.8945422369764496,-0.4469834295196741,-0.7818314824680299,0.6234898018587334,train
2022-09-05,3.4095789011385875,3.3920948977596166,3.287828947368379,2.3843568944047875,3.4427870330494876,1.766981390257204,3.021426913177591,3.6648753501232885,3.4846944142849696,0.924073602341602,-0.9020987014301837,-0.43152975897147144,0.0,1.0,train
2022-09-06,3.6902398876093727,3.4095789011385875,3.3920948977596166,3.287828947368379,4.5870614035087165,,3.363167582088858,3.6593406614714716,3.621577540191751,0.925767721659771,-0.9093882203647925,-0.4159483918249421,0.7818314824680298,0.6234898018587336,train
2022-09-08,1.5585218779636707,7.508589871861709,3.6902398876093727,3.4095789011385875,4.895122924648746,4.284223239257538,4.869469553536553,4.0811160463987415,3.9257928106206497,1.6831011316258557,-0.9231578729647039,-0.38442104726885545,0.43388373911755823,-0.900968867902419,train
2022-09-09,2.0597100389863168,1.5585218779636707,7.508589871861709,3.6902398876093727,2.3843568944047875,1.976782214884434,4.25245054581158,3.60445875401516,3.716123475136506,1.8756081429671736,-0.9296339319682695,-0.3684843993077793,-0.433883739117558,-0.9009688679024191,train
2022-09-10,2.1690180311890415,2.0597100389863168,1.5585218779636707,7.508589871861709,3.287828947368379,4.706249999999965,3.708940596270562,3.5580806318125218,3.7225025385289587,1.914418056443171,-0.9358348973349941,-0.35243871088460327,-0.9749279121818236,-0.2225209339563146,train
2022-09-11,1.6702666028096624,2.1690180311890415,2.0597100389863168,1.5585218779636707,3.3920948977596166,3.4703903225771167,1.9290833160463396,3.398250500929759,3.527330848620426,1.9861024734117598,-0.9417589340994617,-0.33628873017668287,-0.7818314824680299,0.6234898018587334,train
2022-09-14,42.54493177387909,20.520117663857217,,1.6702666028096624,7.508589871861709,,11.095192133333434,5.914370681111269,4.712120544966425,7.506547716676616,-0.9578523554276669,-0.28726097055059635,0.9749279121818236,-0.22252093395631434,train
2022-09-15,11.909339080459725,42.54493177387909,20.520117663857217,,1.5585218779636707,4.895122924648746,31.53252471886815,11.753760998114167,7.6223367933443225,16.830964848223704,-0.9626519747161487,-0.2707418984477642,0.43388373911755823,-0.900968867902419,train
2022-09-16,2.3620370370369916,11.909339080459725,42.54493177387909,20.520117663857217,2.0597100389863168,2.3843568944047875,24.991462839398675,13.478897198530177,8.16189188225286,16.091187793158433,-0.9671667297977312,-0.2541427094613622,-0.433883739117558,-0.9009688679024191,train
2022-09-17,2.2025219298245,2.3620370370369916,11.909339080459725,42.54493177387909,2.1690180311890415,3.287828947368379,18.938769297125265,13.529285031538622,8.160174970147644,16.048695484908833,-0.97139528468375,-0.23746831555846842,-0.9749279121818236,-0.2225209339563146,train
2022-09-18,2.694795657726658,2.2025219298245,2.3620370370369916,11.909339080459725,1.6702666028096624,3.3920948977596166,5.49129934910707,13.53486901464453,8.07668981495196,16.043957384601732,-0.9753363880767837,-0.2207236509605022,-0.7818314824680299,0.6234898018587334,train
2022-09-21,7.814734352649354,3.3316498341726164,,2.694795657726658,42.54493177387909,7.508589871861709,3.0132227459496335,10.84087921884993,8.3776249499806,15.972149132921185,-0.9854237542919524,-0.17011767832049052,0.9749279121818236,-0.22252093395631434,train
2022-09-22,6.141746341406221,7.814734352649354,3.3316498341726164,,11.909339080459725,1.5585218779636707,5.573192093410982,5.052512981978308,8.403136990046237,3.9630100127964294,-0.9882042449941422,-0.15314166701312007,0.43388373911755823,-0.900968867902419,train
2022-09-23,5.555107855107809,6.141746341406221,7.814734352649354,3.3316498341726164,2.3620370370369916,2.0597100389863168,5.7627101760760615,4.09124752546939,8.785072361999783,2.330382771427678,-0.9906923101615609,-0.13612033862266704,-0.433883739117558,-0.9009688679024191,train
2022-09-24,2.6457774584929292,5.555107855107809,6.141746341406221,7.814734352649354,2.2025219298245,2.1690180311890415,6.503862849721126,4.623425995147859,9.07635551334324,2.2184162781896144,-0.9928872135356962,-0.11905873003404988,-0.9749279121818236,-0.2225209339563146,train
2022-09-25,0.8541826309067213,2.6457774584929292,5.555107855107809,6.141746341406221,2.694795657726658,1.6702666028096624,4.780877218335651,4.697301916592598,9.116085465618564,2.1271777192844827,-0.994788305609327,-0.10196189005174576,-0.7818314824680299,0.6234898018587334,train
2022-09-27,1.3613904853128627,0.8938271604937762,0.8541826309067213,2.6457774584929292,3.3316498341726164,20.520117663857217,1.464595749964473,3.891003661889918,8.420828367385663,2.686371836568175,-0.9977068927101168,-0.06768276175455162,0.7818314824680298,0.6234898018587336,train
2022-09-28,2.2156858129315355,1.3613904853128627,0.8938271604937762,0.8541826309067213,7.814734352649354,42.54493177387909,1.036466758904451,3.609538040624239,6.94708012288225,2.8528076145173475,-0.9987235240803972,-0.050510617185222886,0.9749279121818236,-0.22252093395631434,train
2022-10-01,7.6719588122605,7.77152777777773,,2.2156858129315355,2.6457774584929292,2.2025219298245,4.993606795354629,2.6237318876525926,3.6235789414002255,2.622371860962319,-0.9999994220246925,0.001075151282798226,-0.9749279121818236,-0.2225209339563146,train
2022-10-02,18.959003831417583,7.6719588122605,7.77152777777773,,0.8541826309067213,2.694795657726658,7.721743295019111,3.4614287799471875,4.079365348269892,3.3364011587582594,-0.999832969770105,0.018276557681691223,-0.7818314824680299,0.6234898018587334,train
2022-10-03,19.56601213282243,18.959003831417583,7.6719588122605,7.77152777777773,0.8938271604937762,,11.467496807151937,6.478898980032331,5.4347160294108035,6.846958521923106,-0.9993706508539969,0.03547255575312556,0.0,1.0,train
2022-10-04,7.801157407407362,19.56601213282243,18.959003831417583,7.6719588122605,1.3613904853128627,3.3316498341726164,15.398991592166837,9.590929808753772,6.521738806596312,7.954562127178706,-0.9986126020839734,0.052658056924614005,0.7818314824680298,0.6234898018587336,train
2022-10-05,6.888943816698009,7.801157407407362,19.56601213282243,18.959003831417583,2.2156858129315355,7.814734352649354,15.442057790549123,10.664224295769523,6.865547081460523,6.999164158856966,-0.9975590477788613,0.06982797572987089,0.9749279121818236,-0.22252093395631434,train
2022-10-07,2.167777628212533,11.710745614035043,6.888943816698009,7.801157407407362,7.77152777777773,5.555107855107809,8.800282279380136,11.481335627488379,7.222716984281868,5.5413287393221315,-0.9945667569706337,0.1041007489354256,-0.433883739117558,-0.9009688679024191,train
2022-10-08,1.7187729905538571,2.167777628212533,11.710745614035043,6.888943816698009,7.6719588122605,2.6457774584929292,6.922489019648526,10.68079989183621,6.962153120674539,6.490141642767791,-0.9926289059345095,0.121193461470736,-0.9749279121818236,-0.2225209339563146,train
2022-10-09,3.9052396072495292,1.7187729905538571,2.167777628212533,11.710745614035043,18.959003831417583,0.8541826309067213,5.199098744267142,9.830344774449545,6.890845084679226,7.290787742641094,-0.9903973200352558,0.1382503109109819,-0.7818314824680299,0.6234898018587334,train
2022-10-10,34.578935185185145,3.9052396072495292,1.7187729905538571,2.167777628212533,19.56601213282243,0.8938271604937762,2.597263408671971,7.679807028139824,7.125541775167134,6.302569348096183,-0.9878726596350429,0.15526624985999563,0.0,1.0,train
2022-10-13,1.5897908684546251,2.802785759897775,,34.578935185185145,11.710745614035043,,18.690860472541456,9.480709464188982,10.46190504695979,12.839790921631495,-0.9785481345802031,0.20601832032517084,0.43388373911755823,-0.900968867902419,train
2022-10-14,2.265969547935892,1.5897908684546251,2.802785759897775,,2.167777628212533,7.77152777777773,2.1962883141761966,7.793883673258911,9.779434725536316,13.149314827147897,-0.9748595108374125,0.22282040779479959,-0.433883739117558,-0.9009688679024191,train
2022-10-17,4.611207042931212,3.334844054580858,,2.265969547935892,34.578935185185145,19.56601213282243,2.8004068012583714,8.91446508321086,8.19424788441942,14.361434171281084,-0.9620675724981452,0.27281126433401914,0.0,1.0,train
2022-10-19,3.2302352567820587,4.1403095408514,4.611207042931212,3.334844054580858,2.802785759897775,6.888943816698009,4.028786879454487,3.124151135775295,6.642943471382156,1.138623507020623,-0.9521140536681102,0.3057430764672831,0.9749279121818236,-0.22252093395631434,train
2022-10-20,2.6880847953215916,3.2302352567820587,4.1403095408514,4.611207042931212,1.5897908684546251,11.710745614035043,3.9939172801882212,3.1953927185893423,6.33805109138916,1.127815890195336,-0.9467139181463862,0.3220757010206104,0.43388373911755823,-0.900968867902419,train
2022-10-21,5.776377278600182,2.6880847953215916,3.2302352567820587,4.1403095408514,2.265969547935892,2.167777628212533,3.3528765309850144,3.3784417064005035,5.586162689829706,0.8761513393367113,-0.9410336347451197,0.3383130181923076,-0.433883739117558,-0.9009688679024191,train
2022-10-23,6.020238095238046,2.95086500974655,5.776377278600182,2.6880847953215916,3.334844054580858,3.9052396072495292,3.805109027889438,3.8188461398305513,5.9895536622947345,1.09360534691427,-0.9288394302558068,0.3704825404820963,-0.7818314824680299,0.6234898018587334,train
2022-10-24,4.575012183235821,6.020238095238046,2.95086500974655,5.776377278600182,4.611207042931212,34.578935185185145,4.9158267945282565,4.202473859924436,6.165803536293777,1.3389991821153004,-0.9223291176290545,0.3864052261209853,0.0,1.0,train
2022-10-25,2.2717474596034872,4.575012183235821,6.020238095238046,2.95086500974655,4.1403095408514,,4.515371762740137,4.197303165682237,3.6654766194646675,1.3372264638126212,-0.9155458729775467,0.40221356823680365,0.7818314824680298,0.6234898018587336,train
2022-10-26,4.247136939571096,2.2717474596034872,4.575012183235821,6.020238095238046,3.2302352567820587,2.802785759897775,4.2889992460257815,3.9303657255039637,3.55826668409073,1.5239627630120212,-0.9084917035725082,0.41790288888678667,0.9749279121818236,-0.22252093395631434,train
2022-10-27,2.9891203703703333,4.247136939571096,2.2717474596034872,4.575012183235821,2.6880847953215916,1.5897908684546251,3.6979655274701315,4.075637394473826,3.669370620988678,1.4942784960461237,-0.9011686968561569,0.4334685453485363,0.43388373911755823,-0.900968867902419,train
2022-10-28,1.5858002712638832,2.9891203703703333,4.247136939571096,2.2717474596034872,5.776377278600182,2.265969547935892,3.1693349231816357,4.118642476623646,3.7770113519052706,1.4514062325375343,-0.8935790198239952,0.4489059314938798,-0.433883739117558,-0.9009688679024191,train
2022-10-29,3.1726608187133998,1.5858002712638832,2.9891203703703333,4.247136939571096,2.95086500974655,,2.940685860401768,3.519988618432746,3.7246906383151166,1.5164640989910456,-0.8857249183835637,0.4642104791518923,-0.9749279121818236,-0.2225209339563146,train
2022-10-30,2.531018518518471,3.1726608187133998,1.5858002712638832,2.9891203703703333,6.020238095238046,3.334844054580858,2.5825271534492025,3.5516737339994395,3.6852599369149943,1.5048636413214156,-0.8776087166898392,0.4793776594606945,-0.7818314824680299,0.6234898018587334,train
2022-10-31,4.917020991622787,2.531018518518471,3.1726608187133998,1.5858002712638832,4.575012183235821,4.611207042931212,2.429826536165248,3.053213794468071,3.6278438271962514,1.0642977620568026,-0.8692328164574792,0.49440298420761813,0.0,1.0,train
2022-11-01,1.7280630335416651,4.917020991622787,2.531018518518471,3.1726608187133998,2.2717474596034872,4.1403095408514,3.54023344295155,3.102072195666209,3.6496876806742216,1.150186599821296,-0.8605996962501181,0.5092820071573356,0.7818314824680298,0.6234898018587336,train
2022-11-02,0.5780092592592296,1.7280630335416651,4.917020991622787,2.531018518518471,4.247136939571096,3.2302352567820587,3.0587008478943054,3.024402991943092,3.4773843587235262,1.2311112703763838,-0.8517119107469189,0.5240103253675756,0.9749279121818236,-0.22252093395631434,train
2022-11-03,4.289388401559409,0.5780092592592296,1.7280630335416651,4.917020991622787,2.9891203703703333,2.6880847953215916,2.4076977614745583,2.5002418947556824,3.2879396446147524,1.394056416737767,-0.8425720899866032,0.5385835804920232,0.43388373911755823,-0.900968867902419,train
2022-11-04,2.608994708994675,4.289388401559409,0.5780092592592296,1.7280630335416651,1.5858002712638832,5.776377278600182,2.1984868981200982,2.685994470639836,3.40231847363174,1.5481642183051267,-0.8331829385891785,0.5529974600700271,-0.433883739117558,-0.9009688679024191,train
2022-11-05,2.9894673825367586,2.608994708994675,4.289388401559409,0.5780092592592296,3.1726608187133998,2.95086500974655,2.492130789937768,2.832165104601377,3.1760768615170605,1.47347748474857,-0.8235472349556007,0.5672476988027229,-0.9749279121818236,-0.2225209339563146,train
2022-11-06,4.215229885057429,2.9894673825367586,2.608994708994675,4.289388401559409,2.531018518518471,6.020238095238046,3.2959501643636115,2.805994613719,3.1788341738592183,1.4680388165582037,-0.8136678304455991,0.5813300798152042,-0.7818314824680299,0.6234898018587334,train
2022-11-07,15.377897509578501,4.215229885057429,2.9894673825367586,2.608994708994675,4.917020991622787,4.575012183235821,3.271230658862951,3.04659623751028,3.0499050159891743,1.5511251834816147,-0.8035476485339116,0.5952404359043674,0.0,1.0,train
2022-11-08,5.934275793650751,15.377897509578501,4.215229885057429,2.9894673825367586,1.7280630335416651,2.2717474596034872,7.527531592390893,4.541007168646811,3.821539682156508,4.955898675534662,-0.7931896839451843,0.6089746507720486,0.7818314824680298,0.6234898018587336,train
2022-11-09,6.7284670950688,5.934275793650751,15.377897509578501,4.215229885057429,0.5780092592592296,4.247136939571096,8.509134396095558,5.141894705805251,4.08314884887417,4.81086742041753,-0.7825970017677834,0.6225286602431057,0.9749279121818236,-0.22252093395631434,train
2022-11-10,6.0,6.7284670950688,5.934275793650751,15.377897509578501,4.289388401559409,2.9891203703703333,9.346880132766016,6.0205315394923336,4.260386717124006,4.380844948934057,-0.7717727365467836,0.6358984534680745,0.43388373911755823,-0.900968867902419,train
2022-11-11,6.0,6.0,6.7284670950688,5.934275793650751,2.608994708994675,1.5858002712638832,6.220914296239847,6.2649046249838465,4.47544954781184,4.3154055882253495,-0.7607200913564104,0.6490800741100398,-0.433883739117558,-0.9009688679024191,train
2022-11-12,6.0,6.0,6.0,6.7284670950688,2.9894673825367586,3.1726608187133998,6.242822365022931,6.749333952270321,4.790749528435848,4.016593645530226,-0.7494423368521954,0.6620696215153815,-0.9749279121818236,-0.2225209339563146,train
2022-11-13,6.0,6.0,6.0,6.0,4.215229885057429,2.531018518518471,6.0,7.179410040479356,4.992702327099176,3.695228764640594,-0.7379428103031386,0.6748632518680403,-0.7818314824680299,0.6234898018587334,train
2022-11-14,6.0,6.0,6.0,6.0,15.377897509578501,4.917020991622787,6.0,7.434377199756866,5.240486718633571,3.5137321094476257,-0.7262249146041543,0.6874571793269664,0.0,1.0,train
2022-11-15,6.0,6.0,6.0,6.0,5.934275793650751,1.7280630335416651,6.0,6.094677555531367,5.3178423620890864,0.2805462241317548,-0.7142921172691032,0.699847677146407,0.7818314824680298,0.6234898018587336,train
2022-11-16,6.0,6.0,6.0,6.0,6.7284670950688,0.5780092592592296,6.0,6.1040667278669725,5.622980716836111,0.275334681691956,-0.7021479494046978,0.7120310787787131,0.9749279121818236,-0.22252093395631434,train
2022-11-17,6.0,6.0,6.0,6.0,6.0,4.289388401559409,6.0,6.0,6.010265769746165,0.0,-0.6897960046655887,0.7240037789593305,0.43388373911755823,-0.900968867902419,train
2022-11-20,6.0,6.0,,6.0,6.0,4.215229885057429,6.0,6.0,6.635066944873499,0.0,-0.6515303615068021,0.75862255966641,-0.7818314824680299,0.6234898018587334,train
2022-11-21,6.0,6.0,6.0,,6.0,15.377897509578501,6.0,6.0,6.772356953715233,0.0,-0.6383844591746642,0.7697176640069211,0.0,1.0,train
2022-11-22,6.0,6.0,6.0,6.0,6.0,5.934275793650751,6.0,6.0,6.050980222209196,0.0,-0.6250496486104377,0.7805849965070866,0.7818314824680298,0.6234898018587336,train
2022-11-23,6.0,6.0,6.0,6.0,6.0,6.7284670950688,6.0,6.0,6.056035930389907,0.0,-0.6115298757991053,0.7912213413483807,0.9749279121818236,-0.22252093395631434,train
2022-11-24,6.0,6.0,6.0,6.0,6.0,6.0,6.0,6.0,6.0,0.0,-0.5978291414589552,0.801623551065242,0.43388373911755823,-0.900968867902419,train
2022-11-26,6.0,6.0,6.0,6.0,6.0,6.0,6.0,6.0,6.0,0.0,-0.5699010576127624,0.8217133225960589,-0.9749279121818236,-0.2225209339563146,train
2022-11-27,6.0,6.0,6.0,6.0,6.0,6.0,6.0,6.0,6.0,0.0,-0.5556819724760489,0.8313949395234058,-0.7818314824680299,0.6234898018587334,train
2022-11-28,6.0,6.0,6.0,6.0,6.0,6.0,6.0,6.0,6.0,0.0,-0.5412984521036173,0.8408305333122887,0.0,1.0,train
2022-11-29,6.0,6.0,6.0,6.0,6.0,6.0,6.0,6.0,6.0,0.0,-0.5267547528105542,0.8500173118187018,0.7818314824680298,0.6234898018587336,train
2022-11-30,6.0,6.0,6.0,6.0,6.0,6.0,6.0,6.0,6.0,0.0,-0.5120551783114646,0.8589525565270845,0.9749279121818236,-0.22252093395631434,train
2022-12-01,6.0,6.0,6.0,6.0,6.0,6.0,6.0,6.0,6.0,0.0,-0.4972040784469378,0.8676336233547726,0.43388373911755823,-0.900968867902419,train
2022-12-02,6.0,6.0,6.0,6.0,6.0,,6.0,6.0,6.0,0.0,-0.4822058478963526,0.8760579434344281,-0.433883739117558,-0.9009688679024191,train
2022-12-03,6.0,6.0,6.0,6.0,6.0,6.0,6.0,6.0,6.0,0.0,-0.46706492487743034,0.8842230238742036,-0.9749279121818236,-0.2225209339563146,train
2022-12-04,6.0,6.0,6.0,6.0,6.0,6.0,6.0,6.0,6.0,0.0,-0.451785789832884,0.8921264484954345,-0.7818314824680299,0.6234898018587334,train
2022-12-05,6.0,6.0,6.0,6.0,6.0,6.0,6.0,6.0,6.0,0.0,-0.4363729641045924,0.8997658785476209,0.0,1.0,train
2022-12-06,6.0,6.0,6.0,6.0,6.0,6.0,6.0,6.0,6.0,0.0,-0.42083100859565564,0.9071390534005044,0.7818314824680298,0.6234898018587336,train
2022-12-07,6.0,6.0,6.0,6.0,6.0,6.0,6.0,6.0,6.0,0.0,-0.4051645224207563,0.9142437912130223,0.9749279121818236,-0.22252093395631434,train
2022-12-08,6.0,6.0,6.0,6.0,6.0,6.0,6.0,6.0,6.0,0.0,-0.3893781415452015,0.9210779895789526,0.43388373911755823,-0.900968867902419,train
2022-12-09,6.0,6.0,6.0,6.0,6.0,6.0,6.0,6.0,6.0,0.0,-0.37347653741307074,0.9276396261490467,-0.433883739117558,-0.9009688679024191,train
2022-12-10,6.0,6.0,6.0,6.0,6.0,6.0,6.0,6.0,6.0,0.0,-0.3574644155648614,0.9339267592294762,-0.9749279121818236,-0.2225209339563146,train
2022-12-11,6.0,6.0,6.0,6.0,6.0,6.0,6.0,6.0,6.0,0.0,-0.34134651424503615,0.9399375283564133,-0.7818314824680299,0.6234898018587334,train
2022-12-12,6.0,6.0,6.0,6.0,6.0,6.0,6.0,6.0,6.0,0.0,-0.3251276029999093,0.9456701548465688,0.0,1.0,train
2022-12-13,6.0,6.0,6.0,6.0,6.0,6.0,6.0,6.0,6.0,0.0,-0.30881248126625377,0.9511229423235357,0.7818314824680298,0.6234898018587336,train
2022-12-14,6.0,6.0,6.0,6.0,6.0,6.0,6.0,6.0,6.0,0.0,-0.29240597695107734,0.9562942772197719,0.9749279121818236,-0.22252093395631434,train
2022-12-15,6.0,6.0,6.0,6.0,6.0,6.0,6.0,6.0,6.0,0.0,-0.27591294500296043,0.9611826292540837,0.43388373911755823,-0.900968867902419,train
2022-12-16,6.0,6.0,6.0,6.0,6.0,6.0,6.0,6.0,6.0,0.0,-0.2593382659754056,0.9657865518844574,-0.433883739117558,-0.9009688679024191,train
2022-12-17,6.0,6.0,6.0,6.0,6.0,6.0,6.0,6.0,6.0,0.0,-0.2426868445825954,0.9701046827361175,-0.9749279121818236,-0.2225209339563146,train
2022-12-18,6.0,6.0,6.0,6.0,6.0,6.0,6.0,6.0,6.0,0.0,-0.22596360824801906,0.974135744004672,-0.7818314824680299,0.6234898018587334,train
2022-12-19,6.0,6.0,6.0,6.0,6.0,6.0,6.0,6.0,6.0,0.0,-0.20917350564635637,0.9778785428342386,0.0,1.0,train
2022-12-20,6.0,6.0,6.0,6.0,6.0,6.0,6.0,6.0,6.0,0.0,-0.19232150523909483,0.9813319716704275,0.7818314824680298,0.6234898018587336,train
2022-12-21,6.0,6.0,6.0,6.0,6.0,6.0,6.0,6.0,6.0,0.0,-0.17541259380427843,0.9844950085880858,0.9749279121818236,-0.22252093395631434,train
2022-12-22,6.0,6.0,6.0,6.0,6.0,6.0,6.0,6.0,6.0,0.0,-0.15845177496083632,0.9873667175937016,0.43388373911755823,-0.900968867902419,train
2022-12-23,6.0,6.0,6.0,6.0,6.0,6.0,6.0,6.0,6.0,0.0,-0.14144406768794202,0.9899462489023779,-0.433883739117558,-0.9009688679024191,train
2022-12-24,6.0,6.0,6.0,6.0,6.0,6.0,6.0,6.0,6.0,0.0,-0.12439450483979998,0.9922328391893008,-0.9749279121818236,-0.2225209339563146,train
2022-12-25,6.0,6.0,6.0,6.0,6.0,6.0,6.0,6.0,6.0,0.0,-0.10730813165636247,0.9942258118156161,-0.7818314824680299,0.6234898018587334,train
2022-12-26,6.0,6.0,6.0,6.0,6.0,6.0,6.0,6.0,6.0,0.0,-0.09019000427034513,0.9959245770286599,0.0,1.0,train
2022-12-27,6.0,6.0,6.0,6.0,6.0,6.0,6.0,6.0,6.0,0.0,-0.07304518821104743,0.9973286321364752,0.7818314824680298,0.6234898018587336,train
2022-12-28,6.04621212121212,6.0,6.0,6.0,6.0,6.0,6.0,6.0,6.0,0.0,-0.05587875690537313,0.9984375616565666,0.9749279121818236,-0.22252093395631434,train
2022-12-29,6.0,6.04621212121212,6.0,6.0,6.0,6.0,6.0154040404040385,6.006601731601732,6.003300865800865,0.017466540040577565,-0.03869579017652689,0.9992510374388481,0.43388373911755823,-0.900968867902419,train
2022-12-30,6.0,6.0,6.04621212121212,6.0,6.0,6.0,6.0154040404040385,6.006601731601732,6.003300865800865,0.017466540040577565,-0.021501372740813793,0.999768818762748,-0.433883739117558,-0.9009688679024191,train
2022-12-31,6.0,6.0,6.0,6.04621212121212,6.0,6.0,6.0154040404040385,6.006601731601732,6.003300865800865,0.017466540040577565,-0.004300592702981974,0.9999907524084426,-0.9749279121818236,-0.2225209339563146,train
2023-01-01,6.0,6.0,6.0,6.0,6.0,6.0,6.0,6.006601731601732,6.003300865800865,0.017466540040577565,0.017201575418260506,0.9998520419557735,-0.7818314824680299,0.6234898018587334,train
2023-01-02,6.0,6.0,6.0,6.0,6.0,6.0,6.0,6.006601731601732,6.003300865800865,0.017466540040577565,0.03439806061360801,0.9994082116062598,0.0,1.0,train
2023-01-03,6.0,6.0,6.0,6.0,6.0,6.0,6.0,6.006601731601732,6.003300865800865,0.017466540040577565,0.051584366869408364,0.9986686402879997,0.7818314824680298,0.6234898018587336,train
2023-01-04,6.0,6.0,6.0,6.0,6.04621212121212,6.0,6.0,6.006601731601732,6.003300865800865,0.017466540040577565,0.06875540848113941,0.9976335468520451,0.9749279121818236,-0.22252093395631434,train
2023-01-05,6.0,6.0,6.0,6.0,6.0,6.0,6.0,6.0,6.003300865800865,0.0,0.08590610426133272,0.9963032375991965,0.43388373911755823,-0.900968867902419,train
2023-01-06,6.0,6.0,6.0,6.0,6.0,6.0,6.0,6.0,6.003300865800865,0.0,0.10303137904317879,0.9946781061893646,-0.433883739117558,-0.9009688679024191,train
2023-01-07,6.0,6.0,6.0,6.0,6.0,6.0,6.0,6.0,6.003300865800865,0.0,0.1201261651823505,0.9927586335250793,-0.9749279121818236,-0.2225209339563146,train
2023-01-08,6.0,6.0,6.0,6.0,6.0,6.0,6.0,6.0,6.003300865800865,0.0,0.13718540405660057,0.9905453876091833,-0.7818314824680299,0.6234898018587334,train
2023-01-09,6.0,6.0,6.0,6.0,6.0,6.0,6.0,6.0,6.003300865800865,0.0,0.1542040475626894,0.988039023376751,0.0,1.0,train
2023-01-10,6.0,6.0,6.0,6.0,6.0,6.0,6.0,6.0,6.003300865800865,0.0,0.17117705961019986,0.985240282501282,0.7818314824680298,0.6234898018587336,train
2023-01-11,6.0,6.0,6.0,6.0,6.0,6.04621212121212,6.0,6.0,6.003300865800865,0.0,0.18809941761179758,0.9821499931752291,0.9749279121818236,-0.22252093395631434,train
2023-01-12,6.0,6.0,6.0,6.0,6.0,6.0,6.0,6.0,6.0,0.0,0.20496611396949532,0.9787690698649216,0.43388373911755823,-0.900968867902419,train
2023-01-13,6.0,6.0,6.0,6.0,6.0,6.0,6.0,6.0,6.0,0.0,0.22177215755648186,0.975098513039961,-0.433883739117558,-0.9009688679024191,train
2023-01-14,6.0,6.0,6.0,6.0,6.0,6.0,6.0,6.0,6.0,0.0,0.23851257519407648,0.9711394088771653,-0.9749279121818236,-0.2225209339563146,train
2023-01-15,6.0,6.0,6.0,6.0,6.0,6.0,6.0,6.0,6.0,0.0,0.2551824131233728,0.9668929289391521,-0.7818314824680299,0.6234898018587334,train
2023-01-16,6.0,6.0,6.0,6.0,6.0,6.0,6.0,6.0,6.0,0.0,0.2717767384711357,0.9623603298276545,0.0,1.0,train
2023-01-17,6.0,6.0,6.0,6.0,6.0,6.0,6.0,6.0,6.0,0.0,0.2882906407095177,0.9575429528116719,0.7818314824680298,0.6234898018587336,train
2023-01-18,6.0,6.0,6.0,6.0,6.0,6.0,6.0,6.0,6.0,0.0,0.3047192331091634,0.9524422234305676,0.9749279121818236,-0.22252093395631434,train
2023-01-19,6.0,6.0,6.0,6.0,6.0,6.0,6.0,6.0,6.0,0.0,0.321057654185271,0.9470596510722283,0.43388373911755823,-0.900968867902419,train
2023-01-20,6.0,6.0,6.0,6.0,6.0,6.0,6.0,6.0,6.0,0.0,0.3373010691361842,0.9413968285264122,-0.433883739117558,-0.9009688679024191,train
2023-01-21,6.0,6.0,6.0,6.0,6.0,6.0,6.0,6.0,6.0,0.0,0.3534446712740877,0.9354554315134164,-0.9749279121818236,-0.2225209339563146,train
2023-01-22,6.0,6.0,6.0,6.0,6.0,6.0,6.0,6.0,6.0,0.0,0.3694836834473831,0.9292372181882051,-0.7818314824680299,0.6234898018587334,train
2023-01-23,6.0,6.0,6.0,6.0,6.0,6.0,6.0,6.0,6.0,0.0,0.38541335945432564,0.9227440286201427,0.0,1.0,train
2023-01-24,6.0,6.0,6.0,6.0,6.0,6.0,6.0,6.0,6.0,0.0,0.4012289854475009,0.9159777842484877,0.7818314824680298,0.6234898018587336,train
2023-01-25,6.0,6.0,6.0,6.0,6.0,6.0,6.0,6.0,6.0,0.0,0.4169258813287287,0.908940487313808,0.9749279121818236,-0.22252093395631434,train
2023-01-26,6.0,6.0,6.0,6.0,6.0,6.0,6.0,6.0,6.0,0.0,0.4324994021339788,0.901634220265486,0.43388373911755823,-0.900968867902419,train
2023-01-27,6.0,6.0,6.0,6.0,6.0,6.0,6.0,6.0,6.0,0.0,0.44794493940789115,0.8940611451454876,-0.433883739117558,-0.9009688679024191,train
2023-01-28,6.0,6.0,6.0,6.0,6.0,6.0,6.0,6.0,6.0,0.0,0.4632579225674917,0.88622350294858,-0.9749279121818236,-0.2225209339563146,train
2023-01-29,6.0,6.0,6.0,6.0,6.0,6.0,6.0,6.0,6.0,0.0,0.4784338202547012,0.8781236129591848,-0.7818314824680299,0.6234898018587334,train
2023-01-30,6.0,6.0,6.0,6.0,6.0,6.0,6.0,6.0,6.0,0.0,0.49346814167723735,0.8697638720650646,0.0,1.0,train
2023-01-31,6.0,6.0,6.0,6.0,6.0,6.0,6.0,6.0,6.0,0.0,0.5083564379375122,0.8611467540480452,0.7818314824680298,0.6234898018587336,train
2023-02-01,6.0,6.0,6.0,6.0,6.0,6.0,6.0,6.0,6.0,0.0,0.5230943033491326,0.8522748088519838,0.9749279121818236,-0.22252093395631434,train
2023-02-02,6.0,6.0,6.0,6.0,6.0,6.0,6.0,6.0,6.0,0.0,0.5376773767406141,0.8431506618282,0.43388373911755823,-0.900968867902419,train
2023-02-03,6.0,6.0,6.0,6.0,6.0,6.0,6.0,6.0,6.0,0.0,0.5521013427459208,0.8337770129585915,-0.433883739117558,-0.9009688679024191,train
2023-02-04,6.0,6.0,6.0,6.0,6.0,6.0,6.0,6.0,6.0,0.0,0.5663619330814524,0.8241566360566663,-0.9749279121818236,-0.2225209339563146,train
2023-02-05,6.0,6.0,6.0,6.0,6.0,6.0,6.0,6.0,6.0,0.0,0.580454927809098,0.8142923779467267,-0.7818314824680299,0.6234898018587334,train
2023-02-06,6.0,6.0,6.0,6.0,6.0,6.0,6.0,6.0,6.0,0.0,0.5943761565849831,0.804187157621448,0.0,1.0,train
2023-02-07,6.0,6.0,6.0,6.0,6.0,6.0,6.0,6.0,6.0,0.0,0.6081214998935418,0.7938439653781019,0.7818314824680298,0.6234898018587336,train
2023-02-08,6.0,6.0,6.0,6.0,6.0,6.0,6.0,6.0,6.0,0.0,0.6216868902665479,0.7832658619336791,0.9749279121818236,-0.22252093395631434,train
2023-02-09,6.0,6.0,6.0,6.0,6.0,6.0,6.0,6.0,6.0,0.0,0.6350683134867438,0.7724559775191742,0.43388373911755823,-0.900968867902419,train
2023-02-10,6.0,6.0,6.0,6.0,6.0,6.0,6.0,6.0,6.0,0.0,0.6482618097757122,0.7614175109532997,-0.433883739117558,-0.9009688679024191,train
2023-02-11,6.0,6.0,6.0,6.0,6.0,6.0,6.0,6.0,6.0,0.0,0.6612634749656386,0.7501537286959042,-0.9749279121818236,-0.2225209339563146,train
2023-02-12,6.0,6.0,6.0,6.0,6.0,6.0,6.0,6.0,6.0,0.0,0.6740694616546161,0.7386679638813748,-0.7818314824680299,0.6234898018587334,train
2023-02-13,6.0,6.0,6.0,6.0,6.0,6.0,6.0,6.0,6.0,0.0,0.6866759803451553,0.726963615332308,0.0,1.0,train
2023-02-14,6.0,6.0,6.0,6.0,6.0,6.0,6.0,6.0,6.0,0.0,0.6990793005655562,0.7150441465537444,0.7818314824680298,0.6234898018587336,train
2023-02-15,6.0,6.0,6.0,6.0,6.0,6.0,6.0,6.0,6.0,0.0,0.7112757519738152,0.7029130847082615,0.9749279121818236,-0.22252093395631434,train
2023-02-16,6.0,6.0,6.0,6.0,6.0,6.0,6.0,6.0,6.0,0.0,0.7232617254437388,0.6905740195722293,0.43388373911755823,-0.900968867902419,train
2023-02-17,6.0,6.0,6.0,6.0,6.0,6.0,6.0,6.0,6.0,0.0,0.7350336741329413,0.6780306024735382,-0.433883739117558,-0.9009688679024191,train
2023-02-18,6.0,6.0,6.0,6.0,6.0,6.0,6.0,6.0,6.0,0.0,0.746588114532413,0.6652865452111116,-0.9749279121818236,-0.2225209339563146,train
2023-02-19,6.0,6.0,6.0,6.0,6.0,6.0,6.0,6.0,6.0,0.0,0.7579216274973472,0.6523456189565257,-0.7818314824680299,0.6234898018587334,train
2023-02-20,6.0,6.0,6.0,6.0,6.0,6.0,6.0,6.0,6.0,0.0,0.7690308592589181,0.6392116531380588,0.0,1.0,train
2023-02-21,6.0,6.0,6.0,6.0,6.0,6.0,6.0,6.0,6.0,0.0,0.7799125224167177,0.6258885343075018,0.7818314824680298,0.6234898018587336,train
2023-02-22,6.0,6.0,6.0,6.0,6.0,6.0,6.0,6.0,6.0,0.0,0.7905633969115482,0.612380204990065,0.9749279121818236,-0.22252093395631434,train
2023-02-23,6.0,6.0,6.0,6.0,6.0,6.0,6.0,6.0,6.0,0.0,0.8009803309782905,0.5986906625177214,0.43388373911755823,-0.900968867902419,train
2023-02-24,6.0,6.0,6.0,6.0,6.0,6.0,6.0,6.0,6.0,0.0,0.8111602420785621,0.5848239578463322,-0.433883739117558,-0.9009688679024191,train
2023-02-25,6.0,6.0,6.0,6.0,6.0,6.0,6.0,6.0,6.0,0.0,0.8211001178128892,0.5707841943569036,-0.9749279121818236,-0.2225209339563146,train
2023-02-26,6.0,6.0,6.0,6.0,6.0,6.0,6.0,6.0,6.0,0.0,0.8307970168121247,0.5565755266413303,-0.7818314824680299,0.6234898018587334,train
2023-02-27,6.0,6.0,6.0,6.0,6.0,6.0,6.0,6.0,6.0,0.0,0.8402480696078469,0.5422021592729844,0.0,1.0,train
2023-02-28,6.0,6.0,6.0,6.0,6.0,6.0,6.0,6.0,6.0,0.0,0.8494504794814806,0.527668345562516,0.7818314824680298,0.6234898018587336,train
2023-03-01,6.0,6.0,6.0,6.0,6.0,6.0,6.0,6.0,6.0,0.0,0.8584015232918917,0.512978386299228,0.9749279121818236,-0.22252093395631434,train
2023-03-02,6.0,6.0,6.0,6.0,6.0,6.0,6.0,6.0,6.0,0.0,0.8670985522812081,0.4981366284784055,0.43388373911755823,-0.900968867902419,train
2023-03-03,6.0,6.0,6.0,6.0,6.0,6.0,6.0,6.0,6.0,0.0,0.8755389928586302,0.4831474640149687,-0.433883739117558,-0.9009688679024191,train
2023-03-04,6.0,6.0,6.0,6.0,6.0,6.0,6.0,6.0,6.0,0.0,0.8837203473619977,0.4680153284438345,-0.9749279121818236,-0.2225209339563146,train
2023-03-05,6.0,6.0,6.0,6.0,6.0,6.0,6.0,6.0,6.0,0.0,0.8916401947968874,0.45274469960737107,-0.7818314824680299,0.6234898018587334,train
2023-03-08,6.0,6.0,,6.0,6.0,6.0,6.0,6.0,6.0,0.0,0.9138076496466615,0.4061472386305789,0.9749279121818236,-0.22252093395631434,train
2023-03-09,6.0,6.0,6.0,,6.0,6.0,6.0,6.0,6.0,0.0,0.9206588168102428,0.3903682146763026,0.43388373911755823,-0.900968867902419,train
2023-03-10,6.0,6.0,6.0,6.0,6.0,6.0,6.0,6.0,6.0,0.0,0.9272375462179537,0.374473674486883,-0.433883739117558,-0.9009688679024191,train
2023-03-11,6.0,6.0,6.0,6.0,6.0,6.0,6.0,6.0,6.0,0.0,0.9335418911179212,0.35846832151248087,-0.9749279121818236,-0.2225209339563146,train
2023-03-12,6.0,6.0,6.0,6.0,6.0,6.0,6.0,6.0,6.0,0.0,0.9395699859530622,0.342356891994542,-0.7818314824680299,0.6234898018587334,train
2023-03-14,6.0,6.0,6.0,6.0,6.0,6.0,6.0,6.0,6.0,0.0,0.9507903724625832,0.3098349038318025,0.7818314824680298,0.6234898018587336,train
2023-03-15,6.0,6.0,6.0,6.0,6.0,6.0,6.0,6.0,6.0,0.0,0.9559793438440766,0.2934339689665273,0.9749279121818236,-0.22252093395631434,train
2023-03-16,6.0,6.0,6.0,6.0,6.0,6.0,6.0,6.0,6.0,0.0,0.9608854255574977,0.27694620226893646,0.43388373911755823,-0.900968867902419,train
2023-03-17,6.0,6.0,6.0,6.0,6.0,6.0,6.0,6.0,6.0,0.0,0.9655071658143364,0.2603764827344581,-0.433883739117558,-0.9009688679024191,train
2023-03-18,6.0,6.0,6.0,6.0,6.0,6.0,6.0,6.0,6.0,0.0,0.969843196967294,0.24372971360968387,-0.9749279121818236,-0.2225209339563146,train
2023-03-19,6.0,6.0,6.0,6.0,6.0,6.0,6.0,6.0,6.0,0.0,0.9738922359149924,0.22701082094141847,-0.7818314824680299,0.6234898018587334,train
2023-03-20,6.0,6.0,6.0,6.0,6.0,,6.0,6.0,6.0,0.0,0.9776530844816641,0.2102247521189836,0.0,1.0,train
2023-03-21,6.0,6.0,6.0,6.0,6.0,6.0,6.0,6.0,6.0,0.0,0.981124629771712,0.19337647441020586,0.7818314824680298,0.6234898018587336,train
2023-03-22,6.0,6.0,6.0,6.0,6.0,6.0,6.0,6.0,6.0,0.0,0.984305844499033,0.17647097349152166,0.9749279121818236,-0.22252093395631434,train
2023-03-23,6.0,6.0,6.0,6.0,6.0,6.0,6.0,6.0,6.0,0.0,0.9871957872910085,0.15951325197263655,0.43388373911755823,-0.900968867902419,train
2023-03-24,6.0,6.0,6.0,6.0,6.0,6.0,6.0,6.0,6.0,0.0,0.9897936029670716,0.14250832791617088,-0.433883739117558,-0.9009688679024191,train
2023-03-25,6.0,6.0,6.0,6.0,6.0,6.0,6.0,6.0,6.0,0.0,0.992098522791769,0.12546123335273648,-0.9749279121818236,-0.2225209339563146,train
2023-03-26,6.0,6.0,6.0,6.0,6.0,6.0,6.0,6.0,6.0,0.0,0.9941098647022418,0.10837701279187609,-0.7818314824680299,0.6234898018587334,train
2023-03-27,6.0,6.0,6.0,6.0,6.0,6.0,6.0,6.0,6.0,0.0,0.9958270335100595,0.09126072172931188,0.0,1.0,train
2023-03-28,6.0,6.0,6.0,6.0,6.0,6.0,6.0,6.0,6.0,0.0,0.9972495210773451,0.07411742515094437,0.7818314824680298,0.6234898018587336,train
2023-03-29,6.0,6.0,6.0,6.0,6.0,6.0,6.0,6.0,6.0,0.0,0.998376906467142,0.056952196034039754,0.9749279121818236,-0.22252093395631434,train
2023-03-30,6.0,6.0,6.0,6.0,6.0,6.0,6.0,6.0,6.0,0.0,0.9992088560679753,0.03977011384605572,0.43388373911755823,-0.900968867902419,train
2023-03-31,6.0,6.0,6.0,6.0,6.0,6.0,6.0,6.0,6.0,0.0,0.9997451236925734,0.022576263041545485,-0.433883739117558,-0.9009688679024191,train
2023-04-01,6.0,6.0,6.0,6.0,6.0,6.0,6.0,6.0,6.0,0.0,0.9999855506507186,0.005375731557583884,-0.9749279121818236,-0.2225209339563146,train
2023-04-02,6.0,6.0,6.0,6.0,6.0,6.0,6.0,6.0,6.0,0.0,0.9999300657962057,-0.011826390691832589,-0.7818314824680299,0.6234898018587334,train
2023-04-03,6.0,6.0,6.0,6.0,6.0,6.0,6.0,6.0,6.0,0.0,0.9995786855478958,-0.029025013321975237,0.0,1.0,train
2023-04-06,6.0,6.0,,6.0,6.0,6.0,6.0,6.0,6.0,0.0,0.9967506498213929,-0.08054900421874167,0.43388373911755823,-0.900968867902419,train
2023-04-07,5.9667763157894695,6.0,6.0,,6.0,6.0,6.0,6.0,6.0,0.0,0.9952176027737294,-0.09768276782171598,-0.433883739117558,-0.9009688679024191,train
2023-04-08,6.970614035087666,5.9667763157894695,6.0,6.0,6.0,6.0,5.988925438596488,5.994462719298245,5.9974443319838056,0.013563512281860188,0.9933900548258936,-0.11478762552212701,-0.9749279121818236,-0.2225209339563146,train
2023-04-09,2.019907407407375,6.970614035087666,5.9667763157894695,6.0,6.0,6.0,6.312463450292377,6.156231725146191,6.0721069500674725,0.39918549739407055,0.9912685467787256,-0.13185851571739118,-0.7818314824680299,0.6234898018587334,train
2023-04-10,2.6359161793371872,2.019907407407375,6.970614035087666,5.9667763157894695,6.0,6.0,4.985765919428168,5.492882959714087,5.765945981406501,1.7459281948936094,0.9888537064205885,-0.1488903868564548,0.0,1.0,train
2023-04-12,65.25393518518514,2.188937621832321,2.6359161793371872,2.019907407407375,6.0,6.0,2.2815870695256253,4.54030736563629,5.21401165841954,2.1490567992700518,0.9831469737221499,-0.1828169249850199,0.9749279121818236,-0.22252093395631434,train
2023-04-13,167.9600877192982,65.25393518518514,2.188937621832321,2.6359161793371872,6.0,6.0,23.35959632878488,13.005155249234166,9.772006672664551,23.13060390959581,0.9798567700958665,-0.1997015525660636,0.43388373911755823,-0.900968867902419,train
2023-04-14,16.639912280701704,167.9600877192982,65.25393518518514,2.188937621832321,5.9667763157894695,6.0,78.46765350877189,36.142310637705336,22.23047495876441,62.483080648257705,0.9762766110869321,-0.21652708524481437,-0.433883739117558,-0.9009688679024191,train
2023-04-15,1.987914230019446,16.639912280701704,167.9600877192982,65.25393518518514,6.970614035087666,6.0,83.28464506172836,37.667044346978514,23.048929749587618,61.749924674249385,0.9724075561219968,-0.23328854407545518,-0.9749279121818236,-0.2225209339563146,train
2023-04-16,5.49390838206623,1.987914230019446,16.639912280701704,167.9600877192982,2.019907407407375,6.0,62.19597141000645,36.95523008911163,22.740307767281426,62.189899928765286,0.9682507501166718,-0.2499809690726521,-0.7818314824680299,0.6234898018587334,train
2023-04-17,6.767677608632099,5.49390838206623,1.987914230019446,16.639912280701704,2.6359161793371872,6.0,8.040578297595793,37.45151594263432,22.70137764282498,61.87772325864347,0.9638074231367307,-0.26659942067929354,0.0,1.0,train
2023-04-18,5.148460463111446,6.767677608632099,5.49390838206623,1.987914230019446,2.188937621832321,,4.749833406905925,38.041767575390736,22.76042976656591,61.508873320764174,0.9590788900341131,-0.28313898122818354,0.7818314824680298,0.6234898018587336,train
2023-04-19,5.764749722499858,5.148460463111446,6.767677608632099,5.49390838206623,65.25393518518514,6.0,5.803348817936592,38.464556552716324,21.502431959176306,61.23090446091119,0.9540665500578387,-0.2995947563972602,0.9749279121818236,-0.22252093395631434,train
2023-04-20,8.558045938957438,5.764749722499858,5.148460463111446,6.767677608632099,167.9600877192982,6.0,5.893629264747801,29.966101486618424,21.485628367926296,61.021010529507656,0.9487718864399473,-0.31596187665790293,0.43388373911755823,-0.900968867902419,train
2023-04-21,62.76307261208573,8.558045938957438,5.764749722499858,5.148460463111446,16.639912280701704,5.9667763157894695,6.490418708189581,7.194381232284032,21.668345934994683,4.609559971927592,0.9431964659565866,-0.33223549871590435,-0.433883739117558,-0.9009688679024191,train
2023-04-22,30.728277290448304,62.76307261208573,8.558045938957438,5.764749722499858,1.987914230019446,6.970614035087666,25.695289424514343,13.783404136767462,25.72522424187299,21.68810389681848,0.9373419384643772,-0.3484108069446808,-0.9749279121818236,-0.2225209339563146,train
2023-04-23,0.9280092592592171,30.728277290448304,62.76307261208573,8.558045938957438,5.49390838206623,2.019907407407375,34.01646528049716,17.8891702882573,27.42220018868446,21.803046568672684,0.9312100364121947,-0.3644830148102912,-0.7818314824680299,0.6234898018587334,train
2023-04-24,3.8125487329434318,0.9280092592592171,30.728277290448304,62.76307261208573,6.767677608632099,2.6359161793371872,31.47311972059775,17.236898984999154,27.344207463816737,22.298345599361593,0.9248025743285089,-0.38044736628785164,0.0,1.0,train
2023-04-25,59.987902046783574,3.8125487329434318,0.9280092592592171,30.728277290448304,5.148460463111446,2.188937621832321,11.822945094216982,16.81473771704363,27.42825264621718,22.556072136347847,0.9181214482844364,-0.39629913726891813,0.7818314824680298,0.6234898018587336,train
2023-04-26,135.82637977898105,59.987902046783574,3.8125487329434318,0.9280092592592171,5.764749722499858,65.25393518518514,21.576153346328738,24.64894365756822,31.556750105142275,26.928469926727562,0.9111686353326631,-0.41203363695942635,0.9749279121818236,-0.22252093395631434,train
2023-04-27,36.028927374061794,135.82637977898105,59.987902046783574,3.8125487329434318,8.558045938957438,167.9600877192982,66.54227685290267,43.22917652277982,36.597639004699126,48.197664369834285,0.9039461929224011,-0.42764620926777464,0.43388373911755823,-0.900968867902419,train
2023-04-28,6.606267104542916,36.028927374061794,135.82637977898105,59.987902046783574,62.76307261208573,16.639912280701704,77.28106973327546,47.153588156366155,27.173984694325096,45.97107487213656,0.8964562582905575,-0.44313223418263453,-0.433883739117558,-0.9009688679024191,train
2023-04-29,6.952425364393463,6.606267104542916,36.028927374061794,135.82637977898105,30.728277290448304,1.987914230019446,59.48719141919525,39.13118736957432,26.457295753170893,47.66192608399351,0.8887010478292915,-0.45848712914008766,-0.9749279121818236,-0.2225209339563146,train
2023-04-30,6.787753460589438,6.952425364393463,6.606267104542916,36.028927374061794,0.9280092592592171,5.49390838206623,16.529206614332715,35.73463709442363,26.811903691340465,49.18343748696163,0.8806828564301475,-0.47370635037968,-0.7818314824680299,0.6234898018587334,train
2023-05-01,26.230328158320457,6.787753460589438,6.952425364393463,6.606267104542916,3.8125487329434318,6.767677608632099,6.782148643175263,36.57174340889937,26.90432119694927,48.53792098312776,0.8724040568049612,-0.48878539428899265,0.0,1.0,train
2023-05-02,26.502674516278272,26.230328158320457,6.787753460589438,6.952425364393463,59.987902046783574,5.148460463111446,13.323502327767777,39.77428332681039,28.29451052192701,46.72180939752719,0.8638670987837349,-0.503719798736334,0.7818314824680298,0.6234898018587336,train
2023-05-03,31.2555395913154,26.502674516278272,26.230328158320457,6.787753460589438,135.82637977898105,5.764749722499858,19.840252045062712,34.99067939388105,29.81981152572464,46.01617467953803,0.8550745085896932,-0.518505144391157,0.9749279121818236,-0.22252093395631434,train
2023-05-04,6.950085282651034,31.2555395913154,26.502674516278272,26.230328158320457,36.028927374061794,8.558045938957438,27.996180755304703,20.051987938500247,31.640582230640035,12.838037708467006,0.8460288880917339,-0.533137056031809,0.43388373911755823,-0.900968867902419,train
2023-05-05,9.350945050064759,6.950085282651034,31.2555395913154,26.502674516278272,6.606267104542916,62.76307261208573,21.56943313008156,15.897867639727282,31.525727898046718,11.434534857928766,0.8367329140344921,-0.5476112038402312,-0.433883739117558,-0.9009688679024191,train
2023-05-06,16.02975941375849,9.350945050064759,6.950085282651034,31.2555395913154,6.952425364393463,30.728277290448304,15.852189974677055,16.289964489087545,27.710575929330933,11.105131695285259,0.8271893372462497,-0.5619233046832195,-0.9749279121818236,-0.2225209339563146,train
2023-05-07,11.307297434241837,16.02975941375849,9.350945050064759,6.950085282651034,6.787753460589438,0.9280092592592171,10.776929915491417,17.586726496139693,26.660681795281665,10.33642932926447,0.8174009818249189,-0.5760691233798758,-0.7818314824680299,0.6234898018587334,train
2023-05-08,4.049113984674287,11.307297434241837,16.02975941375849,9.350945050064759,26.230328158320457,3.8125487329434318,12.229333966021686,18.232375635232895,27.40205952206614,9.669074401741323,0.8073707443023492,-0.5900444739548627,0.0,1.0,train
2023-05-09,4.425694444444404,4.049113984674287,11.307297434241837,16.02975941375849,26.502674516278272,59.987902046783574,10.462056944224862,15.063630753283439,27.41895704004691,10.229508430002339,0.7971015927871943,-0.6038452208771035,0.7818314824680298,0.6234898018587336,train
2023-05-10,4.526096491228021,4.425694444444404,4.049113984674287,11.307297434241837,31.2555395913154,135.82637977898105,6.594035287786833,11.909776457307172,23.450227925594113,9.491605454070125,0.7865965660866021,-0.6174672802835514,0.9749279121818236,-0.22252093395631434,train
2023-05-11,4.2556825112131,4.526096491228021,4.425694444444404,4.049113984674287,6.950085282651034,36.028927374061794,4.333634973448895,8.091284585866118,14.071636262183185,4.448547740047664,0.7758587728069828,-0.6309066211876704,0.43388373911755823,-0.900968867902419,train
2023-05-12,8.155284163473763,4.2556825112131,4.526096491228021,4.425694444444404,9.350945050064759,6.606267104542916,4.402491148961832,7.706369904232129,11.802118771979705,4.674574030742645,0.7648913904341225,-0.6441592666722685,-0.433883739117558,-0.9009688679024191,train
2023-05-13,5.197441520467792,8.155284163473763,4.2556825112131,4.526096491228021,16.02975941375849,6.952425364393463,5.645687721971618,7.535561206147699,11.912762847617623,4.626058825390358,0.753697664392914,-0.6572212950663319,-0.9749279121818236,-0.2225209339563146,train
2023-05-14,7.432590996168529,5.197441520467792,8.155284163473763,4.2556825112131,11.307297434241837,6.787753460589438,5.869469398384875,5.988087221391885,11.78740685876579,2.7372489801424496,0.742280907086982,-0.6700888411055113,-0.7818314824680299,0.6234898018587334,train
2023-05-15,4.005208123277508,7.432590996168529,5.197441520467792,8.155284163473763,4.049113984674287,26.230328158320457,6.928438893370019,5.434557730238557,11.833466682735724,1.663481362462809,0.7306444969184916,-0.6827580970759147,0.0,1.0,train
2023-05-16,5.947547108511994,4.005208123277508,7.432590996168529,5.197441520467792,4.425694444444404,26.502674516278272,5.5450802133046,5.4282854643247305,10.245958108804086,1.6696472679943228,0.7187918772884232,-0.6952253139408722,0.7818314824680298,0.6234898018587336,train
2023-05-17,4.834751503579045,5.947547108511994,4.005208123277508,7.432590996168529,4.526096491228021,31.2555395913154,5.795115409319334,5.645692987762957,8.777734722535065,1.6155449895918528,0.7067265555776158,-0.7074868024503348,0.9749279121818236,-0.22252093395631434,train
2023-06-05,0.7396552219921412,1.498903508771899,0.9491106237816435,3.739649470899421,5.5170462213224996,,2.0625545344843115,5.880923433813431,5.880923433813431,5.166313799377503,0.44216815196707204,-0.8969321743510065,0.0,1.0,train
2023-06-06,1.3944444444444084,0.7396552219921412,1.498903508771899,0.9491106237816435,8.519527116402076,,1.0625564515152184,5.198439005337664,5.238264907335769,5.52546418677745,0.42667408318992467,-0.9044054548343001,0.7818314824680298,0.6234898018587336,train
2023-06-07,0.9233796296296023,1.3944444444444084,0.7396552219921412,1.498903508771899,16.074707602339124,,1.2110010584028068,4.1805700522008555,4.811173744792285,5.467675844050719,0.4110537546870351,-0.9116111071930239,0.9749279121818236,-0.22252093395631434,train
2023-06-08,0.5629629629629328,0.9233796296296023,1.3944444444444084,0.7396552219921412,4.86751949317735,,1.0191597653553746,2.0160946275280667,4.422394333276016,1.618485874353353,0.3953117887649151,-0.9185469991587165,0.43388373911755823,-0.900968867902419,train
2023-06-11,3.0886574074073625,2.6313457854405717,,0.5629629629629328,1.498903508771899,,1.597154374201738,1.2917819255402592,3.9515210067636395,0.7509476022193075,0.3474028211842774,-0.9377159910299093,-0.7818314824680299,0.6234898018587334,train
2023-06-12,3.8372685185184747,3.0886574074073625,2.6313457854405717,,0.7396552219921412,5.5170462213224996,2.860001596423953,1.5567409086461697,3.8851468837362333,1.056811627218236,0.3312212278016865,-0.9435531242349544,0.0,1.0,train
2023-06-13,3.3657772904483045,3.8372685185184747,3.0886574074073625,2.6313457854405717,1.3944444444444084,8.519527116402076,3.185757237122127,2.0730097914005587,3.7559332142897697,1.3052379002596033,0.31494162072895193,-0.9491110448902284,0.7818314824680298,0.6234898018587336,train
2023-06-14,1.8050316764132248,3.3657772904483045,3.8372685185184747,3.0886574074073625,0.9233796296296023,16.074707602339124,3.430567738791371,2.401565265734541,3.3594909199856335,1.347689471620667,0.2985688173637202,-0.9543881083175908,0.9749279121818236,-0.22252093395631434,train
2023-06-15,1.6241660785104208,1.8050316764132248,3.3657772904483045,3.8372685185184747,0.5629629629629328,4.86751949317735,3.002692495126659,2.5485072735318117,2.2618235410682566,1.1935327717373005,0.2821076626819194,-0.9593827529490743,0.43388373911755823,-0.900968867902419,train
2023-06-17,2.619470908088875,4.542898618957913,1.6241660785104208,1.8050316764132248,2.6313457854405717,0.9491106237816435,2.65736545796051,2.9850207679566103,2.0741232128676077,1.0550206510334001,0.24893980855376657,-0.9685189578512204,-0.9749279121818236,-0.2225209339563146,train
2023-06-18,2.9103435672514166,2.619470908088875,4.542898618957913,1.6241660785104208,3.0886574074073625,1.498903508771899,2.9288452018523934,2.983324356906368,2.202612465506625,1.055693453514488,0.23224292400907015,-0.9726578145718654,-0.7818314824680299,0.6234898018587334,train
2023-06-19,1.231249999999979,2.9103435672514166,2.619470908088875,4.542898618957913,3.8372685185184747,0.7396552219921412,3.3575710314327254,2.957850951169804,2.3111847776973575,1.054879210312106,0.21547731504673012,-0.976508846196619,0.0,1.0,train
2023-06-20,0.37274610136450087,1.231249999999979,2.9103435672514166,2.619470908088875,3.3657772904483045,1.3944444444444084,2.253688158446747,2.5855625913814473,2.3489997606210378,1.1484922084392437,0.19864794288017112,-0.9800709131432666,0.7818314824680298,0.6234898018587336,train
2023-06-21,0.8960769980506459,0.37274610136450087,1.231249999999979,2.9103435672514166,1.8050316764132248,0.9233796296296023,1.5047798895386226,2.157986707226619,2.2704075803841213,1.3492145864631364,0.18175978759137534,-0.9833429613388902,0.9749279121818236,-0.22252093395631434,train
2023-06-22,0.47539626490895787,0.8960769980506459,0.37274610136450087,1.231249999999979,1.6241660785104208,0.5629629629629328,0.8333576998050325,2.0281360388891074,2.268307377954971,1.4301567798561787,0.16481784665719793,-0.9863240225317866,0.43388373911755823,-0.900968867902419,train
2023-06-23,0.4298305912402977,0.47539626490895787,0.8960769980506459,0.37274610136450087,4.542898618957913,,0.5814064547746921,1.8640260655174696,2.261571478104665,1.5454974918076734,0.14782713347053048,-0.9890132145779883,-0.433883739117558,-0.9009688679024191,train
2023-06-24,1.3319444444444,0.4298305912402977,0.47539626490895787,0.8960769980506459,2.619470908088875,2.6313457854405717,0.6004346180666243,1.2764449187006677,2.1307328433286385,1.0642033213709376,0.13079267585675922,-0.9914097417023038,-0.9749279121818236,-0.2225209339563146,train
2023-06-25,1.8189936647173124,1.3319444444444,0.4298305912402977,0.47539626490895787,2.9103435672514166,3.0886574074073625,0.7457237668645424,1.0925125667514568,2.0379184618289123,0.8904788855659108,0.11371951458594969,-0.9935128947338007,-0.7818314824680299,0.6234898018587334,train
2023-06-26,0.5630435328488342,1.8189936647173124,1.3319444444444,0.4298305912402977,1.231249999999979,3.8372685185184747,1.1935895668006606,0.9366054378180133,1.9472281944939087,0.5493681041568488,0.0966127018812031,-0.9953220513156602,0.0,1.0,train
2023-06-27,0.6862330572164096,0.5630435328488342,1.8189936647173124,1.3319444444444,0.37274610136450087,3.3657772904483045,1.237993880670173,0.8411473710821357,1.7133549812317916,0.5476889726349377,0.07947729992362097,-0.9968366760893436,0.7818314824680298,0.6234898018587336,train
2023-06-28,0.3270646783972085,0.6862330572164096,0.5630435328488342,1.8189936647173124,0.8960769980506459,1.8050316764132248,1.022756751594176,0.8859312219181226,1.5219589645723703,0.514836350466984,0.062318379354325076,-0.998056320853012,0.9749279121818236,-0.22252093395631434,train
2023-06-29,1.4755939998543732,0.3270646783972085,0.6862330572164096,0.5630435328488342,0.47539626490895787,1.6241660785104208,0.5254470894874747,0.8046437476819172,1.4163898932855123,0.5562244913990435,0.04514101777397193,-0.9989806246941579,0.43388373911755823,-0.900968867902419,train
2023-06-30,0.8164888953827885,1.4755939998543732,0.3270646783972085,0.6862330572164096,0.4298305912402977,4.542898618957913,0.8296305784893209,0.947529138388405,1.4057776019529375,0.5852593158633874,0.02795029824021032,-0.999609314096404,-0.433883739117558,-0.9009688679024191,train
2023-07-01,0.9617243858890504,0.8164888953827885,1.4755939998543732,0.3270646783972085,1.3319444444444,2.619470908088875,0.8730491912114472,1.0027660389801893,1.1396054788404286,0.5451257888610184,0.01075130776352193,-0.9999422030204416,-0.9749279121818236,-0.2225209339563146,train
2023-07-02,1.7320294906336835,0.9617243858890504,0.8164888953827885,1.4755939998543732,1.8189936647173124,2.9103435672514166,1.0846024270420611,0.9498774591865681,1.0211950129690124,0.5254709531528954,-0.00645086419810515,-0.9999791929590823,-0.7818314824680299,0.6234898018587334,train
2023-07-03,1.8654605263157553,1.7320294906336835,0.9617243858890504,0.8164888953827885,0.5630435328488342,1.231249999999979,1.170080923968498,0.9374540057460496,0.9370297217820316,0.5020021184977614,-0.023651127245231586,-0.9997202729664083,0.0,1.0,train
2023-07-04,3.274110623781621,1.8654605263157553,1.7320294906336835,0.9617243858890504,0.6862330572164096,0.37274610136450087,1.5197381342794871,1.1235135762413242,0.9823304736617299,0.5760096231042235,-0.04084439154329611,-0.9991655196610109,0.7818314824680298,0.6234898018587336,train
2023-07-05,1.9430006277463585,3.274110623781621,1.8654605263157553,1.7320294906336835,0.3270646783972085,0.8960769980506459,2.290533546910344,1.4932103714649259,1.1895707966915243,0.9546243485644107,-0.05802556932878035,-0.9983150972033183,0.9749279121818236,-0.22252093395631434,train
2023-07-06,1.8763993321460417,1.9430006277463585,3.274110623781621,1.8654605263157553,1.4755939998543732,0.47539626490895787,2.3608572592812354,1.72405836422909,1.2643510559555036,0.8100643809882005,-0.07518957641475855,-0.9971692572470178,0.43388373911755823,-0.900968867902419,train
2023-07-07,1.4223810883681354,1.8763993321460417,1.9430006277463585,3.274110623781621,0.8164888953827885,0.4298305912402977,2.364503527891331,1.7813162688421855,1.3644227036152952,0.803715306636596,-0.09233133369539122,-0.9957283388645872,-0.433883739117558,-0.9009688679024191,train
2023-07-08,1.4803799489144023,1.4223810883681354,1.8763993321460417,1.9430006277463585,0.9617243858890504,1.3319444444444,1.7472603494201688,1.8678722964115209,1.4353191676958552,0.7096065513810031,-0.10944576864891556,-0.993992768446958,-0.9749279121818236,-0.2225209339563146,train
2023-07-09,5.240752923976557,1.4803799489144023,1.4223810883681354,1.8763993321460417,1.7320294906336835,1.8189936647173124,1.5930534564761836,1.9419659482722853,1.4459217037294267,0.6207342353319952,-0.12652781683868314,-0.9919630595773397,-0.7818314824680299,0.6234898018587334,train
2023-07-10,2.9388544985711165,5.240752923976557,1.4803799489144023,1.4223810883681354,1.8654605263157553,0.5630435328488342,2.7145046537530217,2.443212153035553,1.6903330793908016,1.377863916586251,-0.1435724234118113,-0.9896398128792412,0.0,1.0,train
2023-07-11,2.89025816070303,2.9388544985711165,5.240752923976557,1.4803799489144023,3.274110623781621,0.6862330572164096,3.219995790487349,2.596554149072033,1.8600338626566788,1.3624929268350887,-0.16057454459499376,-0.9870237158387383,0.7818314824680298,0.6234898018587336,train
2023-07-12,0.12806469133176732,2.89025816070303,2.9388544985711165,5.240752923976557,1.9430006277463585,0.3270646783972085,3.6899551944168913,2.541718082917949,2.017464227191437,1.3381860959910339,-0.17752914918703497,-0.984115542601034,0.9749279121818236,-0.22252093395631434,train
2023-07-13,1.5764447637292083,0.12806469133176732,2.89025816070303,2.9388544985711165,1.8763993321460417,1.4755939998543732,1.9857257835352948,2.2824415205730073,2.0032499424010486,1.6197294999546894,-0.19443122004766195,-0.9809161537413774,0.43388373911755823,-0.900968867902419,train
2023-07-14,0.4204434697855481,1.5764447637292083,0.12806469133176732,2.89025816070303,1.4223810883681354,0.8164888953827885,1.531589205254659,2.2395908679420313,2.010453568392108,1.636146378486957,-0.2112757555821793,-0.9774264960104055,-0.433883739117558,-0.9009688679024191,train
2023-07-15,1.652546296296275,0.4204434697855481,1.5764447637292083,0.12806469133176732,1.4803799489144023,0.9617243858890504,0.7083176416154982,2.096456922430233,1.982164609420877,1.7587829115091573,-0.2280577712215198,-0.9736476020539838,-0.9749279121818236,-0.2225209339563146,train
2023-07-16,1.0564936647173295,1.652546296296275,0.4204434697855481,1.5764447637292083,5.240752923976557,1.7320294906336835,1.2164781766036674,2.121052114913357,2.0315090315928215,1.749913108373528,-0.24477230089725957,-0.9695805901076308,-0.7818314824680299,0.6234898018587334,train
2023-07-17,0.12000717424444812,1.0564936647173295,1.652546296296275,0.4204434697855481,2.9388544985711165,1.8654605263157553,1.0431611435997077,1.5233007921620394,1.9832564725987962,1.100967784118632,-0.2614143985111562,-0.965226663665613,0.0,1.0,train
2023-07-18,0.9750227620166535,0.12000717424444812,1.0564936647173295,1.652546296296275,2.89025816070303,3.274110623781621,0.9430157117526745,1.1206083172582295,1.8585812331651315,1.0085544479561843,-0.2779791393987801,-0.9605871111248129,0.7818314824680298,0.6234898018587336,train
2023-07-19,0.9358124924370227,0.9750227620166535,0.12000717424444812,1.0564936647173295,0.12806469133176732,1.9430006277463585,0.7171745336594673,0.8470032603030327,1.6943606716104909,0.6414318542791347,-0.2944616217868012,-0.9556633054034704,0.9749279121818236,-0.22252093395631434,train
2023-07-20,0.8219747765006078,0.9358124924370227,0.9750227620166535,0.12000717424444812,1.5764447637292083,1.8763993321460417,0.6769474762326984,0.9623958033180694,1.622418661945538,0.5577357921359739,-0.3108569682435036,-0.9504567035349151,0.43388373911755823,-0.900968867902419,train
2023-07-21,0.5168981481481184,0.8219747765006078,0.9358124924370227,0.9750227620166535,0.4204434697855481,1.4223810883681354,0.9109366769847514,0.8546143765711264,1.547102622256579,0.48781133140905963,-0.3271603271220951,-0.9449688462364056,-0.433883739117558,-0.9009688679024191,train
2023-07-26,1.3349461305057797,0.4134259259259004,,,0.9358124924370227,0.12806469133176732,,0.6720278357529124,0.7833758331938981,0.24698623300642283,-0.4071294853542516,-0.9133704517637858,0.9749279121818236,-0.22252093395631434,train
2023-07-27,1.4931824111744108,1.3349461305057797,0.4134259259259004,,0.8219747765006078,1.5764447637292083,0.8741860282158254,0.7718112452701016,0.8930923276642629,0.4135448395844174,-0.4227806579826773,-0.9062320427107697,0.43388373911755823,-0.900968867902419,train
2023-07-28,0.9814580406792976,1.4931824111744108,1.3349461305057797,0.4134259259259004,0.5168981481481184,0.4204434697855481,1.0805181558686872,0.9396131539385523,0.885523022886554,0.5532594508794324,-0.4383067230125192,-0.898825465016444,-0.433883739117558,-0.9009688679024191,train
2023-08-01,0.761480242249375,0.19412029021346244,0.17853292923210548,1.367935191397354,0.4134259259259004,0.9750227620166535,0.5801961369476308,0.8519429884469014,0.8375735543846102,0.5782172543032518,-0.4990686026885319,-0.8665624788845385,0.7818314824680298,0.6234898018587336,train
2023-08-02,0.43508294294486377,0.761480242249375,0.19412029021346244,0.17853292923210548,1.3349461305057797,0.9358124924370227,0.3780444872316379,0.9016650336359692,0.8181605980421304,0.5484206841660596,-0.5139010013093103,-0.8578494977869301,0.9749279121818236,-0.22252093395631434,train
2023-08-03,0.9950724603979818,0.43508294294486377,0.761480242249375,0.19412029021346244,1.4931824111744108,0.8219747765006078,0.463561158469224,0.7731131496986956,0.7726397299064796,0.5352380640626552,-0.5285813283559292,-0.8488826652214553,0.43388373911755823,-0.900968867902419,train
2023-08-04,0.37204977416010143,0.9950724603979818,0.43508294294486377,0.761480242249375,0.9814580406792976,0.5168981481481184,0.730545215197397,0.7019545853020629,0.788375882988059,0.4498518490577807,-0.5431052396834317,-0.8396646346181327,-0.433883739117558,-0.9009688679024191,train
2023-08-05,0.9519614297692808,0.37204977416010143,0.9950724603979818,0.43508294294486377,1.367935191397354,,0.6007350591676393,0.6148962615136063,0.7752078489891484,0.4456944127360949,-0.5574684374327892,-0.8301981337405212,-0.9749279121818236,-0.2225209339563146,train
2023-08-06,0.25260150967589573,0.9519614297692808,0.37204977416010143,0.9950724603979818,0.17853292923210548,,0.7730278881091115,0.5554714384238816,0.7899373140541593,0.3448881914961924,-0.5716666713027052,-0.8204859638785327,-0.7818314824680299,0.6234898018587334,train
2023-08-07,0.6989396105618632,0.25260150967589573,0.9519614297692808,0.37204977416010143,0.19412029021346244,,0.5255375712017495,0.5660526642015659,0.7486037906404468,0.33230282510998627,-0.5856957398073508,-0.8105309990194823,0.0,1.0,train
2023-08-08,1.024875386897165,0.6989396105618632,0.25260150967589573,0.9519614297692808,0.761480242249375,0.4134259259259004,0.6345008500023368,0.638169709965623,0.7450563492062623,0.2902499431871495,-0.5995514915196489,-0.8003361849976323,0.7818314824680298,0.6234898018587336,train
2023-08-09,0.9334323896426701,1.024875386897165,0.6989396105618632,0.25260150967589573,0.43508294294486377,1.3349461305057797,0.6588055023782982,0.6757975877724502,0.7887313107042099,0.3240100229936625,-0.6132298262997502,-0.7899045386224707,0.9749279121818236,-0.22252093395631434,train
2023-08-10,0.709369449542722,0.9334323896426701,1.024875386897165,0.6989396105618632,0.9950724603979818,1.4931824111744108,0.8857491290338896,0.7469903658721367,0.7600517577854163,0.31697745433166596,-0.6267266965083301,-0.7792391467859886,0.43388373911755823,-0.900968867902419,train
2023-08-11,2.3491561569230166,0.709369449542722,0.9334323896426701,1.024875386897165,0.37204977416010143,0.9814580406792976,0.8892257420275094,0.7061756500356713,0.7040651176688671,0.29750573099436667,-0.6400381082043503,-0.7683431655492202,-0.433883739117558,-0.9009688679024191,train
2023-08-12,1.280070762880863,2.3491561569230166,0.709369449542722,0.9334323896426701,0.9519614297692808,1.367935191397354,1.33065266536946,0.9886194190018018,0.801757840257704,0.653245924408078,-0.65316012232693,-0.7572198192083127,-0.9749279121818236,-0.2225209339563146,train
2023-08-13,0.5043596560602165,1.280070762880863,2.3491561569230166,0.709369449542722,0.25260150967589573,0.17853292923210548,1.4461987897821909,1.0354921808748851,0.7954818096493833,0.6618914958372017,-0.666088855860977,-0.7458723993404063,-0.7818314824680299,0.6234898018587334,train
2023-08-14,3.337114312062494,0.5043596560602165,1.280070762880863,2.3491561569230166,0.6989396105618632,0.19412029021346244,1.3778621919546892,1.0714576303583594,0.8187551472799627,0.6176206325541341,-0.6788204829862355,-0.734304263829602,0.0,1.0,train
2023-08-15,3.2436598291597796,3.337114312062494,0.5043596560602165,1.280070762880863,1.024875386897165,0.761480242249375,1.707181577001182,1.4483397305727352,1.0432547202691793,1.0237904388906054,-0.6913512362094071,-0.722518835873311,0.7818314824680298,0.6234898018587336,train
2023-08-16,2.0470313515269383,3.2436598291597796,3.337114312062494,0.5043596560602165,0.9334323896426701,0.43508294294486377,2.3617112657608206,1.7653089366102517,1.2205532621913509,1.1992669316139581,-0.7036774074790128,-0.7105196029692745,0.9749279121818236,-0.22252093395631434,train
2023-08-17,0.836342592592563,2.0470313515269383,3.2436598291597796,3.337114312062494,0.709369449542722,0.9950724603979818,2.875935164249728,1.9243945025937188,1.335692434232928,1.1430688553275032,-0.7157953492826642,-0.6983101158835584,0.43388373911755823,-0.900968867902419,train
2023-08-18,1.1168662196679018,0.836342592592563,2.0470313515269383,3.2436598291597796,2.3491561569230166,0.37204977416010143,2.042344591093084,1.9425335230294103,1.3243545865325406,1.121376115835464,-0.7277014757264236,-0.6858939875998223,-0.433883739117558,-0.9009688679024191,train
2023-08-19,1.3789351851851617,1.1168662196679018,0.836342592592563,2.0470313515269383,1.280070762880863,0.9519614297692808,1.3334133879291248,1.7664921034215364,1.3775557612116691,1.1434127877047287,-0.7393922635959241,-0.673274892250183,-0.9749279121818236,-0.2225209339563146,train
2023-08-20,1.2150828460038403,1.3789351851851617,1.1168662196679018,0.836342592592563,0.5043596560602165,0.25260150967589573,1.1107146658151994,1.7806155923221507,1.408053886598518,1.1369956869083104,-0.7508642533989489,-0.6604565640279754,-0.7818314824680299,0.6234898018587334,train
2023-08-21,1.0717592592592193,1.2150828460038403,1.3789351851851617,1.1168662196679018,3.337114312062494,0.6989396105618632,1.2369614169522916,1.8821474765998112,1.4768025534790854,1.0308081101679645,-0.7621140503891487,-0.6474427960827475,0.0,1.0,train
2023-08-22,2.0607943469785166,1.0717592592592193,1.2150828460038403,1.3789351851851617,3.2436598291597796,1.024875386897165,1.221925763482731,1.5585253261993433,1.5034325283860392,0.8348726107245055,-0.7731383255706026,-0.6342374393978054,0.7818314824680298,0.6234898018587336,train
2023-08-23,2.217690058479492,2.0607943469785166,1.0717592592592193,1.2150828460038403,2.0470313515269383,0.9334323896426701,1.4492121507471827,1.3895445430305917,1.5774267398204216,0.4821458972538272,-0.7839338166829201,-0.620844401650647,0.9749279121818236,-0.22252093395631434,train
2023-08-24,0.8902899610136125,2.217690058479492,2.0607943469785166,1.0717592592592193,0.836342592592563,0.709369449542722,1.7834145549057332,1.4139243583095278,1.6691594304516233,0.523476115515687,-0.7944973291665992,-0.6072676460566135,0.43388373911755823,-0.900968867902419,train
2023-08-25,1.89143518518515,0.8902899610136125,2.217690058479492,2.0607943469785166,1.1168662196679018,2.3491561569230166,1.7229247888238641,1.4216311252268206,1.6820823241281153,0.513864441793888,-0.8048257371083452,-0.593511190196115,-0.433883739117558,-0.9009688679024191,train
2023-08-26,0.6013152503474056,1.89143518518515,0.8902899610136125,2.217690058479492,1.3789351851851617,1.280070762880863,1.666471734892742,1.5322838345864276,1.649387969003982,0.5206512011755898,-0.8149159841660791,-0.5795791048257612,-0.9749279121818236,-0.2225209339563146,train
2023-08-27,0.419585279985941,0.6013152503474056,1.89143518518515,0.8902899610136125,1.2150828460038403,0.5043596560602165,1.1276801321820467,1.421195272466748,1.6009054323944494,0.6302470488947962,-0.8247650844733614,-0.5654755126737576,-0.7818314824680299,0.6234898018587334,train
2023-08-28,0.6377554513198389,0.419585279985941,0.6013152503474056,1.89143518518515,1.0717592592592193,3.337114312062494,0.9707785718394896,1.3075527630356196,1.5948501198177154,0.7363882536735116,-0.8343701235229538,-0.5512045872199277,0.0,1.0,train
2023-08-29,0.2961626655805332,0.6377554513198389,0.419585279985941,0.6013152503474056,2.0607943469785166,3.2436598291597796,0.552885327217719,1.2455522190442796,1.4020387726218115,0.7767160947499763,-0.8437282590292712,-0.5367705514607103,0.7818314824680298,0.6234898018587336,train
2023-08-30,0.6348004084121854,0.2961626655805332,0.6377554513198389,0.419585279985941,2.217690058479492,2.0470313515269383,0.45116779896209497,0.9934619788445678,1.1915032609375797,0.7540558913526275,-0.8528367217694595,-0.522177676659508,0.9749279121818236,-0.22252093395631434,train
2023-08-31,1.288142258087565,0.6348004084121854,0.2961626655805332,0.6377554513198389,0.8902899610136125,0.836342592592563,0.5229061751041764,0.7673348859778095,1.0906296221436687,0.5297123779218054,-0.8616928164028522,-0.5074302810827518,0.43388373911755823,-0.900968867902419,train
2023-09-01,0.9075213463481268,1.288142258087565,0.6348004084121854,0.2961626655805332,1.89143518518515,1.1168662196679018,0.7397017773600852,0.8241709284169456,1.122901026821883,0.5652552872032316,-0.8702939222685674,-0.49253272872205434,-0.433883739117558,-0.9009688679024191,train
2023-09-02,3.0924226271766613,0.9075213463481268,1.288142258087565,0.6348004084121854,0.6013152503474056,1.3789351851851617,0.9434880042826164,0.6836118085830851,1.1079478215847562,0.328298003213106,-0.8786374941610001,-0.4774894280028391,-0.9749279121818236,-0.2225209339563146,train
2023-09-03,0.9684880404258803,3.0924226271766613,0.9075213463481268,1.288142258087565,0.419585279985941,1.2150828460038403,1.762695410537442,1.0394842909872646,1.2303397817270063,0.9622679584910069,-0.886721063082993,-0.46230483047981086,-0.7818314824680299,0.6234898018587334,train
2023-09-04,1.5813577780924273,0.9684880404258803,3.0924226271766613,0.9075213463481268,0.6377554513198389,1.0717592592592193,1.6561440046502136,1.117898971050113,1.2127258670428664,0.9249758008581039,-0.8945422369764496,-0.4469834295196741,0.0,1.0,train
2023-09-05,1.784853169975709,1.5813577780924273,0.9684880404258803,3.0924226271766613,0.2961626655805332,2.0607943469785166,1.88075614856498,1.252699303446197,1.2491257612452384,0.9120069217597337,-0.9020987014301837,-0.43152975897147144,0.7818314824680298,0.6234898018587336,train
2023-09-06,2.7577050199625694,1.784853169975709,1.5813577780924273,0.9684880404258803,0.6348004084121854,2.217690058479492,1.4448996628313295,1.4653693755026507,1.2294156771736091,0.8207887703574605,-0.9093882203647925,-0.4159483918249421,0.9749279121818236,-0.22252093395631434,train
2023-09-07,1.2204671080207,2.7577050199625694,1.784853169975709,1.5813577780924273,1.288142258087565,0.8902899610136125,2.0413053226768927,1.7686414628669915,1.2679881744224004,0.8542671449159521,-0.9164086366943458,-0.4002439388573056,0.43388373911755823,-0.900968867902419,train
2023-09-08,0.9718792101921233,1.2204671080207,2.7577050199625694,1.784853169975709,0.9075213463481268,1.89143518518515,1.9210084326529835,1.7589735842860106,1.2915722563514784,0.8609680106020979,-0.9231578729647039,-0.38442104726885545,-0.433883739117558,-0.9009688679024191,train
2023-09-09,1.032374306073288,0.9718792101921233,1.2204671080207,2.7577050199625694,3.0924226271766613,0.6013152503474056,1.6500171127251215,1.768167564835153,1.225889686709119,0.8506419563064569,-0.9296339319682695,-0.3684843993077793,-0.9749279121818236,-0.2225209339563146,train
2023-09-10,0.6502231956097536,1.032374306073288,0.9718792101921233,1.2204671080207,0.9684880404258803,0.419585279985941,1.0749068747620278,1.473874947534671,1.256679619260968,0.6484640396470949,-0.9358348973349941,-0.35243871088460327,-0.7818314824680299,0.6234898018587334,train
2023-09-11,1.6441553722557825,0.6502231956097536,1.032374306073288,0.9718792101921233,1.5813577780924273,0.6377554513198389,0.8848255706250457,1.428408541132367,1.27315375609124,0.6989932746560815,-0.9417589340994617,-0.33628873017668287,0.0,1.0,train
2023-09-12,1.7702496851424667,1.6441553722557825,0.6502231956097536,1.032374306073288,1.784853169975709,0.2961626655805332,1.1089176246462653,1.4373796260128466,1.3450394647295218,0.7016812490478607,-0.9474042892438845,-0.32003923622313857,0.7818314824680298,0.6234898018587336,train
2023-09-13,4.597994968873512,1.7702496851424667,1.6441553722557825,0.6502231956097536,2.7577050199625694,0.6348004084121854,1.3548760843359915,1.4352934138938118,1.4503313946982315,0.7004966807125738,-0.9527692922168511,-0.30369503751065885,0.9749279121818236,-0.22252093395631434,train
2023-09-14,3.8733419177356123,4.597994968873512,1.7702496851424667,1.6441553722557825,1.2204671080207,1.288142258087565,2.670800008757244,1.6981919780239465,1.733416720445469,1.3363053969178016,-0.9578523554276669,-0.28726097055059635,0.43388373911755823,-0.900968867902419,train
2023-09-15,1.334298534166604,3.8733419177356123,4.597994968873512,1.7702496851424667,0.9718792101921233,0.9075213463481268,3.4138621905838544,2.0771740936975056,1.918073838991758,1.539043901463668,-0.9626519747161487,-0.2707418984477642,-0.433883739117558,-0.9009688679024191,train
2023-09-16,1.4888736943138696,1.334298534166604,3.8733419177356123,4.597994968873512,1.032374306073288,3.0924226271766613,3.2685451402585666,2.128948282836717,1.948557923835935,1.5012972243259644,-0.9671667297977312,-0.2541427094613622,-0.9749279121818236,-0.2225209339563146,train
2023-09-17,1.5983852683481945,1.4888736943138696,1.334298534166604,3.8733419177356123,0.6502231956097536,0.9684880404258803,2.232171382072019,2.1941624811568006,1.8340187143457356,1.4549233018349157,-0.97139528468375,-0.23746831555846842,-0.7818314824680299,0.6234898018587334,train
2023-09-18,2.0319514718593936,1.5983852683481945,1.4888736943138696,1.334298534166604,1.6441553722557825,1.5813577780924273,1.4738524989428798,2.32961420583372,1.8790113734830438,1.3256182624945287,-0.9753363880767837,-0.2207236509605022,0.0,1.0,train
2023-09-19,1.3924141176195544,2.0319514718593936,1.5983852683481945,1.4888736943138696,1.7702496851424667,1.784853169975709,1.7064034781738098,2.385013648634236,1.9111966373235414,1.3000543751437779,-0.9789888737409319,-0.20391367068311472,0.7818314824680298,0.6234898018587336,train
2023-09-20,2.179426942969025,1.3924141176195544,2.0319514718593936,1.5983852683481945,4.597994968873512,2.7577050199625694,1.6742502859423711,2.3310371389881057,1.8831652764409588,1.3371470327398727,-0.9823516608469237,-0.18704334906991657,0.9749279121818236,-0.22252093395631434,train
2023-09-21,2.0798395955129165,2.179426942969025,1.3924141176195544,2.0319514718593936,3.8733419177356123,1.2204671080207,1.8679308441493145,1.9855274210017504,1.8418596995128487,0.8921903959252375,-0.9854237542919524,-0.17011767832049052,0.43388373911755823,-0.900968867902419,train
2023-09-22,2.2141620794197956,2.0798395955129165,2.179426942969025,1.3924141176195544,1.334298534166604,0.9718792101921233,1.8838935520338225,1.7293128035413654,1.9032434486194352,0.35626579877653414,-0.9882042449941422,-0.15314166701312007,-0.433883739117558,-0.9009688679024191,train
2023-09-23,1.9848933622835618,2.2141620794197956,2.0798395955129165,2.179426942969025,1.4888736943138696,1.032374306073288,2.1578095393005694,1.8550075957203929,1.991977939278555,0.3488075396048065,-0.9906923101615609,-0.13612033862266704,-0.9749279121818236,-0.2225209339563146,train
2023-09-24,7.227309365963358,1.9848933622835618,2.2141620794197956,2.0798395955129165,1.5983852683481945,0.6502231956097536,2.092965012405415,1.9258675482874916,2.0600150147221457,0.3102871107439077,-0.9928872135356962,-0.11905873003404988,-0.7818314824680299,0.6234898018587334,train
2023-09-25,2.5858063275425875,7.227309365963358,1.9848933622835618,2.2141620794197956,2.0319514718593936,1.6441553722557825,3.808788269222229,2.729999562232515,2.5298068840331176,2.0020535781263873,-0.994788305609327,-0.10196189005174576,0.0,1.0,train
2023-09-26,2.582483679720525,2.5858063275425875,7.227309365963358,1.9848933622835618,1.3924141176195544,1.7702496851424667,3.9326696852631593,2.809121684472971,2.597067666553604,1.9806989321530741,-0.9963950238187231,-0.08483487790576538,0.7818314824680298,0.6234898018587336,train
2023-09-27,1.6917279789383042,2.582483679720525,2.5858063275425875,7.227309365963358,2.179426942969025,4.597994968873512,4.131866457742148,2.9791316219159674,2.655084380452037,1.8877230712513073,-0.9977068927101168,-0.06768276175455162,0.9749279121818236,-0.22252093395631434,train
2023-09-28,1.116093551910904,1.6917279789383042,2.582483679720525,2.5858063275425875,2.0798395955129165,3.8733419177356123,2.286672662067129,2.90946034134015,2.44749388117095,1.9306688097422706,-0.9987235240803972,-0.050510617185222886,0.43388373911755823,-0.900968867902419,train
2023-09-29,1.9762157019313957,1.116093551910904,1.6917279789383042,2.582483679720525,2.2141620794197956,1.334298534166604,1.7967684035232345,2.7717823351112907,2.2505475693263284,2.031423948170206,-0.9994446170919858,-0.033323525711631344,-0.433883739117558,-0.9009688679024191,train
2023-09-30,2.6087519546302373,1.9762157019313957,1.116093551910904,1.6917279789383042,1.9848933622835618,1.4888736943138696,1.594679077593525,2.737789995470091,2.2963987955952416,2.044260139487647,-0.9998699583618592,-0.016126573270657762,-0.9749279121818236,-0.2225209339563146,train
2023-10-01,1.1131546839735373,2.6087519546302373,1.9762157019313957,1.116093551910904,7.227309365963358,1.5983852683481945,1.9003537361575027,2.8269126515196157,2.3763900999035537,2.0194138856096857,-0.9999994220246925,0.001075151282798226,-0.7818314824680299,0.6234898018587334,train
2023-10-02,2.6725670072255503,1.1131546839735373,2.6087519546302373,1.9762157019313957,2.5858063275425875,2.0319514718593936,1.8993741135117137,1.9534619826639272,2.3417307724482215,0.6709765617774938,-0.999832969770105,0.018276557681691223,0.0,1.0,train
2023-10-03,7.979925143007505,2.6725670072255503,1.1131546839735373,2.6087519546302373,2.582483679720525,1.3924141176195544,2.131491215276432,1.9658563654757792,2.387489024974375,0.6852535539858251,-0.9993706508539969,0.03547255575312556,0.7818314824680298,0.6234898018587336,train
2023-10-04,3.268341982967371,7.979925143007505,2.6725670072255503,1.1131546839735373,1.6917279789383042,2.179426942969025,3.9218822780688547,2.7369194316596333,2.8580255267878,2.3959848654043627,-0.9986126020839734,0.052658056924614005,0.9749279121818236,-0.22252093395631434,train
2023-10-05,2.5361471389851586,3.268341982967371,7.979925143007505,2.6725670072255503,1.116093551910904,2.0798395955129165,4.640278044400133,2.962150003663786,2.935805172501968,2.3551130168465395,-0.9975590477788613,0.06982797572987089,0.43388373911755823,-0.900968867902419,train
2023-10-06,7.305385349766426,2.5361471389851586,3.268341982967371,7.979925143007505,1.9762157019313957,2.2141620794197956,4.594804754986669,3.165014801817251,2.9683985684642704,2.227286056544567,-0.9962102997023297,0.0869772313136861,-0.433883739117558,-0.9009688679024191,train
2023-10-09,3.7495623362988497,1.6518518518518273,,7.305385349766426,2.6725670072255503,2.5858063275425875,4.478618600809112,4.2357030789673065,3.0068040271116407,2.6976325744746323,-0.9903973200352558,0.1382503109109819,0.0,1.0,train
2023-10-10,1.0697767527054893,3.7495623362988497,1.6518518518518273,,7.979925143007505,2.582483679720525,2.700707094075324,4.415202300479524,3.096323720092892,2.6071335276158836,-0.9878726596350429,0.15526624985999563,0.7818314824680298,0.6234898018587336,train
2023-10-11,1.2663154533843874,1.0697767527054893,3.7495623362988497,1.6518518518518273,3.268341982967371,1.6917279789383042,2.1570636469520457,3.263510902095854,2.979961648784043,2.214135986929756,-0.9850556718215013,0.172236243027682,0.9749279121818236,-0.22252093395631434,train
2023-10-12,2.150319284801996,1.2663154533843874,1.0697767527054893,3.7495623362988497,2.5361471389851586,1.116093551910904,2.028551514129566,2.9298398138320234,2.947237608356818,2.3593532500767838,-0.981947190186646,0.18915526872004093,0.43388373911755823,-0.900968867902419,train
2023-10-13,2.2579069200779336,2.150319284801996,1.2663154533843874,1.0697767527054893,7.305385349766426,1.9762157019313957,1.4954704969639476,2.8655351714681623,3.026793433963825,2.377418204860614,-0.9785481345802031,0.20601832032517084,-0.433883739117558,-0.9009688679024191,train
2023-10-15,7.5232716324709665,2.298842592592558,2.2579069200779336,2.150319284801996,1.6518518518518273,1.1131546839735373,2.235689599157486,2.0635107416732916,3.0246228075106605,0.8884412630373026,-0.9708824104813836,0.23955655912092708,-0.7818314824680299,0.6234898018587334,train
2023-10-18,1.284267241379267,1.3467353128990736,,7.5232716324709665,1.2663154533843874,3.268341982967371,4.435003472685006,2.807231866037819,3.0353713840668366,2.3554301662366344,-0.957232443323312,0.28931997761869527,0.9749279121818236,-0.22252093395631434,train
2023-10-19,2.704199597624825,1.284267241379267,1.3467353128990736,,2.150319284801996,2.5361471389851586,1.3155012771391557,2.8102238307036322,2.870031822267828,2.3530916040880756,-0.9521140536681102,0.3057430764672831,0.43388373911755823,-0.900968867902419,train
2023-10-20,1.4176227240130743,2.704199597624825,1.284267241379267,1.3467353128990736,2.2579069200779336,7.305385349766426,1.7784007173010454,2.9025372161741037,2.8840361938211334,2.332802479749417,-0.9467139181463862,0.3220757010206104,-0.433883739117558,-0.9009688679024191,train
2023-10-21,1.7576324770219252,1.4176227240130743,2.704199597624825,1.284267241379267,2.298842592592558,,1.8020298543390458,2.7624898501632944,2.3933893083416873,2.4033967749687344,-0.9410336347451197,0.3383130181923076,-0.9749279121818236,-0.2225209339563146,train
2023-10-22,1.6130507662834874,1.7576324770219252,1.4176227240130743,2.704199597624825,7.5232716324709665,1.6518518518518273,1.9598182662199317,2.6722881642348555,2.3444849367017055,2.43423629854163,-0.9350748843515574,0.3544502230989869,-0.7818314824680299,0.6234898018587334,train
2023-10-24,3.818274853801121,0.9553198798453004,1.6130507662834874,1.7576324770219252,1.3467353128990736,1.0697767527054893,1.4420010410502282,1.5826897141524217,2.1265585103923295,0.5560098402085344,-0.9223291176290545,0.3864052261209853,0.7818314824680298,0.6234898018587336,train
2023-10-25,2.480787037037014,3.818274853801121,0.9553198798453004,1.6130507662834874,1.284267241379267,1.2663154533843874,2.12888183330996,1.9357667914241428,2.3379814412458395,0.9936803756856297,-0.9155458729775467,0.40221356823680365,0.9749279121818236,-0.22252093395631434,train
2023-10-26,2.521353463025854,2.480787037037014,3.818274853801121,0.9553198798453004,2.704199597624825,2.150319284801996,2.418127256894469,2.106698190803821,2.4314023322960416,0.965442621762887,-0.9084917035725082,0.41790288888678667,0.43388373911755823,-0.900968867902419,train
2023-10-27,4.479643903966379,2.521353463025854,2.480787037037014,3.818274853801121,1.4176227240130743,2.2579069200779336,2.9401384512879862,2.0805773144325395,2.4599434229286463,0.948914440984188,-0.9011686968561569,0.4334685453485363,-0.433883739117558,-0.9009688679024191,train
2023-10-28,9.511537744875326,4.479643903966379,2.521353463025854,2.480787037037014,1.7576324770219252,2.298842592592558,3.160594801343073,2.518008911568726,2.630846267843142,1.2502812080153205,-0.8935790198239952,0.4489059314938798,-0.9749279121818236,-0.2225209339563146,train
2023-10-29,7.860877773797685,9.511537744875326,4.479643903966379,2.521353463025854,1.6130507662834874,7.5232716324709665,5.504178370622511,3.625709664119212,3.185668971864893,2.861278418072587,-0.8857249183835637,0.4642104791518923,-0.7818314824680299,0.6234898018587334,train
2023-10-30,0.323037375073522,7.860877773797685,9.511537744875326,4.479643903966379,0.9553198798453004,,7.284019807546454,4.518256379478383,3.2116386750438717,3.0938342101368574,-0.8776087166898392,0.4793776594606945,0.0,1.0,train
2023-10-31,2.715022349936143,0.323037375073522,7.860877773797685,9.511537744875326,3.818274853801121,1.3467353128990736,5.898484297915502,4.427930307368129,3.0053100107602755,3.221777333456926,-0.8692328164574792,0.49440298420761813,0.7818314824680298,0.6234898018587336,train
2023-11-01,2.221868908382066,2.715022349936143,0.323037375073522,7.860877773797685,2.480787037037014,1.284267241379267,3.632979166269107,4.270322806815989,3.1030447991200663,3.282975991058994,-0.8605996962501181,0.5092820071573356,0.9749279121818236,-0.22252093395631434,train
2023-11-02,1.4205043859649125,2.221868908382066,2.715022349936143,0.323037375073522,2.521353463025854,2.704199597624825,1.7533095444639006,4.233334502722426,3.170016346763123,3.3078627618507035,-0.8517119107469189,0.5240103253675756,0.43388373911755823,-0.900968867902419,train
2023-11-03,5.519299484587175,1.4205043859649125,2.221868908382066,2.715022349936143,4.479643903966379,1.4176227240130743,2.119131881427698,4.076070348856576,3.078323831644558,3.4268485618288542,-0.8425720899866032,0.5385835804920232,-0.433883739117558,-0.9009688679024191,train
2023-11-04,3.3599658869395714,5.519299484587175,1.4205043859649125,2.221868908382066,9.511537744875326,1.7576324770219252,3.053890926311375,4.224592574659547,3.3713007431141366,3.469519014627877,-0.8331829385891785,0.5529974600700271,-0.9749279121818236,-0.2225209339563146,train
2023-11-05,2.15625,3.3599658869395714,5.519299484587175,1.4205043859649125,7.860877773797685,1.6130507662834874,3.4332565858305433,3.345796594954439,3.485753129536825,2.56953908369494,-0.8235472349556007,0.5672476988027229,-0.7818314824680299,0.6234898018587334,train
2023-11-06,8.546101364522418,2.15625,3.3599658869395714,5.519299484587175,0.323037375073522,0.9553198798453004,3.678505123842239,2.5308497701261987,3.5245530748022906,1.6327523477630628,-0.8136678304455991,0.5813300798152042,0.0,1.0,train
2023-11-07,4.003240740740741,8.546101364522418,2.15625,3.3599658869395714,2.715022349936143,3.818274853801121,4.687439083820653,3.7055731971903265,4.066751752279228,2.5048044380163947,-0.8035476485339116,0.5952404359043674,0.7818314824680298,0.6234898018587336,train
2023-11-08,1.3183479532163742,4.003240740740741,8.546101364522418,2.15625,2.221868908382066,2.480787037037014,4.901864035087709,3.889604395876698,4.079963601346344,2.4669351513939155,-0.7931896839451843,0.6089746507720486,0.9749279121818236,-0.22252093395631434,train
2023-11-09,1.743287037037037,1.3183479532163742,4.003240740740741,8.546101364522418,1.4205043859649125,2.521353463025854,4.622563352826501,3.7605299737101703,3.996932238216297,2.5893374583590374,-0.7825970017677834,0.6225286602431057,0.43388373911755823,-0.900968867902419,train
2023-11-10,2.11650828460039,1.743287037037037,1.3183479532163742,4.003240740740741,5.519299484587175,4.479643903966379,2.354958576998041,3.806641781006188,3.9413560649313824,2.5431829159020984,-0.7717727365467836,0.6358984534680745,-0.433883739117558,-0.9009688679024191,train
2023-11-11,1.773343079922027,2.11650828460039,1.743287037037037,1.3183479532163742,3.3599658869395714,9.511537744875326,1.7260477582845903,3.320528752436647,3.7725606635480973,2.4858227931156596,-0.7607200913564104,0.6490800741100398,-0.9749279121818236,-0.2225209339563146,train
2023-11-12,4.720540935672514,1.773343079922027,2.11650828460039,1.743287037037037,2.15625,7.860877773797685,1.8777128005198078,3.0938683514341414,3.2198324731942902,2.5530535119283613,-0.7494423368521954,0.6620696215153815,-0.7818314824680299,0.6234898018587334,train
2023-11-13,2.5752314814814814,4.720540935672514,1.773343079922027,2.11650828460039,8.546101364522418,0.323037375073522,2.870130766731634,3.460195627958786,2.9955226990424926,2.5799243922158963,-0.7379428103031386,0.6748632518680403,0.0,1.0,train
2023-11-14,2.9912875836093256,2.5752314814814814,4.720540935672514,1.773343079922027,4.003240740740741,2.715022349936143,3.023038499025331,2.607214216095795,3.156393706643061,1.2753916113463835,-0.7262249146041543,0.6874571793269664,0.7818314824680298,0.6234898018587336,train
2023-11-15,7.766203703703703,2.9912875836093256,2.5752314814814814,4.720540935672514,1.3183479532163742,2.221868908382066,3.42902000025443,2.4626494793627356,3.1761269376197165,1.1410574135518916,-0.7142921172691032,0.699847677146407,0.9749279121818236,-0.22252093395631434,train
2023-11-16,4.988156655763703,7.766203703703703,2.9912875836093256,2.5752314814814814,1.743287037037037,1.4205043859649125,4.444240922931493,3.383771729432354,3.5721508515712626,2.1867430178578826,-0.7021479494046978,0.7120310787787131,0.43388373911755823,-0.900968867902419,train
2023-11-17,4.834623496000538,4.988156655763703,7.766203703703703,2.9912875836093256,2.11650828460039,5.519299484587175,5.2485493143589,3.847324532107592,3.82698315655689,2.1240591139247442,-0.6897960046655887,0.7240037789593305,-0.433883739117558,-0.9009688679024191,train
2023-11-18,7.241349902534112,4.834623496000538,4.988156655763703,7.766203703703703,1.773343079922027,3.3599658869395714,5.862994618489306,4.235626705164756,3.7780777288007017,1.999722773909064,-0.6772399381909491,0.7357622347736527,-0.9749279121818236,-0.2225209339563146,train
2023-11-19,1.9063480853735093,7.241349902534112,4.834623496000538,4.988156655763703,4.720540935672514,2.15625,5.688043351432775,5.016770536966482,4.055319444200312,1.9448041255816293,-0.6644834655228552,0.7473029667054296,-0.7818314824680299,0.6234898018587334,train
2023-11-20,1.4523579723791589,1.9063480853735093,7.241349902534112,4.834623496000538,2.5752314814814814,8.546101364522418,4.6607738279693764,4.614742986923767,4.037469307441277,2.2784926053209458,-0.6515303615068021,0.75862255966641,0.0,1.0,train
2023-11-21,5.117019980506822,1.4523579723791589,1.9063480853735093,7.241349902534112,2.9912875836093256,4.003240740740741,3.53335198676225,4.454332485623436,3.530773350859615,2.4768973337593905,-0.6383844591746642,0.7697176640069211,0.7818314824680298,0.6234898018587336,train
2023-11-22,6.782041910331384,5.117019980506822,1.4523579723791589,1.9063480853735093,7.766203703703703,1.3183479532163742,2.825242012753153,4.758008542323078,3.610329010842907,2.3966380171183927,-0.6250496486104377,0.7805849965070866,0.9749279121818236,-0.22252093395631434,train
2023-11-23,6.184706993177389,6.782041910331384,5.117019980506822,1.4523579723791589,4.988156655763703,1.743287037037037,4.450473287739111,4.617414000412746,4.000592864922551,2.2125531210171165,-0.6115298757991053,0.7912213413483807,0.43388373911755823,-0.900968867902419,train
2023-11-24,8.174744152046783,6.184706993177389,6.782041910331384,5.117019980506822,4.834623496000538,2.11650828460039,6.027922961338522,4.788349762900417,4.317837147504004,2.290806693588064,-0.5978291414589552,0.801623551065242,-0.433883739117558,-0.9009688679024191,train
2023-11-25,7.1655414578111944,8.174744152046783,6.184706993177389,6.782041910331384,7.241349902534112,1.773343079922027,7.047164351851841,5.265509856621309,4.750568280893033,2.6254690139578276,-0.5839514998576998,0.8117885474764613,-0.9749279121818236,-0.2225209339563146,train
2023-11-26,4.391126162572347,7.1655414578111944,8.174744152046783,6.184706993177389,1.9063480853735093,4.720540935672514,7.1749975343451124,5.254680078803749,5.1357253078851155,2.616100165940089,-0.5699010576127624,0.8217133225960589,-0.7818314824680299,0.6234898018587334,train
2023-11-27,11.874364606747733,4.391126162572347,7.1655414578111944,8.174744152046783,1.4523579723791589,2.5752314814814814,6.577137257476764,5.60964837554644,5.112195681235103,2.2254685370184335,-0.5556819724760489,0.8313949395234058,0.0,1.0,train
2023-11-28,4.2110813382388965,11.874364606747733,4.391126162572347,7.1655414578111944,5.117019980506822,2.9912875836093256,7.810344075710415,7.098506466170521,5.7764194758969785,2.455028116561547,-0.5412984521036173,0.8408305333122887,0.7818314824680298,0.6234898018587336,train
2023-11-29,4.246349860395044,4.2110813382388965,11.874364606747733,4.391126162572347,6.782041910331384,7.766203703703703,6.825524035852982,6.9690866601322465,5.863547601227663,2.596685935695235,-0.5267547528105542,0.8500173118187018,0.9749279121818236,-0.22252093395631434,train
2023-11-30,3.2437500000000004,4.246349860395044,4.2110813382388965,11.874364606747733,6.184706993177389,4.988156655763703,6.777265268460547,6.6068449387127695,5.612129469562758,2.7963203077401895,-0.5120551783114646,0.8589525565270845,0.43388373911755823,-0.900968867902419,train
2023-12-01,2.5141203703703705,3.2437500000000004,4.246349860395044,4.2110813382388965,8.174744152046783,4.834623496000538,3.9003937328779705,6.186708225401714,5.487528994151065,3.0771482116161013,-0.4972040784469378,0.8676336233547726,-0.433883739117558,-0.9009688679024191,train
2023-12-02,4.0282516783498545,2.5141203703703705,3.2437500000000004,4.246349860395044,7.1655414578111944,7.241349902534112,3.3347400769217947,5.378047685162227,5.321778770891767,3.208611805735265,-0.4822058478963526,0.8760579434344281,-0.9749279121818236,-0.2225209339563146,train
2023-12-03,7.945687134502925,4.0282516783498545,2.5141203703703705,3.2437500000000004,4.391126162572347,1.9063480853735093,3.2620406829067314,4.929863430953463,5.092271754878607,3.1355985529646877,-0.46706492487743034,0.8842230238742036,-0.7818314824680299,0.6234898018587334,train
2023-12-04,18.572738461030166,7.945687134502925,4.0282516783498545,2.5141203703703705,11.874364606747733,1.4523579723791589,4.829353061074373,5.437657855514975,5.523653115530707,3.3164197119625656,-0.451785789832884,0.8921264484954345,0.0,1.0,train
2023-12-05,9.713204508856682,18.572738461030166,7.945687134502925,4.0282516783498545,4.2110813382388965,5.117019980506822,10.182225757960971,6.394568406126751,6.746537436148636,5.637393640301551,-0.4363729641045924,0.8997658785476209,0.7818314824680298,0.6234898018587336,train
2023-12-06,12.022928849902534,9.713204508856682,18.572738461030166,7.945687134502925,4.246349860395044,6.782041910331384,12.07721003479658,7.180586001929291,7.0748363310307685,5.66571864395278,-0.42083100859565564,0.9071390534005044,0.9749279121818236,-0.22252093395631434,train
2023-12-07,17.147843567251464,12.022928849902534,9.713204508856682,18.572738461030166,3.2437500000000004,6.184706993177389,13.436290606596451,8.291525857573218,7.449185398142994,5.756176935803102,-0.4051645224207563,0.9142437912130223,0.43388373911755823,-0.900968867902419,train
2023-12-08,12.983364514157332,17.147843567251464,12.022928849902534,9.713204508856682,2.5141203703703705,8.174744152046783,12.96132564200355,10.277824938609143,8.232266582005428,6.111983740827275,-0.3893781415452015,0.9210779895789526,-0.433883739117558,-0.9009688679024191,train
2023-12-13,16.78605659629299,8.591678849902534,,,12.022928849902534,4.246349860395044,,12.686453945303466,9.182719799519901,3.521344529147201,-0.30881248126625377,0.9511229423235357,0.9749279121818236,-0.22252093395631434,train
2023-12-14,14.188764500258047,16.78605659629299,8.591678849902534,,17.147843567251464,3.2437500000000004,12.688867723097747,13.877235881901079,10.322693139146986,3.995590558792262,-0.29240597695107734,0.9562942772197719,0.43388373911755823,-0.900968867902419,train
2023-12-15,2.230324074074074,14.188764500258047,16.78605659629299,8.591678849902534,12.983364514157332,2.5141203703703705,13.188833315484514,13.137466115152726,11.317694457352262,3.4207879188832298,-0.27591294500296043,0.9611826292540837,-0.433883739117558,-0.9009688679024191,train
2023-12-19,16.649904335449992,15.24294590643275,23.421264367816093,3.4409722222222228,8.591678849902534,9.713204508856682,14.03506083215701,11.986000930999817,12.342667996106066,7.626465008280526,-0.20917350564635637,0.9778785428342386,0.7818314824680298,0.6234898018587336,train
2023-12-20,11.268747899442092,16.649904335449992,15.24294590643275,23.421264367816093,16.78605659629299,12.022928849902534,18.438038203232935,13.13717600036374,12.973277071250912,7.636883695032351,-0.19232150523909483,0.9813319716704275,0.9749279121818236,-0.22252093395631434,train
2023-12-21,4.711817738791423,11.268747899442092,16.649904335449992,15.24294590643275,14.188764500258047,17.147843567251464,14.3871993804416,12.348989043670754,12.9047151666636,7.480641445789302,-0.17541259380427843,0.9844950085880858,0.43388373911755823,-0.900968867902419,train
2023-12-22,14.273414940364093,4.711817738791423,11.268747899442092,16.649904335449992,2.230324074074074,12.983364514157332,10.876823324561158,10.99513950631838,11.774167364076323,7.935901864980969,-0.15845177496083632,0.9873667175937016,-0.433883739117558,-0.9009688679024191,train
2023-12-23,31.391323099415203,14.273414940364093,4.711817738791423,11.268747899442092,3.4409722222222228,,10.08466019286586,12.715581058645524,11.891444675549666,6.965114222310516,-0.14144406768794202,0.9899462489023779,-0.9749279121818236,-0.2225209339563146,train
2023-12-24,20.027590158793632,31.391323099415203,14.273414940364093,4.711817738791423,23.421264367816093,,16.792185259523563,16.70848832681595,13.516434544205126,8.585246155646388,-0.12439450483979998,0.9922328391893008,-0.7818314824680299,0.6234898018587334,train
2023-12-25,5.0121414090634895,20.027590158793632,31.391323099415203,14.273414940364093,15.24294590643275,,21.89744273285763,16.22367772552703,14.017292668404242,8.231529777617318,-0.10730813165636247,0.9942258118156161,0.0,1.0,train
2023-12-26,5.662630471030442,5.0121414090634895,20.027590158793632,31.391323099415203,16.649904335449992,8.591678849902534,18.810351555757432,14.762134225902846,13.374067578451331,9.276605348439201,-0.09019000427034513,0.9959245770286599,0.7818314824680298,0.6234898018587336,train
2023-12-27,3.796625432714068,5.662630471030442,5.0121414090634895,20.027590158793632,11.268747899442092,16.78605659629299,10.234120679629179,13.19252367384291,13.164849837103324,9.817705030085671,-0.07304518821104743,0.9973286321364752,0.9749279121818236,-0.22252093395631434,train
2023-12-28,2.1298097198371893,3.796625432714068,5.662630471030442,5.0121414090634895,4.711817738791423,14.188764500258047,4.823799104269324,12.125077607167478,12.237033325419116,10.447726189122585,-0.05587875690537313,0.9984375616565666,0.43388373911755823,-0.900968867902419,train
2023-12-29,3.7888157894736842,2.1298097198371893,3.796625432714068,5.662630471030442,14.273414940364093,2.230324074074074,3.8630218745272233,11.756219318745448,11.37567941253191,10.79294876560715,-0.03869579017652689,0.9992510374388481,-0.433883739117558,-0.9009688679024191,train
2023-12-30,5.713409391534392,3.7888157894736842,2.1298097198371893,3.796625432714068,31.391323099415203,3.4409722222222228,3.238416980674971,10.258419440046813,11.487000249346169,11.10829924130658,-0.021501372740813793,0.999768818762748,-0.9749279121818236,-0.2225209339563146,train
2023-12-31,16.458484993614302,5.713409391534392,3.7888157894736842,2.1298097198371893,20.027590158793632,23.421264367816093,3.8773449669484124,6.5901460532067,11.649317190011326,6.058461905841711,-0.004300592702981974,0.9999907524084426,-0.7818314824680299,0.6234898018587334,train
2024-01-01,6.377326998050683,16.458484993614302,5.713409391534392,3.7888157894736842,5.0121414090634895,15.24294590643275,8.65357005820745,6.08027388675251,11.15197580613977,4.747441169660599,0.017201575418260506,0.9998520419557735,0.0,1.0,validation
2024-01-02,6.005287524366472,6.377326998050683,16.458484993614302,5.713409391534392,5.662630471030442,16.649904335449992,9.516407127733117,6.275300399464966,10.518717312683906,4.724233132349678,0.03439806061360801,0.9994082116062598,0.7818314824680298,0.6234898018587336,validation
2024-01-03,8.211440058479532,6.005287524366472,6.377326998050683,16.458484993614302,3.796625432714068,11.268747899442092,9.613699838677144,6.3242514070843985,9.758387540463653,4.718598683864822,0.051584366869408364,0.9986686402879997,0.9749279121818236,-0.22252093395631434,validation
2024-01-04,6.817884990253411,8.211440058479532,6.005287524366472,6.377326998050683,2.1298097198371893,4.711817738791423,6.864684860298887,6.954939210765178,9.54000840896633,4.618427933036056,0.06875540848113941,0.9976335468520451,0.43388373911755823,-0.900968867902419,validation
2024-01-05,12.18345991508904,6.817884990253411,8.211440058479532,6.005287524366472,3.7888157894736842,14.273414940364093,7.011537524366463,7.6246642493960675,9.690441784070755,4.11453616866347,0.08590610426133272,0.9963032375991965,-0.433883739117558,-0.9009688679024191,validation
2024-01-06,6.1038864522417144,12.18345991508904,6.817884990253411,8.211440058479532,5.713409391534392,31.391323099415203,9.070928321273984,8.823899124483976,9.541159282265395,4.032744760377261,0.10303137904317879,0.9946781061893646,-0.9749279121818236,-0.2225209339563146,validation
2024-01-07,19.584216101694917,6.1038864522417144,12.18345991508904,6.817884990253411,16.458484993614302,20.027590158793632,8.368410452528046,8.87968156172788,7.734913807467289,3.9849659682850724,0.1201261651823505,0.9927586335250793,-0.7818314824680299,0.6234898018587334,validation
2024-01-08,31.412049220272905,19.584216101694917,6.1038864522417144,12.18345991508904,6.377326998050683,5.0121414090634895,12.623854156341883,9.326214577167965,7.703244231960239,5.017183451754727,0.13718540405660057,0.9905453876091833,0.0,1.0,validation
2024-01-09,11.347746101364523,31.412049220272905,19.584216101694917,6.1038864522417144,6.005287524366472,5.662630471030442,19.0333839247365,12.902603466056856,9.58895193276091,9.491988115139485,0.1542040475626894,0.988039023376751,0.7818314824680298,0.6234898018587336,validation
2024-01-10,14.35214947089946,11.347746101364523,31.412049220272905,19.584216101694917,8.211440058479532,3.796625432714068,20.78133714111077,13.665811834199435,9.995031620641916,9.049440456001658,0.17117705961019986,0.985240282501282,0.9749279121818236,-0.22252093395631434,validation
2024-01-11,26.105508215604985,14.35214947089946,11.347746101364523,31.412049220272905,6.817884990253411,2.1298097198371893,19.03731493084562,14.54305603597371,10.748997623369444,8.724374108947796,0.18809941761179758,0.9821499931752291,0.43388373911755823,-0.900968867902419,validation
2024-01-12,7.2857699805068235,26.105508215604985,14.35214947089946,11.347746101364523,12.18345991508904,3.7888157894736842,17.268467929289645,17.298430782452506,12.461547515924286,8.921468716184618,0.20496611396949532,0.9787690698649216,-0.433883739117558,-0.9009688679024191,validation
2024-01-13,6.166313352826511,7.2857699805068235,26.105508215604985,14.35214947089946,6.1038864522417144,5.713409391534392,15.914475889003747,16.598760791797904,12.71132995814094,9.558759569222788,0.22177215755648186,0.975098513039961,-0.9749279121818236,-0.2225209339563146,validation
2024-01-14,6.053108465608466,6.166313352826511,7.2857699805068235,26.105508215604985,19.584216101694917,16.458484993614302,13.185863849646097,16.607678920452877,12.743680241090376,9.547358469283045,0.23851257519407648,0.9711394088771653,-0.7818314824680299,0.6234898018587334,validation
2024-01-15,8.229655854561072,6.053108465608466,6.166313352826511,7.2857699805068235,31.412049220272905,6.377326998050683,6.501730599647257,14.674663543869096,12.00043906051853,10.192281942873384,0.2551824131233728,0.9668929289391521,0.0,1.0,validation
2024-01-16,6.820821150097466,8.229655854561072,6.053108465608466,6.166313352826511,11.347746101364523,6.005287524366472,6.816359224332007,11.36289306305312,12.132748264554989,7.163785615039266,0.2717767384711357,0.9623603298276545,0.7818314824680298,0.6234898018587336,validation
2024-01-17,7.947457025024858,6.820821150097466,8.229655854561072,6.053108465608466,14.35214947089946,8.211440058479532,7.0345284900889915,10.716189498586399,12.191000666392915,7.366835088867489,0.2882906407095177,0.9575429528116719,0.9749279121818236,-0.22252093395631434,validation
2024-01-18,9.66036877394636,7.947457025024858,6.820821150097466,8.229655854561072,26.105508215604985,6.817884990253411,7.665978009894455,9.801233434890024,12.17214473543187,7.236564766976153,0.3047192331091634,0.9524422234305676,0.43388373911755823,-0.900968867902419,validation
2024-01-19,6.573627075351214,9.66036877394636,7.947457025024858,6.820821150097466,7.2857699805068235,12.18345991508904,8.142882316356218,7.451927800367364,12.375179291409935,1.2756061132320273,0.321057654185271,0.9470596510722283,-0.433883739117558,-0.9009688679024191,validation
2024-01-20,6.957760721247563,6.573627075351214,9.66036877394636,7.947457025024858,6.166313352826511,6.1038864522417144,8.060484291440801,7.350193099630849,11.974476945714377,1.3187354949480317,0.3373010691361842,0.9413968285264122,-0.9749279121818236,-0.2225209339563146,validation
2024-01-21,3.9717592592592594,6.957760721247563,6.573627075351214,9.66036877394636,6.053108465608466,19.584216101694917,7.730585523515036,7.463257009405284,12.035467964929081,1.231349369368868,0.3534446712740877,0.9354554315134164,-0.7818314824680299,0.6234898018587334,validation
2024-01-22,8.219580140485313,3.9717592592592594,6.957760721247563,6.573627075351214,8.229655854561072,31.412049220272905,5.834382351952669,7.165921408498256,10.920292476183677,1.7644879343785995,0.3694836834473831,0.9292372181882051,0.0,1.0,validation
2024-01-23,12.25971424010217,8.219580140485313,3.9717592592592594,6.957760721247563,6.820821150097466,11.347746101364523,6.383033373664035,7.164482020773145,9.263687541913134,1.7634793861520273,0.38541335945432564,0.9227440286201427,0.7818314824680298,0.6234898018587336,validation
2024-01-24,8.619643150102023,12.25971424010217,8.219580140485313,3.9717592592592594,7.947457025024858,14.35214947089946,8.150351213282237,7.941466747916676,9.328828123251537,2.5908978168340786,0.4012289854475009,0.9159777842484877,0.9749279121818236,-0.22252093395631434,validation
2024-01-25,11.512042402732177,8.619643150102023,12.25971424010217,8.219580140485313,9.66036877394636,26.105508215604985,9.69964584356316,8.037493337213414,8.91936338605172,2.603582422731899,0.4169258813287287,0.908940487313808,0.43388373911755823,-0.900968867902419,validation
2024-01-26,7.383169008656935,11.512042402732177,8.619643150102023,12.25971424010217,6.573627075351214,7.2857699805068235,10.797133264312114,8.302018141325673,7.876972970846521,2.875783994941286,0.4324994021339788,0.901634220265486,-0.433883739117558,-0.9009688679024191,validation
2024-01-27,4.614172328041948,7.383169008656935,11.512042402732177,8.619643150102023,6.957760721247563,6.166313352826511,9.171618187163702,8.417666988940777,7.883930044285814,2.810223210984779,0.44794493940789115,0.8940611451454876,-0.9749279121818236,-0.2225209339563146,validation
2024-01-28,3.0244215857285464,4.614172328041948,7.383169008656935,11.512042402732177,3.9717592592592594,6.053108465608466,7.836461246477011,8.08286864705426,7.773062828229773,3.13407994979579,0.4632579225674917,0.88622350294858,-0.7818314824680299,0.6234898018587334,validation
2024-01-29,4.304278416347382,3.0244215857285464,4.614172328041948,7.383169008656935,8.219580140485313,8.229655854561072,5.0072543074758,7.94753469369273,7.556728051095493,3.3539330671010528,0.4784338202547012,0.8781236129591848,0.0,1.0,validation
2024-01-30,5.856944444444444,4.304278416347382,3.0244215857285464,4.614172328041948,12.25971424010217,6.820821150097466,3.9809574433726165,7.38820587595874,7.276343948365944,3.617148246073258,0.49346814167723735,0.8697638720650646,0.7818314824680298,0.6234898018587336,validation
2024-01-31,16.69569111270239,5.856944444444444,4.304278416347382,3.0244215857285464,8.619643150102023,7.947457025024858,4.395214815506782,6.4735244765790645,7.207495612247871,2.9228764940708336,0.5083564379375122,0.8611467540480452,0.9749279121818236,-0.22252093395631434,validation
2024-02-01,13.39027468034493,16.69569111270239,5.856944444444444,4.304278416347382,11.512042402732177,9.66036877394636,8.952304657831396,7.627245614093403,7.832369475653409,4.8619029218909064,0.5230943033491326,0.8522748088519838,0.43388373911755823,-0.900968867902419,validation
2024-02-02,40.930351577900346,13.39027468034493,16.69569111270239,5.856944444444444,7.383169008656935,6.573627075351214,11.980970079163912,7.895564510895225,8.09879132611045,5.155021707812735,0.5376773767406141,0.8431506618282,-0.433883739117558,-0.9009688679024191,validation
2024-02-03,22.298732943469787,40.930351577900346,13.39027468034493,16.69569111270239,4.614172328041948,6.957760721247563,23.67210579031588,12.688019163644285,10.55284307629253,13.476564529268238,0.5521013427459208,0.8337770129585915,-0.9749279121818236,-0.2225209339563146,validation
2024-02-04,6.032040649996639,22.298732943469787,40.930351577900346,13.39027468034493,3.0244215857285464,3.9717592592592594,25.539786400571682,15.214384965848263,11.648626806451261,13.367921158107858,0.5663619330814524,0.8241566360566663,-0.7818314824680299,0.6234898018587334,validation
2024-02-05,7.2465881843135564,6.032040649996639,22.298732943469787,40.930351577900346,4.304278416347382,8.219580140485313,23.087041723788914,15.644044832172275,11.795789762932502,12.952708103310623,0.580454927809098,0.8142923779467267,0.0,1.0,validation
2024-02-06,3.997090752009616,7.2465881843135564,6.032040649996639,22.298732943469787,5.856944444444444,12.25971424010217,11.85912059259332,16.064374799024584,11.726290337491664,12.565336698482392,0.5943761565849831,0.804187157621448,0.7818314824680298,0.6234898018587336,validation
2024-02-07,2.958796296296296,3.997090752009616,7.2465881843135564,6.032040649996639,16.69569111270239,8.619643150102023,5.758573195439928,15.798681414391039,11.136102945485051,12.833937282862196,0.6081214998935418,0.7938439653781019,0.9749279121818236,-0.22252093395631434,validation
2024-02-08,5.616131864623244,2.958796296296296,3.997090752009616,7.2465881843135564,13.39027468034493,11.512042402732177,4.734158410873147,13.836267869190168,10.731756741641785,13.695256064740894,0.6216868902665479,0.7832658619336791,0.43388373911755823,-0.900968867902419,validation
2024-02-09,3.634448602113323,5.616131864623244,2.958796296296296,3.997090752009616,40.930351577900346,7.383169008656935,4.190672970976376,12.725676038372784,10.310620274634005,14.048120031871798,0.6350683134867438,0.7724559775191742,-0.433883739117558,-0.9009688679024191,validation
2024-02-10,2.28185883004646,3.634448602113323,5.616131864623244,2.958796296296296,22.298732943469787,4.614172328041948,4.069792254344279,7.397689898974638,10.04285453130946,6.739593193406997,0.6482618097757122,0.7614175109532997,-0.9749279121818236,-0.2225209339563146,validation
2024-02-11,6.160882552228266,2.28185883004646,3.634448602113323,5.616131864623244,6.032040649996639,3.0244215857285464,3.844146432261,4.5381364541998765,9.876260710024068,1.7992600730559034,0.6612634749656386,0.7501537286959042,-0.7818314824680299,0.6234898018587334,validation
2024-02-12,7.030307496884287,6.160882552228266,2.28185883004646,3.634448602113323,7.2465881843135564,4.304278416347382,4.025729994796007,4.556542440232966,10.100293636202622,1.8176543746063245,0.6740694616546161,0.7386679638813748,0.0,1.0,validation
2024-02-13,10.963766988009654,7.030307496884287,6.160882552228266,2.28185883004646,3.997090752009616,5.856944444444444,5.157682959719661,4.525645199171642,10.295009999098113,1.765393701457726,0.6866759803451553,0.726963615332308,0.7818314824680298,0.6234898018587336,validation
2024-02-14,15.747282268170425,10.963766988009654,7.030307496884287,6.160882552228266,2.958796296296296,16.69569111270239,8.051652345707394,5.520884661457361,10.6597830379242,2.970303597842603,0.6990793005655562,0.7150441465537444,0.9749279121818236,-0.22252093395631434,validation
2024-02-15,10.124480401466705,15.747282268170425,10.963766988009654,7.030307496884287,5.616131864623244,13.39027468034493,11.247118917688113,7.347811228867952,10.592039549029062,4.611353872433755,0.7112757519738152,0.7029130847082615,0.43388373911755823,-0.900968867902419,validation
2024-02-16,5.730190813256272,10.124480401466705,15.747282268170425,10.963766988009654,3.634448602113323,40.930351577900346,12.278509885882253,7.991861019845588,10.358768529109184,4.643904330079013,0.7232617254437388,0.6905740195722293,-0.433883739117558,-0.9009688679024191,validation
2024-02-17,1.956712962962963,5.730190813256272,10.124480401466705,15.747282268170425,2.28185883004646,22.298732943469787,10.533984494297792,8.291252764294581,7.84447133163461,4.375990283928438,0.7350336741329413,0.6780306024735382,-0.9749279121818236,-0.2225209339563146,validation
2024-02-18,1.764351851851852,1.956712962962963,5.730190813256272,10.124480401466705,6.160882552228266,6.032040649996639,5.9371280592286375,8.244803354711225,6.39146990445555,4.451483310731723,0.746588114532413,0.6652865452111116,-0.7818314824680299,0.6234898018587334,validation
2024-02-19,1.6442426136889876,1.764351851851852,1.956712962962963,5.730190813256272,7.030307496884287,7.2465881843135564,3.1504185426903533,7.616727540371737,6.086634990302351,5.062713257472419,0.7579216274973472,0.6523456189565257,0.0,1.0,validation
2024-02-20,2.4947158365261815,1.6442426136889876,1.764351851851852,1.956712962962963,10.963766988009654,3.997090752009616,1.788435809501258,6.847289699915266,5.686467449543454,5.552309410868096,0.7690308592589181,0.6392116531380588,0.7818314824680298,0.6234898018587336,validation
2024-02-21,5.071539961013645,2.4947158365261815,1.6442426136889876,1.764351851851852,15.747282268170425,2.958796296296296,1.9677701006889974,5.63742524970334,5.579154955580351,5.427122454575433,0.7799125224167177,0.6258885343075018,0.9749279121818236,-0.22252093395631434,validation
2024-02-22,5.0558206958073155,5.071539961013645,2.4947158365261815,1.6442426136889876,10.124480401466705,5.616131864623244,3.070166137076262,4.112319205823801,5.730065217345876,3.1238685133528286,0.7905633969115482,0.612380204990065,0.43388373911755823,-0.900968867902419,validation
2024-02-23,6.126301085568326,5.0558206958073155,5.071539961013645,2.4947158365261815,5.730190813256272,3.634448602113323,4.207358831115704,3.3882249621581733,5.690042991001881,1.808556166095955,0.8009803309782905,0.5986906625177214,-0.433883739117558,-0.9009688679024191,validation
2024-02-24,8.065582358674463,6.126301085568326,5.0558206958073155,5.071539961013645,1.956712962962963,2.28185883004646,5.417887247463086,3.4448121439170385,5.868032454105809,1.8980294378400917,0.8111602420785621,0.5848239578463322,-0.9749279121818236,-0.2225209339563146,validation
2024-02-25,18.990057783089394,8.065582358674463,6.126301085568326,5.0558206958073155,1.764351851851852,6.160882552228266,6.415901380016692,4.317507771875825,6.281155563293524,2.4297115423190307,0.8211001178128892,0.5707841943569036,-0.7818314824680299,0.6234898018587334,validation
2024-02-26,9.13385716237005,18.990057783089394,8.065582358674463,6.126301085568326,1.6442426136889876,7.030307496884287,11.060647075777387,6.778322904909759,7.197525222640748,5.79937970706204,0.8307970168121247,0.5565755266413303,0.0,1.0,validation
2024-02-27,3.813425925925926,9.13385716237005,18.990057783089394,8.065582358674463,2.4947158365261815,10.963766988009654,12.063165768044627,7.848267840435625,7.347778770175445,5.369250661033673,0.8402480696078469,0.5422021592729844,0.7818314824680298,0.6234898018587336,validation
2024-02-28,6.374537037037037,3.813425925925926,9.13385716237005,18.990057783089394,5.071539961013645,15.747282268170425,10.645780290461781,8.03665499606416,6.83704012288375,5.169527994890571,0.8494504794814806,0.527668345562516,0.9749279121818236,-0.22252093395631434,validation
2024-02-29,5.826726238488942,6.374537037037037,3.813425925925926,9.13385716237005,5.0558206958073155,10.124480401466705,6.440606708444328,8.222797435496073,6.167558320659937,5.067417225505156,0.8584015232918917,0.512978386299228,0.43388373911755823,-0.900968867902419,validation
2024-03-01,3.3723585992451923,5.826726238488942,6.374537037037037,3.813425925925926,6.126301085568326,5.730190813256272,5.338229733817292,8.332926798736306,5.8605758804472385,4.994977814414226,0.8670985522812081,0.4981366284784055,-0.433883739117558,-0.9009688679024191,validation
2024-03-02,2.638486842105263,3.3723585992451923,5.826726238488942,6.374537037037037,8.065582358674463,1.956712962962963,5.191207291590381,7.939506443547287,5.692159293732162,5.297065272261471,0.8755389928586302,0.4831474640149687,-0.9749279121818236,-0.2225209339563146,validation
2024-03-03,8.450865009746588,2.638486842105263,3.3723585992451923,5.826726238488942,18.990057783089394,1.764351851851852,3.945857226613123,7.1642070840374,5.7408574279566125,5.660251658010936,0.8837203473619977,0.4680153284438345,-0.7818314824680299,0.6234898018587334,validation
2024-03-04,4.511222860791826,8.450865009746588,2.638486842105263,3.3723585992451923,9.13385716237005,1.6442426136889876,4.820570150365672,5.658608116417,6.218465510663379,2.522156454786187,0.8916401947968874,0.45274469960737107,0.0,1.0,validation
2024-03-05,4.032453455909076,4.511222860791826,8.450865009746588,2.638486842105263,3.813425925925926,2.4947158365261815,5.200191570881216,4.998231787620111,6.423249814027868,2.0147000528821257,0.8992961915530253,0.4373400963303323,0.7818314824680298,0.6234898018587336,validation
2024-03-06,7.978216374269006,4.032453455909076,4.511222860791826,8.450865009746588,6.374537037037037,5.071539961013645,5.66484710881582,5.029521434760561,6.533088215412361,1.9948353056693628,0.9066860720977985,0.4218060770826634,0.9749279121818236,-0.22252093395631434,validation
2024-03-07,11.074768518518518,7.978216374269006,4.032453455909076,4.511222860791826,5.826726238488942,5.0558206958073155,5.507297563656626,5.258618482936557,6.740707959216315,2.250723737452939,0.9138076496466615,0.4061472386305789,0.43388373911755823,-0.900968867902419,validation
2024-03-08,5.576819923371648,11.074768518518518,7.978216374269006,4.032453455909076,3.3723585992451923,6.126301085568326,7.69514611623219,6.008338808655067,7.170632803695687,3.1613508426229693,0.9206588168102428,0.3903682146763026,-0.433883739117558,-0.9009688679024191,validation
2024-03-09,8.046198830409358,5.576819923371648,11.074768518518518,7.978216374269006,2.638486842105263,8.065582358674463,8.209934938719714,6.323261854958846,7.1313841492530665,2.9582769790657055,0.9272375462179537,0.374473674486883,-0.9749279121818236,-0.2225209339563146,validation
2024-03-10,13.10891812865497,8.046198830409358,5.576819923371648,11.074768518518518,8.450865009746588,18.990057783089394,8.232595757433165,7.095792139002289,7.129999611519844,2.5073804310772703,0.9335418911179212,0.35846832151248087,-0.7818314824680299,0.6234898018587334,validation
2024-03-11,9.145837394411956,13.10891812865497,8.046198830409358,5.576819923371648,4.511222860791826,9.13385716237005,8.91064562747865,7.761228298846343,6.709918207631672,3.3897778801250076,0.9395699859530622,0.342356891994542,0.0,1.0,validation
2024-03-12,11.356239495235785,9.145837394411956,13.10891812865497,8.046198830409358,4.032453455909076,3.813425925925926,10.100318117825418,8.423316089363505,6.7107739384918075,3.088409778596545,0.945320046913132,0.3261441535642696,0.7818314824680298,0.6234898018587336,validation
2024-03-13,10.761927387914229,11.356239495235785,9.145837394411956,13.10891812865497,7.978216374269006,6.374537037037037,11.203665006100893,9.46957123783875,7.249546336299654,2.5458942748425017,0.9507903724625832,0.3098349038318025,0.9749279121818236,-0.22252093395631434,validation
2024-03-14,9.914224137931035,10.761927387914229,11.356239495235785,9.145837394411956,11.074768518518518,5.826726238488942,10.421334759187314,9.867244239788066,7.562931361362311,2.490933704665919,0.9559793438440766,0.2934339689665273,0.43388373911755823,-0.900968867902419,validation
2024-03-15,3.3386574074074074,9.914224137931035,10.761927387914229,11.356239495235785,5.576819923371648,3.3723585992451923,10.677463673693673,9.701452185418427,7.854895497036746,2.4351655493451694,0.9608854255574977,0.27694620226893646,-0.433883739117558,-0.9009688679024191,validation
2024-03-16,1.7892183335322434,3.3386574074074074,9.914224137931035,10.761927387914229,8.046198830409358,2.638486842105263,8.004936311084213,9.381714683137819,7.852488269048332,3.1181492671593958,0.9655071658143364,0.2603764827344581,-0.9749279121818236,-0.2225209339563146,validation
2024-03-17,1.916898148148148,1.7892183335322434,3.3386574074074074,9.914224137931035,13.10891812865497,8.450865009746588,5.014033292956885,8.487860326441089,7.7918262327216885,4.254540673654931,0.969843196967294,0.24372971360968387,-0.7818314824680299,0.6234898018587334,validation
2024-03-18,2.464088441890166,1.916898148148148,1.7892183335322434,3.3386574074074074,9.145837394411956,4.511222860791826,2.348257963029256,6.889000329225829,7.325114314036086,4.330811967075634,0.9738922359149924,0.22701082094141847,0.0,1.0,validation
2024-03-19,8.616163793103448,2.464088441890166,1.916898148148148,1.7892183335322434,11.356239495235785,4.032453455909076,2.056734974523509,5.934464764579858,7.178890426971682,4.484123073460809,0.9776530844816641,0.2102247521189836,0.7818314824680298,0.6234898018587336,validation
2024-03-20,14.84109993614304,8.616163793103448,2.464088441890166,1.916898148148148,10.761927387914229,7.978216374269006,4.332383461047244,5.543025378560953,7.506298308199851,4.028387877029282,0.981124629771712,0.19337647441020586,0.9749279121818236,-0.22252093395631434,validation
2024-03-21,3.484527290448343,14.84109993614304,8.616163793103448,2.464088441890166,9.914224137931035,11.074768518518518,8.640450723712208,6.125764314022213,7.9965042769051395,5.069641883367847,0.984305844499033,0.17647097349152166,0.43388373911755823,-0.900968867902419,validation
2024-03-22,2.8040469348659003,3.484527290448343,14.84109993614304,8.616163793103448,3.3386574074074074,5.576819923371648,8.980597006564933,5.207236192953256,7.454344189185841,4.846398332207636,0.9871957872910085,0.15951325197263655,-0.433883739117558,-0.9009688679024191,validation
2024-03-23,18.931371832358675,2.8040469348659003,3.484527290448343,14.84109993614304,1.7892183335322434,8.046198830409358,7.0432247204857505,5.130863268304469,7.256288975721145,4.884812567772489,0.9897936029670716,0.14250832791617088,-0.9749279121818236,-0.2225209339563146,validation
2024-03-24,12.216898148148148,18.931371832358675,2.8040469348659003,3.484527290448343,1.916898148148148,13.10891812865497,8.406648685890962,7.57974233956539,8.03380133300324,6.837113764233593,0.992098522791769,0.12546123335273648,-0.7818314824680299,0.6234898018587334,validation
2024-03-25,8.25576907501686,12.216898148148148,18.931371832358675,2.8040469348659003,2.464088441890166,9.145837394411956,11.317438971790898,9.05117091099396,7.970085620109894,6.516088334800326,0.9941098647022418,0.10837701279187609,0.0,1.0,validation
2024-03-26,9.116985787188488,8.25576907501686,12.216898148148148,18.931371832358675,8.616163793103448,11.356239495235785,13.134679685174552,9.878553858583489,7.906509311581673,5.876613451550887,0.9958270335100595,0.09126072172931188,0.7818314824680298,0.6234898018587336,validation
2024-03-27,4.048629903180465,9.116985787188488,8.25576907501686,12.216898148148148,14.84109993614304,10.761927387914229,9.863217670117821,9.950099857738493,7.746562618149723,5.861712482907945,0.9972495210773451,0.07411742515094437,0.9749279121818236,-0.22252093395631434,validation
2024-03-28,0.3613425925925926,4.048629903180465,9.116985787188488,8.25576907501686,3.484527290448343,9.914224137931035,7.140461588461928,8.408318424458125,7.267041369240169,5.779617567152322,0.998376906467142,0.056952196034039754,0.43388373911755823,-0.900968867902419,validation
2024-03-29,0.9152777777777779,0.3613425925925926,4.048629903180465,9.116985787188488,2.8040469348659003,3.3386574074074074,4.508986094320506,7.9621491819073045,6.584692687430281,6.3184980716873484,0.9992088560679753,0.03977011384605572,-0.433883739117558,-0.9009688679024191,validation
2024-03-30,1.5449755536469534,0.9152777777777779,0.3613425925925926,4.048629903180465,18.931371832358675,1.7892183335322434,1.7750834245169356,7.692325016609002,6.411594142456735,6.6091256295828416,0.9997451236925734,0.022576263041545485,-0.9749279121818236,-0.2225209339563146,validation
2024-03-31,0.5832480506822612,1.5449755536469534,0.9152777777777779,0.3613425925925926,12.216898148148148,1.916898148148148,0.9405319746724318,5.2085541196501834,6.3941482296077865,4.661422467780309,0.9999855506507186,0.005375731557583884,-0.7818314824680299,0.6234898018587334,validation
2024-04-01,2.554751461988304,0.5832480506822612,1.5449755536469534,0.9152777777777779,8.25576907501686,2.464088441890166,1.0145004607023214,3.5466041057264848,6.298887508360223,3.7263740599306434,0.9999300657962057,-0.011826390691832589,0.0,1.0,validation
2024-04-02,1.5145467836257314,2.554751461988304,0.5832480506822612,1.5449755536469534,9.116985787188488,8.616163793103448,1.5609916887724966,2.7321730181509776,6.305363438367232,3.0951476214438394,0.9995786855478958,-0.029025013321975237,0.7818314824680298,0.6234898018587336,validation
2024-04-03,1.9417784163473817,1.5145467836257314,2.554751461988304,0.5832480506822612,4.048629903180465,14.84109993614304,1.5508487654320895,1.646110303356298,5.798105080547396,1.2870953603136839,0.9989315138848577,-0.046215046983708354,0.9749279121818236,-0.22252093395631434,validation
2024-04-04,2.2045781893004115,1.9417784163473817,1.5145467836257314,2.554751461988304,0.3613425925925926,3.484527290448343,2.003692220653796,1.3451315195230005,4.876724971990563,0.7768406536008637,0.9979887423155984,-0.06339140486951038,0.43388373911755823,-0.900968867902419,validation
2024-04-05,4.50625,2.2045781893004115,1.9417784163473817,1.5145467836257314,0.9152777777777779,2.8040469348659003,1.8869677964244989,1.60845089048126,4.785300036194282,0.6959809257575157,0.9967506498213929,-0.08054900421874167,-0.433883739117558,-0.9009688679024191,validation
2024-04-06,2.409321844818062,4.50625,2.2045781893004115,1.9417784163473817,1.5449755536469534,18.931371832358675,2.8842022018825886,2.121446922227292,4.906885969418147,1.2234468323110785,0.9952176027737294,-0.09768276782171598,-0.9749279121818236,-0.2225209339563146,validation
2024-04-07,3.3020833333333335,2.409321844818062,4.50625,2.2045781893004115,0.5832480506822612,12.216898148148148,3.040050011372815,2.2449249638231645,3.7267395417366735,1.19894105039415,0.9933900548258936,-0.11478762552212701,-0.7818314824680299,0.6234898018587334,validation
2024-04-08,7.954030970625798,3.3020833333333335,2.409321844818062,4.50625,2.554751461988304,8.25576907501686,3.4058850593837886,2.633330004201889,3.089967054964187,0.9937439459555717,0.9912685467787256,-0.13185851571739118,0.0,1.0,validation
2024-04-09,5.595370370370371,7.954030970625798,3.3020833333333335,2.409321844818062,1.5145467836257314,9.116985787188488,4.555145382925722,3.4046556482929597,3.0684143332219684,2.2384609155593376,0.9888537064205885,-0.1488903868564548,0.7818314824680298,0.6234898018587336,validation
2024-04-10,4.829637611749681,5.595370370370371,7.954030970625798,3.3020833333333335,1.9417784163473817,4.048629903180465,5.617161558109824,3.9876304463993364,2.816870374877817,2.195144102694375,0.986146248341595,-0.16587819893463143,0.9749279121818236,-0.22252093395631434,validation
2024-04-11,1.7381944444444446,4.829637611749681,5.595370370370371,7.954030970625798,2.2045781893004115,0.3613425925925926,6.126346317581941,4.400181760028237,2.872656639775619,2.0101418367268877,0.9831469737221499,-0.1828169249850199,0.43388373911755823,-0.900968867902419,validation
2024-04-12,5.44992017879949,1.7381944444444446,4.829637611749681,5.595370370370371,4.50625,0.9152777777777779,4.0544008088548225,4.333555510763099,2.9710032006221794,2.1007319855809277,0.9798567700958665,-0.1997015525660636,-0.433883739117558,-0.9009688679024191,validation
2024-04-13,6.933868135376756,5.44992017879949,1.7381944444444446,4.829637611749681,2.409321844818062,1.5449755536469534,4.005917411664529,4.468365536305883,3.294906229266587,2.143504907698915,0.9762766110869321,-0.21652708524481437,-0.9749279121818236,-0.2225209339563146,validation
2024-04-14,1.0006944444444443,6.933868135376756,5.44992017879949,1.7381944444444446,3.3020833333333335,0.5832480506822612,4.707327586206888,5.114729292099982,3.6798271279615733,2.1008815270784034,0.9724075561219968,-0.23328854407545518,-0.7818314824680299,0.6234898018587334,validation
2024-04-15,2.696344189016603,1.0006944444444443,6.933868135376756,5.44992017879949,7.954030970625798,2.554751461988304,4.461494252873554,4.78595945083014,3.709644727516015,2.561418527597113,0.9682507501166718,-0.2499809690726521,0.0,1.0,validation
2024-04-16,2.774805068226121,2.696344189016603,1.0006944444444443,6.933868135376756,5.595370370370371,1.5145467836257314,3.5436355896125917,4.034861339171685,3.719758493732322,2.2265805403357835,0.9638074231367307,-0.26659942067929354,0.7818314824680298,0.6234898018587336,validation
2024-04-17,4.1617999066364755,2.774805068226121,2.696344189016603,1.0006944444444443,4.829637611749681,1.9417784163473817,2.1572812338957132,3.631923438865363,3.80977694263235,2.1510464943288117,0.9590788900341131,-0.28313898122818354,0.9749279121818236,-0.22252093395631434,validation
2024-04-18,2.3705312303829253,4.1617999066364755,2.774805068226121,2.696344189016603,1.7381944444444446,2.2045781893004115,3.2109830546263907,3.536518052420619,3.968349906224428,2.1033521119638428,0.9540665500578387,-0.2995947563972602,0.43388373911755823,-0.900968867902419,validation
2024-04-19,3.406238398791197,2.3705312303829253,4.1617999066364755,2.774805068226121,5.44992017879949,4.50625,3.1023787350818313,3.6268518789832593,3.980203694873179,2.025379664409759,0.9487718864399473,-0.31596187665790293,-0.433883739117558,-0.9009688679024191,validation
2024-04-20,3.560569679849341,3.406238398791197,2.3705312303829253,4.1617999066364755,6.933868135376756,2.409321844818062,3.312856511936856,3.334897338982074,3.901631437643979,1.8592743574615336,0.9431964659565866,-0.33223549871590435,-0.9749279121818236,-0.2225209339563146,validation
2024-04-21,2.8981335558065378,3.560569679849341,3.406238398791197,2.3705312303829253,1.0006944444444443,3.3020833333333335,3.112446436341145,2.8529975596210155,3.983863425860499,1.017689560440465,0.9373419384643772,-0.3484108069446808,-0.7818314824680299,0.6234898018587334,validation
2024-04-22,4.565803904674625,2.8981335558065378,3.560569679849341,3.406238398791197,2.696344189016603,7.954030970625798,3.2883138781490153,3.1240602898155996,3.9550098703228707,0.6152015456108797,0.9312100364121947,-0.3644830148102912,0.0,1.0,validation
2024-04-23,2.928491568716584,4.565803904674625,2.8981335558065378,3.560569679849341,2.774805068226121,5.595370370370371,3.6748357134434912,3.391125963481032,3.712993651326358,0.7817984309785976,0.9248025743285089,-0.38044736628785164,0.7818314824680298,0.6234898018587336,validation
2024-04-24,1.8408885470680236,2.928491568716584,4.565803904674625,2.8981335558065378,4.1617999066364755,4.829637611749681,3.4641430097325725,3.4130811778368124,3.5225023083510876,0.7635506572709041,0.9181214482844364,-0.39629913726891813,0.9749279121818236,-0.22252093395631434,validation
2024-04-25,1.217516954669798,1.8408885470680236,2.928491568716584,4.565803904674625,2.3705312303829253,1.7381944444444446,3.111728006819734,3.0815224121841767,3.3090202323023976,0.8793699510761063,0.9111686353326631,-0.41203363695942635,0.43388373911755823,-0.900968867902419,validation
2024-04-26,3.467865131687624,1.217516954669798,1.8408885470680236,2.928491568716584,3.406238398791197,5.44992017879949,1.9956323568181251,2.9168060870823007,3.27182898303278,1.1119679758497494,0.9039461929224011,-0.42764620926777464,-0.433883739117558,-0.9009688679024191,validation
2024-04-27,1.5333160447249174,3.467865131687624,1.217516954669798,1.8408885470680236,3.560569679849341,6.933868135376756,2.1754235444751386,2.9256099060675047,3.1302536225247897,1.1167226012001878,0.8964562582905575,-0.44313223418263453,-0.9749279121818236,-0.2225209339563146,validation
2024-04-28,2.383412795594052,1.5333160447249174,3.467865131687624,1.217516954669798,2.8981335558065378,1.0006944444444443,2.072899377027437,2.6360022439068724,2.744499901763944,1.1853702870357998,0.8887010478292915,-0.45848712914008766,-0.7818314824680299,0.6234898018587334,validation
2024-04-29,4.087686720592038,2.383412795594052,1.5333160447249174,3.467865131687624,4.565803904674625,2.696344189016603,2.461531324002188,2.5624707067336603,2.84326549827463,1.182360400521724,0.8806828564301475,-0.47370635037968,0.0,1.0,validation
2024-04-30,2.96877630845481,4.087686720592038,2.383412795594052,1.5333160447249174,2.928491568716584,2.774805068226121,2.668138520303659,2.49416825186472,2.942647107672876,1.0542090328694422,0.8724040568049612,-0.48878539428899265,0.7818314824680298,0.6234898018587336,validation
2024-05-01,1.696137386507031,2.96877630845481,4.087686720592038,2.383412795594052,1.8408885470680236,4.1617999066364755,3.1466252748802908,2.499923214684466,2.9565021962606393,1.0570812280789,0.8638670987837349,-0.503719798736334,0.9749279121818236,-0.22252093395631434,validation
2024-05-02,0.698389470543256,1.696137386507031,2.96877630845481,4.087686720592038,1.217516954669798,2.3705312303829253,2.9175334718512835,2.4792444774614673,2.7803834448228217,1.073411697174588,0.8550745085896932,-0.518505144391157,0.43388373911755823,-0.900968867902419,validation
2024-05-03,0.891110333238664,0.698389470543256,1.696137386507031,2.96877630845481,3.467865131687624,3.406238398791197,1.7877677218350225,2.405083408300533,2.660944747691417,1.1870316756816404,0.8460288880917339,-0.533137056031809,-0.433883739117558,-0.9009688679024191,validation
2024-05-04,0.9197918800598104,0.891110333238664,0.698389470543256,1.696137386507031,1.5333160447249174,3.560569679849341,1.0952123967629739,2.0369755799506812,2.4812927430090927,1.2019672112713744,0.8367329140344921,-0.5476112038402312,-0.9749279121818236,-0.2225209339563146,validation
2024-05-05,2.9443516873302897,0.9197918800598104,0.891110333238664,0.698389470543256,2.383412795594052,2.8981335558065378,0.8364305612805669,1.949329270712809,2.292665757309841,1.2655041436153538,0.8271893372462497,-0.5619233046832195,-0.7818314824680299,0.6234898018587334,validation
2024-05-06,0.8088020038032683,2.9443516873302897,0.9197918800598104,0.891110333238664,4.087686720592038,4.565803904674625,1.5850846335429114,2.0294633981037,2.2959670524186806,1.314388018523884,0.8174009818249189,-0.5760691233798758,0.0,1.0,validation
2024-05-07,2.760635288065844,0.8088020038032683,2.9443516873302897,0.9197918800598104,2.96877630845481,2.928491568716584,1.557648523731113,1.5610512957053042,2.027609773785012,1.0069389993127997,0.8073707443023492,-0.5900444739548627,0.7818314824680298,0.6234898018587336,validation
2024-05-08,1.3189186043569585,2.760635288065844,0.8088020038032683,2.9443516873302897,1.696137386507031,1.8408885470680236,2.1712629930664575,1.531316864221166,2.0156200394528163,0.9604408691081779,0.7971015927871943,-0.6038452208771035,0.9749279121818236,-0.22252093395631434,validation
2024-05-09,0.7616881891915828,1.3189186043569585,2.760635288065844,0.8088020038032683,0.698389470543256,1.217516954669798,1.6294519654086803,1.477428466771156,1.9783364721163115,0.9602343011723993,0.7865965660866021,-0.6174672802835514,0.43388373911755823,-0.900968867902419,validation
2024-05-10,1.4576692660757138,0.7616881891915828,1.3189186043569585,2.760635288065844,0.891110333238664,3.467865131687624,1.6137473605381185,1.4864711408637739,1.9457772745821533,0.9519374521216342,0.7758587728069828,-0.6309066211876704,-0.433883739117558,-0.9009688679024191,validation
2024-05-11,4.196285321699092,1.4576692660757138,0.7616881891915828,1.3189186043569585,0.9197918800598104,1.5333160447249174,1.1794253532080752,1.5674081312690669,1.8021918556098737,0.9162995287509422,0.7648913904341225,-0.6441592666722685,-0.9749279121818236,-0.2225209339563146,validation
2024-05-12,1.9846257011781152,4.196285321699092,1.4576692660757138,0.7616881891915828,2.9443516873302897,2.383412795594052,2.1385475923221198,2.035478622931821,1.992403946822315,1.2907095939643858,0.753697664392914,-0.6572212950663319,-0.7818314824680299,0.6234898018587334,validation
2024-05-13,6.204978493307805,1.9846257011781152,4.196285321699092,1.4576692660757138,0.8088020038032683,4.087686720592038,2.546193429650964,1.898374910624368,1.9639191543640337,1.2275002588372221,0.742280907086982,-0.6700888411055113,0.0,1.0,validation
2024-05-14,0.6003746208477999,6.204978493307805,1.9846257011781152,4.196285321699092,2.760635288065844,2.96877630845481,4.128629838728327,2.669257266267873,2.1151542809865886,1.9252873970777542,0.7306444969184916,-0.6827580970759147,0.7818314824680298,0.6234898018587336,validation
2024-05-15,0.7867960906872485,0.6003746208477999,6.204978493307805,1.9846257011781152,1.3189186043569585,1.696137386507031,2.9299929384445633,2.360648599522438,1.945982731871802,2.0754774415138986,0.7187918772884232,-0.6952253139408722,0.9749279121818236,-0.22252093395631434,validation
2024-05-16,1.3146894858594556,0.7867960906872485,0.6003746208477999,6.204978493307805,0.7616881891915828,0.698389470543256,2.5307164016142747,2.2846310975696222,1.8810297821703892,2.129045144891476,0.7067265555776158,-0.7074868024503348,0.43388373911755823,-0.900968867902419,validation
2024-05-17,4.346879395478321,1.3146894858594556,0.7867960906872485,0.6003746208477999,1.4576692660757138,0.891110333238664,0.9006200657981583,2.36363128280789,1.9250512118358318,2.072628918265801,0.6944521021088763,-0.719538934232584,-0.433883739117558,-0.9009688679024191,validation
2024-05-18,1.7291295360440964,4.346879395478321,1.3146894858594556,0.7867960906872485,4.196285321699092,0.9197918800598104,2.1494549906749985,2.7763755870082627,2.1718918591386642,2.1484391494404513,0.6819721490904629,-0.7313781428679254,-0.9749279121818236,-0.2225209339563146,validation
2024-05-19,1.254973921640288,1.7291295360440964,4.346879395478321,1.3146894858594556,1.9846257011781152,2.9443516873302897,2.4635661391272814,2.4239247604861203,2.229701691708971,2.0778905254234687,0.6692903895412567,-0.7430009249440493,-0.7818314824680299,0.6234898018587334,validation
2024-05-20,0.9640943429377026,1.254973921640288,1.7291295360440964,4.346879395478321,6.204978493307805,0.8088020038032683,2.4436609510542255,2.3196887919807163,2.109031851302542,2.121445287772991,0.6564105761979381,-0.7544038410927472,0.0,1.0,validation
2024-05-21,4.454252424045506,0.9640943429377026,1.254973921640288,1.7291295360440964,0.6003746208477999,2.760635288065844,1.3160659335406861,1.570991056213559,2.120124161240716,1.2794206243663016,0.6433365204044917,-0.765583517007675,0.7818314824680298,0.6234898018587336,validation
2024-05-22,2.615739422230975,4.454252424045506,0.9640943429377026,1.254973921640288,0.7867960906872485,1.3189186043569585,2.224440229541156,2.1215450280989456,2.2410968138106915,1.5848677612155198,0.6300720909843687,-0.7765366444428655,0.9749279121818236,-0.22252093395631434,validation
2024-05-23,1.6712909650519105,2.615739422230975,4.454252424045506,0.9640943429377026,1.3146894858594556,0.7616881891915828,2.678028729738051,2.3828226468909066,2.3337268722302644,1.475107133846017,0.6166212130956382,-0.7872599821916922,0.43388373911755823,-0.900968867902419,validation
2024-05-24,1.721333515572864,1.6712909650519105,2.615739422230975,4.454252424045506,4.346879395478321,1.4576692660757138,2.9137609371094544,2.4337657153469716,2.3986984990774305,1.4377557076302419,0.6029878670694714,-0.7977503570459932,-0.433883739117558,-0.9009688679024191,validation
2024-05-25,1.5531270561706725,1.721333515572864,1.6712909650519105,2.615739422230975,1.7291295360440964,4.196285321699092,2.002787967618574,2.0586877325033344,2.4175316597557988,1.1737134859503904,0.5891760872322963,-0.8080046647350754,-0.9749279121818236,-0.2225209339563146,validation
2024-05-26,1.1145682462386386,1.5531270561706725,1.721333515572864,1.6712909650519105,1.254973921640288,1.9846257011781152,1.6485838455984727,2.033544521092846,2.2287346407894826,1.1837917755846499,0.5751899607119775,-0.8180198708443174,-0.7818314824680299,0.6234898018587334,validation
2024-05-27,0.830030475145075,1.1145682462386386,1.5531270561706725,1.721333515572864,0.9640943429377026,6.204978493307805,1.463009605994049,2.0134865674640383,2.1665876797223773,1.2002573871561688,0.5610336262283677,-0.8277930117131022,0.0,1.0,validation
2024-05-28,1.2970959888309246,0.830030475145075,1.1145682462386386,1.5531270561706725,4.454252424045506,0.6003746208477999,1.1659085925181192,1.994334586350806,1.7826628212821825,1.2206885669861585,0.5467112728685939,-0.8373211953118121,0.7818314824680298,0.6234898018587336,validation
2024-05-29,2.052924200313987,1.2970959888309246,0.830030475145075,1.1145682462386386,2.615739422230975,0.7867960906872485,1.0805649034048699,1.5433122384630085,1.832428633280977,0.5703041952951777,0.5322271388474397,-0.8466016020976267,0.9749279121818236,-0.22252093395631434,validation
2024-05-30,0.8698040064982756,2.052924200313987,1.2970959888309246,0.830030475145075,1.6712909650519105,1.3146894858594556,1.3933502214299862,1.4629100639034391,1.9228663553971725,0.41146769222857105,0.5175855102531889,-0.8556314858488706,0.43388373911755823,-0.900968867902419,validation
2024-05-31,0.9152034180278282,0.8698040064982756,2.052924200313987,1.2970959888309246,1.721333515572864,4.346879395478321,1.4066080652143864,1.3484119269672055,1.8910888211570884,0.45321396755498744,0.5027907197793043,-0.8644081744776648,-0.433883739117558,-0.9009688679024191,validation
2024-06-01,4.386782881199913,0.9152034180278282,0.8698040064982756,2.052924200313987,1.5531270561706725,1.7291295360440964,1.2793105416133543,1.2332504844607717,1.6459691084820531,0.44500587981317086,0.4878471454423119,-0.8729290708206411,-0.9749279121818236,-0.2225209339563146,validation
2024-06-02,2.5376622564286406,4.386782881199913,0.9152034180278282,0.8698040064982756,1.1145682462386386,1.254973921640288,2.0572634352419965,1.638058459464949,1.835801490278897,1.2834550036376644,0.47275920928627757,-0.881191653407483,-0.7818314824680299,0.6234898018587334,validation
2024-06-03,3.1340565906900117,2.5376622564286406,4.386782881199913,0.9152034180278282,0.830030475145075,0.9640943429377026,2.6132161852187843,1.8413576037778063,1.9274220856209223,1.2993249318905784,0.4575313760742512,-0.8891934772070711,0.0,1.0,validation
2024-06-04,1.5512948060473788,3.1340565906900117,2.5376622564286406,4.386782881199913,1.2970959888309246,4.454252424045506,3.3528339094395125,2.170504191712797,2.0824193890318017,1.2922459419556673,0.44216815196707204,-0.8969321743510065,0.7818314824680298,0.6234898018587336,validation
2024-06-05,1.3256087991302041,1.5512948060473788,3.1340565906900117,2.5376622564286406,2.052924200313987,2.615739422230975,2.4076712177220014,2.206818308458005,1.8750652734605069,1.2669349375504158,0.42667408318992467,-0.9044054548343001,0.9749279121818236,-0.22252093395631434,validation
2024-06-06,1.7121215023641099,1.3256087991302041,1.5512948060473788,3.1340565906900117,0.8698040064982756,1.6712909650519105,2.0036533986225225,2.1029161082888934,1.782913086096166,1.3107263856556584,0.4110537546870351,-0.9116111071930239,0.43388373911755823,-0.900968867902419,validation
2024-06-07,2.6243407737230604,1.7121215023641099,1.3256087991302041,1.5512948060473788,0.9152034180278282,1.721333515572864,1.529675035847222,2.2232471791268695,1.7858295530470374,1.213728412131946,0.3953117887649151,-0.9185469991587165,-0.433883739117558,-0.9009688679024191,validation
2024-06-08,1.057952323441442,2.6243407737230604,1.7121215023641099,1.3256087991302041,4.386782881199913,1.5531270561706725,1.887357025072449,2.4674096585119023,1.8503300714863369,1.070156556054445,0.37945284372454435,-0.925211078289358,-0.9749279121818236,-0.2225209339563146,validation
2024-09-09,3.5630187167542213,22.890966916311687,4.910098320313337,1.3738319030867931,2.267616538952746,,9.724965713237262,5.698663944337622,5.698663944337622,7.672778598007506,-0.9358348973349941,-0.35243871088460327,0.0,1.0,validation
2024-09-10,0.6105725707866654,3.5630187167542213,22.890966916311687,4.910098320313337,3.6705921465622624,,10.454694651126406,5.8837213983092616,5.431708290889697,7.5914245357888355,-0.9417589340994617,-0.33628873017668287,0.7818314824680298,0.6234898018587336,validation
2024-09-11,1.8602859478799603,0.6105725707866654,3.5630187167542213,22.890966916311687,2.9045002462262706,,9.021519401284182,5.446575744627033,4.8960265442115825,7.824628235151626,-0.9474042892438845,-0.32003923622313857,0.9749279121818236,-0.22252093395631434,validation
2024-09-12,4.548313085882605,1.8602859478799603,0.6105725707866654,3.5630187167542213,1.8730415389102564,,2.0112924118069393,5.297402273434703,4.59245248457842,7.890842790909832,-0.9527692922168511,-0.30369503751065885,0.43388373911755823,-0.900968867902419,validation
2024-09-13,2.8084031279599753,4.548313085882605,1.8602859478799603,0.6105725707866654,1.3738319030867931,,2.3397238681830674,5.679583923002181,4.588439811969709,7.761065736342892,-0.9578523554276669,-0.28726097055059635,-0.433883739117558,-0.9009688679024191,validation
2024-09-14,2.704848639798731,2.8084031279599753,4.548313085882605,1.8602859478799603,4.910098320313337,,3.072334053907504,5.884522669412635,4.440103421635565,7.646513668064307,-0.9626519747161487,-0.2707418984477642,-0.9749279121818236,-0.2225209339563146,validation
2024-09-15,2.131376998630682,2.704848639798731,2.8084031279599753,4.548313085882605,22.890966916311687,,3.3538549512137608,5.569487000767693,4.306622284571193,7.738228904495514,-0.9671667297977312,-0.2541427094613622,-0.7818314824680299,0.6234898018587334,validation
2024-09-16,1.3952395356206608,2.131376998630682,2.704848639798731,2.8084031279599753,3.5630187167542213,2.267616538952746,2.5482095887964533,2.603831298241834,4.151247621289728,1.2584552151315416,-0.97139528468375,-0.23746831555846842,0.0,1.0,validation
2024-09-17,1.5426730502412138,1.3952395356206608,2.131376998630682,2.704848639798731,0.6105725707866654,3.6705921465622624,2.077155058016682,2.294148558079897,4.088934978194579,1.249772440547645,-0.9753363880767837,-0.2207236509605022,0.7818314824680298,0.6234898018587336,validation
2024-09-18,1.5248781676413257,1.5426730502412138,1.3952395356206608,2.131376998630682,1.8602859478799603,2.9045002462262706,1.689763194830843,2.427305769430547,3.9369407570287898,1.0784061041078756,-0.9789888737409319,-0.20391367068311472,0.9749279121818236,-0.22252093395631434,validation
2024-09-19,3.254666611608906,1.5248781676413257,1.5426730502412138,1.3952395356206608,4.548313085882605,1.8730415389102564,1.4875969178343906,2.379390372253599,3.838396322844151,1.114641291604327,-0.9823516608469237,-0.18704334906991657,0.43388373911755823,-0.900968867902419,validation
2024-09-20,3.817367413798831,3.254666611608906,1.5248781676413257,1.5426730502412138,2.8084031279599753,1.3738319030867931,2.1074059431638057,2.1945837330716422,3.937083828036912,0.7390714392601272,-0.9854237542919524,-0.17011767832049052,-0.433883739117558,-0.9009688679024191,validation
2024-09-27,3.8515402545100716,1.108144842075326,,2.426948245888522,3.817367413798831,2.8084031279599753,1.7675465439819096,2.433735042911035,2.281547845740512,1.1066919312676147,-0.9987235240803972,-0.050510617185222886,-0.433883739117558,-0.9009688679024191,validation
2024-09-29,0.9615187283130431,5.884733800330491,3.8515402545100716,1.108144842075326,2.382479669881461,2.131376998630682,3.614806298971953,3.130769362537174,2.665458962747954,1.8200372511637362,-0.9998699583618592,-0.016126573270657762,-0.7818314824680299,0.6234898018587334,validation
2024-10-01,3.085872066226121,2.122047547650068,0.9615187283130431,5.884733800330491,2.426948245888522,1.5426730502412138,2.9894333587645243,2.7258222364612537,2.625181666539933,1.8670554294271962,-0.999832969770105,0.018276557681691223,0.7818314824680298,0.6234898018587336,validation
2024-10-03,7.818516985328999,2.5274755467940992,3.085872066226121,2.122047547650068,1.108144842075326,3.254666611608906,2.578465053556753,2.7916189694141744,2.85661770246154,1.7067916802816365,-0.9986126020839734,0.052658056924614005,0.43388373911755823,-0.900968867902419,validation
2024-10-04,3.2543454714787026,7.818516985328999,2.5274755467940992,3.085872066226121,3.8515402545100716,3.817367413798831,4.47728819944973,3.750243561307556,3.2715131909815485,2.3622629618997935,-0.9975590477788613,0.06982797572987089,-0.433883739117558,-0.9009688679024191,validation
2024-10-05,3.360696119286699,3.2543454714787026,7.818516985328999,2.5274755467940992,5.884733800330491,,4.53344600120059,3.664930020874504,3.2203293780433544,2.368769824935688,-0.9962102997023297,0.0869772313136861,-0.9749279121818236,-0.2225209339563146,validation
2024-10-06,4.600870489555043,3.360696119286699,3.2543454714787026,7.818516985328999,0.9615187283130431,2.382479669881461,4.811186192031457,3.3043532092968184,3.2320266064803,2.157210501605049,-0.9945667569706337,0.1041007489354256,-0.7818314824680299,0.6234898018587334,validation
2024-10-07,13.270716743214455,4.600870489555043,3.360696119286699,3.2543454714787026,2.122047547650068,,3.738637360106805,3.8242606037599622,3.416892508119765,1.9244609916549853,-0.9926289059345095,0.121193461470736,0.0,1.0,validation
2024-10-08,2.917735608543731,13.270716743214455,4.600870489555043,3.360696119286699,3.085872066226121,2.426948245888522,7.077427784018724,5.416927631697732,4.174878987742433,3.8902267955201055,-0.9903973200352558,0.1382503109109819,0.7818314824680298,0.6234898018587336,validation
2024-10-09,7.172222222222223,2.917735608543731,13.270716743214455,4.600870489555043,2.5274755467940992,,6.929774280437734,5.392908137743104,4.212631861792834,3.907498971852015,-0.9878726596350429,0.15526624985999563,0.9749279121818236,-0.22252093395631434,validation
2024-10-10,9.406127341659232,7.172222222222223,2.917735608543731,13.270716743214455,7.818516985328999,1.108144842075326,7.786891524660128,6.056443377089979,4.424031173252077,3.7301606504973877,-0.9850556718215013,0.172236243027682,0.43388373911755823,-0.900968867902419,validation
2024-10-11,6.34185482611111,9.406127341659232,7.172222222222223,2.917735608543731,3.2543454714787026,3.8515402545100716,6.498695057475053,6.2832448565657275,5.016744208936641,3.899572578183148,-0.981947190186646,0.18915526872004093,-0.433883739117558,-0.9009688679024191,validation
2024-10-12,3.9734770955165692,6.34185482611111,9.406127341659232,7.172222222222223,3.360696119286699,5.884733800330491,7.640068129997513,6.724317621513213,5.194623821193859,3.6675919690992616,-0.9785481345802031,0.20601832032517084,-0.9749279121818236,-0.2225209339563146,validation
2024-10-13,1.3381944444444445,3.9734770955165692,6.34185482611111,9.406127341659232,4.600870489555043,0.9615187283130431,6.5738197544289605,6.811857760974624,5.058105485135721,3.5801982293329995,-0.9748595108374125,0.22282040779479959,-0.7818314824680299,0.6234898018587334,validation
2024-10-14,2.3883266015792777,1.3381944444444445,3.9734770955165692,6.34185482611111,13.270716743214455,2.122047547650068,3.8845087886906984,6.34576118310168,5.085010893430821,4.091835761955945,-0.9708824104813836,0.23955655912092708,0.0,1.0,validation
2024-10-15,1.4661808063968387,2.3883266015792777,1.3381944444444445,3.9734770955165692,2.917735608543731,3.085872066226121,2.5666660471800875,4.791134020010942,5.104030825854337,2.9225257073544317,-0.9666180104000972,0.2562218218071163,0.7818314824680298,0.6234898018587336,validation
2024-10-16,1.0676516538077567,1.4661808063968387,2.3883266015792777,1.3381944444444445,7.172222222222223,2.5274755467940992,1.7309006174735106,4.583769048275671,4.988338593009387,3.122275604560468,-0.9620675724981452,0.27281126433401914,0.9749279121818236,-0.22252093395631434,validation
2024-10-17,3.8911543715846992,1.0676516538077567,1.4661808063968387,2.3883266015792777,9.406127341659232,7.818516985328999,1.6407196872612815,3.7116875385021757,4.884065457796077,3.1313186329176808,-0.957232443323312,0.28931997761869527,0.43388373911755823,-0.900968867902419,validation
2024-10-18,2.7471090626755217,3.8911543715846992,1.0676516538077567,1.4661808063968387,6.34185482611111,3.2543454714787026,2.1416622772630887,2.9238342570629565,4.603539556814342,1.918832648861462,-0.9521140536681102,0.3057430764672831,-0.433883739117558,-0.9009688679024191,validation
2024-10-19,4.380490015230568,2.7471090626755217,3.8911543715846992,1.0676516538077567,3.9734770955165692,3.360696119286699,2.5686383626893163,2.4102991480007296,4.567308384756972,1.1967909475090948,-0.9467139181463862,0.3220757010206104,-0.9749279121818236,-0.2225209339563146,validation
2024-10-20,5.308413524684949,4.380490015230568,2.7471090626755217,3.8911543715846992,1.3381944444444445,4.600870489555043,3.67291781649692,2.4684438508170152,4.64015080589582,1.291530909727881,-0.9410336347451197,0.3383130181923076,-0.7818314824680299,0.6234898018587334,validation
2024-10-21,7.822838523354933,5.308413524684949,4.380490015230568,2.7471090626755217,2.3883266015792777,13.270716743214455,4.145337534197004,3.0356180051370876,4.690689594119384,1.5569452422012335,-0.9350748843515574,0.3544502230989869,0.0,1.0,validation
2024-10-22,11.654534046799375,7.822838523354933,5.308413524684949,4.380490015230568,1.4661808063968387,2.917735608543731,5.837247354423474,3.8119768511050376,4.301555435557989,2.3389397045176845,-0.9288394302558068,0.3704825404820963,0.7818314824680298,0.6234898018587336,validation
2024-10-23,5.953257856602007,11.654534046799375,7.822838523354933,5.308413524684949,1.0676516538077567,7.172222222222223,8.261928698279743,5.267455885448258,4.925612466861964,3.51183340997964,-0.9223291176290545,0.3864052261209853,0.9749279121818236,-0.22252093395631434,validation
2024-10-24,2.7795359134250965,5.953257856602007,11.654534046799375,7.822838523354933,3.8911543715846992,9.406127341659232,8.476876808918762,5.96539962870458,4.838543583603377,2.9838435469199167,-0.9155458729775467,0.40221356823680365,0.43388373911755823,-0.900968867902419,validation
2024-10-25,1.7982152485348,2.7795359134250965,5.953257856602007,11.654534046799375,2.7471090626755217,6.34185482611111,6.79577593894215,5.806596991824636,4.365215624443796,3.138222430991353,-0.9084917035725082,0.41790288888678667,-0.433883739117558,-0.9009688679024191,validation
2024-10-26,1.519538669741349,1.7982152485348,2.7795359134250965,5.953257856602007,4.380490015230568,3.9734770955165692,3.510336339520625,5.671040732661675,4.040669940331203,3.308289323144869,-0.9011686968561569,0.4334685453485363,-0.9749279121818236,-0.2225209339563146,validation
2024-10-27,0.3881302404579101,1.519538669741349,1.7982152485348,2.7795359134250965,5.308413524684949,1.3381944444444445,2.032429943900406,5.262333397591787,3.865388624204401,3.653054108044306,-0.8935790198239952,0.4489059314938798,-0.7818314824680299,0.6234898018587334,validation
2024-10-28,5.802486355072765,0.3881302404579101,1.519538669741349,1.7982152485348,7.822838523354933,2.3883266015792777,1.2352947195780102,4.559435785559353,3.79752689534822,4.089949135088987,-0.8857249183835637,0.4642104791518923,0.0,1.0,validation
2024-10-29,3.3081474991851962,5.802486355072765,0.3881302404579101,1.519538669741349,11.654534046799375,1.4661808063968387,2.5700517550906654,4.270814047233329,4.041395449169183,3.887551999655792,-0.8776087166898392,0.4793776594606945,0.7818314824680298,0.6234898018587336,validation
2024-10-30,11.973272978252176,3.3081474991851962,5.802486355072765,0.3881302404579101,5.953257856602007,1.0676516538077567,3.166254698238614,3.0784731118598745,4.172964498654066,2.1265790528348223,-0.8692328164574792,0.49440298420761813,0.9749279121818236,-0.22252093395631434,validation
2024-10-31,8.683260233918128,11.973272978252176,3.3081474991851962,5.802486355072765,2.7795359134250965,3.8911543715846992,7.027968944170037,3.938475272095613,4.951937450400096,3.9329777127310406,-0.8605996962501181,0.5092820071573356,0.43388373911755823,-0.900968867902419,validation
2024-11-01,3.8004250328887355,8.683260233918128,11.973272978252176,3.3081474991851962,1.7982152485348,2.7471090626755217,7.988226903785157,4.7818644607374745,5.2942307262810555,4.262248795437884,-0.8517119107469189,0.5240103253675756,-0.433883739117558,-0.9009688679024191,validation
2024-11-02,3.504325048732943,3.8004250328887355,8.683260233918128,11.973272978252176,1.519538669741349,4.380490015230568,8.15231941501967,5.067894429930894,5.369467581296284,4.092451536902852,-0.8425720899866032,0.5385835804920232,-0.9749279121818236,-0.2225209339563146,validation
2024-11-03,0.3103937335167985,3.504325048732943,3.8004250328887355,8.683260233918128,0.3881302404579101,5.308413524684949,5.3293367718465925,5.3514353412154065,5.306884369403598,3.868249172466706,-0.8331829385891785,0.5529974600700271,-0.7818314824680299,0.6234898018587334,validation
2024-11-04,4.134968594325319,0.3103937335167985,3.504325048732943,3.8004250328887355,5.802486355072765,7.822838523354933,2.5383812717128156,5.340330125938107,4.949882955748729,3.884948512066254,-0.8235472349556007,0.5672476988027229,0.0,1.0,validation
2024-11-05,3.000388251125269,4.134968594325319,0.3103937335167985,3.504325048732943,3.3081474991851962,11.654534046799375,2.649895792191677,5.1021133029741845,4.686463675103758,3.902969529879303,-0.8136678304455991,0.5813300798152042,0.7818314824680298,0.6234898018587336,validation
2024-11-06,9.788912835249043,3.000388251125269,4.134968594325319,0.3103937335167985,11.973272978252176,5.953257856602007,2.4819168596557857,5.058147696108482,4.068310403984179,3.928197868685953,-0.8035476485339116,0.5952404359043674,0.9749279121818236,-0.22252093395631434,validation
2024-11-07,3.307643510116287,9.788912835249043,3.000388251125269,4.134968594325319,8.683260233918128,2.7795359134250965,5.641423226899867,4.746096247108034,4.342285759601824,3.3282622933370436,-0.7931896839451843,0.6089746507720486,0.43388373911755823,-0.900968867902419,validation
2024-11-08,4.797754387683179,3.307643510116287,9.788912835249043,3.000388251125269,3.8004250328887355,1.7982152485348,5.36564819883019,3.978151000850628,4.380007730794051,2.854928080479851,-0.7825970017677834,0.6225286602431057,-0.433883739117558,-0.9009688679024191,validation
2024-11-09,2.9861963937621834,4.797754387683179,3.307643510116287,9.788912835249043,3.504325048732943,1.519538669741349,5.964770244349494,4.12062662296412,4.594260526447507,2.869429506017332,-0.7717727365467836,0.6358984534680745,-0.9749279121818236,-0.2225209339563146,validation
2024-11-10,4.4781000055787645,2.9861963937621834,4.797754387683179,3.307643510116287,0.3103937335167985,0.3881302404579101,3.6971980971872074,4.046608243682583,4.699021792448995,2.894549688962697,-0.7607200913564104,0.6490800741100398,-0.7818314824680299,0.6234898018587334,validation
2024-11-11,4.253064293876453,4.4781000055787645,2.9861963937621834,4.797754387683179,4.134968594325319,5.802486355072765,4.087350262341366,4.64199485397715,4.991162489957628,2.3810360901586805,-0.7494423368521954,0.6620696215153815,0.0,1.0,validation
2024-11-12,11.046296296296296,4.253064293876453,4.4781000055787645,2.9861963937621834,3.000388251125269,3.3081474991851962,3.9057868977391244,4.65886566819874,4.880489485586463,2.377260193227526,-0.7379428103031386,0.6748632518680403,0.7818314824680298,0.6234898018587336,validation
2024-11-13,2.598885515785244,11.046296296296296,4.253064293876453,4.4781000055787645,9.788912835249043,11.973272978252176,6.592486865250495,5.808281103223172,5.433214399665828,3.2328735398438297,-0.7262249146041543,0.6874571793269664,0.9749279121818236,-0.22252093395631434,validation
2024-11-14,3.017415070030491,2.598885515785244,11.046296296296296,4.253064293876453,3.307643510116287,8.683260233918128,5.966082035319322,4.781134343299773,4.763615295203904,2.880347367171798,-0.7142921172691032,0.699847677146407,0.43388373911755823,-0.900968867902419,validation
2024-11-15,4.438546708138476,3.017415070030491,2.598885515785244,11.046296296296296,4.797754387683179,3.8004250328887355,5.554198960704,4.73967313757323,4.35891206921193,2.9070575889205887,-0.7021479494046978,0.7120310787787131,-0.433883739117558,-0.9009688679024191,validation
2024-11-16,8.186493543414622,4.438546708138476,3.017415070030491,2.598885515785244,2.9861963937621834,3.504325048732943,3.351615764651394,4.68835775478113,4.4044921888726245,2.9090311608024186,-0.6897960046655887,0.7240037789593305,-0.9749279121818236,-0.2225209339563146,validation
2024-11-17,10.275756402347143,8.186493543414622,4.438546708138476,3.017415070030491,4.4781000055787645,0.3103937335167985,5.214151773861187,5.4312573475886206,4.738932795635603,3.0618914586938644,-0.6772399381909491,0.7357622347736527,-0.7818314824680299,0.6234898018587334,validation
2024-11-18,8.246741845333691,10.275756402347143,8.186493543414622,4.438546708138476,4.253064293876453,4.134968594325319,7.633598884633404,6.25949397569839,5.45074441483777,3.5121196500324676,-0.6644834655228552,0.7473029667054296,0.0,1.0,validation
2024-11-19,22.201929600976598,8.246741845333691,10.275756402347143,8.186493543414622,11.046296296296296,3.000388251125269,8.902997263698476,6.830019340192281,5.7444425041955105,3.4557875683029393,-0.6515303615068021,0.75862255966641,0.7818314824680298,0.6234898018587336,validation
2024-11-20,27.57672433018549,22.201929600976598,8.246741845333691,10.275756402347143,2.598885515785244,9.788912835249043,13.5748092828858,8.423681240860896,7.115981172042034,6.737892007432745,-0.6383844591746642,0.7697176640069211,0.9749279121818236,-0.22252093395631434,validation
2024-11-21,10.307469890104507,27.57672433018549,22.201929600976598,8.246741845333691,3.017415070030491,3.307643510116287,19.34179859216525,11.991943928632358,8.386539135966066,9.275221976706066,-0.6250496486104377,0.7805849965070866,0.43388373911755823,-0.900968867902419,validation
2024-11-22,17.52796766109214,10.307469890104507,27.57672433018549,22.201929600976598,4.438546708138476,4.797754387683179,20.028707940422187,13.033380331500075,8.886526734536654,8.474290652586577,-0.6115298757991053,0.7912213413483807,-0.433883739117558,-0.9009688679024191,validation
2024-11-23,10.558990672896384,17.52796766109214,10.307469890104507,27.57672433018549,8.186493543414622,2.9861963937621834,18.470720627127367,14.903297610493455,9.795827682637293,7.667416212184451,-0.5978291414589552,0.801623551065242,-0.9749279121818236,-0.2225209339563146,validation
2024-11-24,4.142996683992545,10.558990672896384,17.52796766109214,10.307469890104507,10.275756402347143,4.4781000055787645,12.798142741364332,15.242225771847993,10.336741559718307,7.3675987497943405,-0.5839514998576998,0.8117885474764613,-0.7818314824680299,0.6234898018587334,validation
2024-11-25,1.5037986221808153,4.142996683992545,10.558990672896384,17.52796766109214,8.246741845333691,4.253064293876453,10.743318339327013,14.366117240654479,10.312805608176433,8.355070050228212,-0.5699010576127624,0.8217133225960589,0.0,1.0,validation
2024-11-26,1.8420729819476358,1.5037986221808153,4.142996683992545,10.558990672896384,22.201929600976598,11.046296296296296,5.401928659689904,13.402839637346926,10.116429488769603,9.489822022324425,-0.5556819724760489,0.8313949395234058,0.7818314824680298,0.6234898018587336,validation
2024-11-27,5.760372288381105,1.8420729819476358,1.5037986221808153,4.142996683992545,27.57672433018549,2.598885515785244,2.496289429373655,10.49428869177136,9.458984966316127,9.463526415875549,-0.5412984521036173,0.8408305333122887,0.9749279121818236,-0.22252093395631434,validation
2024-11-28,10.549403626687996,5.760372288381105,1.8420729819476358,1.5037986221808153,10.307469890104507,3.017415070030491,3.035414630836508,7.377666971513591,9.684805450072973,5.772882496166807,-0.5267547528105542,0.8500173118187018,0.43388373911755823,-0.900968867902419,validation
2024-11-29,13.115813840155946,10.549403626687996,5.760372288381105,1.8420729819476358,17.52796766109214,4.438546708138476,6.0506162990055685,7.41222893388266,10.222804632691368,5.7940319935054445,-0.5120551783114646,0.8589525565270845,-0.433883739117558,-0.9009688679024191,validation
2024-11-30,22.27770467836257,13.115813840155946,10.549403626687996,5.760372288381105,10.558990672896384,8.186493543414622,9.808529918408338,6.781921245177489,10.842609427835471,4.6340503658499586,-0.4972040784469378,0.8676336233547726,-0.9749279121818236,-0.2225209339563146,validation
2024-12-01,14.867019980506823,22.27770467836257,13.115813840155946,10.549403626687996,4.142996683992545,10.275756402347143,15.314307381735494,8.456023245958374,11.849124508903184,7.473076842267842,-0.4822058478963526,0.8760579434344281,-0.7818314824680299,0.6234898018587334,validation
2024-12-02,10.511953108078838,14.867019980506823,22.27770467836257,13.115813840155946,1.5037986221808153,8.246741845333691,16.753512833008436,9.98802657403184,12.17707190734316,7.5404543029383655,-0.46706492487743034,0.8842230238742036,0.0,1.0,validation
2024-12-03,3.5361111111111114,10.511953108078838,14.867019980506823,22.27770467836257,1.8420729819476358,22.201929600976598,15.8855592556494,11.27490578630299,12.338872711824957,6.555540594203365,-0.451785789832884,0.8921264484954345,0.7818314824680298,0.6234898018587336,validation
2024-12-04,7.652456835780136,3.5361111111111114,10.511953108078838,14.867019980506823,5.760372288381105,27.57672433018549,9.638361399898912,11.516911233326342,11.005599962548851,6.169161433407058,-0.4363729641045924,0.8997658785476209,0.9749279121818236,-0.22252093395631434,validation
2024-12-05,9.656430759438278,7.652456835780136,3.5361111111111114,10.511953108078838,10.549403626687996,10.307469890104507,7.23350701832335,11.787209025811917,9.582437998662755,5.910952512614572,-0.42083100859565564,0.9071390534005044,0.43388373911755823,-0.900968867902419,validation
2024-12-06,14.321268668619402,9.656430759438278,7.652456835780136,3.5361111111111114,13.115813840155946,17.52796766109214,6.94833290210983,11.659641473347673,9.535935203615166,5.951614586109737,-0.4051645224207563,0.9142437912130223,-0.433883739117558,-0.9009688679024191,validation
2024-12-07,13.812402534113062,14.321268668619402,9.656430759438278,7.652456835780136,22.27770467836257,10.558990672896384,10.54338542127926,11.83184930598531,9.306885275581399,6.017841940028098,-0.3893781415452015,0.9210779895789526,-0.9749279121818236,-0.2225209339563146,validation
2024-12-08,12.996527777777777,13.812402534113062,14.321268668619402,9.656430759438278,14.867019980506823,4.142996683992545,12.596700654056903,10.62252042823538,9.539271837096877,4.120191985370582,-0.37347653741307074,0.9276396261490467,-0.7818314824680299,0.6234898018587334,validation
2024-12-09,5.930467439593813,12.996527777777777,13.812402534113062,14.321268668619402,10.511953108078838,1.5037986221808153,13.710066326836733,10.355307256416944,10.171666915224392,3.850891807317014,-0.3574644155648614,0.9339267592294762,0.0,1.0,validation
2024-12-10,6.821174253881824,5.930467439593813,12.996527777777777,13.812402534113062,3.5361111111111114,1.8420729819476358,10.913132583828206,9.700809303776225,10.487857545039606,4.19389045242386,-0.34134651424503615,0.9399375283564133,0.7818314824680298,0.6234898018587336,validation
2024-12-11,9.97337962962963,6.821174253881824,5.930467439593813,12.996527777777777,7.652456835780136,5.760372288381105,8.582723157084459,10.170104038457755,10.843507635892049,3.518509015182548,-0.3251276029999093,0.9456701548465688,0.9749279121818236,-0.22252093395631434,validation
2024-12-12,30.187292884990253,9.97337962962963,6.821174253881824,5.930467439593813,9.656430759438278,10.549403626687996,7.575007107701744,10.501664437579112,11.144436731695516,3.346890624334396,-0.30881248126625377,0.9511229423235357,0.43388373911755823,-0.900968867902419,validation
2024-12-13,5.720794377532127,30.187292884990253,9.97337962962963,6.821174253881824,14.321268668619402,13.115813840155946,15.660615589500557,13.434644741229393,12.547143107288534,8.10147100094792,-0.29240597695107734,0.9562942772197719,-0.433883739117558,-0.9009688679024191,validation
2024-12-14,3.1943150500773005,5.720794377532127,30.187292884990253,9.97337962962963,13.812402534113062,22.27770467836257,15.293822297383992,12.206005556788355,12.018927431386832,8.582477303604177,-0.27591294500296043,0.9611826292540837,-0.9749279121818236,-0.2225209339563146,validation
2024-12-15,3.8696759259259257,3.1943150500773005,5.720794377532127,30.187292884990253,12.996527777777777,14.867019980506823,13.03413410419988,10.68913591621182,10.655828172223597,9.169490171175946,-0.2593382659754056,0.9657865518844574,-0.7818314824680299,0.6234898018587334,validation
2024-12-16,5.891325536062379,3.8696759259259257,3.1943150500773005,5.720794377532127,5.930467439593813,10.511953108078838,4.261595117845106,9.385299937375839,9.87030359689639,9.431846404019494,-0.2426868445825954,0.9701046827361175,0.0,1.0,validation
2024-12-17,11.923400577453258,5.891325536062379,3.8696759259259257,3.1943150500773005,6.821174253881824,3.5361111111111114,4.318438837355189,9.379708236871348,9.540258770323787,9.434247277813547,-0.22596360824801906,0.974135744004672,0.7818314824680298,0.6234898018587336,validation
2024-12-18,2.894675925925926,11.923400577453258,5.891325536062379,3.8696759259259257,9.97337962962963,7.652456835780136,7.228134013147176,10.108597711667269,10.139350875062513,9.400668821150786,-0.20917350564635637,0.9778785428342386,0.9749279121818236,-0.22252093395631434,validation
2024-12-19,10.535978923001949,2.894675925925926,11.923400577453258,5.891325536062379,30.187292884990253,9.656430759438278,6.903134013147176,9.097354325423881,9.799509381501496,9.79029738233451,-0.19232150523909483,0.9813319716704275,0.43388373911755823,-0.900968867902419,validation
2024-12-20,7.740781571044729,10.535978923001949,2.894675925925926,11.923400577453258,5.720794377532127,14.321268668619402,8.451351808793698,6.2900237594255515,9.862334250327475,3.587383794778318,-0.17541259380427843,0.9844950085880858,-0.433883739117558,-0.9009688679024191,validation
2024-12-21,11.92976364522417,7.740781571044729,10.535978923001949,2.894675925925926,3.1943150500773005,13.812402534113062,7.05714547332419,6.578593358498781,9.392299457643569,3.6151003718298704,-0.15845177496083632,0.9873667175937016,-0.9749279121818236,-0.2225209339563146,validation
2024-12-22,6.625674827369743,11.92976364522417,7.740781571044729,10.535978923001949,3.8696759259259257,12.996527777777777,10.068841379756938,7.826514586376905,9.257825251294362,3.7570874406953703,-0.14144406768794202,0.9899462489023779,-0.7818314824680299,0.6234898018587334,validation
2024-12-23,5.061422506360063,6.625674827369743,11.92976364522417,7.740781571044729,5.891325536062379,5.930467439593813,8.765406681212868,8.220228715154594,8.802764326265216,3.400848042713365,-0.12439450483979998,0.9922328391893008,0.0,1.0,validation
2024-12-24,6.548328885908915,5.061422506360063,6.625674827369743,11.92976364522417,11.923400577453258,6.821174253881824,7.872286992984647,8.101671139482834,8.74068968817709,3.508334833261426,-0.10730813165636247,0.9942258118156161,0.7818314824680298,0.6234898018587336,validation
2024-12-25,22.288658021416637,6.548328885908915,5.061422506360063,6.625674827369743,2.894675925925926,9.97337962962963,6.078475406546228,7.333803754976499,8.721200733321883,3.0965140031983576,-0.09019000427034513,0.9959245770286599,0.9749279121818236,-0.22252093395631434,validation
2024-12-26,20.70868664717349,22.288658021416637,6.548328885908915,5.061422506360063,10.535978923001949,30.187292884990253,11.29946980456186,10.104372625760886,9.600863475592385,5.884157274772036,-0.07304518821104743,0.9973286321364752,0.43388373911755823,-0.900968867902419,validation
2024-12-27,7.507407407407407,20.70868664717349,22.288658021416637,6.548328885908915,7.740781571044729,5.720794377532127,16.515224518166335,11.55761658635682,8.923820172891187,7.132339574213662,-0.05587875690537313,0.9984375616565666,-0.433883739117558,-0.9009688679024191,validation
2024-12-28,5.606396198830409,7.507407407407407,20.70868664717349,22.288658021416637,11.92976364522417,3.1943150500773005,16.83491735866583,11.524277420122916,9.051435389310848,7.153667953929454,-0.03869579017652689,0.9992510374388481,-0.9749279121818236,-0.2225209339563146,validation
2024-12-29,3.3442129629629633,5.606396198830409,7.507407407407407,20.70868664717349,6.625674827369743,3.8696759259259257,11.274163417803756,10.620939213495236,9.223726899936072,7.485480955736576,-0.021501372740813793,0.999768818762748,-0.7818314824680299,0.6234898018587334,validation
2024-12-30,7.346531701192718,3.3442129629629633,5.606396198830409,7.507407407407407,5.061422506360063,5.891325536062379,5.486005523066914,10.152158947151412,9.186193831153002,7.870248552571459,-0.004300592702981974,0.9999907524084426,0.0,1.0,validation
2024-12-31,13.263438109161791,7.346531701192718,3.3442129629629633,5.606396198830409,6.548328885908915,11.923400577453258,5.432380287662017,10.478603117841791,9.290137128662312,7.668711971740969,0.012901459949419653,0.9999167727021953,0.7818314824680298,0.6234898018587336,validation
2025-01-01,13.060075536062378,13.263438109161791,7.346531701192718,3.3442129629629633,22.288658021416637,2.894675925925926,7.984727591105812,11.437904435449346,9.385854095212922,7.513557713649806,0.017201575418260506,0.9998520419557735,0.9749279121818236,-0.22252093395631434,test
2025-01-02,11.001425438596492,13.060075536062378,13.263438109161791,7.346531701192718,20.70868664717349,10.535978923001949,11.223348448805616,10.119535508970165,10.111954067365527,5.936429993554209,0.03439806061360801,0.9994082116062598,0.43388373911755823,-0.900968867902419,test
2025-01-03,2.9929038952745852,11.001425438596492,13.060075536062378,13.263438109161791,7.507407407407407,7.740781571044729,12.441646361273541,8.73278390774488,10.14520024705085,3.7998520674270444,0.051584366869408364,0.9986686402879997,-0.433883739117558,-0.9009688679024191,test
2025-01-04,12.05537658802178,2.9929038952745852,11.001425438596492,13.060075536062378,5.606396198830409,11.92976364522417,9.018134956644472,8.087854834583048,9.806066127352983,4.381141305453191,0.06875540848113941,0.9976335468520451,-0.9749279121818236,-0.2225209339563146,test
2025-01-05,10.660407993854692,12.05537658802178,2.9929038952745852,11.001425438596492,3.3442129629629633,6.625674827369743,8.683235307297606,9.009137747324674,9.815038480409955,4.449881108823374,0.08590610426133272,0.9963032375991965,-0.7818314824680299,0.6234898018587334,test
2025-01-06,4.794445032600659,10.660407993854692,12.05537658802178,2.9929038952745852,7.346531701192718,5.061422506360063,8.569562825717005,10.05430846602349,10.103233706587451,3.692273443557522,0.10303137904317879,0.9946781061893646,0.0,1.0,test
2025-01-07,2.4682689722390267,4.794445032600659,10.660407993854692,12.05537658802178,13.263438109161791,6.548328885908915,9.170076538159032,9.689724656224625,10.08416388703321,4.1069241925787106,0.1201261651823505,0.9927586335250793,0.7818314824680298,0.6234898018587336,test
2025-01-08,4.486566440860252,2.4682689722390267,4.794445032600659,10.660407993854692,13.060075536062378,22.288658021416637,5.974373999564779,8.14755763666423,9.792731036056788,4.544795530421861,0.13718540405660057,0.9905453876091833,0.9749279121818236,-0.22252093395631434,test
2025-01-09,8.618567251461988,4.486566440860252,2.4682689722390267,4.794445032600659,11.001425438596492,20.70868664717349,3.9164268152332995,6.9227706230639265,8.521153066017046,4.137235395428421,0.1542040475626894,0.988039023376751,0.43388373911755823,-0.900968867902419,test
2025-01-10,10.737263732247285,8.618567251461988,4.486566440860252,2.4682689722390267,2.9929038952745852,7.507407407407407,5.19113422152041,6.582362310616141,7.65757310918051,3.832524334983602,0.17117705961019986,0.985240282501282,-0.433883739117558,-0.9009688679024191,test
2025-01-11,9.655245147893888,10.737263732247285,8.618567251461988,4.486566440860252,12.05537658802178,5.606396198830409,7.947465808189828,7.688699430183669,7.888277132383359,3.7403337200158204,0.18809941761179758,0.9821499931752291,-0.9749279121818236,-0.2225209339563146,test
2025-01-12,11.81192594244557,9.655245147893888,10.737263732247285,8.618567251461988,10.660407993854692,3.3442129629629633,9.670358710534375,7.345823510165398,8.177480628745036,3.3644480331322546,0.20496611396949532,0.9787690698649216,-0.7818314824680299,0.6234898018587334,test
2025-01-13,28.111622807017543,11.81192594244557,9.655245147893888,10.737263732247285,4.794445032600659,7.346531701192718,10.734811607528902,7.51032607424981,8.78231727013665,3.57508126683524,0.22177215755648186,0.975098513039961,0.0,1.0,test
2025-01-14,25.927022417153996,28.111622807017543,11.81192594244557,9.655245147893888,2.4682689722390267,13.263438109161791,16.52626463245232,10.84135147059508,10.265538063409851,8.327209839719568,0.23851257519407648,0.9711394088771653,0.7818314824680298,0.6234898018587336,test
2025-01-15,13.754446881091619,25.927022417153996,28.111622807017543,11.81192594244557,4.486566440860252,13.060075536062378,21.950190388872358,14.192601962725789,11.170079799695008,9.08210090090086,0.2551824131233728,0.9668929289391521,0.9749279121818236,-0.22252093395631434,test
2025-01-16,14.92012670565302,13.754446881091619,25.927022417153996,28.111622807017543,8.618567251461988,11.001425438596492,22.597697368421038,15.516584882758844,11.219677752911382,8.047998504399885,0.2717767384711357,0.9623603298276545,0.43388373911755823,-0.900968867902419,test
2025-01-17,9.73525828460039,14.92012670565302,13.754446881091619,25.927022417153996,10.737263732247285,2.9929038952745852,18.200532001299532,16.41680766192899,11.499584986272565,7.480218215526125,0.2882906407095177,0.9575429528116719,-0.433883739117558,-0.9009688679024191,test
2025-01-18,3.3737433862433863,9.73525828460039,14.92012670565302,13.754446881091619,9.655245147893888,12.05537658802178,12.80327729044833,16.27366402655086,11.981181728367265,7.615383985081165,0.3047192331091634,0.9524422234305676,-0.9749279121818236,-0.2225209339563146,test
2025-01-19,1.5510964912280703,3.3737433862433863,9.73525828460039,14.92012670565302,11.81192594244557,10.660407993854692,9.343042792165585,15.376306632029358,11.36106507109738,8.802766340377845,0.321057654185271,0.9470596510722283,-0.7818314824680299,0.6234898018587334,test
2025-01-20,3.9061622394026494,1.5510964912280703,3.3737433862433863,9.73525828460039,28.111622807017543,4.794445032600659,4.886699387357269,13.910473853284005,10.710399963766905,10.233304590486739,0.3373010691361842,0.9413968285264122,0.0,1.0,test
2025-01-21,3.0434243565599495,3.9061622394026494,1.5510964912280703,3.3737433862433863,25.927022417153996,2.4682689722390267,2.943667372291356,10.452550915053305,10.64695119282419,8.592982980164512,0.3534446712740877,0.9354554315134164,0.7818314824680298,0.6234898018587336,test
2025-01-22,2.6479931269745243,3.0434243565599495,3.9061622394026494,1.5510964912280703,13.754446881091619,4.486566440860252,2.8335610290635436,7.1834654778255835,10.688033720275687,5.532684548866052,0.3694836834473831,0.9292372181882051,0.9749279121818236,-0.22252093395631434,test
2025-01-23,3.6442007797270954,2.6479931269745243,3.0434243565599495,3.9061622394026494,14.92012670565302,8.618567251461988,3.199193240979028,5.596829227237428,10.556707054998133,4.889348978563341,0.38541335945432564,0.9227440286201427,0.43388373911755823,-0.900968867902419,test
2025-01-24,8.5251436085432,3.6442007797270954,2.6479931269745243,3.0434243565599495,9.73525828460039,10.737263732247285,3.11187275442051,3.9859826663908664,10.201395164159928,2.6507702053657334,0.4012289854475009,0.9159777842484877,-0.433883739117558,-0.9009688679024191,test
2025-01-25,35.72885695238933,8.5251436085432,3.6442007797270954,2.6479931269745243,3.3737433862433863,9.655245147893888,4.939112505081593,3.8131091412398392,10.043386583895352,2.2173599626832483,0.4169258813287287,0.908940487313808,-0.9749279121818236,-0.2225209339563146,test
2025-01-26,32.642291050130034,35.72885695238933,8.5251436085432,3.6442007797270954,1.5510964912280703,11.81192594244557,15.966067113553194,8.43526822211783,11.905787427073594,12.23636346659887,0.4324994021339788,0.901634220265486,-0.7818314824680299,0.6234898018587334,test
2025-01-27,4.81314807941247,32.642291050130034,35.72885695238933,8.5251436085432,3.9061622394026494,28.111622807017543,25.632097203687508,12.876867444818112,13.393670649051058,14.71317467164589,0.44794493940789115,0.8940611451454876,0.0,1.0,test
2025-01-28,7.71679596508168,4.81314807941247,32.642291050130034,35.72885695238933,3.0434243565599495,25.927022417153996,24.39476536064393,13.0064368505338,11.729493882793552,14.62473677264791,0.4632579225674917,0.88622350294858,0.7818314824680298,0.6234898018587336,test
2025-01-29,18.969599813507077,7.71679596508168,4.81314807941247,32.642291050130034,2.6479931269745243,13.754446881091619,15.057411698208048,13.674061366036904,10.428763421931242,14.19446006547098,0.4784338202547012,0.8781236129591848,0.9749279121818236,-0.22252093395631434,test
2025-01-30,10.188564235203243,18.969599813507077,7.71679596508168,4.81314807941247,3.6442007797270954,14.92012670565302,10.499847952667063,16.005719464112982,10.801274345675207,13.399678600209102,0.49346814167723735,0.8697638720650646,0.43388373911755823,-0.900968867902419,test
2025-01-31,9.23852173984868,10.188564235203243,18.969599813507077,7.71679596508168,8.5251436085432,9.73525828460039,12.291653337930653,16.940628529181005,10.463305597785936,12.597764918075722,0.5083564379375122,0.8611467540480452,-0.433883739117558,-0.9009688679024191,test
2025-02-01,9.007962880364753,9.23852173984868,10.188564235203243,18.969599813507077,35.72885695238933,3.3737433862433863,12.798895262852986,17.042539690796072,10.427824416017955,12.520992019653507,0.5230943033491326,0.8522748088519838,-0.9749279121818236,-0.2225209339563146,test
2025-02-02,19.91602963445088,9.007962880364753,9.23852173984868,10.188564235203243,32.642291050130034,1.5510964912280703,9.47834961847221,13.225269109078274,10.830268665598053,9.609253663360361,0.5376773767406141,0.8431506618282,-0.7818314824680299,0.6234898018587334,test
2025-02-03,28.679711553977338,19.91602963445088,9.007962880364753,9.23852173984868,4.81314807941247,3.9061622394026494,12.720838084888088,11.407231763981255,12.142049604399684,5.753770541019954,0.5521013427459208,0.8337770129585915,0.0,1.0,test
2025-02-04,10.865949586040562,28.679711553977338,19.91602963445088,9.007962880364753,7.71679596508168,3.0434243565599495,19.20123468959764,14.816740831776235,13.91158884115502,7.875263027410021,0.5663619330814524,0.8241566360566663,0.7818314824680298,0.6234898018587336,test
2025-02-05,6.906466200812766,10.865949586040562,28.679711553977338,19.91602963445088,18.969599813507077,2.6479931269745243,19.820563591489577,15.266619920484649,14.470340643260775,7.482216722574345,0.580454927809098,0.8142923779467267,0.9749279121818236,-0.22252093395631434,test
2025-02-06,14.285315633794601,6.906466200812766,10.865949586040562,28.679711553977338,10.188564235203243,3.6442007797270954,15.48404244694354,13.543315118671174,14.774517291392078,7.866522490382568,0.5943761565849831,0.804187157621448,0.43388373911755823,-0.900968867902419,test
2025-02-07,12.62053176162155,14.285315633794601,6.906466200812766,10.865949586040562,9.23852173984868,8.5251436085432,10.685910473549294,14.12856531846994,15.534596923825474,7.726487378383656,0.6081214998935418,0.7938439653781019,-0.433883739117558,-0.9009688679024191,test
2025-02-08,9.106676591268743,12.62053176162155,14.285315633794601,6.906466200812766,9.007962880364753,35.72885695238933,11.270771198742958,14.611709607294634,15.827124649045354,7.471270345250643,0.6216868902665479,0.7832658619336791,-0.9749279121818236,-0.2225209339563146,test
2025-02-09,15.901601033539592,9.106676591268743,12.62053176162155,14.285315633794601,19.91602963445088,32.642291050130034,12.004174662228282,14.625811565995207,13.925540337536741,7.459013590976283,0.6350683134867438,0.7724559775191742,-0.7818314824680299,0.6234898018587334,test
2025-02-10,9.73211606358581,15.901601033539592,9.106676591268743,12.62053176162155,28.679711553977338,4.81314807941247,12.542936462143281,14.05232176586502,12.72977676492314,7.131623239720419,0.6482618097757122,0.7614175109532997,0.0,1.0,test
2025-02-11,9.994567398285367,9.73211606358581,15.901601033539592,9.106676591268743,10.865949586040562,7.71679596508168,11.5801312294647,11.345522410094803,13.08113162093552,3.124542799348652,0.6612634749656386,0.7501537286959042,0.7818314824680298,0.6234898018587336,test
2025-02-12,6.782946172198251,9.994567398285367,9.73211606358581,15.901601033539592,6.906466200812766,18.969599813507077,11.876094831803576,11.22103924041549,13.24382958045007,3.1639432981486064,0.6740694616546161,0.7386679638813748,0.9749279121818236,-0.22252093395631434,test
2025-02-13,16.40380355496996,6.782946172198251,9.994567398285367,9.73211606358581,14.285315633794601,10.188564235203243,8.836543211356462,11.203393522041988,12.373354320356581,3.192234670045674,0.6866759803451553,0.726963615332308,0.43388373911755823,-0.900968867902419,test
2025-02-14,17.28418074823724,16.40380355496996,6.782946172198251,9.994567398285367,12.62053176162155,9.23852173984868,11.060439041817846,11.506034653638466,12.817299986054204,3.6066386048919092,0.6990793005655562,0.7150441465537444,-0.433883739117558,-0.9009688679024191,test
2025-02-15,16.827711803232095,17.28418074823724,16.40380355496996,6.782946172198251,9.106676591268743,9.007962880364753,13.49031015846847,12.172270223154994,13.391989915224816,4.224626843599745,0.7112757519738152,0.7029130847082615,-0.9749279121818236,-0.2225209339563146,test
2025-02-16,32.19925664714175,16.827711803232095,17.28418074823724,16.40380355496996,15.901601033539592,19.91602963445088,16.838565368813082,13.275275253435472,13.95054340971534,4.298134539500095,0.7232617254437388,0.6905740195722293,-0.7818314824680299,0.6234898018587334,test
2025-02-17,28.688966002642797,32.19925664714175,16.827711803232095,17.28418074823724,9.73211606358581,28.679711553977338,22.103716399537017,15.603511769664353,14.827916767764687,8.407520947297257,0.7350336741329413,0.6780306024735382,0.0,1.0,test
2025-02-18,10.989040264348448,28.688966002642797,32.19925664714175,16.827711803232095,9.994567398285367,10.865949586040562,25.905311484338867,18.311633189529637,14.828577799812221,9.21535696946802,0.746588114532413,0.6652865452111116,0.7818314824680298,0.6234898018587336,test
2025-02-19,7.8582975069469185,10.989040264348448,28.688966002642797,32.19925664714175,6.782946172198251,6.906466200812766,23.95908763804432,18.45370074182436,14.837369991119926,9.072323534560663,0.7579216274973472,0.6523456189565257,0.9749279121818236,-0.22252093395631434,test
2025-02-20,11.839669014734381,7.8582975069469185,10.989040264348448,28.688966002642797,16.40380355496996,14.285315633794601,15.845434591312708,18.607322361074175,14.905357941558082,8.848099477348754,0.7690308592589181,0.6392116531380588,0.43388373911755823,-0.900968867902419,test
2025-02-21,17.25610836085522,11.839669014734381,7.8582975069469185,10.989040264348448,17.28418074823724,12.62053176162155,10.229002262009901,17.95530314104052,14.730668897339495,9.19875824419318,0.7799125224167177,0.6258885343075018,-0.433883739117558,-0.9009688679024191,test
2025-02-22,21.31330542499062,17.25610836085522,11.839669014734381,7.8582975069469185,16.827711803232095,9.106676591268743,12.318024960845491,17.951292799985943,15.061781511570471,9.199105707489004,0.7905633969115482,0.612380204990065,-0.9749279121818236,-0.2225209339563146,test
2025-02-23,19.552891177088075,21.31330542499062,17.25610836085522,11.839669014734381,32.19925664714175,15.901601033539592,16.803027600193392,18.592091888808593,15.933683571122033,9.26379696483497,0.8009803309782905,0.5986906625177214,-0.7818314824680299,0.6234898018587334,test
2025-02-24,17.526342810387586,19.552891177088075,21.31330542499062,17.25610836085522,28.688966002642797,9.73211606358581,19.37410165431129,16.785468250229492,16.194490009946925,7.162734405073462,0.8111602420785621,0.5848239578463322,0.0,1.0,test
2025-02-25,19.554468333170146,17.526342810387586,19.552891177088075,21.31330542499062,10.989040264348448,9.994567398285367,19.46417980415541,15.190807794193034,16.751220491861336,4.98135904360103,0.8211001178128892,0.5707841943569036,0.7818314824680298,0.6234898018587336,test
2025-02-26,22.10465427380224,19.554468333170146,17.526342810387586,19.552891177088075,7.8582975069469185,6.782946172198251,18.87790077354859,16.414440375453278,17.43407055863882,4.82682389697948,0.8307970168121247,0.5565755266413303,0.9749279121818236,-0.22252093395631434,test
2025-02-27,28.35958561707791,22.10465427380224,19.554468333170146,17.526342810387586,11.839669014734381,16.40380355496996,19.72848847245331,18.449634199289754,18.52847828018196,3.4148262452944227,0.8402480696078469,0.5422021592729844,0.43388373911755823,-0.900968867902419,test
2025-02-28,20.55939490622617,28.35958561707791,22.10465427380224,19.554468333170146,17.25610836085522,17.28418074823724,23.339569408016754,20.80962228533883,19.382462713189675,3.7748050879293102,0.8494504794814806,0.527668345562516,-0.433883739117558,-0.9009688679024191,test
2025-03-01,11.319111026080245,20.55939490622617,28.35958561707791,22.10465427380224,21.31330542499062,16.827711803232095,23.674544932368757,21.281520363248966,19.61640658161745,3.4489432842865986,0.8584015232918917,0.512978386299228,-0.9749279121818236,-0.2225209339563146,test
2025-03-02,14.456794023136615,11.319111026080245,20.55939490622617,28.35958561707791,19.552891177088075,32.19925664714175,20.07936384979476,19.85377830626177,19.22293509753518,5.104748059592495,0.8670985522812081,0.4981366284784055,-0.7818314824680299,0.6234898018587334,test
2025-03-03,40.94112228201698,14.456794023136615,11.319111026080245,20.55939490622617,17.526342810387586,28.688966002642797,15.445099985147664,19.125764427125848,17.955616338677668,5.502690150307935,0.8755389928586302,0.4831474640149687,0.0,1.0,test
2025-03-04,16.287229519346777,40.94112228201698,14.456794023136615,11.319111026080245,19.554468333170146,10.989040264348448,22.239009110411263,22.470732923072905,18.830770358632968,9.803975235404074,0.8837203473619977,0.4680153284438345,0.7818314824680298,0.6234898018587336,test
2025-03-05,22.431919077028894,16.287229519346777,40.94112228201698,14.456794023136615,22.10465427380224,7.8582975069469185,23.895048608166775,22.003984521098136,19.209212448275707,10.040864165904315,0.8916401947968874,0.45274469960737107,0.9749279121818236,-0.22252093395631434,test
2025-03-06,6.7896535384984995,22.431919077028894,16.287229519346777,40.94112228201698,28.35958561707791,11.839669014734381,26.55342362613087,22.0507366358448,20.250185417567277,10.042172843001204,0.8992961915530253,0.4373400963303323,0.43388373911755823,-0.900968867902419,test
2025-03-07,5.759859316786122,6.7896535384984995,22.431919077028894,16.287229519346777,20.55939490622617,17.25610836085522,15.16960071162471,18.96931776747631,19.88947002640757,11.04313133877047,0.9066860720977985,0.4218060770826634,-0.433883739117558,-0.9009688679024191,test
2025-03-08,1.8869857620624717,5.759859316786122,6.7896535384984995,22.431919077028894,11.319111026080245,21.31330542499062,11.660477310771157,16.855098397556304,19.068309380402635,12.058029696958009,0.9138076496466615,0.4061472386305789,-0.9749279121818236,-0.2225209339563146,test
2025-03-09,3.8903857749363997,1.8869857620624717,5.759859316786122,6.7896535384984995,14.456794023136615,19.552891177088075,4.81216620578235,15.507651931268052,17.68071511876491,13.248046628789131,0.9206588168102428,0.3903682146763026,-0.7818314824680299,0.6234898018587334,test
2025-03-10,8.289208365945386,3.8903857749363997,1.8869857620624717,5.759859316786122,40.94112228201698,17.526342810387586,3.845743617928317,13.99816503866802,16.561964732896932,13.970034315890052,0.9272375462179537,0.374473674486883,0.0,1.0,test
2025-03-11,8.443702728523279,8.289208365945386,3.8903857749363997,1.8869857620624717,16.287229519346777,19.554468333170146,4.688859967648072,9.33360590780065,15.902169415436775,7.363577151532862,0.9335418911179212,0.35846832151248087,0.7818314824680298,0.6234898018587336,test
2025-03-12,5.9465498656782225,8.443702728523279,8.289208365945386,3.8903857749363997,22.431919077028894,22.10465427380224,6.874432289801675,8.21310208054015,15.108543300819141,6.695570119471518,0.9395699859530622,0.342356891994542,0.9749279121818236,-0.22252093395631434,test
2025-03-13,5.637887492409509,5.9465498656782225,8.443702728523279,8.289208365945386,6.7896535384984995,28.35958561707791,7.559820320048948,5.858049336061484,13.954392985953143,2.349558238856893,0.945320046913132,0.3261441535642696,0.43388373911755823,-0.900968867902419,test
2025-03-14,11.773015747389287,5.637887492409509,5.9465498656782225,8.443702728523279,5.759859316786122,20.55939490622617,6.676046695536989,5.693511329477341,12.331414548476827,2.3134973188086536,0.9507903724625832,0.3098349038318025,-0.433883739117558,-0.9009688679024191,test
2025-03-15,5.676884949625671,11.773015747389287,5.637887492409509,5.9465498656782225,1.8869857620624717,11.319111026080245,7.78581770182566,6.552533676706365,11.703816037131334,3.2635398783511107,0.9559793438440766,0.2934339689665273,-0.9749279121818236,-0.2225209339563146,test
2025-03-16,8.349738690596222,5.676884949625671,11.773015747389287,5.637887492409509,3.8903857749363997,14.456794023136615,7.695929396474809,7.09394784635825,11.30079988881315,2.609331761621133,0.9608854255574977,0.27694620226893646,-0.7818314824680299,0.6234898018587334,test
2025-03-17,5.667197170496064,8.349738690596222,5.676884949625671,11.773015747389287,8.289208365945386,40.94112228201698,8.59987979587038,7.730998262881083,10.864581650774552,2.210770662005482,0.9655071658143364,0.2603764827344581,0.0,1.0,test
2025-03-18,6.900791325087233,5.667197170496064,8.349738690596222,5.676884949625671,8.443702728523279,16.287229519346777,6.564606936905972,7.356425234959751,8.3450155713802,2.3198629010119105,0.969843196967294,0.24372971360968387,0.7818314824680298,0.6234898018587336,test
2025-03-19,6.672540455219483,6.900791325087233,5.667197170496064,8.349738690596222,5.9465498656782225,22.431919077028894,6.9725757287264924,7.136009320183172,7.674555700361661,2.2721476976771244,0.9738922359149924,0.22701082094141847,0.9749279121818236,-0.22252093395631434,test
2025-03-20,2.491592926403287,6.672540455219483,6.900791325087233,5.667197170496064,5.637887492409509,6.7896535384984995,6.413509650267581,7.23972226154621,6.548885798803846,2.224882990773262,0.9776530844816641,0.2102247521189836,0.43388373911755823,-0.900968867902419,test
2025-03-21,2.50659837218867,2.491592926403287,6.672540455219483,6.900791325087233,11.773015747389287,5.759859316786122,5.354974902236655,6.790251609259607,6.241881469368474,2.8362333125865486,0.981124629771712,0.19337647441020586,-0.433883739117558,-0.9009688679024191,test
2025-03-22,3.0284705402584042,2.50659837218867,2.491592926403287,6.672540455219483,5.676884949625671,1.8869857620624717,3.890243917937133,5.466477698516661,6.009505687611513,2.218123135011723,0.984305844499033,0.17647097349152166,-0.9749279121818236,-0.2225209339563146,test
2025-03-23,3.2170963787220725,3.0284705402584042,2.50659837218867,2.491592926403287,8.349738690596222,3.8903857749363997,2.67555394628344,5.088132782892766,6.091040314625509,2.395064891904305,0.9871957872910085,0.15951325197263655,-0.7818314824680299,0.6234898018587334,test
2025-03-24,3.673209050086415,3.2170963787220725,3.0284705402584042,2.50659837218867,5.667197170496064,8.289208365945386,2.917388430389702,4.354898166910745,6.0429482148959135,1.9797848423772928,0.9897936029670716,0.14250832791617088,0.0,1.0,test
2025-03-25,6.432590394020978,3.673209050086415,3.2170963787220725,3.0284705402584042,6.900791325087233,8.443702728523279,3.3062586563556167,4.070042721137938,5.713233978048845,1.9013969046870967,0.992098522791769,0.12546123335273648,0.7818314824680298,0.6234898018587336,test
2025-03-26,1.3621254968161784,6.432590394020978,3.673209050086415,3.2170963787220725,6.672540455219483,5.9465498656782225,4.440965274276475,4.003156873842758,5.569583097012966,1.7902066438834867,0.9941098647022418,0.10837701279187609,0.9749279121818236,-0.22252093395631434,test
2025-03-27,19.669749787238406,1.3621254968161784,6.432590394020978,3.673209050086415,2.491592926403287,5.637887492409509,3.82264164697451,3.2445261654994293,5.24212421352282,1.5837630891462398,0.9958270335100595,0.09126072172931188,0.43388373911755823,-0.900968867902419,test
2025-03-28,15.806194101514093,19.669749787238406,1.3621254968161784,6.432590394020978,2.50659837218867,11.773015747389287,9.15482189269184,5.698548574190161,6.244400091724883,6.352365882361661,0.9972495210773451,0.07411742515094437,-0.433883739117558,-0.9009688679024191,test
2025-03-29,4.492141858455418,15.806194101514093,19.669749787238406,1.3621254968161784,3.0284705402584042,5.676884949625671,12.279356461856212,7.59849082123665,6.5324842598766555,7.174292090972511,0.998376906467142,0.056952196034039754,-0.9749279121818236,-0.2225209339563146,test
2025-03-30,5.123598927875244,4.492141858455418,15.806194101514093,19.669749787238406,3.2170963787220725,8.349738690596222,13.322695249069293,7.8075867238362235,6.447859753364495,7.038952015678853,0.9992088560679753,0.03977011384605572,-0.7818314824680299,0.6234898018587334,test
2025-03-31,4.338295214259755,5.123598927875244,4.492141858455418,15.806194101514093,3.673209050086415,5.667197170496064,8.473978295948237,8.079944230858105,6.217421198884424,6.866500946297653,0.9997451236925734,0.022576263041545485,0.0,1.0,test
2025-04-01,10.300701941820362,4.338295214259755,5.123598927875244,4.492141858455418,6.432590394020978,6.900791325087233,4.6513453335301245,8.174956540025724,6.122499630581831,6.799637766218951,0.9999855506507186,0.005375731557583884,0.7818314824680298,0.6234898018587336,test
2025-04-02,11.677546296296297,10.300701941820362,4.338295214259755,5.123598927875244,1.3621254968161784,6.672540455219483,6.587532027985105,8.727543903997065,6.365350388919912,6.791611574502627,0.9999300657962057,-0.011826390691832589,0.9749279121818236,-0.22252093395631434,test
2025-04-03,15.46631335282651,11.677546296296297,10.300701941820362,4.338295214259755,19.669749787238406,2.491592926403287,8.772181150792123,10.201175446779938,6.722850806139683,6.000110040769364,0.9995786855478958,-0.029025013321975237,0.43388373911755823,-0.900968867902419,test
2025-04-04,3.457363805083475,15.46631335282651,11.677546296296297,10.300701941820362,15.806194101514093,2.50659837218867,12.481520530314375,9.60068452757824,7.6496165508842,5.025793050664444,0.9989315138848577,-0.046215046983708354,-0.433883739117558,-0.9009688679024191,test
2025-04-05,2.8462962962962965,3.457363805083475,15.46631335282651,11.677546296296297,4.492141858455418,3.0284705402584042,10.200407818068745,7.8365659138024375,7.717528367519543,4.636787928648711,0.9979887423155984,-0.06339140486951038,-0.9749279121818236,-0.2225209339563146,test
2025-04-06,4.365740740740741,2.8462962962962965,3.457363805083475,15.46631335282651,5.123598927875244,3.2170963787220725,7.256657818068747,7.601445119208277,7.70451592152225,4.870480124324525,0.9967506498213929,-0.08054900421874167,-0.7818314824680299,0.6234898018587334,test
2025-04-07,4.649990088214888,4.365740740740741,2.8462962962962965,3.457363805083475,4.338295214259755,3.673209050086415,3.5564669473734902,7.493179663903348,7.786561947380727,4.942628704510133,0.9952176027737294,-0.09768276782171598,0.0,1.0,test
2025-04-08,2.983984620213434,4.649990088214888,4.365740740740741,2.8462962962962965,10.300701941820362,6.432590394020978,3.9540090417506284,7.537707503039797,7.85633202153276,4.910770866801846,0.9933900548258936,-0.11478762552212701,0.7818314824680298,0.6234898018587336,test
2025-04-09,0.8567404268675456,2.983984620213434,4.649990088214888,4.365740740740741,11.677546296296297,1.3621254968161784,3.999905149723007,6.492462171381663,7.610003037689364,5.002474591618812,0.9912685467787256,-0.13185851571739118,0.9749279121818236,-0.22252093395631434,test
2025-04-10,1.231454017576899,0.8567404268675456,2.983984620213434,4.649990088214888,15.46631335282651,19.669749787238406,2.8302383784319414,4.94663276146327,7.573904104121604,4.801000841594001,0.9888537064205885,-0.1488903868564548,0.43388373911755823,-0.900968867902419,test
2025-04-11,0.962298162098068,1.231454017576899,0.8567404268675456,2.983984620213434,3.457363805083475,15.806194101514093,1.6907263548859452,2.913081427856183,6.256882977717211,1.442752615415661,0.986146248341595,-0.16587819893463143,-0.433883739117558,-0.9009688679024191,test
2025-04-12,3.7191291257805528,0.962298162098068,1.231454017576899,0.8567404268675456,2.8462962962962965,4.492141858455418,1.0168308688474899,2.556643478858267,5.196604696330352,1.5868830359719446,0.9831469737221499,-0.1828169249850199,-0.9749279121818236,-0.2225209339563146,test
2025-04-13,1.2136574074074076,3.7191291257805528,0.962298162098068,1.231454017576899,4.365740740740741,5.123598927875244,1.9709604351518255,2.6813338830703044,5.141389501139291,1.6466039224955213,0.9798567700958665,-0.1997015525660636,-0.7818314824680299,0.6234898018587334,test
2025-04-14,2.428306878306874,1.2136574074074076,3.7191291257805528,0.962298162098068,4.649990088214888,4.338295214259755,1.965028231761995,2.231036264022685,4.862107963963017,1.536516570063229,0.9762766110869321,-0.21652708524481437,0.0,1.0,test
2025-04-17,2.809502923976608,2.632041910331384,,2.428306878306874,1.231454017576899,15.46631335282651,2.5301743943191077,2.0311479169168645,3.6010243716726213,1.078733540552641,0.9638074231367307,-0.26659942067929354,0.43388373911755823,-0.900968867902419,test
2025-04-18,8.423403996101365,2.809502923976608,2.632041910331384,,0.962298162098068,3.457363805083475,2.7207724171539747,2.2941560679834825,2.627423569453398,1.036302727659703,0.9590788900341131,-0.28313898122818354,-0.433883739117558,-0.9009688679024191,test
2025-04-19,16.71257867479433,8.423403996101365,2.809502923976608,2.632041910331384,3.7191291257805528,2.8462962962962965,4.621649610136438,3.5376737069840316,3.0094266610701585,2.525289476024859,0.9540665500578387,-0.2995947563972602,-0.9749279121818236,-0.2225209339563146,test
2025-04-20,2.5689893283113623,16.71257867479433,8.423403996101365,2.809502923976608,1.2136574074074076,4.365740740740741,9.31516186495742,5.703248631819662,4.076063767108469,5.95470135271233,0.9487718864399473,-0.31596187665790293,-0.7818314824680299,0.6234898018587334,test
2025-04-21,1.469587597465887,2.5689893283113623,16.71257867479433,8.423403996101365,2.428306878306874,4.649990088214888,9.234990666402338,5.9291372853036535,3.937852119998517,5.7732718438792086,0.9431964659565866,-0.33223549871590435,0.0,1.0,test
2025-04-23,2.472034286173263,1.1444037131454141,1.469587597465887,2.5689893283113623,2.632041910331384,0.8567404268675456,1.7276602129742067,5.1086440205894785,3.551699550935669,5.663719622457073,0.9312100364121947,-0.3644830148102912,0.9749279121818236,-0.22252093395631434,test
2025-04-24,5.594610485140609,2.472034286173263,1.1444037131454141,1.469587597465887,2.809502923976608,1.231454017576899,1.6953418655948405,5.085785788566889,3.675952924728416,5.675691076255485,0.9248025743285089,-0.38044736628785164,0.43388373911755823,-0.900968867902419,test
2025-04-25,2.1057889771795475,5.594610485140609,2.472034286173263,1.1444037131454141,8.423403996101365,0.962298162098068,3.070349494819748,5.483658297304603,4.01158034531024,5.586443954166612,0.9181214482844364,-0.39629913726891813,-0.433883739117558,-0.9009688679024191,test
2025-04-26,2.862055601084366,2.1057889771795475,5.594610485140609,2.472034286173263,16.71257867479433,3.7191291257805528,3.3908112494977924,4.581141866030058,4.099541177239585,5.542506673089841,0.9111686353326631,-0.41203363695942635,-0.9749279121818236,-0.2225209339563146,test
2025-04-27,1.3513780952345043,2.862055601084366,2.1057889771795475,5.594610485140609,2.5689893283113623,1.2136574074074076,3.52081835446816,2.602495712642921,4.033612444570648,1.4545615414138204,0.9039461929224011,-0.42764620926777464,-0.7818314824680299,0.6234898018587334,test
2025-04-28,1.067835253710824,1.3513780952345043,2.862055601084366,2.1057889771795475,1.469587597465887,2.428306878306874,2.106407557832792,2.4285512507747984,4.04420634363427,1.530080147718713,0.8964562582905575,-0.44313223418263453,0.0,1.0,test
2025-04-29,1.5146974071930535,1.067835253710824,1.3513780952345043,2.862055601084366,1.1444037131454141,,1.7604229833432175,2.3711580588097894,3.9395546802038046,1.5788049508815318,0.8887010478292915,-0.45848712914008766,0.7818314824680298,0.6234898018587336,test
2025-04-30,5.585517276078431,1.5146974071930535,1.067835253710824,1.3513780952345043,2.472034286173263,2.632041910331384,1.3113035853794464,2.424057157959452,3.7663505892744653,1.5364873824134075,0.8806828564301475,-0.47370635037968,0.9749279121818236,-0.22252093395631434,test
2025-05-01,1.5829915869341091,5.585517276078431,1.5146974071930535,1.067835253710824,5.594610485140609,2.809502923976608,2.722683312327422,2.8688404422316185,3.9773131153992547,1.9481813716790368,0.8724040568049612,-0.48878539428899265,0.43388373911755823,-0.900968867902419,test
2025-05-02,2.0447983875933953,1.5829915869341091,5.585517276078431,1.5146974071930535,2.1057889771795475,8.423403996101365,2.8944020900685175,2.2957520282021187,3.8897051627533616,1.5650898047465316,0.8638670987837349,-0.503719798736334,-0.433883739117558,-0.9009688679024191,test
2025-05-03,1.7779368469497203,2.0447983875933953,1.5829915869341091,5.585517276078431,2.862055601084366,16.71257867479433,3.0711024168686305,2.287039086832668,3.434090476431364,1.5664927355443345,0.8550745085896932,-0.518505144391157,-0.9749279121818236,-0.2225209339563146,test
2025-05-04,1.0104336019511928,1.7779368469497203,2.0447983875933953,1.5829915869341091,1.3513780952345043,2.5689893283113623,1.801908940492394,2.1321649790991475,2.367330345871035,1.5537071859130411,0.8460288880917339,-0.533137056031809,-0.7818314824680299,0.6234898018587334,test
2025-05-05,0.5900781489800796,1.0104336019511928,1.7779368469497203,2.0447983875933953,1.067835253710824,1.469587597465887,1.6110562788314218,2.0834586229158174,2.2560049368453083,1.5872451542363955,0.8367329140344921,-0.5476112038402312,0.0,1.0,test
2025-05-06,0.5954365936235043,0.5900781489800796,1.0104336019511928,1.7779368469497203,1.5146974071930535,1.1444037131454141,1.1261495326269835,2.015207607954282,2.1931828333820365,1.6473296615247652,0.8271893372462497,-0.5619233046832195,0.7818314824680298,0.6234898018587336,test
2025-05-07,0.7406579360950228,0.5954365936235043,0.5900781489800796,1.0104336019511928,5.585517276078431,2.472034286173263,0.7319827815182447,1.883884634587204,2.153970896273328,1.7285200457407586,0.8174009818249189,-0.5760691233798758,0.9749279121818236,-0.22252093395631434,test
2025-05-08,0.6964147220365344,0.7406579360950228,0.5954365936235043,0.5900781489800796,1.5829915869341091,5.594610485140609,0.642057559566188,1.1917618717324316,2.0303011569820257,0.6025411370086142,0.8073707443023492,-0.5900444739548627,0.43388373911755823,-0.900968867902419,test
2025-05-09,1.089351851851852,0.6964147220365344,0.7406579360950228,0.5954365936235043,2.0447983875933953,2.1057889771795475,0.6775030839183397,1.0651080338899208,1.6804300310460203,0.5997714393693672,0.7971015927871943,-0.6038452208771035,-0.433883739117558,-0.9009688679024191,test
2025-05-10,0.8240744513255107,1.089351851851852,0.6964147220365344,0.7406579360950228,1.7779368469497203,2.862055601084366,0.8421415033277889,0.9286156716411289,1.6078273792368993,0.4220462249175968,0.7865965660866021,-0.6174672802835514,-0.9749279121818236,-0.2225209339563146,test
2025-05-11,0.6962962962962963,0.8240744513255107,1.089351851851852,0.6964147220365344,1.0104336019511928,1.3513780952345043,0.8699470084046181,0.7923496151233848,1.4622572971112666,0.19508179336217293,0.7758587728069828,-0.6309066211876704,-0.7818314824680299,0.6234898018587334,test
2025-05-12,0.8789511494252874,0.6962962962962963,0.8240744513255107,1.089351851851852,0.5900781489800796,1.067835253710824,0.8699075331578721,0.7474728571726852,1.415465740044252,0.17122577080482518,0.7648913904341225,-0.6441592666722685,0.0,1.0,test
2025-05-13,1.1667346245327896,0.8789511494252874,0.6962962962962963,0.8240744513255107,0.5954365936235043,1.5146974071930535,0.7997739656823506,0.7887404286648577,1.4019740183095706,0.16150435881364045,0.753697664392914,-0.6572212950663319,0.7818314824680298,0.6234898018587336,test
2025-05-14,1.3932831136220967,1.1667346245327896,0.8789511494252874,0.6962962962962963,0.7406579360950228,5.585517276078431,0.9139940234181102,0.8703544330804699,1.3771195338338376,0.18946823258166273,0.742280907086982,-0.6700888411055113,0.9749279121818236,-0.22252093395631434,test
2025-05-15,0.33210282651072126,1.3932831136220967,1.1667346245327896,0.8789511494252874,0.6964147220365344,1.5829915869341091,1.1463229625267104,0.9635866012986234,1.0776742365155279,0.26178134330448777,0.7306444969184916,-0.6827580970759147,0.43388373911755823,-0.900968867902419,test
2025-05-16,0.5541666666666666,0.33210282651072126,1.3932831136220967,1.1667346245327896,1.089351851851852,2.0447983875933953,0.9640401882218549,0.9115420447949357,0.9883250393424288,0.346315685450452,0.7187918772884232,-0.6952253139408722,-0.433883739117558,-0.9009688679024191,test
2025-05-17,0.8564814814814815,0.5541666666666666,0.33210282651072126,1.3932831136220967,0.8240744513255107,1.7779368469497203,0.7598508689331472,0.8350870183399094,0.8818513449905196,0.35934907816057665,0.7067265555776158,-0.7074868024503348,-0.9749279121818236,-0.2225209339563146,test
2025-05-18,0.887962962962963,0.8564814814814815,0.5541666666666666,0.33210282651072126,0.6962962962962963,1.0104336019511928,0.5809169915529422,0.8397165940764765,0.8160331045999312,0.3593923054893038,0.6944521021088763,-0.719538934232584,-0.7818314824680299,0.6234898018587334,test
2025-05-19,1.9071759259259258,0.887962962962963,0.8564814814814815,0.5541666666666666,0.8789511494252874,0.5900781489800796,0.7662037037036894,0.867097546457429,0.8072852018150576,0.35390377456116984,0.6819721490904629,-0.7313781428679254,0.0,1.0,test
2025-05-20,0.5675925925925925,1.9071759259259258,0.887962962962963,0.8564814814814815,1.1667346245327896,0.5954365936235043,1.2172067901234425,1.0139868002432344,0.9013636144540466,0.5294768876419583,0.6692903895412567,-0.7430009249440493,0.7818314824680298,0.6234898018587336,test
2025-05-21,0.34701820464532324,0.5675925925925925,1.9071759259259258,0.887962962962963,1.3932831136220967,0.7406579360950228,1.1209104938271464,0.9283950813946349,0.8993747572375529,0.5487453783757914,0.6564105761979381,-0.7544038410927472,0.9749279121818236,-0.22252093395631434,test
2025-05-22,0.07754629629629627,0.34701820464532324,0.5675925925925925,1.9071759259259258,0.33210282651072126,0.6964147220365344,0.940595574387933,0.7789286658265243,0.8712576335625742,0.5434803992730192,0.6433365204044917,-0.765583517007675,0.43388373911755823,-0.900968867902419,test
2025-05-23,0.10046296296296293,0.07754629629629627,0.34701820464532324,0.5675925925925925,0.5541666666666666,1.089351851851852,0.33071903117805646,0.7425634472244635,0.8270527460097001,0.5852709572075,0.6300720909843687,-0.7765366444428655,-0.433883739117558,-0.9009688679024191,test
2025-05-24,0.4849705004987004,0.10046296296296293,0.07754629629629627,0.34701820464532324,0.8564814814814815,0.8240744513255107,0.1750091546348466,0.6777486324096488,0.7564178253747794,0.6328040143587723,0.6166212130956382,-0.7872599821916922,-0.9749279121818236,-0.2225209339563146,test
2025-05-25,0.33467354624303464,0.4849705004987004,0.10046296296296293,0.07754629629629627,0.887962962962963,0.6962962962962963,0.220993253252639,0.6246756351263943,0.732196114601436,0.6308917364932499,0.6029878670694714,-0.7977503570459932,-0.7818314824680299,0.6234898018587334,test
2025-05-26,0.5963504616604528,0.33467354624303464,0.4849705004987004,0.10046296296296293,1.9071759259259258,0.8789511494252874,0.30670233656821844,0.5456342898806903,0.7063659181690601,0.6270558924851983,0.5891760872322963,-0.8080046647350754,0.0,1.0,test
2025-05-27,0.1367086653365068,0.5963504616604528,0.33467354624303464,0.4849705004987004,0.5675925925925925,1.1667346245327896,0.47199816946738177,0.358373509271337,0.6861801547572862,0.20916694190556348,0.5751899607119775,-0.8180198708443174,0.7818314824680298,0.6234898018587336,test
2025-05-28,8.294733992521818,0.1367086653365068,0.5963504616604528,0.33467354624303464,0.34701820464532324,1.3932831136220967,0.3559108910799838,0.29681866252046757,0.6126068719575518,0.20055944323232508,0.5610336262283677,-0.8277930117131022,0.9749279121818236,-0.22252093395631434,test
2025-05-29,0.897357287508861,8.294733992521818,0.1367086653365068,0.5963504616604528,0.07754629629629627,0.33210282651072126,3.0092643731729116,1.4322066322171096,1.1055676490218176,3.0326482728614144,0.5467112728685939,-0.8373211953118121,0.43388373911755823,-0.900968867902419,test
2025-05-30,0.48509799067038983,0.897357287508861,8.294733992521818,0.1367086653365068,0.10046296296296293,0.5541666666666666,3.1095999817890476,1.5493224881046193,1.1459429676645418,2.9871022639355074,0.5322271388474397,-0.8466016020976267,-0.433883739117558,-0.9009688679024191,test
2025-05-31,2.128519109929835,0.48509799067038983,0.897357287508861,8.294733992521818,0.4849705004987004,0.8564814814814815,3.2257297569003422,1.6042703492056802,1.141009490807665,2.9594178649558813,0.5175855102531889,-0.8556314858488706,-0.9749279121818236,-0.2225209339563146,test
2025-06-01,2.2997066419759227,2.128519109929835,0.48509799067038983,0.897357287508861,0.33467354624303464,0.887962962962963,1.1703247960363476,1.839063007695842,1.231869321411119,2.920760062636646,0.5027907197793043,-0.8644081744776648,-0.7818314824680299,0.6234898018587334,test
2025-06-02,0.4423857530610951,2.2997066419759227,2.128519109929835,0.48509799067038983,0.5963504616604528,1.9071759259259258,1.6377745808587016,2.119782021371969,1.33270815562633,2.84553506434662,0.4878471454423119,-0.8729290708206411,0.0,1.0,test
2025-06-03,0.3733426860147324,0.4423857530610951,2.2997066419759227,2.128519109929835,0.1367086653365068,0.5675925925925925,1.62353716832227,2.097787063000632,1.228080286135985,2.8598323637064995,0.47275920928627757,-0.881191653407483,0.7818314824680298,0.6234898018587336,test
2025-06-04,0.5972070639817554,0.3733426860147324,0.4423857530610951,2.2997066419759227,8.294733992521818,0.34701820464532324,1.0384783603505692,2.1315919230975213,1.2142052928089953,2.834070319010828,0.4575313760742512,-0.8891934772070711,0.9749279121818236,-0.22252093395631434,test
2025-06-05,1.404752236346516,0.5972070639817554,0.3733426860147324,0.4423857530610951,0.897357287508861,0.07754629629629627,0.4709785010191801,1.0319452190203697,1.2320759256187406,0.8263558605962675,0.44216815196707204,-0.8969321743510065,0.43388373911755823,-0.900968867902419,test
2025-06-06,0.6087335216572504,1.404752236346516,0.5972070639817554,0.3733426860147324,0.48509799067038983,0.10046296296296293,0.7917673287809871,1.1044302117114633,1.3268763499080418,0.8347930573653028,0.42667408318992467,-0.9044054548343001,-0.433883739117558,-0.9009688679024191,test
2025-06-07,3.9057863605861853,0.6087335216572504,1.404752236346516,0.5972070639817554,2.128519109929835,0.4849705004987004,0.8702309406618264,1.122092430423872,1.3631813898147764,0.8206944033839043,0.4110537546870351,-0.9116111071930239,-0.9749279121818236,-0.2225209339563146,test
2025-06-08,1.3853813559322035,3.9057863605861853,0.6087335216572504,1.404752236346516,2.2997066419759227,0.33467354624303464,1.9730907061966363,1.3759877519462076,1.6075253798210256,1.3118722764328443,0.3953117887649151,-0.9185469991587165,-0.7818314824680299,0.6234898018587334,test
2025-06-09,0.5419413057124921,1.3853813559322035,3.9057863605861853,0.6087335216572504,0.4423857530610951,0.5963504616604528,1.9666337460585321,1.2453698539399622,1.6825759376559664,1.2485630155689442,0.37945284372454435,-0.925211078289358,0.0,1.0,test
2025-06-10,0.9608303555254727,0.5419413057124921,1.3853813559322035,3.9057863605861853,0.3733426860147324,0.1367086653365068,1.944369674076946,1.2595920757473045,1.678689569373969,1.23841767174386,0.36348161248290634,-0.9316013725767187,0.7818314824680298,0.6234898018587336,test
2025-06-11,0.9659988743857827,0.9608303555254727,0.5419413057124921,1.3853813559322035,0.5972070639817554,8.294733992521818,0.9627176723900419,1.3435188856774103,1.7375554043874666,1.187194493811505,0.3474028211842774,-0.9377159910299093,0.9749279121818236,-0.22252093395631434,test
2025-06-12,1.1759725333896138,0.9659988743857827,0.9608303555254727,0.5419413057124921,1.404752236346516,0.897357287508861,0.8229235118745682,1.3962034300208426,1.2140743245206067,1.1563372483876513,0.3312212278016865,-0.9435531242349544,0.43388373911755823,-0.900968867902419,test
2025-06-13,1.7300146007504722,1.1759725333896138,0.9659988743857827,0.9608303555254727,0.6087335216572504,0.48509799067038983,1.034267254433609,1.3635206153127137,1.233975413512089,1.159284721509563,0.31494162072895193,-0.9491110448902284,-0.433883739117558,-0.9009688679024191,test
2025-06-14,2.734025071974371,1.7300146007504722,1.1759725333896138,0.9659988743857827,3.9057863605861853,2.128519109929835,1.290662002841942,1.5237036266117454,1.3228980285178091,1.1142000492135178,0.2985688173637202,-0.9543881083175908,-0.9749279121818236,-0.2225209339563146,test
2025-06-15,3.0320127959911694,2.734025071974371,1.7300146007504722,1.1759725333896138,1.3853813559322035,2.2997066419759227,1.880004068704805,1.3563091568100576,1.366148454378133,0.7121638374195289,0.2821076626819194,-0.9593827529490743,-0.7818314824680299,0.6234898018587334,test
2025-06-16,1.9073960759101205,3.0320127959911694,2.734025071974371,1.7300146007504722,0.5419413057124921,0.4423857530610951,2.4986841562386566,1.5915422196756241,1.4184560368077936,0.9541889509347592,0.26556302780405594,-0.9640935007889755,0.0,1.0,test
2025-06-17,0.596088580783006,1.9073960759101205,3.0320127959911694,2.734025071974371,0.9608303555254727,0.3733426860147324,2.557811314625206,1.7866071868467142,1.5230996312970098,0.8361228492771062,0.24893980855376657,-0.9685189578512204,0.7818314824680298,0.6234898018587336,test
2025-06-18,0.7804378455994634,0.596088580783006,1.9073960759101205,3.0320127959911694,0.9659988743857827,0.5972070639817554,1.8451658175614176,1.7345012190263616,1.5390100523518864,0.9047127046341892,0.23224292400907015,-0.9726578145718654,0.9749279121818236,-0.22252093395631434,test
2025-06-19,1.6992302390664966,0.7804378455994634,0.596088580783006,1.9073960759101205,1.1759725333896138,1.404752236346516,1.0946408340975158,1.707992500628316,1.5520979653245797,0.9332517121421884,0.21547731504673012,-0.976508846196619,0.43388373911755823,-0.900968867902419,test
2025-06-20,1.9679386267163361,1.6992302390664966,0.7804378455994634,0.596088580783006,1.7300146007504722,0.6087335216572504,1.0252522218163078,1.7827436014392994,1.5731321083760073,0.9040344749582087,0.19864794288017112,-0.9800709131432666,-0.433883739117558,-0.9009688679024191,test
2025-06-21,0.8592409221856413,1.9679386267163361,1.6992302390664966,0.7804378455994634,2.734025071974371,3.9057863605861853,1.482535570460751,1.8167327480058513,1.6702181873087991,0.9061916654109148,0.18175978759137534,-0.9833429613388902,-0.9749279121818236,-0.2225209339563146,test
2025-06-22,0.28217592592592594,0.8592409221856413,1.9679386267163361,1.6992302390664966,3.0320127959911694,1.3853813559322035,1.5088032626561436,1.5489064408931756,1.452607798851617,0.8660589741458062,0.16481784665719793,-0.9863240225317866,-0.7818314824680299,0.6234898018587334,test
2025-06-23,0.6538722040506162,0.28217592592592594,0.8592409221856413,1.9679386267163361,1.9073960759101205,0.5419413057124921,1.0364518249426202,1.1560726023124268,1.373807410994026,0.6861877347671789,0.14782713347053048,-0.9890132145779883,0.0,1.0,test
2025-06-24,0.5710955256834859,0.6538722040506162,0.28217592592592594,0.8592409221856413,0.596088580783006,0.9608303555254727,0.598429684054047,0.9769977634753546,1.3818024751610347,0.6175712289246799,0.13079267585675922,-0.9914097417023038,0.7818314824680298,0.6234898018587336,test
2025-06-25,0.6856587215953084,0.5710955256834859,0.6538722040506162,0.28217592592592594,0.7804378455994634,0.9659988743857827,0.5023812185533285,0.9734273270325661,1.353964273029464,0.6202070785691375,0.11371951458594969,-0.9935128947338007,0.9749279121818236,-0.22252093395631434,test
2025-06-26,0.6322328902081816,0.6856587215953084,0.5710955256834859,0.6538722040506162,1.6992302390664966,1.1759725333896138,0.636875483776456,0.9598874521748295,1.3339399764015734,0.6261287746538154,0.0966127018812031,-0.9953220513156602,0.43388373911755823,-0.900968867902419,test
2025-06-27,0.7516530741673203,0.6322328902081816,0.6856587215953084,0.5710955256834859,1.9679386267163361,1.7300146007504722,0.6296623791623112,0.8074592594807847,1.2951014304600423,0.5401099784071677,0.07947729992362097,-0.9968366760893436,-0.433883739117558,-0.9009688679024191,test
2025-06-28,0.8095163801450905,0.7516530741673203,0.6322328902081816,0.6856587215953084,0.8592409221856413,2.734025071974371,0.6898482286569226,0.6337041805452108,1.2252184642755317,0.18045262951737887,0.062318379354325076,-0.998056320853012,-0.9749279121818236,-0.2225209339563146,test
2025-06-29,0.2682245329783319,0.8095163801450905,0.7516530741673203,0.6322328902081816,0.28217592592592594,3.0320127959911694,0.7311341148401832,0.6266006745394179,1.0877535577162973,0.17081607950939715,0.04514101777397193,-0.9989806246941579,-0.7818314824680299,0.6234898018587334,test
2025-06-30,1.225290922016124,0.2682245329783319,0.8095163801450905,0.7516530741673203,0.6538722040506162,1.9073960759101205,0.6097979957635667,0.6246076184040473,0.8903401103582375,0.17552114952677236,0.02795029824021032,-0.999609314096404,0.0,1.0,test
2025-07-01,0.5165628991060025,1.225290922016124,0.2682245329783319,0.8095163801450905,0.5710955256834859,0.596088580783006,0.7676772783798347,0.7062388638276913,0.8416183136515235,0.28814476605997313,0.01075130776352193,-0.9999422030204416,0.7818314824680298,0.6234898018587336,test
2025-07-02,0.5868055555555556,0.5165628991060025,1.225290922016124,0.2682245329783319,0.6856587215953084,0.7804378455994634,0.670026118033472,0.6984484886023365,0.8359379078174517,0.29310204632852754,-0.00645086419810515,-0.9999791929590823,0.9749279121818236,-0.22252093395631434,test
2025-07-03,0.4988425925925926,0.5868055555555556,0.5165628991060025,1.225290922016124,0.6322328902081816,1.6992302390664966,0.7762197922258799,0.6843266077395146,0.8221070299571726,0.2961861551730855,-0.023651127245231586,-0.9997202729664083,0.43388373911755823,-0.900968867902419,test
2025-07-04,0.12245370370370366,0.4988425925925926,0.5868055555555556,0.5165628991060025,0.7516530741673203,1.9679386267163361,0.5340703490847027,0.6652708509372877,0.7363650552090366,0.30427677710020895,-0.04084439154329611,-0.9991655196610109,-0.433883739117558,-0.9009688679024191,test
2025-07-05,0.2585648148148148,0.12245370370370366,0.4988425925925926,0.5868055555555556,0.8095163801450905,0.8592409221856413,0.40270061728393647,0.5753852265853425,0.6045447035652771,0.3619711616228601,-0.05802556932878035,-0.9983150972033183,-0.9749279121818236,-0.2225209339563146,test
2025-07-06,0.9099537037037037,0.2585648148148148,0.12245370370370366,0.4988425925925926,0.2682245329783319,0.28217592592592594,0.2932870370370229,0.4966778601095888,0.5616392673245038,0.36247587518895846,-0.07518957641475855,-0.9971692572470178,-0.7818314824680299,0.6234898018587334,test
2025-07-07,0.7999999999999999,0.9099537037037037,0.2585648148148148,0.12245370370370366,1.225290922016124,0.6538722040506162,0.4303240740740599,0.5883534559274991,0.6064805371657737,0.3759671210591665,-0.09233133369539122,-0.9957283388645872,0.0,1.0,test
2025-07-08,0.4810185185185185,0.7999999999999999,0.9099537037037037,0.2585648148148148,0.5165628991060025,0.5710955256834859,0.6561728395061587,0.5275976099251956,0.616918236876444,0.27730058025283577,-0.10944576864891556,-0.993992768446958,0.7818314824680298,0.6234898018587336,test
2025-07-09,0.5493055555555556,0.4810185185185185,0.7999999999999999,0.9099537037037037,0.5868055555555556,0.6856587215953084,0.7303240740740599,0.5225198412698407,0.6104841649360891,0.27786118585339936,-0.12652781683868314,-0.9919630595773397,0.9749279121818236,-0.22252093395631434,test
2025-07-10,0.5481481481481482,0.5493055555555556,0.4810185185185185,0.7999999999999999,0.4988425925925926,0.6322328902081816,0.6101080246913438,0.5171626984126979,0.6007446530761068,0.2767745653639958,-0.1435724234118113,-0.9896398128792412,0.43388373911755823,-0.900968867902419,test
2025-07-11,1.1656818895166352,0.5481481481481482,0.5493055555555556,0.4810185185185185,0.12245370370370366,0.7516530741673203,0.5261574074073933,0.5242063492063487,0.5947386000718187,0.27685800840174984,-0.16057454459499376,-0.9870237158387383,-0.433883739117558,-0.9009688679024191,test
2025-07-12,1.33125,1.1656818895166352,0.5481481481481482,0.5493055555555556,0.2585648148148148,0.8095163801450905,0.7543785310734322,0.6732389471796247,0.6243120868824841,0.3040046092672621,-0.17752914918703497,-0.984115542601034,-0.9749279121818236,-0.2225209339563146,test
2025-07-13,0.8363425925925926,1.33125,1.1656818895166352,0.5481481481481482,0.9099537037037037,0.2682245329783319,1.0150266792215803,0.8264796879203654,0.6615787740149777,0.3294332638426966,-0.19443122004766195,-0.9809161537413774,-0.7818314824680299,0.6234898018587334,test
2025-07-14,0.9268518518518518,0.8363425925925926,1.33125,1.1656818895166352,0.7999999999999999,1.225290922016124,1.1110914940363952,0.8159638149044923,0.7021586354159962,0.32749374865201264,-0.2112757555821793,-0.9774264960104055,0.0,1.0,test
2025-07-15,0.5171455938697318,0.9268518518518518,0.8363425925925926,1.33125,0.4810185185185185,0.5165628991060025,1.0314814814814672,0.8340855080261855,0.680841558975691,0.3299635018850421,-0.2280577712215198,-0.9736476020539838,0.7818314824680298,0.6234898018587336,test
2025-07-16,1.5888888888888892,0.5171455938697318,0.9268518518518518,0.8363425925925926,0.5493055555555556,0.5868055555555556,0.7601133461047112,0.8392465187906445,0.6808831800302431,0.3237446610468807,-0.24477230089725957,-0.9695805901076308,0.9749279121818236,-0.22252093395631434,test
2025-07-17,1.627777777777778,1.5888888888888892,0.5171455938697318,0.9268518518518518,0.5481481481481482,0.4988425925925926,1.0109621115368101,0.9877584235525493,0.7524605609826241,0.398407465883633,-0.2614143985111562,-0.965226663665613,0.43388373911755823,-0.900968867902419,test
2025-07-18,1.7358796296296297,1.627777777777778,1.5888888888888892,0.5171455938697318,1.1656818895166352,0.12245370370370366,1.2446040868454522,1.1419912277853537,0.8330987884958516,0.4087020772033593,-0.2779791393987801,-0.9605871111248129,-0.433883739117558,-0.9009688679024191,test
2025-07-19,0.6805555555555555,1.7358796296296297,1.627777777777778,1.5888888888888892,1.33125,0.2585648148148148,1.650848765432085,1.2234480478014955,0.9483434974905606,0.4668904259680793,-0.2944616217868012,-0.9556633054034704,-0.9749279121818236,-0.2225209339563146,test
2025-07-20,0.5988825031928481,0.6805555555555555,1.7358796296296297,1.627777777777778,0.8363425925925926,0.9099537037037037,1.3480709876543069,1.1304916985951465,0.9784856932577564,0.5050651503187027,-0.3108569682435036,-0.9504567035349151,-0.7818314824680299,0.6234898018587334,test
2025-07-21,3.208133239171375,0.5988825031928481,0.6805555555555555,1.7358796296296297,0.9268518518518518,0.7999999999999999,1.0051058961259969,1.0965688286808972,0.9562663217926952,0.535190643408242,-0.3271603271220951,-0.9449688462364056,0.0,1.0,test
2025-07-22,4.041977969348659,3.208133239171375,0.5988825031928481,0.6805555555555555,0.5171455938697318,0.4810185185185185,1.4958570993065787,1.4224661697265435,1.1282758388763647,0.9491233690334115,-0.34336687399638804,-0.939201357453208,0.7818314824680298,0.6234898018587336,test
2025-07-23,2.556014595103578,4.041977969348659,3.208133239171375,0.5988825031928481,1.5888888888888892,0.5493055555555556,2.6163312372376133,1.9260136519378186,1.3826300853642322,1.2696671002847266,-0.3594718130884232,-0.9331559438780432,0.9749279121818236,-0.22252093395631434,test
2025-07-24,0.9235326428123037,2.556014595103578,4.041977969348659,3.208133239171375,1.627777777777778,0.5481481481481482,3.2687086012078566,2.064174467111346,1.525966445331948,1.2794501735677715,-0.3754703786876202,-0.9268343944460494,0.43388373911755823,-0.900968867902419,test
2025-07-25,1.8135750156936599,0.9235326428123037,2.556014595103578,4.041977969348659,1.7358796296296297,1.1656818895166352,2.507175069088166,1.9635680192591352,1.5527796235222449,1.3454693468135002,-0.3913578365610259,-0.9202385798054075,-0.433883739117558,-0.9009688679024191,test
2025-07-26,1.5968410632549794,1.8135750156936599,0.9235326428123037,2.556014595103578,0.6805555555555555,1.33125,1.7643740845364997,1.974667360125425,1.5990577039634606,1.343597168677014,-0.4071294853542516,-0.9133704517637858,-0.9749279121818236,-0.2225209339563146,test
2025-07-27,0.8789783427495292,1.5968410632549794,1.8135750156936599,0.9235326428123037,0.5988825031928481,0.8363425925925926,1.4446495739203,2.1055652897967714,1.6180284941959595,1.2369052498066402,-0.4227806579826773,-0.9062320427107697,-0.7818314824680299,0.6234898018587334,test
2025-07-28,1.1698093220338983,0.8789783427495292,1.5968410632549794,1.8135750156936599,3.208133239171375,0.9268518518518518,1.429798140566042,2.1455789811620116,1.6210739049214549,1.1834147225111435,-0.4383067230125192,-0.898825465016444,0.0,1.0,test
2025-07-29,1.2347596554598501,1.1698093220338983,0.8789783427495292,1.5968410632549794,4.041977969348659,0.5171455938697318,1.2152095760127881,1.8543898501423721,1.6384280099344584,1.1278585563676367,-0.45370308603134424,-0.8911529104063088,0.7818314824680298,0.6234898018587336,test
2025-07-30,1.1914817516182479,1.2347596554598501,1.1698093220338983,0.8789783427495292,2.556014595103578,1.5888888888888892,1.0945157734144118,1.453358662443971,1.689686157190895,0.5923128738755706,-0.46896519100763184,-0.8832166493127127,0.9749279121818236,-0.22252093395631434,test
2025-07-31,1.388833961079724,1.1914817516182479,1.2347596554598501,1.1698093220338983,0.9235326428123037,1.627777777777778,1.1986835763706514,1.2584253990889234,1.661299933100135,0.3395447476182621,-0.48408852163897587,-0.8750190302029955,0.43388373911755823,-0.900968867902419,test
2025-08-01,0.8634463547416499,1.388833961079724,1.1914817516182479,1.2347596554598501,1.8135750156936599,1.7358796296296297,1.2716917893859265,1.3248970159842695,1.6442325176217027,0.30704715101432367,-0.4990686026885319,-0.8665624788845385,-0.433883739117558,-0.9009688679024191,test
2025-08-02,1.2939187068424356,0.8634463547416499,1.388833961079724,1.1914817516182479,1.5968410632549794,0.6805555555555555,1.1479206891465263,1.1891643501339821,1.5819158551297043,0.26167242466666374,-0.5139010013093103,-0.8578494977869301,-0.9749279121818236,-0.2225209339563146,test
2025-08-03,1.773352165725047,1.2939187068424356,0.8634463547416499,1.388833961079724,0.8789783427495292,0.5988825031928481,1.1820663408879224,1.145889727789333,1.6257275087930527,0.20103858221758708,-0.5285813283559292,-0.8488826652214553,-0.7818314824680299,0.6234898018587334,test
2025-08-04,0.7496429692404268,1.773352165725047,1.2939187068424356,0.8634463547416499,1.1698093220338983,3.208133239171375,1.3102390757696967,1.2736574167858357,1.709618198973924,0.27407250145905815,-0.5431052396834317,-0.8396646346181327,0.0,1.0,test
2025-08-05,1.0540371939736348,0.7496429692404268,1.773352165725047,1.2939187068424356,1.2347596554598501,4.041977969348659,1.2723046139359555,1.213633652101054,1.5340117511217135,0.3389398089386792,-0.5574684374327892,-0.8301981337405212,0.7818314824680298,0.6234898018587336,test
2025-08-06,1.1132219083490271,1.0540371939736348,0.7496429692404268,1.773352165725047,1.1914817516182479,2.556014595103578,1.1923441096463554,1.1878161576030233,1.3205874100234973,0.3439089232083939,-0.5716666713027052,-0.8204859638785327,0.9749279121818236,-0.22252093395631434,test
2025-08-07,0.4747558012425049,1.1132219083490271,1.0540371939736348,0.7496429692404268,1.388833961079724,0.9235326428123037,0.9723006905210155,1.1766361799931346,1.2175307895410297,0.34504009596009805,-0.5856957398073508,-0.8105309990194823,0.43388373911755823,-0.900968867902419,test
2025-08-08,0.38872410546139363,0.4747558012425049,1.1132219083490271,1.0540371939736348,0.8634463547416499,1.8135750156936599,0.8806716345217082,1.0460535857306745,1.1854753008574725,0.4168455903624636,-0.5995514915196489,-0.8003361849976323,-0.433883739117558,-0.9009688679024191,test
2025-08-09,0.8539186507936507,0.38872410546139363,0.4747558012425049,1.1132219083490271,1.2939187068424356,1.5968410632549794,0.6589006050176277,0.978236121547781,1.083700235840882,0.4846138777267262,-0.6132298262997502,-0.7899045386224707,-0.9749279121818236,-0.2225209339563146,test
2025-08-10,1.0710726616446955,0.8539186507936507,0.38872410546139363,0.4747558012425049,1.773352165725047,0.8789783427495292,0.5724661858325022,0.9153789706836688,1.0306343492365015,0.4649813350886822,-0.6267266965083301,-0.7792391467859886,-0.7818314824680299,0.6234898018587334,test
2025-08-11,0.5530327997489014,1.0710726616446955,0.8539186507936507,0.38872410546139363,0.7496429692404268,1.1698093220338983,0.7712384726332324,0.8150533272436186,1.0443553720147276,0.29294815546983216,-0.6400381082043503,-0.7683431655492202,0.0,1.0,test
2025-08-12,3.278325066252448,0.5530327997489014,1.0710726616446955,0.8539186507936507,1.0540371939736348,1.2347596554598501,0.8260080373957349,0.7869661601734006,1.0002999061372277,0.3092371662589938,-0.65316012232693,-0.7572198192083127,0.7818314824680298,0.6234898018587336,test
2025-08-13,1.7781616292591564,3.278325066252448,0.5530327997489014,1.0710726616446955,1.1132219083490271,1.1914817516182479,1.634143509215334,1.1047215704989455,1.1462688640509848,1.0002106866590252,-0.666088855860977,-0.7458723993404063,0.9749279121818236,-0.22252093395631434,test
2025-08-14,0.9007258317639674,1.7781616292591564,3.278325066252448,0.5530327997489014,0.4747558012425049,1.388833961079724,1.869839831753488,1.1997129592003923,1.188174569596764,1.032215595676673,-0.6788204829862355,-0.734304263829602,0.43388373911755823,-0.900968867902419,test
2025-08-15,1.0731599183929692,0.9007258317639674,1.7781616292591564,3.278325066252448,0.38872410546139363,0.8634463547416499,1.985737509091843,1.2605658207034587,1.1533097032170672,0.9942101674172837,-0.6913512362094071,-0.722518835873311,-0.433883739117558,-0.9009688679024191,test
2025-08-16,2.11455938697318,1.0731599183929692,0.9007258317639674,1.7781616292591564,0.8539186507936507,1.2939187068424356,1.25068245980535,1.3583423654079694,1.1682892434778758,0.9254561369850297,-0.7036774074790128,-0.7105196029692745,-0.9749279121818236,-0.2225209339563146,test
2025-08-17,1.578001277139208,2.11455938697318,1.0731599183929692,0.9007258317639674,1.0710726616446955,1.773352165725047,1.3628150457100245,1.538433899147902,1.2269064349157859,0.9335599021189049,-0.7157953492826642,-0.6983101158835584,-0.7818314824680299,0.6234898018587334,test
2025-08-18,0.9060185185185184,1.578001277139208,2.11455938697318,1.0731599183929692,0.5530327997489014,0.7496429692404268,1.5885735275017716,1.6108522727899752,1.2129528000167973,0.910643787864698,-0.7277014757264236,-0.6858939875998223,0.0,1.0,test
2025-08-19,1.0416187739463603,0.9060185185185184,1.578001277139208,2.11455938697318,3.278325066252448,1.0540371939736348,1.5328597275436213,1.6612788040427777,1.2241224821080896,0.8500628788993161,-0.7393922635959241,-0.673274892250183,0.7818314824680298,0.6234898018587336,test
2025-08-20,0.735477682533498,1.0416187739463603,0.9060185185185184,1.578001277139208,1.7781616292591564,1.1132219083490271,1.1752128565346813,1.3417493337133366,1.2232354521061415,0.4813328284401747,-0.7508642533989489,-0.6604565640279754,0.9749279121818236,-0.22252093395631434,test
2025-08-21,0.8441730523627076,0.735477682533498,1.0416187739463603,0.9060185185185184,0.9007258317639674,0.4747558012425049,0.8943716583327781,1.1927944841810998,1.1962537216907467,0.485091837238386,-0.7621140503891487,-0.6474427960827475,0.43388373911755823,-0.900968867902419,test
2025-08-22,0.7943805874840358,0.8441730523627076,0.735477682533498,1.0416187739463603,1.0731599183929692,0.38872410546139363,0.8737565029475078,1.1847155156952056,1.2226406681993325,0.49119929088705105,-0.7731383255706026,-0.6342374393978054,-0.433883739117558,-0.9009688679024191,test
2025-08-23,1.2312899106002555,0.7943805874840358,0.8441730523627076,0.735477682533498,2.11455938697318,0.8539186507936507,0.7913437741267328,1.1448898969939292,1.2516161312009497,0.5125873268307943,-0.7839338166829201,-0.620844401650647,-0.9749279121818236,-0.2225209339563146,test
2025-08-24,0.9003743194192378,1.2312899106002555,0.7943805874840358,0.8441730523627076,1.578001277139208,1.0710726616446955,0.956614516815652,1.0187085432263685,1.2785712211871358,0.2978334294113342,-0.7944973291665992,-0.6072676460566135,-0.7818314824680299,0.6234898018587334,test
2025-08-25,1.3148227969348658,0.9003743194192378,1.2312899106002555,0.7943805874840358,0.9060185185185184,0.5530327997489014,0.9753482725011621,0.9219046921235158,1.2663784824567461,0.16724544699703947,-0.8048257371083452,-0.593511190196115,0.0,1.0,test
2025-08-26,1.1060391039860187,1.3148227969348658,0.9003743194192378,1.2312899106002555,1.0416187739463603,3.278325066252448,1.1488290089847721,0.9803053033258511,1.320792053684315,0.22289163439607623,-0.8149159841660791,-0.5795791048257612,0.7818314824680298,0.6234898018587336,test
2025-08-27,0.3847780970625798,1.1060391039860187,1.3148227969348658,0.9003743194192378,0.735477682533498,1.7781616292591564,1.1070787401133602,0.9895082076172308,1.1656287706652841,0.22713464322572668,-0.8247650844733614,-0.5654755126737576,0.9749279121818236,-0.22252093395631434,test
2025-08-28,0.5067369093231162,0.3847780970625798,1.1060391039860187,1.3148227969348658,0.8441730523627076,0.9007258317639674,0.9352133326611406,0.9394082668356711,1.066101375508386,0.31441422979687816,-0.8343701235229538,-0.5512045872199277,0.43388373911755823,-0.900968867902419,test
2025-08-29,0.327402347555036,0.5067369093231162,0.3847780970625798,1.1060391039860187,0.7943805874840358,1.0731599183929692,0.6658513701238907,0.891203103544301,1.0379593096197537,0.3547314572445376,-0.8437282590292712,-0.5367705514607103,-0.433883739117558,-0.9009688679024191,test
2025-08-30,1.8451498713140178,0.327402347555036,0.5067369093231162,0.3847780970625798,1.2312899106002555,2.11455938697318,0.4063057846468965,0.8244919264115866,0.9846909117027585,0.41479924166392484,-0.8528367217694595,-0.522177676659508,-0.9749279121818236,-0.2225209339563146,test
2025-08-31,0.31593528800571463,1.8451498713140178,0.327402347555036,0.5067369093231162,0.9003743194192378,1.578001277139208,0.8930963760640425,0.9121862065135525,0.9654473748699611,0.5559940794834769,-0.8616928164028522,-0.5074302810827518,-0.7818314824680299,0.6234898018587334,test
2025-09-01,0.9449926900584796,0.31593528800571463,1.8451498713140178,0.327402347555036,1.3148227969348658,0.9060185185185184,0.8294958356249086,0.8286949163116207,0.8752998042175688,0.6001883824949888,-0.8702939222685674,-0.49253272872205434,0.0,1.0,test
2025-09-02,1.3507972578533651,0.9449926900584796,0.31593528800571463,1.8451498713140178,1.1060391039860187,1.0416187739463603,1.0353592831260565,0.7758620439007086,0.8780836736132802,0.565541368351397,-0.8786374941610001,-0.4774894280028391,0.7818314824680298,0.6234898018587336,test
2025-09-03,5.0499136848713055,1.3507972578533651,0.9449926900584796,0.31593528800571463,0.3847780970625798,0.735477682533498,0.8705750786391722,0.8108274944531866,0.9001678510352092,0.5960981135700265,-0.886721063082993,-0.46230483047981086,0.9749279121818236,-0.22252093395631434,test
2025-09-04,1.7271484549627258,5.0499136848713055,1.3507972578533651,0.9449926900584796,0.5067369093231162,0.8441730523627076,2.4485678775943693,1.4772754355687188,1.2083418512021955,1.6738807902230874,-0.8945422369764496,-0.4469834295196741,0.43388373911755823,-0.900968867902419,test
2025-09-05,0.3053222013732949,1.7271484549627258,5.0499136848713055,1.3507972578533651,0.327402347555036,0.7943805874840358,2.7092864658957843,1.651619942088663,1.2714115228164826,1.6185889351265972,-0.9020987014301837,-0.43152975897147144,-0.433883739117558,-0.9009688679024191,test
2025-09-06,1.9885973314512337,0.3053222013732949,1.7271484549627258,5.0499136848713055,1.8451498713140178,1.2312899106002555,2.360794780402428,1.6484656354912715,1.2364787809514295,1.621618356607457,-0.9093882203647925,-0.4159483918249421,-0.9749279121818236,-0.2225209339563146,test
2025-09-07,1.6272222763382904,1.9885973314512337,0.3053222013732949,1.7271484549627258,0.31593528800571463,0.9003743194192378,1.3403559959290703,1.6689581297965879,1.290572168155071,1.625420040719376,-0.9164086366943458,-0.4002439388573056,-0.7818314824680299,0.6234898018587334,test
2025-09-08,1.6816280319567871,1.6272222763382904,1.9885973314512337,0.3053222013732949,0.9449926900584796,1.3148227969348658,1.3070472697209252,1.8562848424155274,1.3424898793635747,1.5153313082658837,-0.9231578729647039,-0.38442104726885545,0.0,1.0,test
2025-09-09,0.9959958740660815,1.6816280319567871,1.6272222763382904,1.9885973314512337,1.3507972578533651,1.1060391039860187,1.7658158799154229,1.9615184626867141,1.368690253293712,1.4662825247037248,-0.9296339319682695,-0.3684843993077793,0.7818314824680298,0.6234898018587336,test
2025-09-10,0.2644291753876791,0.9959958740660815,1.6816280319567871,1.6272222763382904,5.0499136848713055,0.3847780970625798,1.4349487274537054,1.910832550717102,1.3608300225851448,1.4967284713059699,-0.9358348973349941,-0.35243871088460327,0.9749279121818236,-0.22252093395631434,test
2025-09-11,0.8783016837590186,0.2644291753876791,0.9959958740660815,1.6816280319567871,1.7271484549627258,0.5067369093231162,0.980684360470168,1.2271919065051553,1.3522336710369378,0.710215776539199,-0.9417589340994617,-0.33628873017668287,0.43388373911755823,-0.900968867902419,test
2025-09-12,0.6451919708362155,0.8783016837590186,0.2644291753876791,0.9959958740660815,0.3053222013732949,0.327402347555036,0.712908911070912,1.1059280820474833,1.3787740120680738,0.6825530659221797,-0.9474042892438845,-0.32003923622313857,-0.433883739117558,-0.9009688679024191,test
2025-09-13,0.570632920550602,0.6451919708362155,0.8783016837590186,0.2644291753876791,1.9885973314512337,1.8451498713140178,0.5959742766609566,1.1544809062564718,1.4014732708738722,0.6258432281905627,-0.9527692922168511,-0.30369503751065885,-0.9749279121818236,-0.2225209339563146,test
2025-09-14,0.7698904050456531,0.570632920550602,0.6451919708362155,0.8783016837590186,1.6272222763382904,0.31593528800571463,0.6980421917152642,0.9519145618420959,1.3104363458193424,0.5335377009545509,-0.9578523554276669,-0.28726097055059635,-0.7818314824680299,0.6234898018587334,test
2025-09-15,0.7550494454351848,0.7698904050456531,0.570632920550602,0.6451919708362155,1.6816280319567871,0.9449926900584796,0.661905098810809,0.829438580228862,1.3428617113221952,0.4434832939231793,-0.9626519747161487,-0.2707418984477642,0.0,1.0,test
2025-09-16,0.9021004519217514,0.7550494454351848,0.7698904050456531,0.570632920550602,0.9959958740660815,1.3507972578533651,0.6985242570104654,0.6970702107257758,1.3292943367062455,0.23689722699882484,-0.9671667297977312,-0.2541427094613622,0.7818314824680298,0.6234898018587336,test
2025-09-17,1.11470791476636,0.9021004519217514,0.7550494454351848,0.7698904050456531,0.2644291753876791,5.0499136848713055,0.8090134341341818,0.6836565789908715,1.2972445648539874,0.21914346364333948,-0.97139528468375,-0.23746831555846842,0.9749279121818236,-0.22252093395631434,test
2025-09-18,0.9257711178934404,1.11470791476636,0.9021004519217514,0.7550494454351848,0.8783016837590186,1.7271484549627258,0.9239526040410843,0.8051249703306832,1.0161584384179199,0.18023817271635306,-0.9753363880767837,-0.2207236509605022,0.43388373911755823,-0.900968867902419,test
2025-09-19,1.1853994924833,0.9257711178934404,1.11470791476636,0.9021004519217514,0.6451919708362155,0.3053222013732949,0.980859828193836,0.8119063180641719,0.9589172000558281,0.1842975620288937,-0.9789888737409319,-0.20391367068311472,-0.433883739117558,-0.9009688679024191,test
2025-09-20,0.7688909687377085,1.1853994924833,0.9257711178934404,1.11470791476636,0.570632920550602,1.9885973314512337,1.0752928417143524,0.8890788211566125,1.0217798637065427,0.21362266552261563,-0.9823516608469237,-0.18704334906991657,-0.9749279121818236,-0.2225209339563146,test
2025-09-21,1.923848586166233,0.7688909687377085,1.1853994924833,0.9257711178934404,0.7698904050456531,1.6272222763382904,0.9600205263714686,0.9174013994690563,0.9346579806555767,0.17379586133850927,-0.9854237542919524,-0.17011767832049052,-0.7818314824680299,0.6234898018587334,test
2025-09-22,1.1361114887733479,1.923848586166233,0.7688909687377085,1.1853994924833,0.7550494454351848,1.6816280319567871,1.2927130157957327,1.0822525682005677,0.9558455742147155,0.4045934378731777,-0.9882042449941422,-0.15314166701312007,0.0,1.0,test
2025-09-23,2.024289133136395,1.1361114887733479,1.923848586166233,0.7688909687377085,0.9021004519217514,0.9959958740660815,1.2762836812257488,1.1366900029631626,0.9168801068444697,0.37799249540022684,-0.9906923101615609,-0.13612033862266704,0.7818314824680298,0.6234898018587336,test
2025-09-24,0.866343263754244,2.024289133136395,1.1361114887733479,1.923848586166233,1.11470791476636,0.2644291753876791,1.6947497360253108,1.2970026717081116,0.9903296253494922,0.4847970117445906,-0.9928872135356962,-0.11905873003404988,0.9749279121818236,-0.22252093395631434,test
2025-09-25,1.0289239388854339,0.866343263754244,2.024289133136395,1.1361114887733479,0.9257711178934404,0.8783016837590186,1.3422479618879812,1.2615220072778093,1.0333234888042468,0.5088537543654239,-0.994788305609327,-0.10196189005174576,0.43388373911755823,-0.900968867902419,test
2025-09-26,0.3322779971559925,1.0289239388854339,0.866343263754244,2.024289133136395,1.1853994924833,0.6451919708362155,1.3065187785920098,1.2762581245623799,1.0440822213132763,0.49890646912686615,-0.9963950238187231,-0.08483487790576538,-0.433883739117558,-0.9009688679024191,test
2025-09-27,0.31182950191570885,0.3322779971559925,1.0289239388854339,0.866343263754244,0.7688909687377085,0.570632920550602,0.7425150665985424,1.1543836252299073,1.0217312231932605,0.6154016878459599,-0.9977068927101168,-0.06768276175455162,-0.9749279121818236,-0.2225209339563146,test
2025-09-28,3.5331425741931297,0.31182950191570885,0.3322779971559925,1.0289239388854339,1.923848586166233,0.7698904050456531,0.5576771459856974,1.0890891299696217,1.0032452647193395,0.6835891418519384,-0.9987235240803972,-0.050510617185222886,-0.7818314824680299,0.6234898018587334,test
2025-09-29,0.8106205659331333,3.5331425741931297,0.31182950191570885,0.3322779971559925,1.1361114887733479,0.7550494454351848,1.3924166910882627,1.3189882711163212,1.2006204196584451,1.133605109959549,-0.9994446170919858,-0.033323525711631344,0.0,1.0,test
2025-09-30,1.0549511215237437,0.8106205659331333,3.5331425741931297,0.31182950191570885,2.024289133136395,0.9021004519217514,1.5518642140139762,1.2724895678534334,1.2045897854082985,1.148928643873326,-0.9998699583618592,-0.016126573270657762,0.7818314824680298,0.6234898018587336,test
2025-10-01,0.6038084538982368,1.0549511215237437,0.8106205659331333,3.5331425741931297,0.866343263754244,1.11470791476636,1.7995714205499878,1.134012709051626,1.2155076903798694,1.1006143495477259,-0.9999994220246925,0.001075151282798226,0.9749279121818236,-0.22252093395631434,test
2025-10-02,0.42726655894720894,0.6038084538982368,1.0549511215237437,0.8106205659331333,1.0289239388854339,0.9257711178934404,0.8231267137850234,1.0965077362150537,1.179014871746432,1.1156265009630861,-0.999832969770105,0.018276557681691223,0.43388373911755823,-0.900968867902419,test
2025-10-03,1.4026306702575198,0.42726655894720894,0.6038084538982368,1.0549511215237437,0.3322779971559925,1.1853994924833,0.6953420447897153,1.0105566819381644,1.1434074032502723,1.1445041164537182,-0.9993706508539969,0.03547255575312556,-0.433883739117558,-0.9009688679024191,test
2025-10-04,1.4866907076203926,1.4026306702575198,0.42726655894720894,0.6038084538982368,0.31182950191570885,0.7688909687377085,0.8112352277009741,1.1634642066669538,1.1589239159484312,1.1097547098145188,-0.9986126020839734,0.052658056924614005,-0.9749279121818236,-0.2225209339563146,test
2025-10-05,2.59066904783043,1.4866907076203926,1.4026306702575198,0.42726655894720894,3.5331425741931297,1.923848586166233,1.105529312275026,1.331301521767623,1.2101953258686229,1.04652928338815,-0.9975590477788613,0.06982797572987089,-0.7818314824680299,0.6234898018587334,test
2025-10-06,1.1590596698337055,2.59066904783043,1.4866907076203926,1.4026306702575198,0.8106205659331333,1.1361114887733479,1.8266634752361,1.1966624465729514,1.2578253588446369,0.7282799401676818,-0.9962102997023297,0.0869772313136861,0.0,1.0,test
2025-10-07,2.6218454114372363,1.1590596698337055,2.59066904783043,1.4866907076203926,1.0549511215237437,2.024289133136395,1.7454731417614948,1.2464394614158907,1.2594645146346621,0.7091534159672017,-0.9945667569706337,0.1041007489354256,0.7818314824680298,0.6234898018587336,test
2025-10-08,1.6196595855358078,2.6218454114372363,1.1590596698337055,2.59066904783043,0.6038084538982368,0.866343263754244,2.1238580430337763,1.4702815028321037,1.3021471059418654,0.8681136955846203,-0.9926289059345095,0.121193461470736,0.9749279121818236,-0.22252093395631434,test
2025-10-09,0.9887641983059927,1.6196595855358078,2.6218454114372363,1.1590596698337055,0.42726655894720894,1.0289239388854339,1.8001882222689023,1.6154030930660426,1.3559554146405486,0.7795131671080361,-0.9903973200352558,0.1382503109109819,0.43388373911755823,-0.900968867902419,test
2025-10-10,7.313485427339503,0.9887641983059927,1.6196595855358078,2.6218454114372363,1.4026306702575198,0.3322779971559925,1.7434230650929978,1.695617041545869,1.353086861742017,0.655974161606476,-0.9878726596350429,0.15526624985999563,-0.433883739117558,-0.9009688679024191,test
2025-10-11,9.267036685282594,7.313485427339503,0.9887641983059927,1.6196595855358078,1.4866907076203926,0.31182950191570885,3.307303070393754,2.540024863986152,1.8517445353265534,2.2009560345571932,-0.9850556718215013,0.172236243027682,-0.9749279121818236,-0.2225209339563146,test
2025-10-12,4.568656602725003,9.267036685282594,7.313485427339503,0.9887641983059927,2.59066904783043,3.5331425741931297,5.85642877030935,3.6515028607950377,2.491402191281331,3.280262607208086,-0.981947190186646,0.18915526872004093,-0.7818314824680299,0.6234898018587334,test
2025-10-13,0.8820805463558239,4.568656602725003,9.267036685282594,7.313485427339503,1.1590596698337055,0.8106205659331333,7.049726238449019,3.934072511494263,2.5653674790336076,3.2587732862898644,-0.9785481345802031,0.20601832032517084,0.0,1.0,test
2025-10-14,2.3888052691566717,0.8820805463558239,4.568656602725003,9.267036685282594,2.6218454114372363,1.0549511215237437,4.905924611454459,3.8945040652831366,2.5704717633495138,3.299510545494041,-0.9748595108374125,0.22282040779479959,0.7818314824680298,0.6234898018587336,test
2025-10-15,1.6692433616235487,2.3888052691566717,0.8820805463558239,4.568656602725003,1.6196595855358078,0.6038084538982368,2.613180806079152,3.8612126163859135,2.6657470596090094,3.3156278844893117,-0.9708824104813836,0.23955655912092708,0.9749279121818236,-0.22252093395631434,test
2025-10-16,0.28841288964278733,1.6692433616235487,2.3888052691566717,0.8820805463558239,0.9887641983059927,0.42726655894720894,1.6467097257120005,3.868296012969876,2.7418495530179596,3.3100893143181307,-0.9666180104000972,0.2562218218071163,0.43388373911755823,-0.900968867902419,test
2025-10-17,0.6946341889083706,0.28841288964278733,1.6692433616235487,2.3888052691566717,7.313485427339503,1.4026306702575198,1.448820506807655,3.76824582601799,2.7319314337819303,3.420378561851386,-0.9620675724981452,0.27281126433401914,-0.433883739117558,-0.9009688679024191,test
2025-10-18,1.4675684646587897,0.6946341889083706,0.28841288964278733,1.6692433616235487,9.267036685282594,1.4866907076203926,0.8840968133915547,2.8226956490992565,2.6813602565427046,3.183652141376195,-0.957232443323312,0.28931997761869527,-0.9749279121818236,-0.2225209339563146,test
2025-10-19,1.822507491953357,1.4675684646587897,0.6946341889083706,0.28841288964278733,4.568656602725003,2.59066904783043,0.816871847736635,1.708485903295856,2.6799943820454475,1.4393540527846462,-0.9521140536681102,0.3057430764672831,-0.7818314824680299,0.6234898018587334,test
2025-10-20,0.2119333661122089,1.822507491953357,1.4675684646587897,0.6946341889083706,0.8820805463558239,1.1590596698337055,1.3282367151734915,1.316178887471335,2.6251256994828,0.7286438848706681,-0.9467139181463862,0.3220757010206104,0.0,1.0,test
2025-10-21,1.5606199135825547,0.2119333661122089,1.822507491953357,1.4675684646587897,2.3888052691566717,2.6218454114372363,1.1673364409081042,1.2204435760079615,2.557473820645549,0.8318945764951278,-0.9410336347451197,0.3383130181923076,0.7818314824680298,0.6234898018587336,test
2025-10-22,1.1514706395849246,1.5606199135825547,0.2119333661122089,1.822507491953357,1.6692433616235487,1.6196595855358078,1.1983535905493594,1.1021313823545162,2.481671999370215,0.6837345960325498,-0.9350748843515574,0.3544502230989869,0.9749279121818236,-0.22252093395631434,test
2025-10-23,2.760416941355009,1.1514706395849246,1.5606199135825547,0.2119333661122089,0.28841288964278733,0.9887641983059927,0.9746746397598818,1.0281638506347128,2.448229931802295,0.6386806690231742,-0.9288394302558068,0.3704825404820963,0.43388373911755823,-0.900968867902419,test
2025-10-24,1.1896067308645364,2.760416941355009,1.1514706395849246,1.5606199135825547,0.6946341889083706,7.313485427339503,1.8241691648408154,1.3813072865936016,2.574776556305796,0.8193468194644348,-0.9223291176290545,0.3864052261209853,-0.433883739117558,-0.9009688679024191,test
2025-10-25,5.1885311213851,1.1896067308645364,2.760416941355009,1.1514706395849246,1.4675684646587897,9.267036685282594,1.700498103934809,1.4520176497301966,2.1373566494147274,0.7700870876289192,-0.9155458729775467,0.40221356823680365,-0.9749279121818236,-0.2225209339563146,test
2025-10-26,2.775193464943611,5.1885311213851,1.1896067308645364,2.760416941355009,1.822507491953357,4.568656602725003,3.0461849312015343,1.983583743548241,1.846034823422049,1.6094283791940716,-0.9084917035725082,0.41790288888678667,-0.7818314824680299,0.6234898018587334,test
2025-10-27,4.1037628255081495,2.775193464943611,5.1885311213851,1.1896067308645364,0.2119333661122089,0.8820805463558239,3.0511104390644017,2.119681739689706,1.717930313580521,1.6336360257023428,-0.9011686968561569,0.4334685453485363,0.0,1.0,test
2025-10-28,11.368799828410436,4.1037628255081495,2.775193464943611,5.1885311213851,1.5606199135825547,2.3888052691566717,4.022495803945606,2.6756573767462686,1.9480504763771156,1.535464724551224,-0.8935790198239952,0.4489059314938798,0.7818314824680298,0.6234898018587336,test
2025-10-29,10.94361921082954,11.368799828410436,4.1037628255081495,2.775193464943611,1.1514706395849246,1.6692433616235487,6.082585372954052,4.076825936007395,2.5894786591809558,3.529174014375997,-0.8857249183835637,0.4642104791518923,0.9749279121818236,-0.22252093395631434,test
2025-10-30,3.366810100327278,10.94361921082954,11.368799828410436,4.1037628255081495,2.760416941355009,0.28841288964278733,8.805393954916028,5.475704303328054,3.2519340769813843,4.074872938825053,-0.8776087166898392,0.4793776594606945,0.43388373911755823,-0.900968867902419,test
2025-10-31,2.3059117745741067,3.366810100327278,10.94361921082954,11.368799828410436,1.1896067308645364,0.6946341889083706,8.559743046522405,5.562331897466949,3.471819592030276,4.013511673632539,-0.8692328164574792,0.49440298420761813,-0.433883739117558,-0.9009688679024191,test
2025-11-01,4.521682855915683,2.3059117745741067,3.366810100327278,10.94361921082954,5.1885311213851,1.4675684646587897,5.538780361910295,5.721804046568317,3.5869108481492575,3.828733097602876,-0.8605996962501181,0.5092820071573356,-0.9749279121818236,-0.2225209339563146,test
2025-11-02,2.8537874657968327,4.521682855915683,2.3059117745741067,3.366810100327278,2.775193464943611,1.822507491953357,3.3981349102723417,5.626540008644114,3.805061876096178,3.8524357445895396,-0.8517119107469189,0.5240103253675756,-0.7818314824680299,0.6234898018587334,test
2025-11-03,2.23176425443633,2.8537874657968327,4.521682855915683,2.3059117745741067,4.1037628255081495,0.2119333661122089,3.22712736542886,5.637767723051717,3.8787247313707125,3.842843220796821,-0.8425720899866032,0.5385835804920232,0.0,1.0,test
2025-11-04,2.818107385931873,2.23176425443633,2.8537874657968327,4.521682855915683,11.368799828410436,1.5606199135825547,3.2024115253829346,5.3703393557557435,4.022998366251007,4.028062545005039,-0.8331829385891785,0.5529974600700271,0.7818314824680298,0.6234898018587336,test
2025-11-05,1.3732918263090677,2.818107385931873,2.23176425443633,2.8537874657968327,10.94361921082954,1.1514706395849246,2.634553035388331,4.1488118639730915,4.112818899990243,3.0940583191109856,-0.8235472349556007,0.5672476988027229,0.9749279121818236,-0.22252093395631434,test
2025-11-06,1.3328703703703704,1.3732918263090677,2.818107385931873,2.23176425443633,3.366810100327278,2.760416941355009,2.1410544888924092,2.781622237613024,4.12866327047054,0.990692819020567,-0.8136678304455991,0.5813300798152042,0.43388373911755823,-0.900968867902419,test
2025-11-07,2.216411644695543,1.3328703703703704,1.3732918263090677,2.818107385931873,2.3059117745741067,1.1896067308645364,1.841423194203756,2.4910594190477515,4.026695658257351,1.0843034205882556,-0.8035476485339116,0.5952404359043674,-0.433883739117558,-0.9009688679024191,test
2025-11-08,4.471296296296296,2.216411644695543,1.3328703703703704,1.3732918263090677,4.521682855915683,5.1885311213851,1.6408579471249796,2.4782736862079564,4.100038866388138,1.0873738143151046,-0.7931896839451843,0.6089746507720486,-0.9749279121818236,-0.2225209339563146,test
2025-11-09,4.0993055555555555,4.471296296296296,2.216411644695543,1.3328703703703704,2.8537874657968327,2.775193464943611,2.6735261037873888,2.4710756062623296,4.0488078074532226,1.0716456406964685,-0.7825970017677834,0.6225286602431057,-0.7818314824680299,0.6234898018587334,test
2025-11-10,4.045138888888888,4.0993055555555555,4.471296296296296,2.216411644695543,2.23176425443633,4.1037628255081495,3.595671165515784,2.649006761942147,4.143387242496933,1.2365000473486065,-0.7717727365467836,0.6358984534680745,0.0,1.0,test
2025-11-11,7.45324074074074,4.045138888888888,4.0993055555555555,4.471296296296296,2.818107385931873,11.368799828410436,4.205246913580232,2.9080602811496554,4.1391998184527,1.3215474974239576,-0.7607200913564104,0.6490800741100398,0.7818314824680298,0.6234898018587336,test
2025-11-12,6.21346123666039,7.45324074074074,4.045138888888888,4.0993055555555555,1.3732918263090677,10.94361921082954,5.199228395061714,3.5702221889794936,3.8595170264762935,2.1625714581376547,-0.7494423368521954,0.6620696215153815,0.9749279121818236,-0.22252093395631434,test
2025-11-13,1.8986111111111112,6.21346123666039,7.45324074074074,4.045138888888888,1.3328703703703704,3.366810100327278,5.9039469554299915,4.2616749618868255,3.5216485997499247,2.1163550802398774,-0.7379428103031386,0.6748632518680403,0.43388373911755823,-0.900968867902419,test
2025-11-14,6.907407407407407,1.8986111111111112,6.21346123666039,7.45324074074074,2.216411644695543,2.3059117745741067,5.188437696170733,4.342495067706931,3.4167772433773416,1.9930798677325376,-0.7262249146041543,0.6874571793269664,-0.433883739117558,-0.9009688679024191,test
2025-11-15,8.981633141762453,6.907407407407407,1.8986111111111112,6.21346123666039,4.471296296296296,4.521682855915683,5.0064932517262895,5.012637319522912,3.745455502865435,1.947182335240054,-0.7142921172691032,0.699847677146407,-0.9749279121818236,-0.2225209339563146,test
2025-11-16,17.308333333333334,8.981633141762453,6.907407407407407,1.8986111111111112,4.0993055555555555,2.8537874657968327,5.929217220093643,5.656971154589506,4.064023380425918,2.4256555600658745,-0.7021479494046978,0.7120310787787131,-0.7818314824680299,0.6234898018587334,test
2025-11-17,18.108101851851853,17.308333333333334,8.981633141762453,6.907407407407407,4.045138888888888,2.23176425443633,11.065791294167717,7.543975122843473,5.096490942392811,4.893963289006767,-0.6897960046655887,0.7240037789593305,0.0,1.0,test
2025-11-18,14.803935185185187,18.108101851851853,17.308333333333334,8.981633141762453,7.45324074074074,2.818107385931873,14.799356108982531,9.552969831838183,6.23051505649392,5.9834739131211805,-0.6772399381909491,0.7357622347736527,0.7818314824680298,0.6234898018587336,test
2025-11-19,25.468055555555555,14.803935185185187,18.108101851851853,17.308333333333334,6.21346123666039,1.3732918263090677,16.740123456790112,10.603069038187389,7.086645613583442,6.194844320048638,-0.6644834655228552,0.7473029667054296,0.9749279121818236,-0.22252093395631434,test
2025-11-20,31.168390804597703,25.468055555555555,14.803935185185187,18.108101851851853,1.8986111111111112,1.3328703703703704,19.460030864197517,13.353725369458127,8.807700165672477,7.947672328411898,-0.6515303615068021,0.75862255966641,0.43388373911755823,-0.900968867902419,test
2025-11-21,35.13328966644129,31.168390804597703,25.468055555555555,14.803935185185187,6.907407407407407,2.216411644695543,23.813460515112798,17.53512246852764,10.938808768117287,8.59017910787515,-0.6383844591746642,0.7697176640069211,-0.433883739117558,-0.9009688679024191,test
2025-11-22,16.577765594541912,35.13328966644129,31.168390804597703,25.468055555555555,8.981633141762453,4.471296296296296,30.589912008864832,21.56739136267534,13.290014341099127,9.360198332074598,-0.6250496486104377,0.7805849965070866,-0.9749279121818236,-0.2225209339563146,test
2025-11-23,17.249752824858756,16.577765594541912,35.13328966644129,31.168390804597703,17.308333333333334,4.0993055555555555,27.626482021860287,22.652553141643835,14.15476214811667,7.999290589375606,-0.6115298757991053,0.7912213413483807,-0.7818314824680299,0.6234898018587334,test
2025-11-24,19.11171969663791,17.249752824858756,16.577765594541912,35.13328966644129,18.108101851851853,4.045138888888888,22.98693602861397,22.64418449757604,15.094079810209758,8.005841359737783,-0.5978291414589552,0.801623551065242,0.0,1.0,test
2025-11-25,24.156881446101917,19.11171969663791,17.249752824858756,16.577765594541912,14.803935185185187,7.45324074074074,17.64641270534618,22.787558475402616,16.1702641536204,7.919589050598214,-0.5839514998576998,0.8117885474764613,0.7818314824680298,0.6234898018587336,test
2025-11-26,14.079352149490227,24.156881446101917,19.11171969663791,17.249752824858756,25.468055555555555,6.21346123666039,20.17278465586618,24.12369365553358,17.363381346860486,7.094121373868037,-0.5699010576127624,0.8217133225960589,0.9749279121818236,-0.22252093395631434,test
2025-11-27,2.5700251098556186,14.079352149490227,24.156881446101917,19.11171969663791,31.168390804597703,1.8986111111111112,19.11598443074334,22.496736026095675,17.9252306977769,7.9844838893832,-0.5556819724760489,0.8313949395234058,0.43388373911755823,-0.900968867902419,test
2025-11-28,4.851891086001255,2.5700251098556186,14.079352149490227,24.156881446101917,35.13328966644129,6.907407407407407,13.602086235149244,18.411255212561088,17.973188840544363,9.895706433233967,-0.5412984521036173,0.8408305333122887,-0.433883739117558,-0.9009688679024191,test
2025-11-29,9.113632689975935,4.851891086001255,2.5700251098556186,14.079352149490227,16.577765594541912,8.981633141762453,7.167089448449022,14.085341129641083,17.826366246158212,7.754409772797352,-0.5267547528105542,0.8500173118187018,-0.9749279121818236,-0.2225209339563146,test
2025-11-30,15.220075437798991,9.113632689975935,4.851891086001255,2.5700251098556186,17.249752824858756,17.308333333333334,5.511849628610925,13.019036428988802,17.835794785316317,7.866933865237248,-0.5120551783114646,0.8589525565270845,-0.7818314824680299,0.6234898018587334,test
2025-12-01,28.019799203753262,15.220075437798991,9.113632689975935,4.851891086001255,19.11171969663791,18.108101851851853,9.728533071258715,12.72908251655169,17.686633507063863,7.721064145534584,-0.4972040784469378,0.8676336233547726,0.0,1.0,test
2025-12-02,13.70173807281858,28.019799203753262,15.220075437798991,9.113632689975935,24.156881446101917,14.803935185185187,17.451169110509387,14.001665303282456,18.39461188934254,9.481742807705235,-0.4822058478963526,0.8760579434344281,0.7818314824680298,0.6234898018587336,test
2025-12-03,16.866808116100042,13.70173807281858,28.019799203753262,15.220075437798991,14.079352149490227,25.468055555555555,18.98053757145693,12.50807339281341,18.315883524173493,8.374231346815087,-0.46706492487743034,0.8842230238742036,0.9749279121818236,-0.22252093395631434,test
2025-12-04,30.57523155693177,16.866808116100042,13.70173807281858,28.019799203753262,2.5700251098556186,31.168390804597703,19.52944846422395,12.906281388043384,17.70150870706953,8.526294311368291,-0.451785789832884,0.8921264484954345,0.43388373911755823,-0.900968867902419,test
2025-12-05,18.45023844900204,30.57523155693177,16.866808116100042,13.70173807281858,4.851891086001255,35.13328966644129,20.381259248616786,16.90702516619712,17.659140189379105,9.39413042700655,-0.4363729641045924,0.8997658785476209,-0.433883739117558,-0.9009688679024191,test
2025-12-06,7.869070096543066,18.45023844900204,30.57523155693177,16.866808116100042,9.113632689975935,16.577765594541912,21.964092707344605,18.849646218054374,16.46749367384773,7.747439712194761,-0.42083100859565564,0.9071390534005044,-0.9749279121818236,-0.2225209339563146,test
2025-12-07,14.226159301469792,7.869070096543066,18.45023844900204,30.57523155693177,15.220075437798991,17.249752824858756,18.964846700825614,18.671851561849678,15.845443995419242,8.017675770108484,-0.4051645224207563,0.9142437912130223,-0.7818314824680299,0.6234898018587334,test
2025-12-08,14.848259491958352,14.226159301469792,7.869070096543066,18.45023844900204,28.019799203753262,19.11171969663791,13.515155949004955,18.52986354237408,15.629473029462885,8.097397170358931,-0.3893781415452015,0.9210779895789526,0.0,1.0,test
2025-12-09,16.90828219364894,14.848259491958352,14.226159301469792,7.869070096543066,13.70173807281858,24.156881446101917,12.31449629665706,16.648215012117664,15.32494015770006,6.977561259664549,-0.37347653741307074,0.9276396261490467,0.7818314824680298,0.6234898018587336,test
2025-12-10,3.3923928900600746,16.90828219364894,14.848259491958352,14.226159301469792,16.866808116100042,14.079352149490227,15.32756699569235,17.106292743664856,14.807183068239135,6.856082809232757,-0.3574644155648614,0.9339267592294762,0.9749279121818236,-0.22252093395631434,test
2025-12-11,2.4272186235036908,3.3923928900600746,16.90828219364894,14.848259491958352,30.57523155693177,2.5700251098556186,11.716311525222444,15.181376282802006,14.043828835422692,8.603408254495207,-0.34134651424503615,0.9399375283564133,0.43388373911755823,-0.900968867902419,test
2025-12-12,3.254777142746532,2.4272186235036908,3.3923928900600746,16.90828219364894,18.45023844900204,4.851891086001255,7.57596456907089,11.160231578026565,14.033628372111844,6.539907310776373,-0.3251276029999093,0.9456701548465688,-0.433883739117558,-0.9009688679024191,test
2025-12-13,7.4899452915033224,3.254777142746532,2.4272186235036908,3.3923928900600746,7.869070096543066,9.113632689975935,3.024796218770087,8.989451391418637,13.919548804736504,6.231483626455657,-0.30881248126625377,0.9511229423235357,-0.9749279121818236,-0.2225209339563146,test
2025-12-14,3.5474649327878436,7.4899452915033224,3.254777142746532,2.4272186235036908,14.226159301469792,15.220075437798991,4.39064701925117,8.935290704984386,13.803571133417034,6.244478357701315,-0.29240597695107734,0.9562942772197719,-0.7818314824680299,0.6234898018587334,test
2025-12-15,2.649577304311371,3.5474649327878436,7.4899452915033224,3.254777142746532,14.848259491958352,28.019799203753262,4.764062455679221,7.409762938029822,12.96981324020195,6.037463471674519,-0.27591294500296043,0.9611826292540837,0.0,1.0,test
2025-12-16,4.276467357187696,2.649577304311371,3.5474649327878436,7.4899452915033224,16.90828219364894,13.70173807281858,4.562329176200834,5.667094054080254,11.157654533098958,5.240478086362532,-0.2593382659754056,0.9657865518844574,0.7818314824680298,0.6234898018587336,test
2025-12-17,6.6271218411881385,4.276467357187696,2.649577304311371,3.5474649327878436,3.3923928900600746,16.866808116100042,3.4911698647622913,3.862549077442933,10.484420910553895,1.7102883408876355,-0.2426868445825954,0.9701046827361175,0.9749279121818236,-0.22252093395631434,test
2025-12-18,26.81941525328649,6.6271218411881385,4.276467357187696,2.649577304311371,2.4272186235036908,30.57523155693177,4.51772216756239,4.324653213318371,9.753014748060187,1.9781115300799825,-0.22596360824801906,0.974135744004672,0.43388373911755823,-0.900968867902419,test
2025-12-19,19.9088596567363,26.81941525328649,6.6271218411881385,4.276467357187696,3.254777142746532,18.45023844900204,12.574334817220764,7.809252731858771,9.484742154942667,8.572189295744833,-0.20917350564635637,0.9778785428342386,-0.433883739117558,-0.9009688679024191,test
2025-12-20,6.888067581701461,19.9088596567363,26.81941525328649,6.6271218411881385,7.4899452915033224,7.869070096543066,17.78513225040363,10.188407376714451,9.588929384066544,9.371314191085565,-0.19232150523909483,0.9813319716704275,-0.9749279121818236,-0.2225209339563146,test
2025-12-21,6.2349243821610125,6.888067581701461,19.9088596567363,26.81941525328649,3.5474649327878436,14.226159301469792,17.872114163908073,10.102424846742759,9.518857775863571,9.402907105227726,-0.17541259380427843,0.9844950085880858,-0.7818314824680299,0.6234898018587334,test
2025-12-22,21.97444631315174,6.2349243821610125,6.888067581701461,19.9088596567363,2.649577304311371,14.848259491958352,11.010617206866245,10.486347625224639,8.94805528162723,9.141902205853874,-0.15845177496083632,0.9873667175937016,0.0,1.0,test
