target_time,forecast_origin_date,actual,level_lag1,delta_lag1,delta_lag2,delta_lag3,deviation_mean3,deviation_mean7,mean_change7,sin_doy,cos_doy,delta_target,split
2018-01-08,2018-01-07,247,237.0,1.0,0.0,-3.0,0.6666666666666572,-3.7142857142857224,-1.8333333333333333,0.13718540405660057,0.9905453876091833,10.0,train
2018-01-09,2018-01-08,255,247.0,10.0,1.0,0.0,7.0,6.428571428571416,0.16666666666666666,0.1542040475626894,0.988039023376751,8.0,train
2018-01-10,2018-01-09,259,255.0,8.0,10.0,1.0,8.666666666666657,13.142857142857139,2.0,0.17117705961019986,0.985240282501282,4.0,train
2018-01-11,2018-01-10,264,259.0,4.0,8.0,10.0,5.333333333333343,14.857142857142861,3.3333333333333335,0.18809941761179758,0.9821499931752291,5.0,train
2018-01-12,2018-01-11,264,264.0,5.0,4.0,8.0,4.666666666666686,16.285714285714278,4.666666666666667,0.20496611396949532,0.9787690698649216,0.0,train
2018-01-13,2018-01-12,255,264.0,0.0,5.0,4.0,1.6666666666666856,12.285714285714278,4.666666666666667,0.22177215755648186,0.975098513039961,-9.0,train
2018-01-14,2018-01-13,244,255.0,-9.0,0.0,5.0,-6.0,0.5714285714285836,3.0,0.23851257519407648,0.9711394088771653,-11.0,train
2018-01-15,2018-01-14,240,244.0,-11.0,-9.0,0.0,-10.333333333333343,-11.428571428571416,-0.5,0.2551824131233728,0.9668929289391521,-4.0,train
2018-01-16,2018-01-15,243,240.0,-4.0,-11.0,-9.0,-6.333333333333343,-14.428571428571416,-2.5,0.2717767384711357,0.9623603298276545,3.0,train
2018-01-17,2018-01-16,252,243.0,3.0,-4.0,-11.0,0.6666666666666572,-9.714285714285722,-2.6666666666666665,0.2882906407095177,0.9575429528116719,9.0,train
2018-01-18,2018-01-17,252,252.0,9.0,3.0,-4.0,7.0,0.2857142857142776,-2.0,0.3047192331091634,0.9524422234305676,0.0,train
2018-01-19,2018-01-18,248,252.0,0.0,9.0,3.0,3.0,2.0,-2.0,0.321057654185271,0.9470596510722283,-4.0,train
2018-01-20,2018-01-19,245,248.0,-4.0,0.0,9.0,-2.666666666666657,0.2857142857142776,-1.1666666666666667,0.3373010691361842,0.9413968285264122,-3.0,train
2018-01-21,2018-01-20,242,245.0,-3.0,-4.0,0.0,-3.333333333333343,-1.2857142857142776,0.16666666666666666,0.3534446712740877,0.9354554315134164,-3.0,train
2018-01-22,2018-01-21,248,242.0,-3.0,-3.0,-4.0,-3.0,-4.0,0.3333333333333333,0.3694836834473831,0.9292372181882051,6.0,train
2018-01-23,2018-01-22,256,248.0,6.0,-3.0,-3.0,3.0,0.8571428571428612,0.8333333333333334,0.38541335945432564,0.9227440286201427,8.0,train
2018-01-24,2018-01-23,261,256.0,8.0,6.0,-3.0,7.333333333333343,7.0,0.6666666666666666,0.4012289854475009,0.9159777842484877,5.0,train
2018-01-25,2018-01-24,261,261.0,5.0,8.0,6.0,6.0,10.714285714285722,1.5,0.4169258813287287,0.908940487313808,0.0,train
2018-01-26,2018-01-25,258,261.0,0.0,5.0,8.0,1.6666666666666856,9.428571428571416,2.1666666666666665,0.4324994021339788,0.901634220265486,-3.0,train
2018-01-27,2018-01-26,255,258.0,-3.0,0.0,5.0,-2.0,5.0,2.1666666666666665,0.44794493940789115,0.8940611451454876,-3.0,train
2018-01-28,2018-01-27,252,255.0,-3.0,-3.0,0.0,-3.0,0.5714285714285836,2.1666666666666665,0.4632579225674917,0.88622350294858,-3.0,train
2018-01-29,2018-01-28,256,252.0,-3.0,-3.0,-3.0,-3.0,-3.857142857142861,0.6666666666666666,0.4784338202547012,0.8781236129591848,4.0,train
2018-01-30,2018-01-29,258,256.0,4.0,-3.0,-3.0,1.6666666666666572,-1.0,0.0,0.49346814167723735,0.8697638720650646,2.0,train
2018-01-31,2018-01-30,261,258.0,2.0,4.0,-3.0,2.666666666666657,0.7142857142857224,-0.5,0.5083564379375122,0.8611467540480452,3.0,train
2018-02-01,2018-01-31,272,261.0,3.0,2.0,4.0,2.6666666666666856,3.7142857142857224,0.0,0.5230943033491326,0.8522748088519838,11.0,train
2018-02-02,2018-02-01,278,272.0,11.0,3.0,2.0,8.333333333333314,13.142857142857167,2.3333333333333335,0.5376773767406141,0.8431506618282,6.0,train
2018-02-03,2018-02-02,273,278.0,6.0,11.0,3.0,7.666666666666686,16.285714285714278,3.8333333333333335,0.5521013427459208,0.8337770129585915,-5.0,train
2018-02-04,2018-02-03,270,273.0,-5.0,6.0,11.0,-1.3333333333333144,8.714285714285722,3.5,0.5663619330814524,0.8241566360566663,-3.0,train
2018-02-05,2018-02-04,268,270.0,-3.0,-5.0,6.0,-3.6666666666666856,3.142857142857167,2.3333333333333335,0.580454927809098,0.8142923779467267,-2.0,train
2018-02-06,2018-02-05,268,268.0,-2.0,-3.0,-5.0,-2.3333333333333144,-0.5714285714285552,1.6666666666666667,0.5943761565849831,0.804187157621448,0.0,train
2018-02-07,2018-02-06,265,268.0,0.0,-2.0,-3.0,-0.6666666666666856,-2.0,1.1666666666666667,0.6081214998935418,0.7938439653781019,-3.0,train
2018-02-08,2018-02-07,267,265.0,-3.0,0.0,-2.0,-2.0,-5.571428571428555,-1.1666666666666667,0.6216868902665479,0.7832658619336791,2.0,train
2018-02-09,2018-02-08,265,267.0,2.0,-3.0,0.0,0.3333333333333144,-2.857142857142833,-1.8333333333333333,0.6350683134867438,0.7724559775191742,-2.0,train
2018-02-10,2018-02-09,256,265.0,-2.0,2.0,-3.0,-0.6666666666666856,-3.0,-1.3333333333333333,0.6482618097757122,0.7614175109532997,-9.0,train
2018-02-11,2018-02-10,254,256.0,-9.0,-2.0,2.0,-6.666666666666686,-9.571428571428555,-2.3333333333333335,0.6612634749656386,0.7501537286959042,-2.0,train
2018-02-12,2018-02-11,255,254.0,-2.0,-9.0,-2.0,-4.333333333333314,-9.285714285714278,-2.3333333333333335,0.6740694616546161,0.7386679638813748,1.0,train
2018-02-13,2018-02-12,252,255.0,1.0,-2.0,-9.0,0.0,-6.428571428571445,-2.1666666666666665,0.6866759803451553,0.726963615332308,-3.0,train
2018-02-14,2018-02-13,248,252.0,-3.0,1.0,-2.0,-1.6666666666666572,-7.142857142857167,-2.1666666666666665,0.6990793005655562,0.7150441465537444,-4.0,train
2018-02-15,2018-02-14,248,248.0,-4.0,-3.0,1.0,-3.666666666666657,-8.714285714285722,-3.1666666666666665,0.7112757519738152,0.7029130847082615,0.0,train
2018-02-16,2018-02-15,256,248.0,0.0,-4.0,-3.0,-1.3333333333333428,-6.0,-2.8333333333333335,0.7232617254437388,0.6905740195722293,8.0,train
2018-02-17,2018-02-16,256,256.0,8.0,0.0,-4.0,5.333333333333343,3.2857142857142776,0.0,0.7350336741329413,0.6780306024735382,0.0,train
2018-02-18,2018-02-17,259,256.0,0.0,8.0,0.0,2.666666666666657,3.2857142857142776,0.3333333333333333,0.746588114532413,0.6652865452111116,3.0,train
2018-02-19,2018-02-18,260,259.0,3.0,0.0,8.0,2.0,5.571428571428584,0.6666666666666666,0.7579216274973472,0.6523456189565257,1.0,train
2018-02-20,2018-02-19,258,260.0,1.0,3.0,0.0,1.6666666666666856,5.857142857142861,1.3333333333333333,0.7690308592589181,0.6392116531380588,-2.0,train
2018-02-21,2018-02-20,255,258.0,-2.0,1.0,3.0,-1.0,3.0,1.6666666666666667,0.7799125224167177,0.6258885343075018,-3.0,train
2018-02-22,2018-02-21,256,255.0,-3.0,-2.0,1.0,-2.6666666666666856,-1.0,1.1666666666666667,0.7905633969115482,0.612380204990065,1.0,train
2018-02-23,2018-02-22,254,256.0,1.0,-3.0,-2.0,-0.3333333333333144,-1.1428571428571672,0.0,0.8009803309782905,0.5986906625177214,-2.0,train
2018-02-24,2018-02-23,251,254.0,-2.0,1.0,-3.0,-1.0,-2.857142857142833,-0.3333333333333333,0.8111602420785621,0.5848239578463322,-3.0,train
2018-02-25,2018-02-24,255,251.0,-3.0,-2.0,1.0,-2.666666666666657,-5.142857142857167,-1.3333333333333333,0.8211001178128892,0.5707841943569036,4.0,train
2018-02-26,2018-02-25,258,255.0,4.0,-3.0,-2.0,1.6666666666666572,-0.5714285714285836,-0.8333333333333334,0.8307970168121247,0.5565755266413303,3.0,train
2018-02-27,2018-02-26,263,258.0,3.0,4.0,-3.0,3.333333333333343,2.7142857142857224,0.0,0.8402480696078469,0.5422021592729844,5.0,train
2018-02-28,2018-02-27,265,263.0,5.0,3.0,4.0,4.333333333333314,7.0,1.3333333333333333,0.8494504794814806,0.527668345562516,2.0,train
2018-03-01,2018-02-28,259,265.0,2.0,5.0,3.0,3.0,7.571428571428555,1.5,0.8584015232918917,0.512978386299228,-6.0,train
2018-03-02,2018-03-01,256,259.0,-6.0,2.0,5.0,-3.3333333333333144,1.1428571428571672,0.8333333333333334,0.8670985522812081,0.4981366284784055,-3.0,train
2018-03-03,2018-03-02,253,256.0,-3.0,-6.0,2.0,-4.0,-2.142857142857167,0.8333333333333334,0.8755389928586302,0.4831474640149687,-3.0,train
2018-03-04,2018-03-03,257,253.0,-3.0,-3.0,-6.0,-3.0,-5.428571428571445,-0.3333333333333333,0.8837203473619977,0.4680153284438345,4.0,train
2018-03-05,2018-03-04,264,257.0,4.0,-3.0,-3.0,1.6666666666666572,-1.7142857142857224,-0.16666666666666666,0.8916401947968874,0.45274469960737107,7.0,train
2018-03-06,2018-03-05,265,264.0,7.0,4.0,-3.0,6.0,4.428571428571445,0.16666666666666666,0.8992961915530253,0.4373400963303323,1.0,train
2018-03-07,2018-03-06,269,265.0,1.0,7.0,4.0,3.0,5.142857142857167,0.0,0.9066860720977985,0.4218060770826634,4.0,train
2018-03-08,2018-03-07,275,269.0,4.0,1.0,7.0,3.0,8.571428571428555,1.6666666666666667,0.9138076496466615,0.4061472386305789,6.0,train
2018-03-09,2018-03-08,277,275.0,6.0,4.0,1.0,5.333333333333314,12.285714285714278,3.1666666666666665,0.9206588168102428,0.3903682146763026,2.0,train
2018-03-10,2018-03-09,276,277.0,2.0,6.0,4.0,3.3333333333333144,11.285714285714278,4.0,0.9272375462179537,0.374473674486883,-1.0,train
2018-03-11,2018-03-10,271,276.0,-1.0,2.0,6.0,0.0,7.0,3.1666666666666665,0.9335418911179212,0.35846832151248087,-5.0,train
2018-03-12,2018-03-11,269,271.0,-5.0,-1.0,2.0,-3.6666666666666856,0.0,1.1666666666666667,0.9395699859530622,0.342356891994542,-2.0,train
2018-03-13,2018-03-12,265,269.0,-2.0,-5.0,-1.0,-3.0,-2.7142857142857224,0.6666666666666666,0.945320046913132,0.3261441535642696,-4.0,train
2018-03-14,2018-03-13,260,265.0,-4.0,-2.0,-5.0,-3.3333333333333144,-6.714285714285722,-0.6666666666666666,0.9507903724625832,0.3098349038318025,-5.0,train
2018-03-15,2018-03-14,262,260.0,-5.0,-4.0,-2.0,-4.666666666666686,-10.428571428571445,-2.5,0.9559793438440766,0.2934339689665273,2.0,train
2018-03-16,2018-03-15,265,262.0,2.0,-5.0,-4.0,-0.3333333333333144,-6.571428571428555,-2.5,0.9608854255574977,0.27694620226893646,3.0,train
2018-03-17,2018-03-16,261,265.0,3.0,2.0,-5.0,2.6666666666666856,-1.8571428571428328,-1.8333333333333333,0.9655071658143364,0.2603764827344581,-4.0,train
2018-03-18,2018-03-17,260,261.0,-4.0,3.0,2.0,-1.6666666666666856,-3.7142857142857224,-1.6666666666666667,0.969843196967294,0.24372971360968387,-1.0,train
2018-03-19,2018-03-18,258,260.0,-1.0,-4.0,3.0,-2.0,-3.142857142857167,-1.5,0.9738922359149924,0.22701082094141847,-2.0,train
2018-03-20,2018-03-19,253,258.0,-2.0,-1.0,-4.0,-1.6666666666666856,-3.571428571428555,-1.1666666666666667,0.9776530844816641,0.2102247521189836,-5.0,train
2018-03-21,2018-03-20,248,253.0,-5.0,-2.0,-1.0,-4.0,-6.857142857142833,-1.1666666666666667,0.981124629771712,0.19337647441020586,-5.0,train
2018-03-22,2018-03-21,254,248.0,-5.0,-5.0,-2.0,-5.0,-10.142857142857167,-2.3333333333333335,0.984305844499033,0.17647097349152166,6.0,train
2018-03-23,2018-03-22,264,254.0,6.0,-5.0,-5.0,2.333333333333343,-3.0,-1.8333333333333333,0.9871957872910085,0.15951325197263655,10.0,train
2018-03-24,2018-03-23,264,264.0,10.0,6.0,-5.0,8.666666666666657,7.142857142857167,0.5,0.9897936029670716,0.14250832791617088,0.0,train
2018-03-25,2018-03-24,259,264.0,0.0,10.0,6.0,3.3333333333333144,6.714285714285722,0.6666666666666666,0.992098522791769,0.12546123335273648,-5.0,train
2018-03-26,2018-03-25,259,259.0,-5.0,0.0,10.0,-3.3333333333333144,1.8571428571428328,0.16666666666666666,0.9941098647022418,0.10837701279187609,0.0,train
2018-03-27,2018-03-26,268,259.0,0.0,-5.0,0.0,-1.6666666666666856,1.7142857142857224,1.0,0.9958270335100595,0.09126072172931188,9.0,train
2018-03-28,2018-03-27,266,268.0,9.0,0.0,-5.0,6.0,8.571428571428555,3.3333333333333335,0.9972495210773451,0.07411742515094437,-2.0,train
2018-03-29,2018-03-28,263,266.0,-2.0,9.0,0.0,1.6666666666666856,4.0,2.0,0.998376906467142,0.056952196034039754,-3.0,train
2018-03-30,2018-03-29,249,263.0,-3.0,-2.0,9.0,-2.6666666666666856,-0.2857142857142776,-0.16666666666666666,0.9992088560679753,0.03977011384605572,-14.0,train
2018-03-31,2018-03-30,240,249.0,-14.0,-3.0,-2.0,-10.333333333333314,-12.142857142857167,-2.5,0.9997451236925734,0.022576263041545485,-9.0,train
2018-04-01,2018-03-31,249,240.0,-9.0,-14.0,-3.0,-10.666666666666657,-17.714285714285722,-3.1666666666666665,0.9999855506507186,0.005375731557583884,9.0,train
2018-04-02,2018-04-01,260,249.0,9.0,-9.0,-14.0,3.0,-7.285714285714278,-1.6666666666666667,0.9999300657962057,-0.011826390691832589,11.0,train
2018-04-03,2018-04-02,275,260.0,11.0,9.0,-9.0,10.333333333333343,3.571428571428555,-1.3333333333333333,0.9995786855478958,-0.029025013321975237,15.0,train
2018-04-04,2018-04-03,277,275.0,15.0,11.0,9.0,13.666666666666686,17.571428571428555,1.5,0.9989315138848577,-0.046215046983708354,2.0,train
2018-04-05,2018-04-04,284,277.0,2.0,15.0,11.0,6.333333333333314,18.0,2.3333333333333335,0.9979887423155984,-0.06339140486951038,7.0,train
2018-04-06,2018-04-05,290,284.0,7.0,2.0,15.0,5.333333333333314,22.0,5.833333333333333,0.9967506498213929,-0.08054900421874167,6.0,train
2018-04-07,2018-04-06,294,290.0,6.0,7.0,2.0,6.333333333333314,22.142857142857167,8.333333333333334,0.9952176027737294,-0.09768276782171598,4.0,train
2018-04-08,2018-04-07,292,294.0,4.0,6.0,7.0,4.666666666666686,18.428571428571445,7.5,0.9933900548258936,-0.11478762552212701,-2.0,train
2018-04-09,2018-04-08,277,292.0,-2.0,4.0,6.0,0.0,10.285714285714278,5.333333333333333,0.9912685467787256,-0.13185851571739118,-15.0,train
2018-04-10,2018-04-09,269,277.0,-15.0,-2.0,4.0,-10.666666666666686,-7.142857142857167,0.3333333333333333,0.9888537064205885,-0.1488903868564548,-8.0,train
2018-04-11,2018-04-10,274,269.0,-8.0,-15.0,-2.0,-10.333333333333314,-14.285714285714278,-1.3333333333333333,0.986146248341595,-0.16587819893463143,5.0,train
2018-04-12,2018-04-11,272,274.0,5.0,-8.0,-15.0,0.6666666666666856,-8.857142857142833,-1.6666666666666667,0.9831469737221499,-0.1828169249850199,-2.0,train
2018-04-13,2018-04-12,254,272.0,-2.0,5.0,-8.0,0.3333333333333144,-9.142857142857167,-3.0,0.9798567700958665,-0.1997015525660636,-18.0,train
2018-04-14,2018-04-13,245,254.0,-18.0,-2.0,5.0,-12.666666666666686,-22.0,-6.666666666666667,0.9762766110869321,-0.21652708524481437,-9.0,train
2018-04-15,2018-04-14,235,245.0,-9.0,-18.0,-2.0,-12.0,-24.0,-7.833333333333333,0.9724075561219968,-0.23328854407545518,-10.0,train
2018-04-16,2018-04-15,235,235.0,-10.0,-9.0,-18.0,-9.666666666666657,-25.857142857142833,-7.0,0.9682507501166718,-0.2499809690726521,0.0,train
2018-04-17,2018-04-16,245,235.0,0.0,-10.0,-9.0,-3.333333333333343,-19.85714285714286,-5.666666666666667,0.9638074231367307,-0.26659942067929354,10.0,train
2018-04-18,2018-04-17,278,245.0,10.0,0.0,-10.0,6.666666666666657,-6.428571428571416,-4.833333333333333,0.9590788900341131,-0.28313898122818354,33.0,train
2018-04-19,2018-04-18,319,278.0,33.0,10.0,0.0,25.333333333333343,26.0,1.0,0.9540665500578387,-0.2995947563972602,41.0,train
2018-04-20,2018-04-19,341,319.0,41.0,33.0,10.0,38.333333333333314,60.28571428571428,10.833333333333334,0.9487718864399473,-0.31596187665790293,22.0,train
2018-04-21,2018-04-20,350,341.0,22.0,41.0,33.0,28.333333333333314,69.85714285714283,16.0,0.9431964659565866,-0.33223549871590435,9.0,train
2018-04-22,2018-04-21,364,350.0,9.0,22.0,41.0,13.333333333333314,63.85714285714283,19.166666666666668,0.9373419384643772,-0.3484108069446808,14.0,train
2018-04-23,2018-04-22,376,364.0,14.0,9.0,22.0,12.333333333333314,59.428571428571445,21.5,0.9312100364121947,-0.3644830148102912,12.0,train
2018-04-24,2018-04-23,389,376.0,12.0,14.0,9.0,12.666666666666686,51.28571428571428,21.833333333333332,0.9248025743285089,-0.38044736628785164,13.0,train
2018-04-25,2018-04-24,398,389.0,13.0,12.0,14.0,12.666666666666686,43.71428571428572,18.5,0.9181214482844364,-0.39629913726891813,9.0,train
2018-04-26,2018-04-25,410,398.0,9.0,13.0,12.0,10.333333333333314,35.571428571428555,13.166666666666666,0.9111686353326631,-0.41203363695942635,12.0,train
2018-04-27,2018-04-26,412,410.0,12.0,9.0,13.0,11.0,34.571428571428555,11.5,0.9039461929224011,-0.42764620926777464,2.0,train
2018-04-28,2018-04-27,408,412.0,2.0,12.0,9.0,5.333333333333314,26.428571428571445,10.333333333333334,0.8964562582905575,-0.44313223418263453,-4.0,train
2018-04-29,2018-04-28,405,408.0,-4.0,2.0,12.0,-2.0,14.142857142857167,7.333333333333333,0.8887010478292915,-0.45848712914008766,-3.0,train
2018-04-30,2018-04-29,402,405.0,-3.0,-4.0,2.0,-3.3333333333333144,5.285714285714278,4.833333333333333,0.8806828564301475,-0.47370635037968,-3.0,train
2018-05-01,2018-04-30,409,402.0,-3.0,-3.0,-4.0,-3.0,-1.4285714285714448,2.1666666666666665,0.8724040568049612,-0.48878539428899265,7.0,train
2018-05-02,2018-05-01,411,409.0,7.0,-3.0,-3.0,3.6666666666666856,2.7142857142857224,1.8333333333333333,0.8638670987837349,-0.503719798736334,2.0,train
2018-05-03,2018-05-02,413,411.0,2.0,7.0,-3.0,3.6666666666666856,2.857142857142833,0.16666666666666666,0.8550745085896932,-0.518505144391157,2.0,train
2018-05-04,2018-05-03,405,413.0,2.0,2.0,7.0,2.0,4.428571428571445,0.16666666666666666,0.8460288880917339,-0.533137056031809,-8.0,train
2018-05-05,2018-05-04,398,405.0,-8.0,2.0,2.0,-4.666666666666686,-2.571428571428555,-0.5,0.8367329140344921,-0.5476112038402312,-7.0,train
2018-05-06,2018-05-05,397,398.0,-7.0,-8.0,2.0,-7.333333333333314,-8.142857142857167,-1.1666666666666667,0.8271893372462497,-0.5619233046832195,-1.0,train
2018-05-07,2018-05-06,392,397.0,-1.0,-7.0,-8.0,-3.0,-8.0,-0.8333333333333334,0.8174009818249189,-0.5760691233798758,-5.0,train
2018-05-08,2018-05-07,388,392.0,-5.0,-1.0,-7.0,-3.6666666666666856,-11.571428571428555,-2.8333333333333335,0.8073707443023492,-0.5900444739548627,-4.0,train
2018-05-09,2018-05-08,384,388.0,-4.0,-5.0,-1.0,-4.333333333333314,-12.571428571428555,-3.8333333333333335,0.7971015927871943,-0.6038452208771035,-4.0,train
2018-05-10,2018-05-09,379,384.0,-4.0,-4.0,-5.0,-4.0,-12.714285714285722,-4.833333333333333,0.7865965660866021,-0.6174672802835514,-5.0,train
2018-05-11,2018-05-10,382,379.0,-5.0,-4.0,-4.0,-4.666666666666686,-12.857142857142833,-4.333333333333333,0.7758587728069828,-0.6309066211876704,3.0,train
2018-05-12,2018-05-11,376,382.0,3.0,-5.0,-4.0,0.3333333333333144,-6.571428571428555,-2.6666666666666665,0.7648913904341225,-0.6441592666722685,-6.0,train
2018-05-13,2018-05-12,377,376.0,-6.0,3.0,-5.0,-3.0,-9.428571428571445,-3.5,0.753697664392914,-0.6572212950663319,1.0,train
2018-05-14,2018-05-13,376,377.0,1.0,-6.0,3.0,-1.3333333333333144,-5.571428571428555,-2.5,0.742280907086982,-0.6700888411055113,-1.0,train
2018-05-15,2018-05-14,375,376.0,-1.0,1.0,-6.0,-0.3333333333333144,-4.285714285714278,-2.0,0.7306444969184916,-0.6827580970759147,-1.0,train
2018-05-16,2018-05-15,374,375.0,-1.0,-1.0,1.0,-1.0,-3.428571428571445,-1.5,0.7187918772884232,-0.6952253139408722,-1.0,train
2018-05-17,2018-05-16,376,374.0,-1.0,-1.0,-1.0,-1.0,-3.0,-0.8333333333333334,0.7067265555776158,-0.7074868024503348,2.0,train
2018-05-18,2018-05-17,379,376.0,2.0,-1.0,-1.0,1.0,-0.5714285714285552,-1.0,0.6944521021088763,-0.719538934232584,3.0,train
2018-05-19,2018-05-18,381,379.0,3.0,2.0,-1.0,2.6666666666666856,2.857142857142833,0.5,0.6819721490904629,-0.7313781428679254,2.0,train
2018-05-20,2018-05-19,381,381.0,2.0,3.0,2.0,2.3333333333333144,4.142857142857167,0.6666666666666666,0.6692903895412567,-0.7430009249440493,0.0,train
2018-05-21,2018-05-20,379,381.0,0.0,2.0,3.0,0.6666666666666856,3.571428571428555,0.8333333333333334,0.6564105761979381,-0.7544038410927472,-2.0,train
2018-05-22,2018-05-21,372,379.0,-2.0,0.0,2.0,-1.3333333333333144,1.1428571428571672,0.6666666666666666,0.6433365204044917,-0.765583517007675,-7.0,train
2018-05-23,2018-05-22,365,372.0,-7.0,-2.0,0.0,-5.333333333333314,-5.428571428571445,-0.3333333333333333,0.6300720909843687,-0.7765366444428655,-7.0,train
2018-05-24,2018-05-23,364,365.0,-7.0,-7.0,-2.0,-7.0,-11.142857142857167,-1.8333333333333333,0.6166212130956382,-0.7872599821916922,-1.0,train
2018-05-25,2018-05-24,359,364.0,-1.0,-7.0,-7.0,-3.0,-10.428571428571445,-2.5,0.6029878670694714,-0.7977503570459932,-5.0,train
2018-05-26,2018-05-25,347,359.0,-5.0,-1.0,-7.0,-3.6666666666666856,-12.571428571428555,-3.6666666666666665,0.5891760872322963,-0.8080046647350754,-12.0,train
2018-05-27,2018-05-26,334,347.0,-12.0,-5.0,-1.0,-9.666666666666686,-19.714285714285722,-5.666666666666667,0.5751899607119775,-0.8180198708443174,-13.0,train
2018-05-28,2018-05-27,338,334.0,-13.0,-12.0,-5.0,-12.666666666666686,-26.0,-7.5,0.5610336262283677,-0.8277930117131022,4.0,train
2018-05-29,2018-05-28,341,338.0,4.0,-13.0,-12.0,-1.6666666666666856,-16.142857142857167,-5.666666666666667,0.5467112728685939,-0.8373211953118121,3.0,train
2018-05-30,2018-05-29,339,341.0,3.0,4.0,-13.0,3.3333333333333144,-8.714285714285722,-4.0,0.5322271388474397,-0.8466016020976267,-2.0,train
2018-05-31,2018-05-30,349,339.0,-2.0,3.0,4.0,-0.3333333333333144,-7.0,-4.166666666666667,0.5175855102531889,-0.8556314858488706,10.0,train
2018-06-01,2018-05-31,338,349.0,10.0,-2.0,3.0,6.0,5.142857142857167,-1.6666666666666667,0.5027907197793043,-0.8644081744776648,-11.0,train
2018-06-02,2018-06-01,323,338.0,-11.0,10.0,-2.0,-4.0,-2.857142857142833,-1.5,0.4878471454423119,-0.8729290708206411,-15.0,train
2018-06-03,2018-06-02,336,323.0,-15.0,-11.0,10.0,-13.666666666666686,-14.428571428571445,-1.8333333333333333,0.47275920928627757,-0.881191653407483,13.0,train
2018-06-04,2018-06-03,339,336.0,13.0,-15.0,-11.0,3.6666666666666856,-1.7142857142857224,-0.3333333333333333,0.4575313760742512,-0.8891934772070711,3.0,train
2018-06-05,2018-06-04,339,339.0,3.0,13.0,-15.0,6.333333333333314,1.1428571428571672,-0.3333333333333333,0.44216815196707204,-0.8969321743510065,0.0,train
2018-06-06,2018-06-05,339,339.0,0.0,3.0,13.0,1.0,1.4285714285714448,0.0,0.42667408318992467,-0.9044054548343001,0.0,train
2018-06-07,2018-06-06,333,339.0,0.0,0.0,3.0,0.0,1.4285714285714448,-1.6666666666666667,0.4110537546870351,-0.9116111071930239,-6.0,train
2018-06-08,2018-06-07,321,333.0,-6.0,0.0,0.0,-4.0,-2.2857142857142776,-0.8333333333333334,0.3953117887649151,-0.9185469991587165,-12.0,train
2018-06-09,2018-06-08,320,321.0,-12.0,-6.0,0.0,-10.0,-11.857142857142833,-0.3333333333333333,0.37945284372454435,-0.925211078289358,-1.0,train
2018-06-10,2018-06-09,322,320.0,-1.0,-12.0,-6.0,-4.666666666666686,-12.428571428571445,-2.6666666666666665,0.36348161248290634,-0.9316013725767187,2.0,train
2018-06-11,2018-06-10,320,322.0,2.0,-1.0,-12.0,1.0,-8.428571428571445,-2.8333333333333335,0.3474028211842774,-0.9377159910299093,-2.0,train
2018-06-12,2018-06-11,318,320.0,-2.0,2.0,-1.0,-0.6666666666666856,-7.714285714285722,-3.1666666666666665,0.3312212278016865,-0.9435531242349544,-2.0,train
2018-06-13,2018-06-12,315,318.0,-2.0,-2.0,2.0,-2.0,-6.714285714285722,-3.5,0.31494162072895193,-0.9491110448902284,-3.0,train
2018-06-14,2018-06-13,313,315.0,-3.0,-2.0,-2.0,-2.6666666666666856,-6.285714285714278,-3.0,0.2985688173637202,-0.9543881083175908,-2.0,train
2018-06-15,2018-06-14,318,313.0,-2.0,-3.0,-2.0,-2.3333333333333144,-5.428571428571445,-1.3333333333333333,0.2821076626819194,-0.9593827529490743,5.0,train
2018-06-16,2018-06-15,314,318.0,5.0,-2.0,-3.0,2.6666666666666856,0.0,-0.3333333333333333,0.26556302780405594,-0.9640935007889755,-4.0,train
2018-06-17,2018-06-16,302,314.0,-4.0,5.0,-2.0,-1.0,-3.142857142857167,-1.3333333333333333,0.24893980855376657,-0.9685189578512204,-12.0,train
2018-06-18,2018-06-17,298,302.0,-12.0,-4.0,5.0,-9.333333333333314,-12.285714285714278,-3.0,0.23224292400907015,-0.9726578145718654,-4.0,train
2018-06-19,2018-06-18,295,298.0,-4.0,-12.0,-4.0,-6.666666666666686,-13.142857142857167,-3.3333333333333335,0.21547731504673012,-0.976508846196619,-3.0,train
2018-06-20,2018-06-19,303,295.0,-3.0,-4.0,-12.0,-3.3333333333333144,-12.857142857142833,-3.3333333333333335,0.19864794288017112,-0.9800709131432666,8.0,train
2018-06-21,2018-06-20,317,303.0,8.0,-3.0,-4.0,4.333333333333314,-3.142857142857167,-1.6666666666666667,0.18175978759137534,-0.9833429613388902,14.0,train
2018-06-22,2018-06-21,315,317.0,14.0,8.0,-3.0,12.0,10.285714285714278,-0.16666666666666666,0.16481784665719793,-0.9863240225317866,-2.0,train
2018-06-23,2018-06-22,312,315.0,-2.0,14.0,8.0,3.3333333333333144,8.714285714285722,0.16666666666666666,0.14782713347053048,-0.9890132145779883,-3.0,train
2018-06-24,2018-06-23,309,312.0,-3.0,-2.0,14.0,-2.6666666666666856,6.0,1.6666666666666667,0.13079267585675922,-0.9914097417023038,-3.0,train
2018-06-25,2018-06-24,305,309.0,-3.0,-3.0,-2.0,-3.0,2.0,1.8333333333333333,0.11371951458594969,-0.9935128947338007,-4.0,train
2018-06-26,2018-06-25,305,305.0,-4.0,-3.0,-3.0,-3.6666666666666856,-3.0,1.6666666666666667,0.0966127018812031,-0.9953220513156602,0.0,train
2018-06-27,2018-06-26,298,305.0,0.0,-4.0,-3.0,-1.3333333333333144,-4.428571428571445,0.3333333333333333,0.07947729992362097,-0.9968366760893436,-7.0,train
2018-06-28,2018-06-27,296,298.0,-7.0,0.0,-4.0,-4.666666666666686,-10.714285714285722,-3.1666666666666665,0.062318379354325076,-0.998056320853012,-2.0,train
2018-06-29,2018-06-28,293,296.0,-2.0,-7.0,0.0,-3.6666666666666856,-9.714285714285722,-3.1666666666666665,0.04514101777397193,-0.9989806246941579,-3.0,train
2018-06-30,2018-06-29,291,293.0,-3.0,-2.0,-7.0,-2.6666666666666856,-9.571428571428555,-3.1666666666666665,0.02795029824021032,-0.999609314096404,-2.0,train
2018-07-01,2018-06-30,297,291.0,-2.0,-3.0,-2.0,-2.3333333333333144,-8.571428571428555,-3.0,0.01075130776352193,-0.9999422030204416,6.0,train
2018-07-02,2018-07-01,300,297.0,6.0,-2.0,-3.0,3.3333333333333144,-0.8571428571428328,-1.3333333333333333,-0.00645086419810515,-0.9999791929590823,3.0,train
2018-07-03,2018-07-02,319,300.0,3.0,6.0,-2.0,4.0,2.857142857142833,-0.8333333333333334,-0.023651127245231586,-0.9997202729664083,19.0,train
2018-07-04,2018-07-03,310,319.0,19.0,3.0,6.0,13.666666666666686,19.857142857142833,3.5,-0.04084439154329611,-0.9991655196610109,-9.0,train
2018-07-05,2018-07-04,296,310.0,-9.0,19.0,3.0,0.3333333333333144,9.142857142857167,2.3333333333333335,-0.05802556932878035,-0.9983150972033183,-14.0,train
2018-07-06,2018-07-05,281,296.0,-14.0,-9.0,19.0,-12.333333333333314,-4.857142857142833,0.5,-0.07518957641475855,-0.9971692572470178,-15.0,train
2018-07-07,2018-07-06,269,281.0,-15.0,-14.0,-9.0,-14.666666666666686,-18.142857142857167,-1.6666666666666667,-0.09233133369539122,-0.9957283388645872,-12.0,train
2018-07-08,2018-07-07,275,269.0,-12.0,-15.0,-14.0,-13.0,-27.0,-4.666666666666667,-0.10944576864891556,-0.993992768446958,6.0,train
2018-07-09,2018-07-08,286,275.0,6.0,-12.0,-15.0,0.0,-17.857142857142833,-4.166666666666667,-0.12652781683868314,-0.9919630595773397,11.0,train
2018-07-10,2018-07-09,290,286.0,11.0,6.0,-12.0,9.333333333333314,-4.857142857142833,-5.5,-0.1435724234118113,-0.9896398128792412,4.0,train
2018-07-11,2018-07-10,287,290.0,4.0,11.0,6.0,6.333333333333314,3.2857142857142776,-3.3333333333333335,-0.16057454459499376,-0.9870237158387383,-3.0,train
2018-07-12,2018-07-11,282,287.0,-3.0,4.0,11.0,-0.6666666666666856,3.571428571428555,-1.5,-0.17752914918703497,-0.984115542601034,-5.0,train
2018-07-13,2018-07-12,283,282.0,-5.0,-3.0,4.0,-4.333333333333314,0.5714285714285552,0.16666666666666666,-0.19443122004766195,-0.9809161537413774,1.0,train
2018-07-14,2018-07-13,275,283.0,1.0,-5.0,-3.0,-1.0,1.2857142857142776,2.3333333333333335,-0.2112757555821793,-0.9774264960104055,-8.0,train
2018-07-15,2018-07-14,274,275.0,-8.0,1.0,-5.0,-5.0,-7.571428571428555,0.0,-0.2280577712215198,-0.9736476020539838,-1.0,train
2018-07-16,2018-07-15,260,274.0,-1.0,-8.0,1.0,-3.3333333333333144,-8.428571428571445,-2.0,-0.24477230089725957,-0.9695805901076308,-14.0,train
2018-07-17,2018-07-16,274,260.0,-14.0,-1.0,-8.0,-9.666666666666686,-18.714285714285722,-5.0,-0.2614143985111562,-0.965226663665613,14.0,train
2018-07-18,2018-07-17,290,274.0,14.0,-14.0,-1.0,4.666666666666686,-2.428571428571445,-2.1666666666666665,-0.2779791393987801,-0.9605871111248129,16.0,train
2018-07-19,2018-07-18,291,290.0,16.0,14.0,-14.0,15.333333333333314,13.142857142857167,1.3333333333333333,-0.2944616217868012,-0.9556633054034704,1.0,train
2018-07-20,2018-07-19,273,291.0,1.0,16.0,14.0,6.0,12.857142857142833,1.3333333333333333,-0.3108569682435036,-0.9504567035349151,-18.0,train
2018-07-21,2018-07-20,269,273.0,-18.0,1.0,16.0,-11.666666666666686,-3.7142857142857224,-0.3333333333333333,-0.3271603271220951,-0.9449688462364056,-4.0,train
2018-07-22,2018-07-21,267,269.0,-4.0,-18.0,1.0,-8.666666666666686,-6.857142857142833,-0.8333333333333334,-0.34336687399638804,-0.939201357453208,-2.0,train
2018-07-23,2018-07-22,284,267.0,-2.0,-4.0,-18.0,-2.6666666666666856,-7.857142857142833,1.1666666666666667,-0.3594718130884232,-0.9331559438780432,17.0,train
2018-07-24,2018-07-23,292,284.0,17.0,-2.0,-4.0,10.666666666666686,5.714285714285722,1.6666666666666667,-0.3754703786876202,-0.9268343944460494,8.0,train
2018-07-25,2018-07-24,286,292.0,8.0,17.0,-2.0,11.0,11.142857142857167,0.3333333333333333,-0.3913578365610259,-0.9202385798054075,-6.0,train
2018-07-26,2018-07-25,284,286.0,-6.0,8.0,17.0,-1.3333333333333144,5.714285714285722,-0.8333333333333334,-0.4071294853542516,-0.9133704517637858,-2.0,train
2018-07-27,2018-07-26,273,284.0,-2.0,-6.0,8.0,-3.3333333333333144,4.714285714285722,1.8333333333333333,-0.4227806579826773,-0.9062320427107697,-11.0,train
2018-07-28,2018-07-27,268,273.0,-11.0,-2.0,-6.0,-8.0,-6.285714285714278,0.6666666666666666,-0.4383067230125192,-0.898825465016444,-5.0,train
2018-07-29,2018-07-28,271,268.0,-5.0,-11.0,-2.0,-7.0,-11.142857142857167,0.16666666666666666,-0.45370308603134424,-0.8911529104063088,3.0,train
2018-07-30,2018-07-29,266,271.0,3.0,-5.0,-11.0,0.3333333333333144,-8.714285714285722,-2.1666666666666665,-0.46896519100763184,-0.8832166493127127,-5.0,train
2018-07-31,2018-07-30,261,266.0,-5.0,3.0,-5.0,-2.3333333333333144,-11.142857142857167,-4.333333333333333,-0.48408852163897587,-0.8750190302029955,-5.0,train
2018-08-01,2018-07-31,260,261.0,-5.0,-5.0,3.0,-5.0,-11.714285714285722,-4.166666666666667,-0.4990686026885319,-0.8665624788845385,-1.0,train
2018-08-02,2018-08-01,259,260.0,-1.0,-5.0,-5.0,-2.3333333333333144,-9.0,-4.0,-0.5139010013093103,-0.8578494977869301,-1.0,train
2018-08-03,2018-08-02,260,259.0,-1.0,-1.0,-5.0,-1.0,-6.428571428571445,-2.3333333333333335,-0.5285813283559292,-0.8488826652214553,1.0,train
2018-08-04,2018-08-03,257,260.0,1.0,-1.0,-1.0,0.3333333333333144,-3.571428571428555,-1.3333333333333333,-0.5431052396834317,-0.8396646346181327,-3.0,train
2018-08-05,2018-08-04,256,257.0,-3.0,1.0,-1.0,-1.6666666666666856,-5.0,-2.3333333333333335,-0.5574684374327892,-0.8301981337405212,-1.0,train
2018-08-06,2018-08-05,271,256.0,-1.0,-3.0,1.0,-1.6666666666666856,-3.857142857142833,-1.6666666666666667,-0.5716666713027052,-0.8204859638785327,15.0,train
2018-08-07,2018-08-06,291,271.0,15.0,-1.0,-3.0,9.666666666666686,10.428571428571445,1.6666666666666667,-0.5856957398073508,-0.8105309990194823,20.0,train
2018-08-08,2018-08-07,294,291.0,20.0,15.0,-1.0,18.333333333333314,26.142857142857167,5.166666666666667,-0.5995514915196489,-0.8003361849976323,3.0,train
2018-08-09,2018-08-08,283,294.0,3.0,20.0,15.0,8.666666666666686,24.285714285714278,5.833333333333333,-0.6132298262997502,-0.7899045386224707,-11.0,train
2018-08-10,2018-08-09,262,283.0,-11.0,3.0,20.0,-6.333333333333314,9.857142857142833,3.8333333333333335,-0.6267266965083301,-0.7792391467859886,-21.0,train
2018-08-11,2018-08-10,245,262.0,-21.0,-11.0,3.0,-17.666666666666686,-11.428571428571445,0.8333333333333334,-0.6400381082043503,-0.7683431655492202,-17.0,train
2018-08-12,2018-08-11,258,245.0,-17.0,-21.0,-11.0,-18.333333333333314,-26.714285714285722,-1.8333333333333333,-0.65316012232693,-0.7572198192083127,13.0,train
2018-08-13,2018-08-12,263,258.0,13.0,-17.0,-21.0,3.0,-14.0,-2.1666666666666665,-0.666088855860977,-0.7458723993404063,5.0,train
2018-08-14,2018-08-13,259,263.0,5.0,13.0,-17.0,7.666666666666657,-7.857142857142833,-4.666666666666667,-0.6788204829862355,-0.734304263829602,-4.0,train
2018-08-15,2018-08-14,263,259.0,-4.0,5.0,13.0,-1.0,-7.285714285714278,-5.833333333333333,-0.6913512362094071,-0.722518835873311,4.0,train
2018-08-16,2018-08-15,258,263.0,4.0,-4.0,5.0,1.3333333333333144,1.1428571428571672,-3.3333333333333335,-0.7036774074790128,-0.7105196029692745,-5.0,train
2018-08-17,2018-08-16,258,258.0,-5.0,4.0,-4.0,-2.0,-0.2857142857142776,-0.6666666666666666,-0.7157953492826642,-0.6983101158835584,0.0,train
2018-08-18,2018-08-17,258,258.0,0.0,-5.0,4.0,-1.6666666666666856,0.2857142857142776,2.1666666666666665,-0.7277014757264236,-0.6858939875998223,0.0,train
2018-08-19,2018-08-18,244,258.0,0.0,0.0,-5.0,0.0,-1.5714285714285552,0.0,-0.7393922635959241,-0.673274892250183,-14.0,train
2018-08-20,2018-08-19,224,244.0,-14.0,0.0,0.0,-9.333333333333343,-13.571428571428555,-3.1666666666666665,-0.7508642533989489,-0.6604565640279754,-20.0,train
2018-08-21,2018-08-20,241,224.0,-20.0,-14.0,0.0,-18.0,-28.0,-5.833333333333333,-0.7621140503891487,-0.6474427960827475,17.0,train
2018-08-22,2018-08-21,259,241.0,17.0,-20.0,-14.0,4.666666666666657,-8.428571428571416,-3.6666666666666665,-0.7731383255706026,-0.6342374393978054,18.0,train
2018-08-23,2018-08-22,262,259.0,18.0,17.0,-20.0,17.666666666666657,10.142857142857139,0.16666666666666666,-0.7839338166829201,-0.620844401650647,3.0,train
2018-08-24,2018-08-23,251,262.0,3.0,18.0,17.0,8.0,12.571428571428584,0.6666666666666666,-0.7944973291665992,-0.6072676460566135,-11.0,train
2018-08-25,2018-08-24,249,251.0,-11.0,3.0,18.0,-6.333333333333314,2.5714285714285836,-1.1666666666666667,-0.8048257371083452,-0.593511190196115,-2.0,train
2018-08-26,2018-08-25,256,249.0,-2.0,-11.0,3.0,-5.0,1.8571428571428612,0.8333333333333334,-0.8149159841660791,-0.5795791048257612,7.0,train
2018-08-27,2018-08-26,247,256.0,7.0,-2.0,-11.0,4.0,7.142857142857139,5.333333333333333,-0.8247650844733614,-0.5654755126737576,-9.0,train
2018-08-28,2018-08-27,243,247.0,-9.0,7.0,-2.0,-3.666666666666657,-5.142857142857139,1.0,-0.8343701235229538,-0.5512045872199277,-4.0,train
2018-08-29,2018-08-28,244,243.0,-4.0,-9.0,7.0,-5.666666666666657,-9.428571428571416,-2.6666666666666665,-0.8437282590292712,-0.5367705514607103,1.0,train
2018-08-30,2018-08-29,257,244.0,1.0,-4.0,-9.0,-0.6666666666666572,-6.285714285714278,-3.0,-0.8528367217694595,-0.522177676659508,13.0,train
2018-08-31,2018-08-30,256,257.0,13.0,1.0,-4.0,9.0,7.428571428571416,1.0,-0.8616928164028522,-0.5074302810827518,-1.0,train
2018-09-01,2018-08-31,248,256.0,-1.0,13.0,1.0,3.666666666666657,5.714285714285722,1.1666666666666667,-0.8702939222685674,-0.49253272872205434,-8.0,train
2018-09-02,2018-09-01,241,248.0,-8.0,-1.0,13.0,-5.666666666666657,-2.142857142857139,-1.3333333333333333,-0.8786374941610001,-0.4774894280028391,-7.0,train
2018-09-03,2018-09-02,251,241.0,-7.0,-8.0,-1.0,-7.333333333333343,-7.0,-1.0,-0.886721063082993,-0.46230483047981086,10.0,train
2018-09-04,2018-09-03,260,251.0,10.0,-7.0,-8.0,4.333333333333343,2.4285714285714164,1.3333333333333333,-0.8945422369764496,-0.4469834295196741,9.0,train
2018-09-05,2018-09-04,249,260.0,9.0,10.0,-7.0,9.333333333333343,9.0,2.6666666666666665,-0.9020987014301837,-0.43152975897147144,-11.0,train
2018-09-06,2018-09-05,246,249.0,-11.0,9.0,10.0,-4.333333333333343,-2.7142857142857224,-1.3333333333333333,-0.9093882203647925,-0.4159483918249421,-3.0,train
2018-09-07,2018-09-06,238,246.0,-3.0,-11.0,9.0,-5.666666666666657,-4.142857142857139,-1.6666666666666667,-0.9164086366943458,-0.4002439388573056,-8.0,train
2018-09-08,2018-09-07,226,238.0,-8.0,-3.0,-11.0,-6.333333333333343,-9.571428571428584,-1.6666666666666667,-0.9231578729647039,-0.38442104726885545,-12.0,train
2018-09-09,2018-09-08,224,226.0,-12.0,-8.0,-3.0,-10.666666666666657,-18.428571428571416,-2.5,-0.9296339319682695,-0.3684843993077793,-2.0,train
2018-09-10,2018-09-09,228,224.0,-2.0,-12.0,-8.0,-5.333333333333343,-18.0,-4.5,-0.9358348973349941,-0.35243871088460327,4.0,train
2018-09-11,2018-09-10,231,228.0,4.0,-2.0,-12.0,2.0,-10.714285714285722,-5.333333333333333,-0.9417589340994617,-0.33628873017668287,3.0,train
2018-09-12,2018-09-11,229,231.0,3.0,4.0,-2.0,3.333333333333343,-3.5714285714285836,-3.0,-0.9474042892438845,-0.32003923622313857,-2.0,train
2018-09-13,2018-09-12,239,229.0,-2.0,3.0,4.0,-0.3333333333333428,-2.7142857142857224,-2.8333333333333335,-0.9527692922168511,-0.30369503751065885,10.0,train
2018-09-14,2018-09-13,257,239.0,10.0,-2.0,3.0,6.0,8.285714285714278,0.16666666666666666,-0.9578523554276669,-0.28726097055059635,18.0,train
2018-09-15,2018-09-14,261,257.0,18.0,10.0,-2.0,15.333333333333343,23.571428571428584,5.166666666666667,-0.9626519747161487,-0.2707418984477642,4.0,train
2018-09-16,2018-09-15,259,261.0,4.0,18.0,10.0,8.666666666666657,22.571428571428584,6.166666666666667,-0.9671667297977312,-0.2541427094613622,-2.0,train
2018-09-17,2018-09-16,256,259.0,-2.0,4.0,18.0,0.0,15.571428571428584,5.166666666666667,-0.97139528468375,-0.23746831555846842,-3.0,train
2018-09-18,2018-09-17,252,256.0,-3.0,-2.0,4.0,-2.6666666666666856,8.571428571428584,4.166666666666667,-0.9753363880767837,-0.2207236509605022,-4.0,train
2018-09-19,2018-09-18,252,252.0,-4.0,-3.0,-2.0,-3.666666666666657,1.5714285714285836,3.8333333333333335,-0.9789888737409319,-0.20391367068311472,0.0,train
2018-09-20,2018-09-19,258,252.0,0.0,-4.0,-3.0,-1.3333333333333428,-1.7142857142857224,2.1666666666666665,-0.9823516608469237,-0.18704334906991657,6.0,train
2018-09-21,2018-09-20,263,258.0,6.0,0.0,-4.0,4.0,1.5714285714285552,0.16666666666666666,-0.9854237542919524,-0.17011767832049052,5.0,train
2018-09-22,2018-09-21,263,263.0,5.0,6.0,0.0,5.333333333333314,5.714285714285722,0.3333333333333333,-0.9882042449941422,-0.15314166701312007,0.0,train
2018-09-23,2018-09-22,258,263.0,0.0,5.0,6.0,1.6666666666666856,5.428571428571445,0.6666666666666666,-0.9906923101615609,-0.13612033862266704,-5.0,train
2018-09-24,2018-09-23,253,258.0,-5.0,0.0,5.0,-3.3333333333333144,0.5714285714285552,0.3333333333333333,-0.9928872135356962,-0.11905873003404988,-5.0,train
2018-09-25,2018-09-24,243,253.0,-5.0,-5.0,0.0,-5.0,-4.0,0.16666666666666666,-0.994788305609327,-0.10196189005174576,-10.0,train
2018-09-26,2018-09-25,232,243.0,-10.0,-5.0,-5.0,-8.333333333333343,-12.714285714285722,-1.5,-0.9963950238187231,-0.08483487790576538,-11.0,train
2018-09-27,2018-09-26,225,232.0,-11.0,-10.0,-5.0,-10.666666666666657,-20.85714285714286,-4.333333333333333,-0.9977068927101168,-0.06768276175455162,-7.0,train
2018-09-28,2018-09-27,237,225.0,-7.0,-11.0,-10.0,-8.333333333333343,-23.14285714285714,-6.333333333333333,-0.9987235240803972,-0.050510617185222886,12.0,train
2018-09-29,2018-09-28,246,237.0,12.0,-7.0,-11.0,5.666666666666657,-7.428571428571416,-4.333333333333333,-0.9994446170919858,-0.033323525711631344,9.0,train
2018-09-30,2018-09-29,238,246.0,9.0,12.0,-7.0,10.0,4.0,-2.0,-0.9998699583618592,-0.016126573270657762,-8.0,train
2018-10-01,2018-09-30,230,238.0,-8.0,9.0,12.0,-2.333333333333343,-1.1428571428571388,-2.5,-0.9999994220246925,0.001075151282798226,-8.0,train
2018-10-02,2018-10-01,226,230.0,-8.0,-8.0,9.0,-8.0,-5.857142857142861,-2.1666666666666665,-0.999832969770105,0.018276557681691223,-4.0,train
2018-10-03,2018-10-02,232,226.0,-4.0,-8.0,-8.0,-5.333333333333343,-7.428571428571416,-1.0,-0.9993706508539969,0.03547255575312556,6.0,train
2018-10-04,2018-10-03,239,232.0,6.0,-4.0,-8.0,2.666666666666657,-1.4285714285714164,1.1666666666666667,-0.9986126020839734,0.052658056924614005,7.0,train
2018-10-05,2018-10-04,243,239.0,7.0,6.0,-4.0,6.666666666666657,3.5714285714285836,0.3333333333333333,-0.9975590477788613,0.06982797572987089,4.0,train
2018-10-06,2018-10-05,249,243.0,4.0,7.0,6.0,5.0,6.714285714285722,-0.5,-0.9962102997023297,0.0869772313136861,6.0,train
2018-10-07,2018-10-06,255,249.0,6.0,4.0,7.0,5.333333333333343,12.285714285714278,1.8333333333333333,-0.9945667569706337,0.1041007489354256,6.0,train
2018-10-08,2018-10-07,266,255.0,6.0,6.0,4.0,6.0,15.857142857142861,4.166666666666667,-0.9926289059345095,0.121193461470736,11.0,train
2018-10-09,2018-10-08,271,266.0,11.0,6.0,6.0,9.333333333333314,21.714285714285722,6.666666666666667,-0.9903973200352558,0.1382503109109819,5.0,train
2018-10-10,2018-10-09,268,271.0,5.0,11.0,6.0,7.0,20.285714285714278,6.5,-0.9878726596350429,0.15526624985999563,-3.0,train
2018-10-11,2018-10-10,253,268.0,-3.0,5.0,11.0,-0.3333333333333144,12.142857142857139,4.833333333333333,-0.9850556718215013,0.172236243027682,-15.0,train
2018-10-12,2018-10-11,243,253.0,-15.0,-3.0,5.0,-11.0,-4.857142857142833,1.6666666666666667,-0.981947190186646,0.18915526872004093,-10.0,train
2018-10-13,2018-10-12,234,243.0,-10.0,-15.0,-3.0,-11.666666666666657,-14.857142857142833,-1.0,-0.9785481345802031,0.20601832032517084,-9.0,train
2018-10-14,2018-10-13,243,234.0,-9.0,-10.0,-15.0,-9.333333333333343,-21.714285714285722,-3.5,-0.9748595108374125,0.22282040779479959,9.0,train
2018-10-15,2018-10-14,236,243.0,9.0,-9.0,-10.0,3.0,-11.0,-3.8333333333333335,-0.9708824104813836,0.23955655912092708,-7.0,train
2018-10-16,2018-10-15,233,236.0,-7.0,9.0,-9.0,-1.6666666666666572,-13.714285714285722,-5.833333333333333,-0.9666180104000972,0.2562218218071163,-3.0,train
2018-10-17,2018-10-16,253,233.0,-3.0,-7.0,9.0,-4.333333333333343,-11.285714285714278,-5.833333333333333,-0.9620675724981452,0.27281126433401914,20.0,train
2018-10-18,2018-10-17,261,253.0,20.0,-3.0,-7.0,12.333333333333343,10.857142857142861,0.0,-0.957232443323312,0.28931997761869527,8.0,train
2018-10-19,2018-10-18,248,261.0,8.0,20.0,-3.0,12.0,17.714285714285722,3.0,-0.9521140536681102,0.3057430764672831,-13.0,train
2018-10-20,2018-10-19,246,248.0,-13.0,8.0,20.0,-6.0,4.0,2.3333333333333335,-0.9467139181463862,0.3220757010206104,-2.0,train
2018-10-21,2018-10-20,243,246.0,-2.0,-13.0,8.0,-5.666666666666657,0.2857142857142776,0.5,-0.9410336347451197,0.3383130181923076,-3.0,train
2018-10-22,2018-10-21,232,243.0,-3.0,-2.0,-13.0,-2.666666666666657,-2.7142857142857224,1.1666666666666667,-0.9350748843515574,0.3544502230989869,-11.0,train
2018-10-23,2018-10-22,228,232.0,-11.0,-3.0,-2.0,-8.333333333333343,-13.142857142857139,-0.16666666666666666,-0.9288394302558068,0.3704825404820963,-4.0,train
2018-10-24,2018-10-23,243,228.0,-4.0,-11.0,-3.0,-6.333333333333343,-16.428571428571416,-4.166666666666667,-0.9223291176290545,0.3864052261209853,15.0,train
2018-10-25,2018-10-24,248,243.0,15.0,-4.0,-11.0,8.666666666666657,0.0,-3.0,-0.9155458729775467,0.40221356823680365,5.0,train
2018-10-26,2018-10-25,239,248.0,5.0,15.0,-4.0,8.333333333333343,6.857142857142861,0.0,-0.9084917035725082,0.41790288888678667,-9.0,train
2018-10-27,2018-10-26,242,239.0,-9.0,5.0,15.0,-4.333333333333343,-0.8571428571428612,-1.1666666666666667,-0.9011686968561569,0.4334685453485363,3.0,train
2018-10-28,2018-10-27,257,242.0,3.0,-9.0,5.0,-1.0,2.7142857142857224,-0.16666666666666666,-0.8935790198239952,0.4489059314938798,15.0,train
2018-10-29,2018-10-28,266,257.0,15.0,3.0,-9.0,11.0,15.714285714285722,4.166666666666667,-0.8857249183835637,0.4642104791518923,9.0,train
2018-10-30,2018-10-29,250,266.0,9.0,15.0,3.0,11.0,19.85714285714286,6.333333333333333,-0.8776087166898392,0.4793776594606945,-16.0,train
2018-10-31,2018-10-30,233,250.0,-16.0,9.0,15.0,-7.666666666666686,0.7142857142857224,1.1666666666666667,-0.8692328164574792,0.49440298420761813,-17.0,train
2018-11-01,2018-10-31,219,233.0,-17.0,-16.0,9.0,-16.666666666666657,-14.857142857142861,-2.5,-0.8605996962501181,0.5092820071573356,-14.0,train
2018-11-02,2018-11-01,216,219.0,-14.0,-17.0,-16.0,-15.0,-24.714285714285722,-3.3333333333333335,-0.8517119107469189,0.5240103253675756,-3.0,train
2018-11-03,2018-11-02,221,216.0,-3.0,-14.0,-17.0,-6.666666666666657,-24.428571428571416,-4.333333333333333,-0.8425720899866032,0.5385835804920232,5.0,train
2018-11-04,2018-11-03,236,221.0,5.0,-3.0,-14.0,2.333333333333343,-16.428571428571416,-6.0,-0.8331829385891785,0.5529974600700271,15.0,train
2018-11-05,2018-11-04,240,236.0,15.0,5.0,-3.0,11.666666666666657,1.5714285714285836,-5.0,-0.8235472349556007,0.5672476988027229,4.0,train
2018-11-06,2018-11-05,229,240.0,4.0,15.0,5.0,7.666666666666657,9.285714285714278,-1.6666666666666667,-0.8136678304455991,0.5813300798152042,-11.0,train
2018-11-07,2018-11-06,221,229.0,-11.0,4.0,15.0,-6.0,1.2857142857142776,-0.6666666666666666,-0.8035476485339116,0.5952404359043674,-8.0,train
2018-11-08,2018-11-07,233,221.0,-8.0,-11.0,4.0,-9.0,-5.0,0.3333333333333333,-0.7931896839451843,0.6089746507720486,12.0,train
2018-11-09,2018-11-08,245,233.0,12.0,-8.0,-11.0,5.333333333333343,5.0,2.8333333333333335,-0.7825970017677834,0.6225286602431057,12.0,train
2018-11-10,2018-11-09,245,245.0,12.0,12.0,-8.0,12.0,12.857142857142861,4.0,-0.7717727365467836,0.6358984534680745,0.0,train
2018-11-11,2018-11-10,225,245.0,0.0,12.0,12.0,4.0,9.428571428571416,1.5,-0.7607200913564104,0.6490800741100398,-20.0,train
2018-11-12,2018-11-11,198,225.0,-20.0,0.0,12.0,-13.333333333333343,-9.0,-2.5,-0.7494423368521954,0.6620696215153815,-27.0,train
2018-11-13,2018-11-12,186,198.0,-27.0,-20.0,0.0,-24.666666666666657,-30.0,-5.166666666666667,-0.7379428103031386,0.6748632518680403,-12.0,train
2018-11-14,2018-11-13,188,186.0,-12.0,-27.0,-20.0,-17.0,-35.85714285714286,-5.833333333333333,-0.7262249146041543,0.6874571793269664,2.0,train
2018-11-15,2018-11-14,190,188.0,2.0,-12.0,-27.0,-2.666666666666657,-29.14285714285714,-7.5,-0.7142921172691032,0.699847677146407,2.0,train
2018-11-16,2018-11-15,184,190.0,2.0,2.0,-12.0,2.0,-21.0,-9.166666666666666,-0.7021479494046978,0.7120310787787131,-6.0,train
2018-11-17,2018-11-16,181,184.0,-6.0,2.0,2.0,-3.333333333333343,-18.285714285714278,-10.166666666666666,-0.6897960046655887,0.7240037789593305,-3.0,train
2018-11-18,2018-11-17,180,181.0,-3.0,-6.0,2.0,-4.0,-12.142857142857139,-7.333333333333333,-0.6772399381909491,0.7357622347736527,-1.0,train
2018-11-19,2018-11-18,186,180.0,-1.0,-3.0,-6.0,-1.6666666666666572,-6.714285714285722,-3.0,-0.6644834655228552,0.7473029667054296,6.0,train
2018-11-20,2018-11-19,197,186.0,6.0,-1.0,-3.0,3.666666666666657,1.0,0.0,-0.6515303615068021,0.75862255966641,11.0,train
2018-11-21,2018-11-20,214,197.0,11.0,6.0,-1.0,9.333333333333343,10.428571428571416,1.5,-0.6383844591746642,0.7697176640069211,17.0,train
2018-11-22,2018-11-21,227,214.0,17.0,11.0,6.0,15.0,23.714285714285722,4.0,-0.6250496486104377,0.7805849965070866,13.0,train
2018-11-23,2018-11-22,245,227.0,13.0,17.0,11.0,14.333333333333343,31.428571428571416,7.166666666666667,-0.6115298757991053,0.7912213413483807,18.0,train
2018-11-24,2018-11-23,251,245.0,18.0,13.0,17.0,16.333333333333343,40.71428571428572,10.666666666666666,-0.5978291414589552,0.801623551065242,6.0,train
2018-11-25,2018-11-24,251,251.0,6.0,18.0,13.0,10.0,36.71428571428572,11.833333333333334,-0.5839514998576998,0.8117885474764613,0.0,train
2018-11-26,2018-11-25,245,251.0,0.0,6.0,18.0,2.0,26.571428571428584,10.833333333333334,-0.5699010576127624,0.8217133225960589,-6.0,train
2018-11-27,2018-11-26,244,245.0,-6.0,0.0,6.0,-4.0,12.142857142857139,8.0,-0.5556819724760489,0.8313949395234058,-1.0,train
2018-11-28,2018-11-27,248,244.0,-1.0,-6.0,0.0,-2.666666666666657,4.428571428571416,5.0,-0.5412984521036173,0.8408305333122887,4.0,train
2018-11-29,2018-11-28,249,248.0,4.0,-1.0,-6.0,2.333333333333343,3.5714285714285836,3.5,-0.5267547528105542,0.8500173118187018,1.0,train
2018-11-30,2018-11-29,232,249.0,1.0,4.0,-1.0,2.0,1.4285714285714164,0.6666666666666666,-0.5120551783114646,0.8589525565270845,-17.0,train
2018-12-01,2018-11-30,217,232.0,-17.0,1.0,4.0,-11.0,-13.714285714285722,-3.1666666666666665,-0.4972040784469378,0.8676336233547726,-15.0,train
2018-12-02,2018-12-01,214,217.0,-15.0,-17.0,1.0,-15.666666666666657,-23.85714285714286,-5.666666666666667,-0.4822058478963526,0.8760579434344281,-3.0,train
2018-12-03,2018-12-02,208,214.0,-3.0,-15.0,-17.0,-7.0,-21.571428571428584,-5.166666666666667,-0.46706492487743034,0.8842230238742036,-6.0,train
2018-12-04,2018-12-03,213,208.0,-6.0,-3.0,-15.0,-5.0,-22.285714285714278,-6.0,-0.451785789832884,0.8921264484954345,5.0,train
2018-12-05,2018-12-04,214,213.0,5.0,-6.0,-3.0,1.3333333333333428,-12.857142857142861,-5.833333333333333,-0.4363729641045924,0.8997658785476209,1.0,train
2018-12-06,2018-12-05,212,214.0,1.0,5.0,-6.0,2.333333333333343,-7.0,-5.833333333333333,-0.42083100859565564,0.9071390534005044,-2.0,train
2018-12-07,2018-12-06,209,212.0,-2.0,1.0,5.0,-1.0,-3.7142857142857224,-3.3333333333333335,-0.4051645224207563,0.9142437912130223,-3.0,train
2018-12-08,2018-12-07,208,209.0,-3.0,-2.0,1.0,-2.666666666666657,-3.4285714285714164,-1.3333333333333333,-0.3893781415452015,0.9210779895789526,-1.0,train
2018-12-09,2018-12-08,209,208.0,-1.0,-3.0,-2.0,-1.6666666666666572,-3.142857142857139,-1.0,-0.37347653741307074,0.9276396261490467,1.0,train
2018-12-10,2018-12-09,209,209.0,1.0,-1.0,-3.0,0.3333333333333428,-1.4285714285714164,0.16666666666666666,-0.3574644155648614,0.9339267592294762,0.0,train
2018-12-11,2018-12-10,214,209.0,0.0,1.0,-1.0,0.3333333333333428,-1.5714285714285836,-0.6666666666666666,-0.34134651424503615,0.9399375283564133,5.0,train
2018-12-12,2018-12-11,222,214.0,5.0,0.0,1.0,3.333333333333343,3.2857142857142776,0.0,-0.3251276029999093,0.9456701548465688,8.0,train
2018-12-13,2018-12-12,231,222.0,8.0,5.0,0.0,7.0,10.142857142857139,1.6666666666666667,-0.30881248126625377,0.9511229423235357,9.0,train
2018-12-14,2018-12-13,233,231.0,9.0,8.0,5.0,8.666666666666657,16.428571428571416,3.6666666666666665,-0.29240597695107734,0.9562942772197719,2.0,train
2018-12-15,2018-12-14,236,233.0,2.0,9.0,8.0,4.333333333333343,15.0,4.166666666666667,-0.27591294500296043,0.9611826292540837,3.0,train
2018-12-16,2018-12-15,239,236.0,3.0,2.0,9.0,2.666666666666657,14.0,4.5,-0.2593382659754056,0.9657865518844574,3.0,train
2018-12-17,2018-12-16,235,239.0,3.0,3.0,2.0,3.0,12.714285714285722,5.0,-0.2426868445825954,0.9701046827361175,-4.0,train
2018-12-18,2018-12-17,226,235.0,-4.0,3.0,3.0,-1.6666666666666572,5.0,3.5,-0.22596360824801906,0.974135744004672,-9.0,train
2018-12-19,2018-12-18,219,226.0,-9.0,-4.0,3.0,-7.333333333333343,-5.714285714285722,0.6666666666666666,-0.20917350564635637,0.9778785428342386,-7.0,train
2018-12-20,2018-12-19,215,219.0,-7.0,-9.0,-4.0,-7.666666666666657,-12.285714285714278,-2.0,-0.19232150523909483,0.9813319716704275,-4.0,train
2018-12-21,2018-12-20,213,215.0,-4.0,-7.0,-9.0,-5.0,-14.0,-3.0,-0.17541259380427843,0.9844950085880858,-2.0,train
2018-12-22,2018-12-21,215,213.0,-2.0,-4.0,-7.0,-2.666666666666657,-13.142857142857139,-3.8333333333333335,-0.15845177496083632,0.9873667175937016,2.0,train
2018-12-23,2018-12-22,223,215.0,2.0,-2.0,-4.0,0.6666666666666572,-8.142857142857139,-4.0,-0.14144406768794202,0.9899462489023779,8.0,train
2018-12-24,2018-12-23,224,223.0,8.0,2.0,-2.0,6.0,2.142857142857139,-2.0,-0.12439450483979998,0.9922328391893008,1.0,train
2018-12-25,2018-12-24,222,224.0,1.0,8.0,2.0,3.333333333333343,4.714285714285722,-0.3333333333333333,-0.10730813165636247,0.9942258118156161,-2.0,train
2018-12-26,2018-12-25,218,222.0,-2.0,1.0,8.0,-1.0,3.2857142857142776,0.5,-0.09019000427034513,0.9959245770286599,-4.0,train
2018-12-27,2018-12-26,222,218.0,-4.0,-2.0,1.0,-3.333333333333343,-0.5714285714285836,0.5,-0.07304518821104743,0.9973286321364752,4.0,train
2018-12-28,2018-12-27,216,222.0,4.0,-4.0,-2.0,1.3333333333333428,2.4285714285714164,1.5,-0.05587875690537313,0.9984375616565666,-6.0,train
2018-12-29,2018-12-28,219,216.0,-6.0,4.0,-4.0,-2.666666666666657,-4.0,0.16666666666666666,-0.03869579017652689,0.9992510374388481,3.0,train
2018-12-30,2018-12-29,218,219.0,3.0,-6.0,4.0,0.0,-1.5714285714285836,-0.6666666666666666,-0.021501372740813793,0.999768818762748,-1.0,train
2018-12-31,2018-12-30,217,218.0,-1.0,3.0,-6.0,0.3333333333333428,-1.8571428571428612,-1.0,-0.004300592702981974,0.9999907524084426,-1.0,train
2019-01-01,2018-12-31,223,217.0,-1.0,-1.0,3.0,-1.0,-1.8571428571428612,-0.8333333333333334,0.017201575418260506,0.9998520419557735,6.0,validation
2019-01-02,2019-01-01,220,223.0,6.0,-1.0,-1.0,3.666666666666657,4.0,0.8333333333333334,0.03439806061360801,0.9994082116062598,-3.0,validation
2019-01-03,2019-01-02,218,220.0,-3.0,6.0,-1.0,0.0,0.7142857142857224,-0.3333333333333333,0.051584366869408364,0.9986686402879997,-2.0,validation
2019-01-04,2019-01-03,218,218.0,-2.0,-3.0,6.0,-2.333333333333343,-0.7142857142857224,0.3333333333333333,0.06875540848113941,0.9976335468520451,0.0,validation
2019-01-05,2019-01-04,219,218.0,0.0,-2.0,-3.0,-0.6666666666666572,-1.0,-0.16666666666666666,0.08590610426133272,0.9963032375991965,1.0,validation
2019-01-06,2019-01-05,216,219.0,1.0,0.0,-2.0,0.6666666666666572,0.0,0.16666666666666666,0.10303137904317879,0.9946781061893646,-3.0,validation
2019-01-07,2019-01-06,211,216.0,-3.0,1.0,0.0,-1.6666666666666572,-2.7142857142857224,-0.16666666666666666,0.1201261651823505,0.9927586335250793,-5.0,validation
2019-01-08,2019-01-07,207,211.0,-5.0,-3.0,1.0,-4.333333333333343,-6.857142857142861,-2.0,0.13718540405660057,0.9905453876091833,-4.0,validation
2019-01-09,2019-01-08,205,207.0,-4.0,-5.0,-3.0,-4.333333333333343,-8.571428571428584,-2.1666666666666665,0.1542040475626894,0.988039023376751,-2.0,validation
2019-01-10,2019-01-09,205,205.0,-2.0,-4.0,-5.0,-2.666666666666657,-8.428571428571416,-2.1666666666666665,0.17117705961019986,0.985240282501282,0.0,validation
2019-01-11,2019-01-10,210,205.0,0.0,-2.0,-4.0,-0.6666666666666572,-6.571428571428584,-2.1666666666666665,0.18809941761179758,0.9821499931752291,5.0,validation
2019-01-12,2019-01-11,221,210.0,5.0,0.0,-2.0,3.333333333333343,-0.4285714285714164,-1.5,0.20496611396949532,0.9787690698649216,11.0,validation
2019-01-13,2019-01-12,228,221.0,11.0,5.0,0.0,9.0,10.285714285714278,0.8333333333333334,0.22177215755648186,0.975098513039961,7.0,validation
2019-01-14,2019-01-13,231,228.0,7.0,11.0,5.0,8.333333333333343,15.571428571428584,2.8333333333333335,0.23851257519407648,0.9711394088771653,3.0,validation
2019-01-15,2019-01-14,228,231.0,3.0,7.0,11.0,4.333333333333343,15.714285714285722,4.0,0.2551824131233728,0.9668929289391521,-3.0,validation
2019-01-16,2019-01-15,228,228.0,-3.0,3.0,7.0,-1.0,9.714285714285722,3.8333333333333335,0.2717767384711357,0.9623603298276545,0.0,validation
2019-01-17,2019-01-16,237,228.0,0.0,-3.0,3.0,-1.0,6.428571428571416,3.8333333333333335,0.2882906407095177,0.9575429528116719,9.0,validation
2019-01-18,2019-01-17,230,237.0,9.0,0.0,-3.0,6.0,10.857142857142861,4.5,0.3047192331091634,0.9524422234305676,-7.0,validation
2019-01-19,2019-01-18,221,230.0,-7.0,9.0,0.0,-1.6666666666666572,1.0,1.5,0.321057654185271,0.9470596510722283,-9.0,validation
2019-01-20,2019-01-19,220,221.0,-9.0,-7.0,9.0,-8.333333333333343,-8.0,-1.1666666666666667,0.3373010691361842,0.9413968285264122,-1.0,validation
2019-01-21,2019-01-20,226,220.0,-1.0,-9.0,-7.0,-3.666666666666657,-7.857142857142861,-1.8333333333333333,0.3534446712740877,0.9354554315134164,6.0,validation
2019-01-22,2019-01-21,232,226.0,6.0,-1.0,-9.0,3.666666666666657,-1.1428571428571388,-0.3333333333333333,0.3694836834473831,0.9292372181882051,6.0,validation
2019-01-23,2019-01-22,235,232.0,6.0,6.0,-1.0,6.0,4.285714285714278,0.6666666666666666,0.38541335945432564,0.9227440286201427,3.0,validation
2019-01-24,2019-01-23,230,235.0,3.0,6.0,6.0,4.0,6.285714285714278,-0.3333333333333333,0.4012289854475009,0.9159777842484877,-5.0,validation
2019-01-25,2019-01-24,227,230.0,-5.0,3.0,6.0,-2.333333333333343,2.2857142857142776,0.0,0.4169258813287287,0.908940487313808,-3.0,validation
2019-01-26,2019-01-25,221,227.0,-3.0,-5.0,3.0,-3.666666666666657,-0.2857142857142776,1.0,0.4324994021339788,0.901634220265486,-6.0,validation
2019-01-27,2019-01-26,219,221.0,-6.0,-3.0,-5.0,-5.0,-6.285714285714278,0.16666666666666666,0.44794493940789115,0.8940611451454876,-2.0,validation
2019-01-28,2019-01-27,223,219.0,-2.0,-6.0,-3.0,-3.333333333333343,-8.142857142857139,-1.1666666666666667,0.4632579225674917,0.88622350294858,4.0,validation
2019-01-29,2019-01-28,222,223.0,4.0,-2.0,-6.0,2.0,-3.7142857142857224,-1.5,0.4784338202547012,0.8781236129591848,-1.0,validation
2019-01-30,2019-01-29,221,222.0,-1.0,4.0,-2.0,0.6666666666666572,-3.2857142857142776,-2.1666666666666665,0.49346814167723735,0.8697638720650646,-1.0,validation
2019-01-31,2019-01-30,224,221.0,-1.0,-1.0,4.0,-1.0,-2.2857142857142776,-1.5,0.5083564379375122,0.8611467540480452,3.0,validation
2019-02-01,2019-01-31,226,224.0,3.0,-1.0,-1.0,1.6666666666666572,1.5714285714285836,-0.5,0.5230943033491326,0.8522748088519838,2.0,validation
2019-02-02,2019-02-01,227,226.0,2.0,3.0,-1.0,2.333333333333343,3.7142857142857224,0.8333333333333334,0.5376773767406141,0.8431506618282,1.0,validation
2019-02-03,2019-02-02,229,227.0,1.0,2.0,3.0,1.3333333333333428,3.857142857142861,1.3333333333333333,0.5521013427459208,0.8337770129585915,2.0,validation
2019-02-04,2019-02-03,231,229.0,2.0,1.0,2.0,1.6666666666666572,4.428571428571416,1.0,0.5663619330814524,0.8241566360566663,2.0,validation
2019-02-05,2019-02-04,228,231.0,2.0,2.0,1.0,2.0,5.285714285714278,1.5,0.580454927809098,0.8142923779467267,-3.0,validation
2019-02-06,2019-02-05,227,228.0,-3.0,2.0,2.0,-1.3333333333333428,1.4285714285714164,1.1666666666666667,0.5943761565849831,0.804187157621448,-1.0,validation
2019-02-07,2019-02-06,225,227.0,-1.0,-3.0,2.0,-1.6666666666666572,-0.4285714285714164,0.5,0.6081214998935418,0.7938439653781019,-2.0,validation
2019-02-08,2019-02-07,228,225.0,-2.0,-1.0,-3.0,-1.6666666666666572,-2.5714285714285836,-0.16666666666666666,0.6216868902665479,0.7832658619336791,3.0,validation
2019-02-09,2019-02-08,218,228.0,3.0,-2.0,-1.0,1.3333333333333428,0.1428571428571388,0.16666666666666666,0.6350683134867438,0.7724559775191742,-10.0,validation
2019-02-10,2019-02-09,210,218.0,-10.0,3.0,-2.0,-5.666666666666657,-8.571428571428584,-1.8333333333333333,0.6482618097757122,0.7614175109532997,-8.0,validation
2019-02-11,2019-02-10,207,210.0,-8.0,-10.0,3.0,-8.666666666666657,-13.857142857142861,-3.5,0.6612634749656386,0.7501537286959042,-3.0,validation
2019-02-12,2019-02-11,208,207.0,-3.0,-8.0,-10.0,-4.666666666666657,-13.428571428571416,-3.5,0.6740694616546161,0.7386679638813748,1.0,validation
2019-02-13,2019-02-12,210,208.0,1.0,-3.0,-8.0,-0.3333333333333428,-9.571428571428584,-3.1666666666666665,0.6866759803451553,0.726963615332308,2.0,validation
2019-02-14,2019-02-13,212,210.0,2.0,1.0,-3.0,1.6666666666666572,-5.142857142857139,-2.5,0.6990793005655562,0.7150441465537444,2.0,validation
2019-02-15,2019-02-14,214,212.0,2.0,2.0,1.0,2.0,-1.2857142857142776,-2.6666666666666665,0.7112757519738152,0.7029130847082615,2.0,validation
2019-02-16,2019-02-15,219,214.0,2.0,2.0,2.0,2.0,2.7142857142857224,-0.6666666666666666,0.7232617254437388,0.6905740195722293,5.0,validation
2019-02-17,2019-02-16,226,219.0,5.0,2.0,2.0,4.0,7.571428571428584,1.5,0.7350336741329413,0.6780306024735382,7.0,validation
2019-02-18,2019-02-17,228,226.0,7.0,5.0,2.0,6.333333333333343,12.285714285714278,3.1666666666666665,0.746588114532413,0.6652865452111116,2.0,validation
2019-02-19,2019-02-18,228,228.0,2.0,7.0,5.0,3.666666666666657,11.285714285714278,3.3333333333333335,0.7579216274973472,0.6523456189565257,0.0,validation
2019-02-20,2019-02-19,214,228.0,0.0,2.0,7.0,0.6666666666666572,8.428571428571416,3.0,0.7690308592589181,0.6392116531380588,-14.0,validation
2019-02-21,2019-02-20,226,214.0,-14.0,0.0,2.0,-9.333333333333343,-6.142857142857139,0.3333333333333333,0.7799125224167177,0.6258885343075018,12.0,validation
2019-02-22,2019-02-21,229,226.0,12.0,-14.0,0.0,3.333333333333343,3.857142857142861,2.0,0.7905633969115482,0.612380204990065,3.0,validation
2019-02-23,2019-02-22,229,229.0,3.0,12.0,-14.0,6.0,4.714285714285722,1.6666666666666667,0.8009803309782905,0.5986906625177214,0.0,validation
2019-02-24,2019-02-23,223,229.0,0.0,3.0,12.0,1.0,3.2857142857142776,0.5,0.8111602420785621,0.5848239578463322,-6.0,validation
2019-02-25,2019-02-24,219,223.0,-6.0,0.0,3.0,-4.0,-2.2857142857142776,-0.8333333333333334,0.8211001178128892,0.5707841943569036,-4.0,validation
2019-02-26,2019-02-25,218,219.0,-4.0,-6.0,0.0,-4.666666666666657,-5.0,-1.5,0.8307970168121247,0.5565755266413303,-1.0,validation
2019-02-27,2019-02-26,223,218.0,-1.0,-4.0,-6.0,-2.0,-4.571428571428584,0.6666666666666666,0.8402480696078469,0.5422021592729844,5.0,validation
2019-02-28,2019-02-27,232,223.0,5.0,-1.0,-4.0,3.0,-0.8571428571428612,-0.5,0.8494504794814806,0.527668345562516,9.0,validation
2019-03-01,2019-02-28,230,232.0,9.0,5.0,-1.0,7.666666666666657,7.285714285714278,0.5,0.8584015232918917,0.512978386299228,-2.0,validation
2019-03-02,2019-03-01,232,230.0,-2.0,9.0,5.0,1.6666666666666572,5.142857142857139,0.16666666666666666,0.8670985522812081,0.4981366284784055,2.0,validation
2019-03-03,2019-03-02,241,232.0,2.0,-2.0,9.0,0.6666666666666572,6.714285714285722,1.5,0.8755389928586302,0.4831474640149687,9.0,validation
2019-03-04,2019-03-03,238,241.0,9.0,2.0,-2.0,6.666666666666657,13.142857142857139,3.6666666666666665,0.8837203473619977,0.4680153284438345,-3.0,validation
2019-03-05,2019-03-04,237,238.0,-3.0,9.0,2.0,1.0,7.428571428571416,3.3333333333333335,0.8916401947968874,0.45274469960737107,-1.0,validation
2019-03-06,2019-03-05,241,237.0,-1.0,-3.0,9.0,-1.6666666666666572,3.7142857142857224,2.3333333333333335,0.8992961915530253,0.4373400963303323,4.0,validation
2019-03-07,2019-03-06,241,241.0,4.0,-1.0,-3.0,2.333333333333343,5.142857142857139,1.5,0.9066860720977985,0.4218060770826634,0.0,validation
2019-03-08,2019-03-07,233,241.0,0.0,4.0,-1.0,1.3333333333333428,3.857142857142861,1.8333333333333333,0.9138076496466615,0.4061472386305789,-8.0,validation
2019-03-09,2019-03-08,224,233.0,-8.0,0.0,4.0,-5.333333333333343,-4.571428571428584,0.16666666666666666,0.9206588168102428,0.3903682146763026,-9.0,validation
2019-03-10,2019-03-09,225,224.0,-9.0,-8.0,0.0,-8.666666666666657,-12.428571428571416,-2.8333333333333335,0.9272375462179537,0.374473674486883,1.0,validation
2019-03-11,2019-03-10,241,225.0,1.0,-9.0,-8.0,-2.333333333333343,-9.142857142857139,-2.1666666666666665,0.9335418911179212,0.35846832151248087,16.0,validation
2019-03-12,2019-03-11,249,241.0,16.0,1.0,-9.0,11.0,6.428571428571416,0.6666666666666666,0.9395699859530622,0.342356891994542,8.0,validation
2019-03-13,2019-03-12,244,249.0,8.0,16.0,1.0,10.666666666666657,12.714285714285722,1.3333333333333333,0.945320046913132,0.3261441535642696,-5.0,validation
2019-03-14,2019-03-13,237,244.0,-5.0,8.0,16.0,-0.6666666666666572,7.285714285714278,0.5,0.9507903724625832,0.3098349038318025,-7.0,validation
2019-03-15,2019-03-14,236,237.0,-7.0,-5.0,8.0,-6.333333333333343,0.8571428571428612,0.6666666666666666,0.9559793438440766,0.2934339689665273,-1.0,validation
2019-03-16,2019-03-15,236,236.0,-1.0,-7.0,-5.0,-3.0,-0.5714285714285836,2.0,0.9608854255574977,0.27694620226893646,0.0,validation
2019-03-17,2019-03-16,232,236.0,0.0,-1.0,-7.0,-0.3333333333333428,-2.2857142857142776,1.8333333333333333,0.9655071658143364,0.2603764827344581,-4.0,validation
2019-03-18,2019-03-17,229,232.0,-4.0,0.0,-1.0,-2.666666666666657,-7.285714285714278,-1.5,0.969843196967294,0.24372971360968387,-3.0,validation
2019-03-19,2019-03-18,221,229.0,-3.0,-4.0,0.0,-3.333333333333343,-8.571428571428584,-3.3333333333333335,0.9738922359149924,0.22701082094141847,-8.0,validation
2019-03-20,2019-03-19,223,221.0,-8.0,-3.0,-4.0,-6.333333333333343,-12.571428571428584,-3.8333333333333335,0.9776530844816641,0.2102247521189836,2.0,validation
2019-03-21,2019-03-20,227,223.0,2.0,-8.0,-3.0,-1.3333333333333428,-7.571428571428584,-2.3333333333333335,0.981124629771712,0.19337647441020586,4.0,validation
2019-03-22,2019-03-21,240,227.0,4.0,2.0,-8.0,3.333333333333343,-2.142857142857139,-1.5,0.984305844499033,0.17647097349152166,13.0,validation
2019-03-23,2019-03-22,255,240.0,13.0,4.0,2.0,10.0,10.285714285714278,0.6666666666666666,0.9871957872910085,0.15951325197263655,15.0,validation
2019-03-24,2019-03-23,253,255.0,15.0,13.0,4.0,14.333333333333343,22.571428571428584,3.8333333333333335,0.9897936029670716,0.14250832791617088,-2.0,validation
2019-03-25,2019-03-24,244,253.0,-2.0,15.0,13.0,3.666666666666657,17.571428571428584,4.0,0.992098522791769,0.12546123335273648,-9.0,validation
2019-03-26,2019-03-25,255,244.0,-9.0,-2.0,15.0,-6.666666666666657,6.428571428571416,3.8333333333333335,0.9941098647022418,0.10837701279187609,11.0,validation
2019-03-27,2019-03-26,251,255.0,11.0,-9.0,-2.0,4.333333333333343,12.571428571428584,5.333333333333333,0.9958270335100595,0.09126072172931188,-4.0,validation
2019-03-28,2019-03-27,238,251.0,-4.0,11.0,-9.0,1.0,4.571428571428584,4.0,0.9972495210773451,0.07411742515094437,-13.0,validation
2019-03-29,2019-03-28,250,238.0,-13.0,-4.0,11.0,-10.0,-10.0,-0.3333333333333333,0.998376906467142,0.056952196034039754,12.0,validation
2019-03-30,2019-03-29,264,250.0,12.0,-13.0,-4.0,3.666666666666657,0.5714285714285836,-0.8333333333333334,0.9992088560679753,0.03977011384605572,14.0,validation
2019-03-31,2019-03-30,261,264.0,14.0,12.0,-13.0,13.333333333333343,13.285714285714278,1.8333333333333333,0.9997451236925734,0.022576263041545485,-3.0,validation
2019-04-01,2019-03-31,266,261.0,-3.0,14.0,12.0,2.6666666666666856,9.142857142857139,2.8333333333333335,0.9999855506507186,0.005375731557583884,5.0,validation
2019-04-02,2019-04-01,277,266.0,5.0,-3.0,14.0,2.3333333333333144,11.0,1.8333333333333333,0.9999300657962057,-0.011826390691832589,11.0,validation
2019-04-03,2019-04-02,276,277.0,11.0,5.0,-3.0,9.0,18.857142857142833,4.333333333333333,0.9995786855478958,-0.029025013321975237,-1.0,validation
2019-04-04,2019-04-03,276,276.0,-1.0,11.0,5.0,3.0,14.285714285714278,6.333333333333333,0.9989315138848577,-0.046215046983708354,0.0,validation
2019-04-05,2019-04-04,271,276.0,0.0,-1.0,11.0,-0.3333333333333144,8.857142857142833,4.333333333333333,0.9979887423155984,-0.06339140486951038,-5.0,validation
2019-04-06,2019-04-05,266,271.0,-5.0,0.0,-1.0,-3.3333333333333144,0.8571428571428328,1.1666666666666667,0.9967506498213929,-0.08054900421874167,-5.0,validation
2019-04-07,2019-04-06,260,266.0,-5.0,-5.0,0.0,-5.0,-4.428571428571445,0.8333333333333334,0.9952176027737294,-0.09768276782171598,-6.0,validation
2019-04-08,2019-04-07,250,260.0,-6.0,-5.0,-5.0,-5.666666666666686,-10.285714285714278,-1.0,0.9933900548258936,-0.11478762552212701,-10.0,validation
2019-04-09,2019-04-08,240,250.0,-10.0,-6.0,-5.0,-8.666666666666686,-18.0,-4.5,0.9912685467787256,-0.13185851571739118,-10.0,validation
2019-04-10,2019-04-09,242,240.0,-10.0,-10.0,-6.0,-10.0,-22.714285714285722,-6.0,0.9888537064205885,-0.1488903868564548,2.0,validation
2019-04-11,2019-04-10,253,242.0,2.0,-10.0,-10.0,-2.0,-15.857142857142833,-5.666666666666667,0.986146248341595,-0.16587819893463143,11.0,validation
2019-04-12,2019-04-11,260,253.0,11.0,2.0,-10.0,8.0,-1.5714285714285836,-3.0,0.9831469737221499,-0.1828169249850199,7.0,validation
2019-04-13,2019-04-12,273,260.0,7.0,11.0,2.0,8.333333333333343,7.0,-1.0,0.9798567700958665,-0.1997015525660636,13.0,validation
2019-04-14,2019-04-13,272,273.0,13.0,7.0,11.0,11.0,19.0,2.1666666666666665,0.9762766110869321,-0.21652708524481437,-1.0,validation
2019-04-15,2019-04-14,271,272.0,-1.0,13.0,7.0,3.6666666666666856,16.285714285714278,3.6666666666666665,0.9724075561219968,-0.23328854407545518,-1.0,validation
2019-04-16,2019-04-15,255,271.0,-1.0,-1.0,13.0,-1.0,12.285714285714278,5.166666666666667,0.9682507501166718,-0.2499809690726521,-16.0,validation
2019-04-17,2019-04-16,262,255.0,-16.0,-1.0,-1.0,-11.0,-5.857142857142833,2.1666666666666665,0.9638074231367307,-0.26659942067929354,7.0,validation
2019-04-18,2019-04-17,250,262.0,7.0,-16.0,-1.0,-0.6666666666666856,-1.7142857142857224,1.5,0.9590788900341131,-0.28313898122818354,-12.0,validation
2019-04-19,2019-04-18,234,250.0,-12.0,7.0,-16.0,-5.666666666666657,-13.285714285714278,-1.6666666666666667,0.9540665500578387,-0.2995947563972602,-16.0,validation
2019-04-20,2019-04-19,245,234.0,-16.0,-12.0,7.0,-14.666666666666657,-25.571428571428555,-6.5,0.9487718864399473,-0.31596187665790293,11.0,validation
2019-04-21,2019-04-20,256,245.0,11.0,-16.0,-12.0,2.0,-10.571428571428584,-4.5,0.9431964659565866,-0.33223549871590435,11.0,validation
2019-04-22,2019-04-21,270,256.0,11.0,11.0,-16.0,11.0,2.7142857142857224,-2.5,0.9373419384643772,-0.3484108069446808,14.0,validation
2019-04-23,2019-04-22,280,270.0,14.0,11.0,11.0,13.0,16.85714285714286,2.5,0.9312100364121947,-0.3644830148102912,10.0,validation
2019-04-24,2019-04-23,289,280.0,10.0,14.0,11.0,11.333333333333314,23.285714285714278,3.0,0.9248025743285089,-0.38044736628785164,9.0,validation
2019-04-25,2019-04-24,297,289.0,9.0,10.0,14.0,9.333333333333314,28.428571428571445,6.5,0.9181214482844364,-0.39629913726891813,8.0,validation
2019-04-26,2019-04-25,310,297.0,8.0,9.0,10.0,8.333333333333314,29.714285714285722,10.5,0.9111686353326631,-0.41203363695942635,13.0,validation
2019-04-27,2019-04-26,309,310.0,13.0,8.0,9.0,11.333333333333314,31.857142857142833,10.833333333333334,0.9039461929224011,-0.42764620926777464,-1.0,validation
2019-04-28,2019-04-27,321,309.0,-1.0,13.0,8.0,3.6666666666666856,21.714285714285722,8.833333333333334,0.8964562582905575,-0.44313223418263453,12.0,validation
2019-04-29,2019-04-28,312,321.0,12.0,-1.0,13.0,7.666666666666686,24.428571428571445,8.5,0.8887010478292915,-0.45848712914008766,-9.0,validation
2019-04-30,2019-04-29,296,312.0,-9.0,12.0,-1.0,-2.0,9.428571428571445,5.333333333333333,0.8806828564301475,-0.47370635037968,-16.0,validation
2019-05-01,2019-04-30,289,296.0,-16.0,-9.0,12.0,-13.666666666666686,-8.857142857142833,1.1666666666666667,0.8724040568049612,-0.48878539428899265,-7.0,validation
2019-05-02,2019-05-01,295,289.0,-7.0,-16.0,-9.0,-10.0,-15.857142857142833,-1.3333333333333333,0.8638670987837349,-0.503719798736334,6.0,validation
2019-05-03,2019-05-02,298,295.0,6.0,-7.0,-16.0,1.6666666666666856,-9.571428571428555,-2.5,0.8550745085896932,-0.518505144391157,3.0,validation
2019-05-04,2019-05-03,297,298.0,3.0,6.0,-7.0,4.0,-4.857142857142833,-1.8333333333333333,0.8460288880917339,-0.533137056031809,-1.0,validation
2019-05-05,2019-05-04,296,297.0,-1.0,3.0,6.0,0.3333333333333144,-4.142857142857167,-4.0,0.8367329140344921,-0.5476112038402312,-1.0,validation
2019-05-06,2019-05-05,316,296.0,-1.0,-1.0,3.0,-1.0,-1.5714285714285552,-2.6666666666666665,0.8271893372462497,-0.5619233046832195,20.0,validation
2019-05-07,2019-05-06,324,316.0,20.0,-1.0,-1.0,13.0,17.857142857142833,3.3333333333333335,0.8174009818249189,-0.5760691233798758,8.0,validation
2019-05-08,2019-05-07,307,324.0,8.0,20.0,-1.0,12.0,21.857142857142833,5.833333333333333,0.8073707443023492,-0.5900444739548627,-17.0,validation
2019-05-09,2019-05-08,299,307.0,-17.0,8.0,20.0,-8.666666666666686,2.2857142857142776,2.0,0.7971015927871943,-0.6038452208771035,-8.0,validation
2019-05-10,2019-05-09,306,299.0,-8.0,-17.0,8.0,-11.0,-6.285714285714278,0.16666666666666666,0.7865965660866021,-0.6174672802835514,7.0,validation
2019-05-11,2019-05-10,305,306.0,7.0,-8.0,-17.0,2.0,-0.4285714285714448,1.5,0.7758587728069828,-0.6309066211876704,-1.0,validation
2019-05-12,2019-05-11,299,305.0,-1.0,7.0,-8.0,1.6666666666666856,-2.571428571428555,1.5,0.7648913904341225,-0.6441592666722685,-6.0,validation
2019-05-13,2019-05-12,304,299.0,-6.0,-1.0,7.0,-4.333333333333314,-9.0,-2.8333333333333335,0.753697664392914,-0.6572212950663319,5.0,validation
2019-05-14,2019-05-13,310,304.0,5.0,-6.0,-1.0,1.3333333333333144,-2.2857142857142776,-3.3333333333333335,0.742280907086982,-0.6700888411055113,6.0,validation
2019-05-15,2019-05-14,315,310.0,6.0,5.0,-6.0,5.666666666666686,5.714285714285722,0.5,0.7306444969184916,-0.6827580970759147,5.0,validation
2019-05-16,2019-05-15,308,315.0,5.0,6.0,5.0,5.333333333333314,9.571428571428555,2.6666666666666665,0.7187918772884232,-0.6952253139408722,-7.0,validation
2019-05-17,2019-05-16,304,308.0,-7.0,5.0,6.0,-3.0,1.2857142857142776,0.3333333333333333,0.7067265555776158,-0.7074868024503348,-4.0,validation
2019-05-18,2019-05-17,290,304.0,-4.0,-7.0,5.0,-5.0,-2.428571428571445,-0.16666666666666666,0.6944521021088763,-0.719538934232584,-14.0,validation
2019-05-19,2019-05-18,287,290.0,-14.0,-4.0,-7.0,-10.666666666666686,-14.285714285714278,-1.5,0.6819721490904629,-0.7313781428679254,-3.0,validation
2019-05-20,2019-05-19,282,287.0,-3.0,-14.0,-4.0,-6.666666666666686,-15.571428571428555,-2.8333333333333335,0.6692903895412567,-0.7430009249440493,-5.0,validation
2019-05-21,2019-05-20,275,282.0,-5.0,-3.0,-14.0,-4.333333333333314,-17.428571428571445,-4.666666666666667,0.6564105761979381,-0.7544038410927472,-7.0,validation
2019-05-22,2019-05-21,280,275.0,-7.0,-5.0,-3.0,-6.333333333333314,-19.428571428571445,-6.666666666666667,0.6433365204044917,-0.765583517007675,5.0,validation
2019-05-23,2019-05-22,288,280.0,5.0,-7.0,-5.0,1.0,-9.428571428571445,-4.666666666666667,0.6300720909843687,-0.7765366444428655,8.0,validation
2019-05-24,2019-05-23,291,288.0,8.0,5.0,-7.0,7.0,1.4285714285714448,-2.6666666666666665,0.6166212130956382,-0.7872599821916922,3.0,validation
2019-05-25,2019-05-24,302,291.0,3.0,8.0,5.0,4.666666666666686,6.285714285714278,0.16666666666666666,0.6029878670694714,-0.7977503570459932,11.0,validation
2019-05-26,2019-05-25,292,302.0,11.0,3.0,8.0,8.333333333333314,15.571428571428555,2.5,0.5891760872322963,-0.8080046647350754,-10.0,validation
2019-05-27,2019-05-26,289,292.0,-10.0,11.0,3.0,-3.0,4.857142857142833,1.6666666666666667,0.5751899607119775,-0.8180198708443174,-3.0,validation
2019-05-28,2019-05-27,292,289.0,-3.0,-10.0,11.0,-5.333333333333314,0.8571428571428328,2.3333333333333335,0.5610336262283677,-0.8277930117131022,3.0,validation
2019-05-29,2019-05-28,288,292.0,3.0,-3.0,-10.0,1.0,1.4285714285714448,2.0,0.5467112728685939,-0.8373211953118121,-4.0,validation
2019-05-30,2019-05-29,280,288.0,-4.0,3.0,-3.0,-1.6666666666666856,-3.7142857142857224,0.0,0.5322271388474397,-0.8466016020976267,-8.0,validation
2019-05-31,2019-05-30,281,280.0,-8.0,-4.0,3.0,-6.666666666666686,-10.571428571428555,-1.8333333333333333,0.5175855102531889,-0.8556314858488706,1.0,validation
2019-06-01,2019-05-31,283,281.0,1.0,-8.0,-4.0,-2.0,-8.142857142857167,-3.5,0.5027907197793043,-0.8644081744776648,2.0,validation
2019-06-02,2019-06-01,286,283.0,2.0,1.0,-8.0,1.6666666666666856,-3.428571428571445,-1.5,0.4878471454423119,-0.8729290708206411,3.0,validation
2019-06-03,2019-06-02,290,286.0,3.0,2.0,1.0,2.6666666666666856,0.4285714285714448,-0.5,0.47275920928627757,-0.881191653407483,4.0,validation
2019-06-04,2019-06-03,286,290.0,4.0,3.0,2.0,3.6666666666666856,4.285714285714278,-0.3333333333333333,0.4575313760742512,-0.8891934772070711,-4.0,validation
2019-06-05,2019-06-04,263,286.0,-4.0,4.0,3.0,-1.3333333333333144,1.1428571428571672,-0.3333333333333333,0.44216815196707204,-0.8969321743510065,-23.0,validation
2019-06-06,2019-06-05,260,263.0,-23.0,-4.0,4.0,-16.666666666666686,-18.285714285714278,-2.8333333333333335,0.42667408318992467,-0.9044054548343001,-3.0,validation
2019-06-07,2019-06-06,262,260.0,-3.0,-23.0,-4.0,-9.666666666666686,-18.428571428571445,-3.5,0.4110537546870351,-0.9116111071930239,2.0,validation
2019-06-08,2019-06-07,266,262.0,2.0,-3.0,-23.0,0.3333333333333144,-13.714285714285722,-3.5,0.3953117887649151,-0.9185469991587165,4.0,validation
2019-06-09,2019-06-08,268,266.0,4.0,2.0,-3.0,3.3333333333333144,-7.285714285714278,-3.3333333333333335,0.37945284372454435,-0.925211078289358,2.0,validation
2019-06-10,2019-06-09,271,268.0,2.0,4.0,2.0,2.6666666666666856,-2.7142857142857224,-3.6666666666666665,0.36348161248290634,-0.9316013725767187,3.0,validation
2019-06-11,2019-06-10,266,271.0,3.0,2.0,4.0,2.6666666666666856,3.0,-2.5,0.3474028211842774,-0.9377159910299093,-5.0,validation
2019-06-12,2019-06-11,261,266.0,-5.0,3.0,2.0,-2.3333333333333144,0.8571428571428328,0.5,0.3312212278016865,-0.9435531242349544,-5.0,validation
2019-06-13,2019-06-12,253,261.0,-5.0,-5.0,3.0,-5.0,-3.857142857142833,0.16666666666666666,0.31494162072895193,-0.9491110448902284,-8.0,validation
2019-06-14,2019-06-13,239,253.0,-8.0,-5.0,-5.0,-7.0,-10.857142857142833,-1.5,0.2985688173637202,-0.9543881083175908,-14.0,validation
2019-06-15,2019-06-14,247,239.0,-14.0,-8.0,-5.0,-12.0,-21.571428571428555,-4.5,0.2821076626819194,-0.9593827529490743,8.0,validation
2019-06-16,2019-06-15,269,247.0,8.0,-14.0,-8.0,0.6666666666666572,-10.857142857142833,-3.5,0.26556302780405594,-0.9640935007889755,22.0,validation
2019-06-17,2019-06-16,268,269.0,22.0,8.0,-14.0,17.333333333333343,11.0,-0.3333333333333333,0.24893980855376657,-0.9685189578512204,-1.0,validation
2019-06-18,2019-06-17,263,268.0,-1.0,22.0,8.0,6.666666666666686,10.428571428571445,0.3333333333333333,0.23224292400907015,-0.9726578145718654,-5.0,validation
2019-06-19,2019-06-18,265,263.0,-5.0,-1.0,22.0,-3.6666666666666856,5.857142857142833,0.3333333333333333,0.21547731504673012,-0.976508846196619,2.0,validation
2019-06-20,2019-06-19,262,265.0,2.0,-5.0,-1.0,-0.3333333333333144,7.285714285714278,2.0,0.19864794288017112,-0.9800709131432666,-3.0,validation
2019-06-21,2019-06-20,251,262.0,-3.0,2.0,-5.0,-1.3333333333333144,3.0,3.8333333333333335,0.18175978759137534,-0.9833429613388902,-11.0,validation
2019-06-22,2019-06-21,246,251.0,-11.0,-3.0,2.0,-8.333333333333314,-9.714285714285722,0.6666666666666666,0.16481784665719793,-0.9863240225317866,-5.0,validation
2019-06-23,2019-06-22,246,246.0,-5.0,-11.0,-3.0,-7.0,-14.571428571428555,-3.8333333333333335,0.14782713347053048,-0.9890132145779883,0.0,validation
2019-06-24,2019-06-23,257,246.0,0.0,-5.0,-11.0,-1.6666666666666572,-11.285714285714278,-3.6666666666666665,0.13079267585675922,-0.9914097417023038,11.0,validation
2019-06-25,2019-06-24,257,257.0,11.0,0.0,-5.0,7.333333333333343,1.2857142857142776,-1.0,0.11371951458594969,-0.9935128947338007,0.0,validation
2019-06-26,2019-06-25,246,257.0,0.0,11.0,0.0,3.666666666666657,2.142857142857139,-1.3333333333333333,0.0966127018812031,-0.9953220513156602,-11.0,validation
2019-06-27,2019-06-26,243,246.0,-11.0,0.0,11.0,-7.333333333333343,-6.142857142857139,-2.6666666666666665,0.07947729992362097,-0.9968366760893436,-3.0,validation
2019-06-28,2019-06-27,257,243.0,-3.0,-11.0,0.0,-5.666666666666657,-6.428571428571416,-1.3333333333333333,0.062318379354325076,-0.998056320853012,14.0,validation
2019-06-29,2019-06-28,262,257.0,14.0,-3.0,-11.0,8.333333333333343,6.714285714285722,1.8333333333333333,0.04514101777397193,-0.9989806246941579,5.0,validation
2019-06-30,2019-06-29,252,262.0,5.0,14.0,-3.0,8.0,9.428571428571416,2.6666666666666665,0.02795029824021032,-0.999609314096404,-10.0,validation
2019-07-01,2019-06-30,254,252.0,-10.0,5.0,14.0,-5.0,-1.4285714285714164,-0.8333333333333334,0.01075130776352193,-0.9999422030204416,2.0,validation
2019-07-02,2019-07-01,265,254.0,2.0,-10.0,5.0,-2.0,1.0,-0.5,-0.00645086419810515,-0.9999791929590823,11.0,validation
2019-07-03,2019-07-02,291,265.0,11.0,2.0,-10.0,8.0,10.857142857142861,3.1666666666666665,-0.023651127245231586,-0.9997202729664083,26.0,validation
2019-07-04,2019-07-03,297,291.0,26.0,11.0,2.0,21.0,30.428571428571445,8.0,-0.04084439154329611,-0.9991655196610109,6.0,validation
2019-07-05,2019-07-04,282,297.0,6.0,26.0,11.0,12.666666666666686,28.714285714285722,6.666666666666667,-0.05802556932878035,-0.9983150972033183,-15.0,validation
2019-07-06,2019-07-05,268,282.0,-15.0,6.0,26.0,-8.0,10.142857142857167,3.3333333333333335,-0.07518957641475855,-0.9971692572470178,-14.0,validation
2019-07-07,2019-07-06,259,268.0,-14.0,-15.0,6.0,-14.333333333333314,-4.714285714285722,2.6666666666666665,-0.09233133369539122,-0.9957283388645872,-9.0,validation
2019-07-08,2019-07-07,261,259.0,-9.0,-14.0,-15.0,-10.666666666666686,-14.714285714285722,0.8333333333333334,-0.10944576864891556,-0.993992768446958,2.0,validation
2019-07-09,2019-07-08,256,261.0,2.0,-9.0,-14.0,-1.6666666666666856,-13.714285714285722,-0.6666666666666666,-0.12652781683868314,-0.9919630595773397,-5.0,validation
2019-07-10,2019-07-09,256,256.0,-5.0,2.0,-9.0,-2.6666666666666856,-17.428571428571445,-5.833333333333333,-0.1435724234118113,-0.9896398128792412,0.0,validation
2019-07-11,2019-07-10,270,256.0,0.0,-5.0,2.0,-1.6666666666666856,-12.428571428571445,-6.833333333333333,-0.16057454459499376,-0.9870237158387383,14.0,validation
2019-07-12,2019-07-11,258,270.0,14.0,0.0,-5.0,9.333333333333314,5.428571428571445,-2.0,-0.17752914918703497,-0.984115542601034,-12.0,validation
2019-07-13,2019-07-12,250,258.0,-12.0,14.0,0.0,-3.3333333333333144,-3.142857142857167,-1.6666666666666667,-0.19443122004766195,-0.9809161537413774,-8.0,validation
2019-07-14,2019-07-13,229,250.0,-8.0,-12.0,14.0,-9.333333333333314,-8.571428571428555,-1.5,-0.2112757555821793,-0.9774264960104055,-21.0,validation
2019-07-15,2019-07-14,237,229.0,-21.0,-8.0,-12.0,-16.666666666666657,-25.285714285714278,-5.333333333333333,-0.2280577712215198,-0.9736476020539838,8.0,validation
2019-07-16,2019-07-15,243,237.0,8.0,-21.0,-8.0,-1.6666666666666572,-13.857142857142861,-3.1666666666666665,-0.24477230089725957,-0.9695805901076308,6.0,validation
2019-07-17,2019-07-16,238,243.0,6.0,8.0,-21.0,6.666666666666657,-6.0,-2.1666666666666665,-0.2614143985111562,-0.965226663665613,-5.0,validation
2019-07-18,2019-07-17,230,238.0,-5.0,6.0,8.0,-1.3333333333333428,-8.428571428571416,-5.333333333333333,-0.2779791393987801,-0.9605871111248129,-8.0,validation
2019-07-19,2019-07-18,221,230.0,-8.0,-5.0,6.0,-7.0,-10.714285714285722,-4.666666666666667,-0.2944616217868012,-0.9556633054034704,-9.0,validation
2019-07-20,2019-07-19,239,221.0,-9.0,-8.0,-5.0,-8.666666666666657,-14.428571428571416,-4.833333333333333,-0.3108569682435036,-0.9504567035349151,18.0,validation
2019-07-21,2019-07-20,250,239.0,18.0,-9.0,-8.0,9.0,5.142857142857139,1.6666666666666667,-0.3271603271220951,-0.9449688462364056,11.0,validation
2019-07-22,2019-07-21,233,250.0,11.0,18.0,-9.0,13.333333333333343,13.142857142857139,2.1666666666666665,-0.34336687399638804,-0.939201357453208,-17.0,validation
2019-07-23,2019-07-22,218,233.0,-17.0,11.0,18.0,-7.666666666666657,-3.2857142857142776,-1.6666666666666667,-0.3594718130884232,-0.9331559438780432,-15.0,validation
2019-07-24,2019-07-23,208,218.0,-15.0,-17.0,11.0,-15.666666666666657,-14.714285714285722,-3.3333333333333335,-0.3754703786876202,-0.9268343944460494,-10.0,validation
2019-07-25,2019-07-24,206,208.0,-10.0,-15.0,-17.0,-11.666666666666657,-20.428571428571416,-3.6666666666666665,-0.3913578365610259,-0.9202385798054075,-2.0,validation
2019-07-26,2019-07-25,227,206.0,-2.0,-10.0,-15.0,-4.666666666666657,-19.0,-2.5,-0.4071294853542516,-0.9133704517637858,21.0,validation
2019-07-27,2019-07-26,258,227.0,21.0,-2.0,-10.0,13.333333333333343,1.1428571428571388,-2.0,-0.4227806579826773,-0.9062320427107697,31.0,validation
2019-07-28,2019-07-27,268,258.0,31.0,21.0,-2.0,27.666666666666657,29.428571428571416,1.3333333333333333,-0.4383067230125192,-0.898825465016444,10.0,validation
2019-07-29,2019-07-28,277,268.0,10.0,31.0,21.0,17.0,36.85714285714286,5.833333333333333,-0.45370308603134424,-0.8911529104063088,9.0,validation
2019-07-30,2019-07-29,282,277.0,9.0,10.0,31.0,9.333333333333314,39.571428571428584,9.833333333333334,-0.46896519100763184,-0.8832166493127127,5.0,validation
2019-07-31,2019-07-30,279,282.0,5.0,9.0,10.0,6.333333333333314,35.428571428571416,12.333333333333334,-0.48408852163897587,-0.8750190302029955,-3.0,validation
2019-08-01,2019-07-31,267,279.0,-3.0,5.0,9.0,-0.3333333333333144,22.285714285714278,12.166666666666666,-0.4990686026885319,-0.8665624788845385,-12.0,validation
2019-08-02,2019-08-01,262,267.0,-12.0,-3.0,5.0,-9.0,1.5714285714285552,6.666666666666667,-0.5139010013093103,-0.8578494977869301,-5.0,validation
2019-08-03,2019-08-02,255,262.0,-5.0,-12.0,-3.0,-7.333333333333314,-8.428571428571445,0.6666666666666666,-0.5285813283559292,-0.8488826652214553,-7.0,validation
2019-08-04,2019-08-03,255,255.0,-7.0,-5.0,-12.0,-6.333333333333314,-15.0,-2.1666666666666665,-0.5431052396834317,-0.8396646346181327,0.0,validation
2019-08-05,2019-08-04,248,255.0,0.0,-7.0,-5.0,-2.3333333333333144,-13.142857142857167,-3.6666666666666665,-0.5574684374327892,-0.8301981337405212,-7.0,validation
2019-08-06,2019-08-05,242,248.0,-7.0,0.0,-7.0,-4.666666666666657,-16.0,-5.666666666666667,-0.5716666713027052,-0.8204859638785327,-6.0,validation
2019-08-07,2019-08-06,257,242.0,-6.0,-7.0,0.0,-6.333333333333343,-16.285714285714278,-6.166666666666667,-0.5856957398073508,-0.8105309990194823,15.0,validation
2019-08-08,2019-08-07,251,257.0,15.0,-6.0,-7.0,8.0,1.8571428571428612,-1.6666666666666667,-0.5995514915196489,-0.8003361849976323,-6.0,validation
2019-08-09,2019-08-08,247,251.0,-6.0,15.0,-6.0,1.0,-1.8571428571428612,-1.8333333333333333,-0.6132298262997502,-0.7899045386224707,-4.0,validation
2019-08-10,2019-08-09,247,247.0,-4.0,-6.0,15.0,-4.666666666666657,-3.7142857142857224,-1.3333333333333333,-0.6267266965083301,-0.7792391467859886,0.0,validation
2019-08-11,2019-08-10,258,247.0,0.0,-4.0,-6.0,-1.3333333333333428,-2.5714285714285836,-1.3333333333333333,-0.6400381082043503,-0.7683431655492202,11.0,validation
2019-08-12,2019-08-11,245,258.0,11.0,0.0,-4.0,7.333333333333343,8.0,1.6666666666666667,-0.65316012232693,-0.7572198192083127,-13.0,validation
2019-08-13,2019-08-12,237,245.0,-13.0,11.0,0.0,-5.0,-4.571428571428584,0.5,-0.666088855860977,-0.7458723993404063,-8.0,validation
2019-08-14,2019-08-13,237,237.0,-8.0,-13.0,11.0,-9.666666666666657,-11.857142857142861,-3.3333333333333335,-0.6788204829862355,-0.734304263829602,0.0,validation
2019-08-15,2019-08-14,239,237.0,0.0,-8.0,-13.0,-2.666666666666657,-9.0,-2.3333333333333335,-0.6913512362094071,-0.722518835873311,2.0,validation
2019-08-16,2019-08-15,239,239.0,2.0,0.0,-8.0,1.3333333333333428,-5.285714285714278,-1.3333333333333333,-0.7036774074790128,-0.7105196029692745,0.0,validation
2019-08-17,2019-08-16,231,239.0,0.0,2.0,0.0,0.6666666666666572,-4.142857142857139,-1.3333333333333333,-0.7157953492826642,-0.6983101158835584,-8.0,validation
2019-08-18,2019-08-17,234,231.0,-8.0,0.0,2.0,-5.333333333333343,-9.857142857142861,-4.5,-0.7277014757264236,-0.6858939875998223,3.0,validation
2019-08-19,2019-08-18,235,234.0,3.0,-8.0,0.0,-0.6666666666666572,-3.4285714285714164,-1.8333333333333333,-0.7393922635959241,-0.673274892250183,1.0,validation
2019-08-20,2019-08-19,232,235.0,1.0,3.0,-8.0,1.6666666666666572,-1.0,-0.3333333333333333,-0.7508642533989489,-0.6604565640279754,-3.0,validation
2019-08-21,2019-08-20,236,232.0,-3.0,1.0,3.0,-1.6666666666666572,-3.2857142857142776,-0.8333333333333334,-0.7621140503891487,-0.6474427960827475,4.0,validation
2019-08-22,2019-08-21,239,236.0,4.0,-3.0,1.0,1.6666666666666572,0.8571428571428612,-0.5,-0.7731383255706026,-0.6342374393978054,3.0,validation
2019-08-23,2019-08-22,240,239.0,3.0,4.0,-3.0,3.333333333333343,3.857142857142861,0.0,-0.7839338166829201,-0.620844401650647,1.0,validation
2019-08-24,2019-08-23,243,240.0,1.0,3.0,4.0,1.6666666666666572,4.714285714285722,1.5,-0.7944973291665992,-0.6072676460566135,3.0,validation
2019-08-25,2019-08-24,241,243.0,3.0,1.0,3.0,2.333333333333343,6.0,1.5,-0.8048257371083452,-0.593511190196115,-2.0,validation
2019-08-26,2019-08-25,234,241.0,-2.0,3.0,1.0,-0.3333333333333428,3.0,1.0,-0.8149159841660791,-0.5795791048257612,-7.0,validation
2019-08-27,2019-08-26,225,234.0,-7.0,-2.0,3.0,-5.333333333333343,-3.857142857142861,0.3333333333333333,-0.8247650844733614,-0.5654755126737576,-9.0,validation
2019-08-28,2019-08-27,229,225.0,-9.0,-7.0,-2.0,-8.333333333333343,-11.857142857142861,-1.8333333333333333,-0.8343701235229538,-0.5512045872199277,4.0,validation
2019-08-29,2019-08-28,211,229.0,4.0,-9.0,-7.0,-0.3333333333333428,-6.857142857142861,-1.6666666666666667,-0.8437282590292712,-0.5367705514607103,-18.0,validation
2019-08-30,2019-08-29,221,211.0,-18.0,4.0,-9.0,-10.666666666666657,-20.85714285714286,-4.833333333333333,-0.8528367217694595,-0.522177676659508,10.0,validation
2019-08-31,2019-08-30,238,221.0,10.0,-18.0,4.0,0.6666666666666572,-8.142857142857139,-3.6666666666666665,-0.8616928164028522,-0.5074302810827518,17.0,validation
2019-09-01,2019-08-31,224,238.0,17.0,10.0,-18.0,14.666666666666657,9.571428571428584,-0.5,-0.8702939222685674,-0.49253272872205434,-14.0,validation
2019-09-02,2019-09-01,235,224.0,-14.0,17.0,10.0,-3.666666666666657,-2.0,-1.6666666666666667,-0.8786374941610001,-0.4774894280028391,11.0,validation
2019-09-03,2019-09-02,235,235.0,11.0,-14.0,17.0,2.666666666666657,8.857142857142861,1.6666666666666667,-0.886721063082993,-0.46230483047981086,0.0,validation
2019-09-04,2019-09-03,231,235.0,0.0,11.0,-14.0,3.666666666666657,7.428571428571416,1.0,-0.8945422369764496,-0.4469834295196741,-4.0,validation
2019-09-05,2019-09-04,230,231.0,-4.0,0.0,11.0,-2.666666666666657,3.142857142857139,3.3333333333333335,-0.9020987014301837,-0.43152975897147144,-1.0,validation
2019-09-06,2019-09-05,225,230.0,-1.0,-4.0,0.0,-2.0,-0.5714285714285836,1.5,-0.9093882203647925,-0.4159483918249421,-5.0,validation
2019-09-07,2019-09-06,223,225.0,-5.0,-1.0,-4.0,-3.666666666666657,-6.142857142857139,-2.1666666666666665,-0.9164086366943458,-0.4002439388573056,-2.0,validation
2019-09-08,2019-09-07,214,223.0,-2.0,-5.0,-1.0,-3.0,-6.0,-0.16666666666666666,-0.9231578729647039,-0.38442104726885545,-9.0,validation
2019-09-09,2019-09-08,213,214.0,-9.0,-2.0,-5.0,-6.666666666666657,-13.571428571428584,-3.5,-0.9296339319682695,-0.3684843993077793,-1.0,validation
2019-09-10,2019-09-09,208,213.0,-1.0,-9.0,-2.0,-3.666666666666657,-11.428571428571416,-3.6666666666666665,-0.9358348973349941,-0.35243871088460327,-5.0,validation
2019-09-11,2019-09-10,209,208.0,-5.0,-1.0,-9.0,-3.666666666666657,-12.571428571428584,-3.8333333333333335,-0.9417589340994617,-0.33628873017668287,1.0,validation
2019-09-12,2019-09-11,209,209.0,1.0,-5.0,-1.0,-1.0,-8.428571428571416,-3.5,-0.9474042892438845,-0.32003923622313857,0.0,validation
2019-09-13,2019-09-12,215,209.0,0.0,1.0,-5.0,0.3333333333333428,-5.428571428571416,-2.6666666666666665,-0.9527692922168511,-0.30369503751065885,6.0,validation
2019-09-14,2019-09-13,216,215.0,6.0,0.0,1.0,4.0,2.0,-1.3333333333333333,-0.9578523554276669,-0.28726097055059635,1.0,validation
2019-09-15,2019-09-14,228,216.0,1.0,6.0,0.0,2.666666666666657,4.0,0.3333333333333333,-0.9626519747161487,-0.2707418984477642,12.0,validation
2019-09-16,2019-09-15,240,228.0,12.0,1.0,6.0,8.333333333333343,14.0,2.5,-0.9671667297977312,-0.2541427094613622,12.0,validation
2019-09-17,2019-09-16,240,240.0,12.0,12.0,1.0,12.0,22.14285714285714,5.333333333333333,-0.97139528468375,-0.23746831555846842,0.0,validation
2019-09-18,2019-09-17,245,240.0,0.0,12.0,12.0,4.0,17.571428571428584,5.166666666666667,-0.9753363880767837,-0.2207236509605022,5.0,validation
2019-09-19,2019-09-18,266,245.0,5.0,0.0,12.0,3.333333333333343,17.428571428571416,6.0,-0.9789888737409319,-0.20391367068311472,21.0,validation
2019-09-20,2019-09-19,234,266.0,21.0,5.0,0.0,15.666666666666657,30.285714285714278,8.5,-0.9823516608469237,-0.18704334906991657,-32.0,validation
2019-09-21,2019-09-20,218,234.0,-32.0,21.0,5.0,-14.333333333333343,-4.428571428571416,3.0,-0.9854237542919524,-0.17011767832049052,-16.0,validation
2019-09-22,2019-09-21,222,218.0,-16.0,-32.0,21.0,-21.333333333333343,-20.714285714285722,-1.6666666666666667,-0.9882042449941422,-0.15314166701312007,4.0,validation
2019-09-23,2019-09-22,277,222.0,4.0,-16.0,-32.0,-2.666666666666657,-15.857142857142861,-3.0,-0.9906923101615609,-0.13612033862266704,55.0,validation
2019-09-24,2019-09-23,241,277.0,55.0,4.0,-16.0,38.0,33.85714285714286,6.166666666666667,-0.9928872135356962,-0.11905873003404988,-36.0,validation
2019-09-25,2019-09-24,218,241.0,-36.0,55.0,4.0,-5.666666666666657,-2.2857142857142776,-0.6666666666666666,-0.994788305609327,-0.10196189005174576,-23.0,validation
2019-09-26,2019-09-25,207,218.0,-23.0,-36.0,55.0,-27.333333333333343,-21.428571428571416,-8.0,-0.9963950238187231,-0.08483487790576538,-11.0,validation
2019-09-27,2019-09-26,196,207.0,-11.0,-23.0,-36.0,-15.0,-24.0,-4.5,-0.9977068927101168,-0.06768276175455162,-11.0,validation
2019-09-28,2019-09-27,198,196.0,-11.0,-11.0,-23.0,-11.0,-29.571428571428584,-3.6666666666666665,-0.9987235240803972,-0.050510617185222886,2.0,validation
2019-09-29,2019-09-28,202,198.0,2.0,-11.0,-11.0,-2.333333333333343,-24.714285714285722,-4.0,-0.9994446170919858,-0.033323525711631344,4.0,validation
2019-09-30,2019-09-29,216,202.0,4.0,2.0,-11.0,3.333333333333343,-17.85714285714286,-12.5,-0.9998699583618592,-0.016126573270657762,14.0,validation
2019-10-01,2019-09-30,239,216.0,14.0,4.0,2.0,10.666666666666657,4.857142857142861,-4.166666666666667,-0.9999994220246925,0.001075151282798226,23.0,validation
2019-10-02,2019-10-01,242,239.0,23.0,14.0,4.0,20.0,28.14285714285714,3.5,-0.999832969770105,0.018276557681691223,3.0,validation
2019-10-03,2019-10-02,233,242.0,3.0,23.0,14.0,9.666666666666657,27.714285714285722,5.833333333333333,-0.9993706508539969,0.03547255575312556,-9.0,validation
2019-10-04,2019-10-03,240,233.0,-9.0,3.0,23.0,-5.0,15.0,6.166666666666667,-0.9986126020839734,0.052658056924614005,7.0,validation
2019-10-05,2019-10-04,241,240.0,7.0,-9.0,3.0,1.6666666666666572,15.714285714285722,7.0,-0.9975590477788613,0.06982797572987089,1.0,validation
2019-10-06,2019-10-05,250,241.0,1.0,7.0,-9.0,3.0,10.571428571428584,6.5,-0.9962102997023297,0.0869772313136861,9.0,validation
2019-10-07,2019-10-06,241,250.0,9.0,1.0,7.0,6.333333333333343,12.714285714285722,5.666666666666667,-0.9945667569706337,0.1041007489354256,-9.0,validation
2019-10-08,2019-10-07,223,241.0,-9.0,9.0,1.0,-3.0,0.1428571428571388,0.3333333333333333,-0.9926289059345095,0.121193461470736,-18.0,validation
2019-10-09,2019-10-08,207,223.0,-18.0,-9.0,9.0,-15.0,-15.571428571428584,-3.1666666666666665,-0.9903973200352558,0.1382503109109819,-16.0,validation
2019-10-10,2019-10-09,202,207.0,-16.0,-18.0,-9.0,-16.666666666666657,-26.571428571428584,-4.333333333333333,-0.9878726596350429,0.15526624985999563,-5.0,validation
2019-10-11,2019-10-10,225,202.0,-5.0,-16.0,-18.0,-8.666666666666657,-27.14285714285714,-6.333333333333333,-0.9850556718215013,0.172236243027682,23.0,validation
2019-10-12,2019-10-11,227,225.0,23.0,-5.0,-16.0,13.666666666666657,-2.0,-2.6666666666666665,-0.981947190186646,0.18915526872004093,2.0,validation
2019-10-13,2019-10-12,229,227.0,2.0,23.0,-5.0,9.0,2.0,-3.8333333333333335,-0.9785481345802031,0.20601832032517084,2.0,validation
2019-10-14,2019-10-13,247,229.0,2.0,2.0,23.0,2.0,7.0,-2.0,-0.9748595108374125,0.22282040779479959,18.0,validation
2019-10-15,2019-10-14,248,247.0,18.0,2.0,2.0,12.666666666666657,24.14285714285714,4.0,-0.9708824104813836,0.23955655912092708,1.0,validation
2019-10-16,2019-10-15,242,248.0,1.0,18.0,2.0,6.666666666666657,21.571428571428584,6.833333333333333,-0.9666180104000972,0.2562218218071163,-6.0,validation
2019-10-17,2019-10-16,228,242.0,-6.0,1.0,18.0,-3.666666666666657,10.571428571428584,6.666666666666667,-0.9620675724981452,0.27281126433401914,-14.0,validation
2019-10-18,2019-10-17,219,228.0,-14.0,-6.0,1.0,-11.333333333333343,-7.142857142857139,0.5,-0.957232443323312,0.28931997761869527,-9.0,validation
2019-10-19,2019-10-18,216,219.0,-9.0,-14.0,-6.0,-10.666666666666657,-15.285714285714278,-1.3333333333333333,-0.9521140536681102,0.3057430764672831,-3.0,validation
2019-10-20,2019-10-19,213,216.0,-3.0,-9.0,-14.0,-5.0,-16.714285714285722,-2.1666666666666665,-0.9467139181463862,0.3220757010206104,-3.0,validation
2019-10-21,2019-10-20,209,213.0,-3.0,-3.0,-9.0,-3.0,-17.428571428571416,-5.666666666666667,-0.9410336347451197,0.3383130181923076,-4.0,validation
2019-10-22,2019-10-21,204,209.0,-4.0,-3.0,-3.0,-3.666666666666657,-16.0,-6.5,-0.9350748843515574,0.3544502230989869,-5.0,validation
2019-10-23,2019-10-22,210,204.0,-5.0,-4.0,-3.0,-4.666666666666657,-14.714285714285722,-6.333333333333333,-0.9288394302558068,0.3704825404820963,6.0,validation
2019-10-24,2019-10-23,217,210.0,6.0,-5.0,-4.0,2.333333333333343,-4.142857142857139,-3.0,-0.9223291176290545,0.3864052261209853,7.0,validation
2019-10-25,2019-10-24,217,217.0,7.0,6.0,-5.0,6.666666666666657,4.428571428571416,-0.3333333333333333,-0.9155458729775467,0.40221356823680365,0.0,validation
2019-10-26,2019-10-25,220,217.0,0.0,7.0,6.0,2.333333333333343,4.714285714285722,0.16666666666666666,-0.9084917035725082,0.41790288888678667,3.0,validation
2019-10-27,2019-10-26,222,220.0,3.0,0.0,7.0,2.0,7.142857142857139,1.1666666666666667,-0.9011686968561569,0.4334685453485363,2.0,validation
2019-10-28,2019-10-27,228,222.0,2.0,3.0,0.0,2.333333333333343,7.857142857142861,2.1666666666666665,-0.8935790198239952,0.4489059314938798,6.0,validation
2019-10-29,2019-10-28,229,228.0,6.0,2.0,3.0,4.666666666666657,11.142857142857139,4.0,-0.8857249183835637,0.4642104791518923,1.0,validation
2019-10-30,2019-10-29,222,229.0,1.0,6.0,2.0,2.666666666666657,8.571428571428584,3.1666666666666665,-0.8776087166898392,0.4793776594606945,-7.0,validation
2019-10-31,2019-10-30,222,222.0,-7.0,1.0,6.0,-4.333333333333343,-0.1428571428571388,0.8333333333333334,-0.8692328164574792,0.49440298420761813,0.0,validation
2019-11-01,2019-10-31,220,222.0,0.0,-7.0,1.0,-2.333333333333343,-0.8571428571428612,0.8333333333333334,-0.8605996962501181,0.5092820071573356,-2.0,validation
2019-11-02,2019-11-01,208,220.0,-2.0,0.0,-7.0,-1.3333333333333428,-3.2857142857142776,0.0,-0.8517119107469189,0.5240103253675756,-12.0,validation
2019-11-03,2019-11-02,190,208.0,-12.0,-2.0,0.0,-8.666666666666657,-13.571428571428584,-2.3333333333333335,-0.8425720899866032,0.5385835804920232,-18.0,validation
2019-11-04,2019-11-03,204,190.0,-18.0,-12.0,-2.0,-16.0,-27.0,-6.333333333333333,-0.8331829385891785,0.5529974600700271,14.0,validation
2019-11-05,2019-11-04,246,204.0,14.0,-18.0,-12.0,3.333333333333343,-9.571428571428584,-4.166666666666667,-0.8235472349556007,0.5672476988027229,42.0,validation
2019-11-06,2019-11-05,248,246.0,42.0,14.0,-18.0,32.66666666666666,30.0,4.0,-0.8136678304455991,0.5813300798152042,2.0,validation
2019-11-07,2019-11-06,240,248.0,2.0,42.0,14.0,15.333333333333343,28.285714285714278,4.333333333333333,-0.8035476485339116,0.5952404359043674,-8.0,validation
2019-11-08,2019-11-07,233,240.0,-8.0,2.0,42.0,-4.666666666666657,17.714285714285722,3.3333333333333335,-0.7931896839451843,0.6089746507720486,-7.0,validation
2019-11-09,2019-11-08,227,233.0,-7.0,-8.0,2.0,-7.333333333333343,8.857142857142861,4.166666666666667,-0.7825970017677834,0.6225286602431057,-6.0,validation
2019-11-10,2019-11-09,228,227.0,-6.0,-7.0,-8.0,-6.333333333333343,0.1428571428571388,6.166666666666667,-0.7717727365467836,0.6358984534680745,1.0,validation
2019-11-11,2019-11-10,233,228.0,1.0,-6.0,-7.0,-1.3333333333333428,-4.285714285714278,4.0,-0.7607200913564104,0.6490800741100398,5.0,validation
2019-11-12,2019-11-11,227,233.0,5.0,1.0,-6.0,3.666666666666657,-3.4285714285714164,-2.1666666666666665,-0.7494423368521954,0.6620696215153815,-6.0,validation
2019-11-13,2019-11-12,226,227.0,-6.0,5.0,1.0,-2.333333333333343,-6.714285714285722,-3.5,-0.7379428103031386,0.6748632518680403,-1.0,validation
2019-11-14,2019-11-13,208,226.0,-1.0,-6.0,5.0,-2.666666666666657,-4.571428571428584,-2.3333333333333335,-0.7262249146041543,0.6874571793269664,-18.0,validation
2019-11-15,2019-11-14,199,208.0,-18.0,-1.0,-6.0,-12.333333333333343,-18.0,-4.166666666666667,-0.7142921172691032,0.699847677146407,-9.0,validation
2019-11-16,2019-11-15,201,199.0,-9.0,-18.0,-1.0,-12.0,-22.14285714285714,-4.666666666666667,-0.7021479494046978,0.7120310787787131,2.0,validation
2019-11-17,2019-11-16,206,201.0,2.0,-9.0,-18.0,-1.6666666666666572,-16.428571428571416,-4.5,-0.6897960046655887,0.7240037789593305,5.0,validation
2019-11-18,2019-11-17,210,206.0,5.0,2.0,-9.0,4.0,-8.285714285714278,-4.5,-0.6772399381909491,0.7357622347736527,4.0,validation
2019-11-19,2019-11-18,214,210.0,4.0,5.0,2.0,4.333333333333343,-1.0,-2.8333333333333335,-0.6644834655228552,0.7473029667054296,4.0,validation
2019-11-20,2019-11-19,200,214.0,4.0,4.0,5.0,4.0,4.857142857142861,-2.0,-0.6515303615068021,0.75862255966641,-14.0,validation
2019-11-21,2019-11-20,169,200.0,-14.0,4.0,4.0,-8.0,-5.428571428571416,-1.3333333333333333,-0.6383844591746642,0.7697176640069211,-31.0,validation
2019-11-22,2019-11-21,153,169.0,-31.0,-14.0,4.0,-25.333333333333343,-30.85714285714286,-5.0,-0.6250496486104377,0.7805849965070866,-16.0,validation
2019-11-23,2019-11-22,166,153.0,-16.0,-31.0,-14.0,-21.0,-40.28571428571428,-8.0,-0.6115298757991053,0.7912213413483807,13.0,validation
2019-11-24,2019-11-23,197,166.0,13.0,-16.0,-31.0,3.333333333333343,-22.285714285714278,-6.666666666666667,-0.5978291414589552,0.801623551065242,31.0,validation
2019-11-25,2019-11-24,209,197.0,31.0,13.0,-16.0,25.0,10.0,-2.1666666666666665,-0.5839514998576998,0.8117885474764613,12.0,validation
2019-11-26,2019-11-25,213,209.0,12.0,31.0,13.0,18.333333333333343,22.14285714285714,-0.8333333333333334,-0.5699010576127624,0.8217133225960589,4.0,validation
2019-11-27,2019-11-26,217,213.0,4.0,12.0,31.0,6.666666666666657,26.285714285714278,2.1666666666666665,-0.5556819724760489,0.8313949395234058,4.0,validation
2019-11-28,2019-11-27,223,217.0,4.0,4.0,12.0,4.0,27.85714285714286,8.0,-0.5412984521036173,0.8408305333122887,6.0,validation
2019-11-29,2019-11-28,223,223.0,6.0,4.0,4.0,5.333333333333343,26.14285714285714,11.666666666666666,-0.5267547528105542,0.8500173118187018,0.0,validation
2019-11-30,2019-11-29,219,223.0,0.0,6.0,4.0,2.0,16.14285714285714,9.5,-0.5120551783114646,0.8589525565270845,-4.0,validation
2019-12-01,2019-11-30,218,219.0,-4.0,0.0,6.0,-2.666666666666657,4.571428571428584,3.6666666666666665,-0.4972040784469378,0.8676336233547726,-1.0,validation
2019-12-02,2019-12-01,224,218.0,-1.0,-4.0,0.0,-2.0,0.5714285714285836,1.5,-0.4822058478963526,0.8760579434344281,6.0,validation
2019-12-03,2019-12-02,210,224.0,6.0,-1.0,-4.0,3.666666666666657,4.428571428571416,1.8333333333333333,-0.46706492487743034,0.8842230238742036,-14.0,validation
2019-12-04,2019-12-03,209,210.0,-14.0,6.0,-1.0,-7.333333333333343,-9.142857142857139,-1.1666666666666667,-0.451785789832884,0.8921264484954345,-1.0,validation
2019-12-05,2019-12-04,220,209.0,-1.0,-14.0,6.0,-5.333333333333343,-9.0,-2.3333333333333335,-0.4363729641045924,0.8997658785476209,11.0,validation
2019-12-06,2019-12-05,243,220.0,11.0,-1.0,-14.0,7.0,2.4285714285714164,-0.5,-0.42083100859565564,0.9071390534005044,23.0,validation
2019-12-07,2019-12-06,244,243.0,23.0,11.0,-1.0,19.0,22.571428571428584,4.0,-0.4051645224207563,0.9142437912130223,1.0,validation
2019-12-08,2019-12-07,239,244.0,1.0,23.0,11.0,8.333333333333343,20.0,4.333333333333333,-0.3893781415452015,0.9210779895789526,-5.0,validation
2019-12-09,2019-12-08,227,239.0,-5.0,1.0,23.0,-3.0,12.0,2.5,-0.37347653741307074,0.9276396261490467,-12.0,validation
2019-12-10,2019-12-09,219,227.0,-12.0,-5.0,1.0,-9.666666666666657,-0.4285714285714164,2.8333333333333335,-0.3574644155648614,0.9339267592294762,-8.0,validation
2019-12-11,2019-12-10,219,219.0,-8.0,-12.0,-5.0,-9.333333333333343,-9.714285714285722,1.6666666666666667,-0.34134651424503615,0.9399375283564133,0.0,validation
2019-12-12,2019-12-11,220,219.0,0.0,-8.0,-12.0,-2.666666666666657,-11.142857142857139,-0.16666666666666666,-0.3251276029999093,0.9456701548465688,1.0,validation
2019-12-13,2019-12-12,218,220.0,1.0,0.0,-8.0,0.6666666666666572,-10.142857142857139,-3.8333333333333335,-0.30881248126625377,0.9511229423235357,-2.0,validation
2019-12-14,2019-12-13,217,218.0,-2.0,1.0,0.0,-1.0,-8.571428571428584,-4.333333333333333,-0.29240597695107734,0.9562942772197719,-1.0,validation
2019-12-15,2019-12-14,217,217.0,-1.0,-2.0,1.0,-1.3333333333333428,-5.714285714285722,-3.6666666666666665,-0.27591294500296043,0.9611826292540837,0.0,validation
2019-12-16,2019-12-15,230,217.0,0.0,-1.0,-2.0,-0.3333333333333428,-2.5714285714285836,-1.6666666666666667,-0.2593382659754056,0.9657865518844574,13.0,validation
2019-12-17,2019-12-16,237,230.0,13.0,0.0,-1.0,8.666666666666657,10.0,1.8333333333333333,-0.2426868445825954,0.9701046827361175,7.0,validation
2019-12-18,2019-12-17,237,237.0,7.0,13.0,0.0,9.0,14.428571428571416,3.0,-0.22596360824801906,0.974135744004672,0.0,validation
2019-12-19,2019-12-18,244,237.0,0.0,7.0,13.0,2.333333333333343,11.857142857142861,2.8333333333333335,-0.20917350564635637,0.9778785428342386,7.0,validation
2019-12-20,2019-12-19,244,244.0,7.0,0.0,7.0,4.666666666666657,15.428571428571416,4.333333333333333,-0.19232150523909483,0.9813319716704275,0.0,validation
2019-12-21,2019-12-20,240,244.0,0.0,7.0,0.0,2.333333333333343,11.714285714285722,4.5,-0.17541259380427843,0.9844950085880858,-4.0,validation
2019-12-22,2019-12-21,237,240.0,-4.0,0.0,7.0,-2.666666666666657,4.428571428571416,3.8333333333333335,-0.15845177496083632,0.9873667175937016,-3.0,validation
2019-12-23,2019-12-22,234,237.0,-3.0,-4.0,0.0,-3.333333333333343,-1.4285714285714164,1.1666666666666667,-0.14144406768794202,0.9899462489023779,-3.0,validation
2019-12-24,2019-12-23,231,234.0,-3.0,-3.0,-4.0,-3.0,-5.0,-0.5,-0.12439450483979998,0.9922328391893008,-3.0,validation
2019-12-25,2019-12-24,222,231.0,-3.0,-3.0,-3.0,-3.0,-7.142857142857139,-1.0,-0.10730813165636247,0.9942258118156161,-9.0,validation
2019-12-26,2019-12-25,215,222.0,-9.0,-3.0,-3.0,-7.0,-14.0,-3.6666666666666665,-0.09019000427034513,0.9959245770286599,-7.0,validation
2019-12-27,2019-12-26,213,215.0,-7.0,-9.0,-3.0,-7.666666666666657,-16.85714285714286,-4.833333333333333,-0.07304518821104743,0.9973286321364752,-2.0,validation
2019-12-28,2019-12-27,216,213.0,-2.0,-7.0,-9.0,-3.666666666666657,-14.428571428571416,-4.5,-0.05587875690537313,0.9984375616565666,3.0,validation
2019-12-29,2019-12-28,227,216.0,3.0,-2.0,-7.0,1.3333333333333428,-8.0,-3.5,-0.03869579017652689,0.9992510374388481,11.0,validation
2019-12-30,2019-12-29,225,227.0,11.0,3.0,-2.0,8.333333333333343,4.428571428571416,-1.1666666666666667,-0.021501372740813793,0.999768818762748,-2.0,validation
2019-12-31,2019-12-30,227,225.0,-2.0,11.0,3.0,2.333333333333343,3.7142857142857224,-1.0,-0.004300592702981974,0.9999907524084426,2.0,validation
2022-01-08,2022-01-07,196,201.0,2.0,-1.0,2.0,1.0,9.0,3.8333333333333335,0.13718540405660057,0.9905453876091833,-5.0,test
2022-01-09,2022-01-08,185,196.0,-5.0,2.0,-1.0,-2.666666666666657,1.4285714285714164,1.5,0.1542040475626894,0.988039023376751,-11.0,test
2022-01-10,2022-01-09,179,185.0,-11.0,-5.0,2.0,-9.0,-9.285714285714278,0.6666666666666666,0.17117705961019986,0.985240282501282,-6.0,test
2022-01-11,2022-01-10,174,179.0,-6.0,-11.0,-5.0,-7.666666666666657,-15.0,-3.1666666666666665,0.18809941761179758,0.9821499931752291,-5.0,test
2022-01-12,2022-01-11,177,174.0,-5.0,-6.0,-11.0,-5.333333333333343,-16.571428571428584,-4.333333333333333,0.20496611396949532,0.9787690698649216,3.0,test
2022-01-13,2022-01-12,178,177.0,3.0,-5.0,-6.0,0.3333333333333428,-10.285714285714278,-3.6666666666666665,0.22177215755648186,0.975098513039961,1.0,test
2022-01-14,2022-01-13,186,178.0,1.0,3.0,-5.0,1.6666666666666572,-6.285714285714278,-3.8333333333333335,0.23851257519407648,0.9711394088771653,8.0,test
2022-01-15,2022-01-14,212,186.0,8.0,1.0,3.0,5.666666666666657,3.857142857142861,-1.6666666666666667,0.2551824131233728,0.9668929289391521,26.0,test
2022-01-16,2022-01-15,217,212.0,26.0,8.0,1.0,20.0,27.571428571428584,4.5,0.2717767384711357,0.9623603298276545,5.0,test
2022-01-17,2022-01-16,218,217.0,5.0,26.0,8.0,12.0,28.0,6.333333333333333,0.2882906407095177,0.9575429528116719,1.0,test
2022-01-18,2022-01-17,210,218.0,1.0,5.0,26.0,2.333333333333343,23.428571428571416,7.333333333333333,0.3047192331091634,0.9524422234305676,-8.0,test
2022-01-19,2022-01-18,203,210.0,-8.0,1.0,5.0,-5.0,10.285714285714278,5.5,0.321057654185271,0.9470596510722283,-7.0,test
2022-01-20,2022-01-19,194,203.0,-7.0,-8.0,1.0,-7.333333333333343,-0.4285714285714164,4.166666666666667,0.3373010691361842,0.9413968285264122,-9.0,test
2022-01-21,2022-01-20,177,194.0,-9.0,-7.0,-8.0,-8.333333333333343,-11.714285714285722,1.3333333333333333,0.3534446712740877,0.9354554315134164,-17.0,test
2022-01-22,2022-01-21,174,177.0,-17.0,-9.0,-7.0,-14.333333333333343,-27.428571428571416,-5.833333333333333,0.3694836834473831,0.9292372181882051,-3.0,test
2022-01-23,2022-01-22,176,174.0,-3.0,-17.0,-9.0,-7.666666666666657,-25.0,-7.166666666666667,0.38541335945432564,0.9227440286201427,2.0,test
2022-01-24,2022-01-23,180,176.0,2.0,-3.0,-17.0,0.3333333333333428,-17.14285714285714,-7.0,0.4012289854475009,0.9159777842484877,4.0,test
2022-01-25,2022-01-24,171,180.0,4.0,2.0,-3.0,3.333333333333343,-7.714285714285722,-5.0,0.4169258813287287,0.908940487313808,-9.0,test
2022-01-26,2022-01-25,167,171.0,-9.0,4.0,2.0,-4.666666666666657,-11.142857142857139,-5.333333333333333,0.4324994021339788,0.901634220265486,-4.0,test
2022-01-27,2022-01-26,166,167.0,-4.0,-9.0,4.0,-5.666666666666657,-10.0,-4.5,0.44794493940789115,0.8940611451454876,-1.0,test
2022-01-28,2022-01-27,162,166.0,-1.0,-4.0,-9.0,-2.0,-7.0,-1.8333333333333333,0.4632579225674917,0.88622350294858,-4.0,test
2022-01-29,2022-01-28,171,162.0,-4.0,-1.0,-4.0,-3.0,-8.857142857142861,-2.0,0.4784338202547012,0.8781236129591848,9.0,test
2022-01-30,2022-01-29,182,171.0,9.0,-4.0,-1.0,4.666666666666657,0.5714285714285836,-0.8333333333333334,0.49346814167723735,0.8697638720650646,11.0,test
2022-01-31,2022-01-30,180,182.0,11.0,9.0,-4.0,10.333333333333343,10.714285714285722,0.3333333333333333,0.5083564379375122,0.8611467540480452,-2.0,test
2022-02-01,2022-01-31,178,180.0,-2.0,11.0,9.0,2.333333333333343,8.714285714285722,1.5,0.5230943033491326,0.8522748088519838,-2.0,test
2022-02-02,2022-02-01,179,178.0,-2.0,-2.0,11.0,-2.0,5.714285714285722,1.8333333333333333,0.5376773767406141,0.8431506618282,1.0,test
2022-02-03,2022-02-02,177,179.0,1.0,-2.0,-2.0,0.0,5.0,2.1666666666666665,0.5521013427459208,0.8337770129585915,-2.0,test
2022-02-04,2022-02-03,180,177.0,-2.0,1.0,-2.0,-1.0,1.4285714285714164,2.5,0.5663619330814524,0.8241566360566663,3.0,test
2022-02-05,2022-02-04,176,180.0,3.0,-2.0,1.0,1.3333333333333428,1.8571428571428612,1.5,0.580454927809098,0.8142923779467267,-4.0,test
2022-02-06,2022-02-05,176,176.0,-4.0,3.0,-2.0,-1.6666666666666572,-2.857142857142861,-1.0,0.5943761565849831,0.804187157621448,0.0,test
2022-02-07,2022-02-06,186,176.0,0.0,-4.0,3.0,-1.3333333333333428,-2.0,-0.6666666666666666,0.6081214998935418,0.7938439653781019,10.0,test
2022-02-08,2022-02-07,188,186.0,10.0,0.0,-4.0,6.666666666666657,7.142857142857139,1.3333333333333333,0.6216868902665479,0.7832658619336791,2.0,test
2022-02-09,2022-02-08,192,188.0,2.0,10.0,0.0,4.666666666666657,7.714285714285722,1.5,0.6350683134867438,0.7724559775191742,4.0,test
2022-02-10,2022-02-09,189,192.0,4.0,2.0,10.0,3.333333333333343,9.857142857142861,2.5,0.6482618097757122,0.7614175109532997,-3.0,test
2022-02-11,2022-02-10,183,189.0,-3.0,4.0,2.0,-0.6666666666666572,5.142857142857139,1.5,0.6612634749656386,0.7501537286959042,-6.0,test
2022-02-12,2022-02-11,194,183.0,-6.0,-3.0,4.0,-5.0,-1.2857142857142776,1.1666666666666667,0.6740694616546161,0.7386679638813748,11.0,test
2022-02-13,2022-02-12,198,194.0,11.0,-6.0,-3.0,5.333333333333343,7.142857142857139,3.0,0.6866759803451553,0.726963615332308,4.0,test
2022-02-14,2022-02-13,194,198.0,4.0,11.0,-6.0,6.333333333333343,8.0,2.0,0.6990793005655562,0.7150441465537444,-4.0,test
2022-02-15,2022-02-14,198,194.0,-4.0,4.0,11.0,-1.3333333333333428,2.857142857142861,1.0,0.7112757519738152,0.7029130847082615,4.0,test
2022-02-16,2022-02-15,194,198.0,4.0,-4.0,4.0,1.3333333333333428,5.428571428571416,1.0,0.7232617254437388,0.6905740195722293,-4.0,test
2022-02-17,2022-02-16,183,194.0,-4.0,4.0,-4.0,-1.3333333333333428,1.1428571428571388,0.8333333333333334,0.7350336741329413,0.6780306024735382,-11.0,test
2022-02-18,2022-02-17,189,183.0,-11.0,-4.0,4.0,-8.666666666666657,-9.0,0.0,0.746588114532413,0.6652865452111116,6.0,test
2022-02-19,2022-02-18,185,189.0,6.0,-11.0,-4.0,0.3333333333333428,-3.857142857142861,-0.8333333333333334,0.7579216274973472,0.6523456189565257,-4.0,test
2022-02-20,2022-02-19,181,185.0,-4.0,6.0,-11.0,-0.6666666666666572,-6.571428571428584,-2.1666666666666665,0.7690308592589181,0.6392116531380588,-4.0,test
2022-02-21,2022-02-20,185,181.0,-4.0,-4.0,6.0,-4.0,-8.142857142857139,-2.1666666666666665,0.7799125224167177,0.6258885343075018,4.0,test
2022-02-22,2022-02-21,177,185.0,4.0,-4.0,-4.0,1.3333333333333428,-2.857142857142861,-2.1666666666666665,0.7905633969115482,0.612380204990065,-8.0,test
2022-02-23,2022-02-22,176,177.0,-8.0,4.0,-4.0,-4.0,-7.857142857142861,-2.8333333333333335,0.8009803309782905,0.5986906625177214,-1.0,test
2022-02-24,2022-02-23,181,176.0,-1.0,-8.0,4.0,-3.333333333333343,-6.285714285714278,-1.1666666666666667,0.8111602420785621,0.5848239578463322,5.0,test
2022-02-25,2022-02-24,176,181.0,5.0,-1.0,-8.0,3.0,-1.0,-1.3333333333333333,0.8211001178128892,0.5707841943569036,-5.0,test
2022-02-26,2022-02-25,169,176.0,-5.0,5.0,-1.0,-1.6666666666666572,-4.142857142857139,-1.5,0.8307970168121247,0.5565755266413303,-7.0,test
2022-02-27,2022-02-26,170,169.0,-7.0,-5.0,5.0,-6.333333333333343,-8.857142857142861,-2.0,0.8402480696078469,0.5422021592729844,1.0,test
2022-02-28,2022-02-27,169,170.0,1.0,-7.0,-5.0,-1.6666666666666572,-6.285714285714278,-2.5,0.8494504794814806,0.527668345562516,-1.0,test
2022-03-01,2022-02-28,177,169.0,-1.0,1.0,-7.0,-0.3333333333333428,-5.0,-1.3333333333333333,0.8584015232918917,0.512978386299228,8.0,test
2022-03-02,2022-03-01,172,177.0,8.0,-1.0,1.0,5.0,3.0,0.16666666666666666,0.8670985522812081,0.4981366284784055,-5.0,test
2022-03-03,2022-03-02,166,172.0,-5.0,8.0,-1.0,-0.6666666666666572,-1.4285714285714164,-1.5,0.8755389928586302,0.4831474640149687,-6.0,test
2022-03-04,2022-03-03,158,166.0,-6.0,-5.0,8.0,-5.666666666666657,-5.285714285714278,-1.6666666666666667,0.8837203473619977,0.4680153284438345,-8.0,test
2022-03-05,2022-03-04,242,158.0,-8.0,-6.0,-5.0,-7.333333333333343,-10.714285714285722,-1.8333333333333333,0.8916401947968874,0.45274469960737107,84.0,test
2022-03-06,2022-03-05,246,242.0,84.0,-8.0,-6.0,53.33333333333334,62.85714285714286,12.0,0.8992961915530253,0.4373400963303323,4.0,test
2022-03-07,2022-03-06,219,246.0,4.0,84.0,-8.0,30.666666666666657,56.0,12.833333333333334,0.9066860720977985,0.4218060770826634,-27.0,test
2022-03-08,2022-03-07,218,219.0,-27.0,4.0,84.0,-16.666666666666657,21.85714285714286,7.0,0.9138076496466615,0.4061472386305789,-1.0,test
2022-03-09,2022-03-08,192,218.0,-1.0,-27.0,4.0,-9.666666666666657,15.0,7.666666666666667,0.9206588168102428,0.3903682146763026,-26.0,test
2022-03-10,2022-03-09,180,192.0,-26.0,-1.0,-27.0,-17.666666666666657,-13.857142857142861,4.333333333333333,0.9272375462179537,0.374473674486883,-12.0,test
2022-03-11,2022-03-10,165,180.0,-12.0,-26.0,-1.0,-16.666666666666657,-27.85714285714286,3.6666666666666665,0.9335418911179212,0.35846832151248087,-15.0,test
2022-03-12,2022-03-11,155,165.0,-15.0,-12.0,-26.0,-14.0,-43.85714285714286,-12.833333333333334,0.9395699859530622,0.342356891994542,-10.0,test
2022-03-13,2022-03-12,162,155.0,-10.0,-15.0,-12.0,-11.666666666666657,-41.428571428571416,-15.166666666666666,0.945320046913132,0.3261441535642696,7.0,test
2022-03-14,2022-03-13,170,162.0,7.0,-10.0,-15.0,1.3333333333333428,-22.428571428571416,-9.5,0.9507903724625832,0.3098349038318025,8.0,test
2022-03-15,2022-03-14,212,170.0,8.0,7.0,-10.0,7.666666666666657,-7.428571428571416,-8.0,0.9559793438440766,0.2934339689665273,42.0,test
2022-03-16,2022-03-15,207,212.0,42.0,8.0,7.0,30.666666666666657,35.428571428571416,3.3333333333333335,0.9608854255574977,0.27694620226893646,-5.0,test
2022-03-17,2022-03-16,178,207.0,-5.0,42.0,8.0,10.666666666666657,28.285714285714278,4.5,0.9655071658143364,0.2603764827344581,-29.0,test
2022-03-18,2022-03-17,166,178.0,-29.0,-5.0,42.0,-21.0,-0.4285714285714164,2.1666666666666665,0.969843196967294,0.24372971360968387,-12.0,test
2022-03-19,2022-03-18,152,166.0,-12.0,-29.0,-5.0,-17.666666666666657,-12.571428571428584,1.8333333333333333,0.9738922359149924,0.22701082094141847,-14.0,test
2022-03-20,2022-03-19,144,152.0,-14.0,-12.0,-29.0,-13.333333333333343,-26.14285714285714,-1.6666666666666667,0.9776530844816641,0.2102247521189836,-8.0,test
2022-03-21,2022-03-20,179,144.0,-8.0,-14.0,-12.0,-10.0,-31.571428571428584,-4.333333333333333,0.981124629771712,0.19337647441020586,35.0,test
2022-03-22,2022-03-21,179,179.0,35.0,-8.0,-14.0,20.666666666666657,2.142857142857139,-5.5,0.984305844499033,0.17647097349152166,0.0,test
2022-03-23,2022-03-22,164,179.0,0.0,35.0,-8.0,11.666666666666657,6.857142857142861,-4.666666666666667,0.9871957872910085,0.15951325197263655,-15.0,test
2022-03-24,2022-03-23,181,164.0,-15.0,0.0,35.0,-10.0,-2.0,-2.3333333333333335,0.9897936029670716,0.14250832791617088,17.0,test
2022-03-25,2022-03-24,169,181.0,17.0,-15.0,0.0,6.333333333333343,14.571428571428584,2.5,0.992098522791769,0.12546123335273648,-12.0,test
2022-03-26,2022-03-25,155,169.0,-12.0,17.0,-15.0,-2.333333333333343,2.142857142857139,2.8333333333333335,0.9941098647022418,0.10837701279187609,-14.0,test
2022-03-27,2022-03-26,196,155.0,-14.0,-12.0,17.0,-13.333333333333343,-12.285714285714278,1.8333333333333333,0.9958270335100595,0.09126072172931188,41.0,test
2022-03-28,2022-03-27,209,196.0,41.0,-14.0,-12.0,22.666666666666657,21.285714285714278,2.8333333333333335,0.9972495210773451,0.07411742515094437,13.0,test
2022-03-29,2022-03-28,248,209.0,13.0,41.0,-14.0,22.333333333333343,30.0,5.0,0.998376906467142,0.056952196034039754,39.0,test
2022-03-30,2022-03-29,252,248.0,39.0,13.0,41.0,30.333333333333343,59.14285714285714,14.0,0.9992088560679753,0.03977011384605572,4.0,test
2022-03-31,2022-03-30,206,252.0,4.0,39.0,13.0,15.666666666666657,50.571428571428584,11.833333333333334,0.9997451236925734,0.022576263041545485,-46.0,test
2022-04-01,2022-03-31,192,206.0,-46.0,4.0,39.0,-29.333333333333343,1.0,6.166666666666667,0.9999855506507186,0.005375731557583884,-14.0,test
2022-04-02,2022-04-01,191,192.0,-14.0,-46.0,4.0,-24.666666666666657,-16.285714285714278,6.166666666666667,0.9999300657962057,-0.011826390691832589,-1.0,test
2022-04-03,2022-04-02,195,191.0,-1.0,-14.0,-46.0,-5.333333333333343,-22.428571428571416,-0.8333333333333334,0.9995786855478958,-0.029025013321975237,4.0,test
2022-04-04,2022-04-03,185,195.0,4.0,-1.0,-14.0,2.333333333333343,-18.285714285714278,-2.3333333333333335,0.9989315138848577,-0.046215046983708354,-10.0,test
2022-04-05,2022-04-04,200,185.0,-10.0,4.0,-1.0,-5.333333333333343,-24.85714285714286,-10.5,0.9979887423155984,-0.06339140486951038,15.0,test
2022-04-06,2022-04-05,183,200.0,15.0,-10.0,4.0,6.666666666666657,-3.0,-8.666666666666666,0.9967506498213929,-0.08054900421874167,-17.0,test
2022-04-07,2022-04-06,174,183.0,-17.0,15.0,-10.0,-6.333333333333343,-10.142857142857139,-3.8333333333333335,0.9952176027737294,-0.09768276782171598,-9.0,test
2022-04-08,2022-04-07,172,174.0,-9.0,-17.0,15.0,-11.666666666666657,-14.571428571428584,-3.0,0.9933900548258936,-0.11478762552212701,-2.0,test
2022-04-09,2022-04-08,179,172.0,-2.0,-9.0,-17.0,-4.333333333333343,-13.714285714285722,-3.1666666666666665,0.9912685467787256,-0.13185851571739118,7.0,test
2022-04-10,2022-04-09,193,179.0,7.0,-2.0,-9.0,4.0,-5.0,-2.6666666666666665,0.9888537064205885,-0.1488903868564548,14.0,test
2022-04-11,2022-04-10,199,193.0,14.0,7.0,-2.0,11.666666666666657,9.285714285714278,1.3333333333333333,0.986146248341595,-0.16587819893463143,6.0,test
2022-04-12,2022-04-11,188,199.0,6.0,14.0,7.0,8.666666666666657,13.285714285714278,-0.16666666666666666,0.9831469737221499,-0.1828169249850199,-11.0,test
2022-04-13,2022-04-12,195,188.0,-11.0,6.0,14.0,-5.333333333333343,4.0,0.8333333333333334,0.9798567700958665,-0.1997015525660636,7.0,test
2022-04-14,2022-04-13,194,195.0,7.0,-11.0,6.0,1.0,9.285714285714278,3.5,0.9762766110869321,-0.21652708524481437,-1.0,test
2022-04-15,2022-04-14,210,194.0,-1.0,7.0,-11.0,1.6666666666666572,5.428571428571416,3.6666666666666665,0.9724075561219968,-0.23328854407545518,16.0,test
2022-04-16,2022-04-15,221,210.0,16.0,-1.0,7.0,10.333333333333343,16.0,5.166666666666667,0.9682507501166718,-0.2499809690726521,11.0,test
2022-04-17,2022-04-16,239,221.0,11.0,16.0,-1.0,12.666666666666657,21.0,4.666666666666667,0.9638074231367307,-0.26659942067929354,18.0,test
2022-04-18,2022-04-17,249,239.0,18.0,11.0,16.0,15.666666666666657,32.428571428571416,6.666666666666667,0.9590788900341131,-0.28313898122818354,10.0,test
2022-04-19,2022-04-18,263,249.0,10.0,18.0,11.0,12.666666666666657,35.28571428571428,10.166666666666666,0.9540665500578387,-0.2995947563972602,14.0,test
2022-04-20,2022-04-19,277,263.0,14.0,10.0,18.0,12.666666666666657,38.571428571428584,11.333333333333334,0.9487718864399473,-0.31596187665790293,14.0,test
2022-04-21,2022-04-20,285,277.0,14.0,14.0,10.0,14.0,40.85714285714286,13.833333333333334,0.9431964659565866,-0.33223549871590435,8.0,test
2022-04-22,2022-04-21,294,285.0,8.0,14.0,14.0,10.0,35.85714285714286,12.5,0.9373419384643772,-0.3484108069446808,9.0,test
2022-04-23,2022-04-22,310,294.0,9.0,8.0,14.0,8.666666666666686,32.85714285714283,12.166666666666666,0.9312100364121947,-0.3644830148102912,16.0,test
2022-04-24,2022-04-23,316,310.0,16.0,9.0,8.0,13.666666666666686,36.14285714285717,11.833333333333334,0.9248025743285089,-0.38044736628785164,6.0,test
2022-04-25,2022-04-24,324,316.0,6.0,16.0,9.0,9.333333333333314,31.142857142857167,11.166666666666666,0.9181214482844364,-0.39629913726891813,8.0,test
2022-04-26,2022-04-25,325,324.0,8.0,6.0,16.0,7.333333333333314,28.428571428571445,10.166666666666666,0.9111686353326631,-0.41203363695942635,1.0,test
2022-04-27,2022-04-26,331,325.0,1.0,8.0,6.0,3.3333333333333144,20.571428571428555,8.0,0.9039461929224011,-0.42764620926777464,6.0,test
2022-04-28,2022-04-27,332,331.0,6.0,1.0,8.0,4.333333333333314,18.857142857142833,7.666666666666667,0.8964562582905575,-0.44313223418263453,1.0,test
2022-04-29,2022-04-28,334,332.0,1.0,6.0,1.0,2.6666666666666856,13.142857142857167,6.333333333333333,0.8887010478292915,-0.45848712914008766,2.0,test
2022-04-30,2022-04-29,333,334.0,2.0,1.0,6.0,1.6666666666666856,9.428571428571445,4.0,0.8806828564301475,-0.47370635037968,-1.0,test
2022-05-01,2022-04-30,337,333.0,-1.0,2.0,1.0,0.0,5.142857142857167,2.8333333333333335,0.8724040568049612,-0.48878539428899265,4.0,test
2022-05-02,2022-05-01,340,337.0,4.0,-1.0,2.0,2.3333333333333144,6.142857142857167,2.1666666666666665,0.8638670987837349,-0.503719798736334,3.0,test
2022-05-03,2022-05-02,344,340.0,3.0,4.0,-1.0,3.3333333333333144,6.857142857142833,2.5,0.8550745085896932,-0.518505144391157,4.0,test
2022-05-04,2022-05-03,348,344.0,4.0,3.0,4.0,3.6666666666666856,8.142857142857167,2.1666666666666665,0.8460288880917339,-0.533137056031809,4.0,test
2022-05-05,2022-05-04,350,348.0,4.0,4.0,3.0,4.0,9.714285714285722,2.6666666666666665,0.8367329140344921,-0.5476112038402312,2.0,test
2022-05-06,2022-05-05,348,350.0,2.0,4.0,4.0,2.6666666666666856,9.142857142857167,2.6666666666666665,0.8271893372462497,-0.5619233046832195,-2.0,test
2022-05-07,2022-05-06,349,348.0,-2.0,2.0,4.0,-0.6666666666666856,5.142857142857167,2.5,0.8174009818249189,-0.5760691233798758,1.0,test
2022-05-08,2022-05-07,352,349.0,1.0,-2.0,2.0,0.0,3.857142857142833,2.0,0.8073707443023492,-0.5900444739548627,3.0,test
2022-05-09,2022-05-08,357,352.0,3.0,1.0,-2.0,2.3333333333333144,4.714285714285722,2.0,0.7971015927871943,-0.6038452208771035,5.0,test
2022-05-10,2022-05-09,366,357.0,5.0,3.0,1.0,4.333333333333314,7.285714285714278,2.1666666666666665,0.7865965660866021,-0.6174672802835514,9.0,test
2022-05-11,2022-05-10,363,366.0,9.0,5.0,3.0,7.666666666666686,13.142857142857167,3.0,0.7758587728069828,-0.6309066211876704,-3.0,test
2022-05-12,2022-05-11,366,363.0,-3.0,9.0,5.0,1.0,8.0,2.1666666666666665,0.7648913904341225,-0.6441592666722685,3.0,test
2022-05-13,2022-05-12,371,366.0,3.0,-3.0,9.0,1.0,8.714285714285722,3.0,0.753697664392914,-0.6572212950663319,5.0,test
2022-05-14,2022-05-13,375,371.0,5.0,3.0,-3.0,4.333333333333314,10.428571428571445,3.6666666666666665,0.742280907086982,-0.6700888411055113,4.0,test
2022-05-15,2022-05-14,370,375.0,4.0,5.0,3.0,4.333333333333314,10.714285714285722,3.8333333333333335,0.7306444969184916,-0.6827580970759147,-5.0,test
2022-05-16,2022-05-15,366,370.0,-5.0,4.0,5.0,-2.0,3.142857142857167,2.1666666666666665,0.7187918772884232,-0.6952253139408722,-4.0,test
2022-05-17,2022-05-16,359,366.0,-4.0,-5.0,4.0,-4.333333333333314,-2.142857142857167,0.0,0.7067265555776158,-0.7074868024503348,-7.0,test
2022-05-18,2022-05-17,356,359.0,-7.0,-4.0,-5.0,-6.0,-8.142857142857167,-0.6666666666666666,0.6944521021088763,-0.719538934232584,-3.0,test
2022-05-19,2022-05-18,349,356.0,-3.0,-7.0,-4.0,-4.333333333333314,-10.142857142857167,-1.6666666666666667,0.6819721490904629,-0.7313781428679254,-7.0,test
2022-05-20,2022-05-19,340,349.0,-7.0,-3.0,-7.0,-5.666666666666686,-14.714285714285722,-3.6666666666666665,0.6692903895412567,-0.7430009249440493,-9.0,test
2022-05-21,2022-05-20,336,340.0,-9.0,-7.0,-3.0,-8.333333333333314,-19.285714285714278,-5.833333333333333,0.6564105761979381,-0.7544038410927472,-4.0,test
2022-05-22,2022-05-21,338,336.0,-4.0,-9.0,-7.0,-5.666666666666686,-17.714285714285722,-5.666666666666667,0.6433365204044917,-0.765583517007675,2.0,test
2022-05-23,2022-05-22,342,338.0,2.0,-4.0,-9.0,0.0,-11.142857142857167,-4.666666666666667,0.6300720909843687,-0.7765366444428655,4.0,test
2022-05-24,2022-05-23,325,342.0,4.0,2.0,-4.0,3.3333333333333144,-3.7142857142857224,-2.8333333333333335,0.6166212130956382,-0.7872599821916922,-17.0,test
2022-05-25,2022-05-24,319,325.0,-17.0,4.0,2.0,-10.0,-15.857142857142833,-5.166666666666667,0.6029878670694714,-0.7977503570459932,-6.0,test
2022-05-26,2022-05-25,318,319.0,-6.0,-17.0,4.0,-9.666666666666686,-16.571428571428555,-5.0,0.5891760872322963,-0.8080046647350754,-1.0,test
2022-05-27,2022-05-26,317,318.0,-1.0,-6.0,-17.0,-2.6666666666666856,-13.142857142857167,-3.6666666666666665,0.5751899607119775,-0.8180198708443174,-1.0,test
2022-05-28,2022-05-27,319,317.0,-1.0,-1.0,-6.0,-1.0,-10.857142857142833,-3.1666666666666665,0.5610336262283677,-0.8277930117131022,2.0,test
2022-05-29,2022-05-28,312,319.0,2.0,-1.0,-1.0,1.0,-6.428571428571445,-3.1666666666666665,0.5467112728685939,-0.8373211953118121,-7.0,test
2022-05-30,2022-05-29,302,312.0,-7.0,2.0,-1.0,-4.0,-9.714285714285722,-5.0,0.5322271388474397,-0.8466016020976267,-10.0,test
2022-05-31,2022-05-30,295,302.0,-10.0,-7.0,2.0,-9.0,-14.0,-3.8333333333333335,0.5175855102531889,-0.8556314858488706,-7.0,test
2022-06-01,2022-05-31,285,295.0,-7.0,-10.0,-7.0,-8.0,-16.714285714285722,-4.0,0.5027907197793043,-0.8644081744776648,-10.0,test
2022-06-02,2022-06-01,277,285.0,-10.0,-7.0,-10.0,-9.0,-21.857142857142833,-5.5,0.4878471454423119,-0.8729290708206411,-8.0,test
2022-06-03,2022-06-02,275,277.0,-8.0,-10.0,-7.0,-8.666666666666686,-24.0,-6.666666666666667,0.47275920928627757,-0.881191653407483,-2.0,test
2022-06-04,2022-06-03,275,275.0,-2.0,-8.0,-10.0,-4.0,-20.0,-7.333333333333333,0.4575313760742512,-0.8891934772070711,0.0,test
2022-06-05,2022-06-04,274,275.0,0.0,-2.0,-8.0,-0.6666666666666856,-13.714285714285722,-6.166666666666667,0.44216815196707204,-0.8969321743510065,-1.0,test
2022-06-06,2022-06-05,275,274.0,-1.0,0.0,-2.0,-0.6666666666666856,-9.285714285714278,-4.666666666666667,0.42667408318992467,-0.9044054548343001,1.0,test
2022-06-07,2022-06-06,274,275.0,1.0,-1.0,0.0,0.3333333333333144,-4.428571428571445,-3.3333333333333335,0.4110537546870351,-0.9116111071930239,-1.0,test
2022-06-08,2022-06-07,276,274.0,-1.0,1.0,-1.0,-0.3333333333333144,-2.428571428571445,-1.8333333333333333,0.3953117887649151,-0.9185469991587165,2.0,test
2022-06-09,2022-06-08,278,276.0,2.0,-1.0,1.0,1.0,0.8571428571428328,-0.16666666666666666,0.37945284372454435,-0.925211078289358,2.0,test
2022-06-10,2022-06-09,275,278.0,2.0,2.0,-1.0,2.0,2.7142857142857224,0.5,0.36348161248290634,-0.9316013725767187,-3.0,test
2022-06-11,2022-06-10,282,275.0,-3.0,2.0,2.0,-1.3333333333333144,-0.2857142857142776,0.0,0.3474028211842774,-0.9377159910299093,7.0,test
2022-06-12,2022-06-11,294,282.0,7.0,-3.0,2.0,3.6666666666666856,5.714285714285722,1.3333333333333333,0.3312212278016865,-0.9435531242349544,12.0,test
2022-06-13,2022-06-12,288,294.0,12.0,7.0,-3.0,10.333333333333314,14.857142857142833,3.1666666666666665,0.31494162072895193,-0.9491110448902284,-6.0,test
2022-06-14,2022-06-13,281,288.0,-6.0,12.0,7.0,0.0,7.0,2.3333333333333335,0.2985688173637202,-0.9543881083175908,-7.0,test
2022-06-15,2022-06-14,280,281.0,-7.0,-6.0,12.0,-6.666666666666686,-1.0,0.8333333333333334,0.2821076626819194,-0.9593827529490743,-1.0,test
2022-06-16,2022-06-15,286,280.0,-1.0,-7.0,-6.0,-3.0,-2.571428571428555,0.3333333333333333,0.26556302780405594,-0.9640935007889755,6.0,test
2022-06-17,2022-06-16,298,286.0,6.0,-1.0,-7.0,3.6666666666666856,2.2857142857142776,1.8333333333333333,0.24893980855376657,-0.9685189578512204,12.0,test
2022-06-18,2022-06-17,306,298.0,12.0,6.0,-1.0,10.0,11.0,2.6666666666666665,0.23224292400907015,-0.9726578145718654,8.0,test
2022-06-19,2022-06-18,308,306.0,8.0,12.0,6.0,9.333333333333314,15.571428571428555,2.0,0.21547731504673012,-0.976508846196619,2.0,test
2022-06-20,2022-06-19,314,308.0,2.0,8.0,12.0,4.0,15.571428571428555,3.3333333333333335,0.19864794288017112,-0.9800709131432666,6.0,test
2022-06-21,2022-06-20,319,314.0,6.0,2.0,8.0,4.666666666666686,17.857142857142833,5.5,0.18175978759137534,-0.9833429613388902,5.0,test
2022-06-22,2022-06-21,312,319.0,5.0,6.0,2.0,5.333333333333314,17.428571428571445,6.5,0.16481784665719793,-0.9863240225317866,-7.0,test
2022-06-23,2022-06-22,305,312.0,-7.0,5.0,6.0,-3.0,5.857142857142833,4.333333333333333,0.14782713347053048,-0.9890132145779883,-7.0,test
2022-06-24,2022-06-23,302,305.0,-7.0,-7.0,5.0,-7.0,-3.857142857142833,1.1666666666666667,0.13079267585675922,-0.9914097417023038,-3.0,test
2022-06-25,2022-06-24,301,302.0,-3.0,-7.0,-7.0,-4.333333333333314,-7.428571428571445,-0.6666666666666666,0.11371951458594969,-0.9935128947338007,-1.0,test
2022-06-26,2022-06-25,297,301.0,-1.0,-3.0,-7.0,-1.6666666666666856,-7.714285714285722,-1.1666666666666667,0.0966127018812031,-0.9953220513156602,-4.0,test
2022-06-27,2022-06-26,287,297.0,-4.0,-1.0,-3.0,-3.0,-10.142857142857167,-2.8333333333333335,0.07947729992362097,-0.9968366760893436,-10.0,test
2022-06-28,2022-06-27,280,287.0,-10.0,-4.0,-1.0,-8.0,-16.285714285714278,-5.333333333333333,0.062318379354325076,-0.998056320853012,-7.0,test
2022-06-29,2022-06-28,275,280.0,-7.0,-10.0,-4.0,-8.0,-17.714285714285722,-5.333333333333333,0.04514101777397193,-0.9989806246941579,-5.0,test
2022-06-30,2022-06-29,273,275.0,-5.0,-7.0,-10.0,-5.666666666666686,-17.428571428571445,-5.0,0.02795029824021032,-0.999609314096404,-2.0,test
2022-07-01,2022-06-30,270,273.0,-2.0,-5.0,-7.0,-3.0,-14.857142857142833,-4.833333333333333,0.01075130776352193,-0.9999422030204416,-3.0,test
2022-07-02,2022-07-01,275,270.0,-3.0,-2.0,-5.0,-2.6666666666666856,-13.285714285714278,-5.166666666666667,-0.00645086419810515,-0.9999791929590823,5.0,test
2022-07-03,2022-07-02,271,275.0,5.0,-3.0,-2.0,2.3333333333333144,-4.571428571428555,-3.6666666666666665,-0.023651127245231586,-0.9997202729664083,-4.0,test
2022-07-04,2022-07-03,269,271.0,-4.0,5.0,-3.0,-1.0,-4.857142857142833,-2.6666666666666665,-0.04084439154329611,-0.9991655196610109,-2.0,test
2022-07-05,2022-07-04,269,269.0,-2.0,-4.0,5.0,-2.6666666666666856,-4.285714285714278,-1.8333333333333333,-0.05802556932878035,-0.9983150972033183,0.0,test
2022-07-06,2022-07-05,266,269.0,0.0,-2.0,-4.0,-0.6666666666666856,-2.7142857142857224,-1.0,-0.07518957641475855,-0.9971692572470178,-3.0,test
2022-07-07,2022-07-06,269,266.0,-3.0,0.0,-2.0,-2.0,-4.428571428571445,-1.1666666666666667,-0.09233133369539122,-0.9957283388645872,3.0,test
2022-07-08,2022-07-07,266,269.0,3.0,-3.0,0.0,1.0,-0.8571428571428328,-0.16666666666666666,-0.10944576864891556,-0.993992768446958,-3.0,test
2022-07-09,2022-07-08,262,266.0,-3.0,3.0,-3.0,-1.0,-3.2857142857142776,-1.5,-0.12652781683868314,-0.9919630595773397,-4.0,test
2022-07-10,2022-07-09,260,262.0,-4.0,-3.0,3.0,-3.6666666666666856,-5.428571428571445,-1.5,-0.1435724234118113,-0.9896398128792412,-2.0,test
2022-07-11,2022-07-10,256,260.0,-2.0,-4.0,-3.0,-2.6666666666666856,-5.857142857142833,-1.5,-0.16057454459499376,-0.9870237158387383,-4.0,test
2022-07-12,2022-07-11,253,256.0,-4.0,-2.0,-4.0,-3.3333333333333144,-8.0,-2.1666666666666665,-0.17752914918703497,-0.984115542601034,-3.0,test
2022-07-13,2022-07-12,252,253.0,-3.0,-4.0,-2.0,-3.3333333333333144,-8.714285714285722,-2.1666666666666665,-0.19443122004766195,-0.9809161537413774,-1.0,test
2022-07-14,2022-07-13,255,252.0,-1.0,-3.0,-4.0,-1.6666666666666572,-7.714285714285722,-2.8333333333333335,-0.2112757555821793,-0.9774264960104055,3.0,test
2022-07-15,2022-07-14,253,255.0,3.0,-1.0,-3.0,1.6666666666666572,-2.7142857142857224,-1.8333333333333333,-0.2280577712215198,-0.9736476020539838,-2.0,test
2022-07-16,2022-07-15,248,253.0,-2.0,3.0,-1.0,-0.3333333333333428,-2.857142857142861,-1.5,-0.24477230089725957,-0.9695805901076308,-5.0,test
2022-07-17,2022-07-16,238,248.0,-5.0,-2.0,3.0,-4.0,-5.857142857142861,-2.0,-0.2614143985111562,-0.965226663665613,-10.0,test
2022-07-18,2022-07-17,245,238.0,-10.0,-5.0,-2.0,-8.333333333333343,-12.714285714285722,-3.0,-0.2779791393987801,-0.9605871111248129,7.0,test
2022-07-19,2022-07-18,239,245.0,7.0,-10.0,-5.0,1.3333333333333428,-4.142857142857139,-1.3333333333333333,-0.2944616217868012,-0.9556633054034704,-6.0,test
2022-07-20,2022-07-19,227,239.0,-6.0,7.0,-10.0,-1.6666666666666572,-8.142857142857139,-2.1666666666666665,-0.3108569682435036,-0.9504567035349151,-12.0,test
2022-07-21,2022-07-20,226,227.0,-12.0,-6.0,7.0,-10.0,-16.571428571428584,-4.666666666666667,-0.3271603271220951,-0.9449688462364056,-1.0,test
2022-07-22,2022-07-21,226,226.0,-1.0,-12.0,-6.0,-4.666666666666657,-13.428571428571416,-4.5,-0.34336687399638804,-0.939201357453208,0.0,test
2022-07-23,2022-07-22,233,226.0,0.0,-1.0,-12.0,-0.3333333333333428,-9.571428571428584,-3.6666666666666665,-0.3594718130884232,-0.9331559438780432,7.0,test
2022-07-24,2022-07-23,242,233.0,7.0,0.0,-1.0,4.666666666666657,-0.4285714285714164,-0.8333333333333334,-0.3754703786876202,-0.9268343944460494,9.0,test
2022-07-25,2022-07-24,250,242.0,9.0,7.0,0.0,8.333333333333343,8.0,-0.5,-0.3913578365610259,-0.9202385798054075,8.0,test
2022-07-26,2022-07-25,255,250.0,8.0,9.0,7.0,8.333333333333343,15.285714285714278,1.8333333333333333,-0.4071294853542516,-0.9133704517637858,5.0,test
2022-07-27,2022-07-26,257,255.0,5.0,8.0,9.0,6.0,18.0,4.666666666666667,-0.4227806579826773,-0.9062320427107697,2.0,test
2022-07-28,2022-07-27,241,257.0,2.0,5.0,8.0,3.0,15.714285714285722,5.166666666666667,-0.4383067230125192,-0.898825465016444,-16.0,test
2022-07-29,2022-07-28,241,241.0,-16.0,2.0,5.0,-10.0,-2.4285714285714164,2.5,-0.45370308603134424,-0.8911529104063088,0.0,test
2022-07-30,2022-07-29,241,241.0,0.0,-16.0,2.0,-5.333333333333343,-4.571428571428584,1.3333333333333333,-0.46896519100763184,-0.8832166493127127,0.0,test
2022-07-31,2022-07-30,237,241.0,0.0,0.0,-16.0,0.0,-5.714285714285722,-0.16666666666666666,-0.48408852163897587,-0.8750190302029955,-4.0,test
2022-08-01,2022-07-31,228,237.0,-4.0,0.0,0.0,-2.666666666666657,-9.0,-2.1666666666666665,-0.4990686026885319,-0.8665624788845385,-9.0,test
2022-08-02,2022-08-01,227,228.0,-9.0,-4.0,0.0,-7.333333333333343,-14.857142857142861,-4.5,-0.5139010013093103,-0.8578494977869301,-1.0,test
2022-08-03,2022-08-02,223,227.0,-1.0,-9.0,-4.0,-3.666666666666657,-11.857142857142861,-5.0,-0.5285813283559292,-0.8488826652214553,-4.0,test
2022-08-04,2022-08-03,219,223.0,-4.0,-1.0,-9.0,-3.0,-11.0,-3.0,-0.5431052396834317,-0.8396646346181327,-4.0,test
2022-08-05,2022-08-04,215,219.0,-4.0,-4.0,-1.0,-4.0,-11.857142857142861,-3.6666666666666665,-0.5574684374327892,-0.8301981337405212,-4.0,test
2022-08-06,2022-08-05,206,215.0,-4.0,-4.0,-4.0,-4.0,-12.142857142857139,-4.333333333333333,-0.5716666713027052,-0.8204859638785327,-9.0,test
2022-08-07,2022-08-06,204,206.0,-9.0,-4.0,-4.0,-7.333333333333343,-16.14285714285714,-5.166666666666667,-0.5856957398073508,-0.8105309990194823,-2.0,test
2022-08-08,2022-08-07,203,204.0,-2.0,-9.0,-4.0,-4.333333333333343,-13.428571428571416,-4.0,-0.5995514915196489,-0.8003361849976323,-1.0,test
2022-08-09,2022-08-08,202,203.0,-1.0,-2.0,-9.0,-1.3333333333333428,-10.857142857142861,-4.0,-0.6132298262997502,-0.7899045386224707,-1.0,test
2022-08-10,2022-08-09,204,202.0,-1.0,-1.0,-2.0,-1.0,-8.285714285714278,-3.5,-0.6267266965083301,-0.7792391467859886,2.0,test
2022-08-11,2022-08-10,205,204.0,2.0,-1.0,-1.0,1.0,-3.5714285714285836,-2.5,-0.6400381082043503,-0.7683431655492202,1.0,test
2022-08-12,2022-08-11,210,205.0,1.0,2.0,-1.0,1.3333333333333428,-0.5714285714285836,-1.6666666666666667,-0.65316012232693,-0.7572198192083127,5.0,test
2022-08-13,2022-08-12,208,210.0,5.0,1.0,2.0,3.666666666666657,5.142857142857139,0.6666666666666666,-0.666088855860977,-0.7458723993404063,-2.0,test
2022-08-14,2022-08-13,203,208.0,-2.0,5.0,1.0,0.3333333333333428,2.857142857142861,0.6666666666666666,-0.6788204829862355,-0.734304263829602,-5.0,test
2022-08-15,2022-08-14,196,203.0,-5.0,-2.0,5.0,-4.0,-2.0,0.0,-0.6913512362094071,-0.722518835873311,-7.0,test
2022-08-16,2022-08-15,195,196.0,-7.0,-5.0,-2.0,-6.333333333333343,-8.0,-1.0,-0.7036774074790128,-0.7105196029692745,-1.0,test
2022-08-17,2022-08-16,201,195.0,-1.0,-7.0,-5.0,-3.0,-8.0,-1.5,-0.7157953492826642,-0.6983101158835584,6.0,test
2022-08-18,2022-08-17,223,201.0,6.0,-1.0,-7.0,3.666666666666657,-1.5714285714285836,-0.6666666666666666,-0.7277014757264236,-0.6858939875998223,22.0,test
2022-08-19,2022-08-18,214,223.0,22.0,6.0,-1.0,16.666666666666657,17.85714285714286,2.1666666666666665,-0.7393922635959241,-0.673274892250183,-9.0,test
2022-08-20,2022-08-19,187,214.0,-9.0,22.0,6.0,1.3333333333333428,8.285714285714278,1.0,-0.7508642533989489,-0.6604565640279754,-27.0,test
2022-08-21,2022-08-20,181,187.0,-27.0,-9.0,22.0,-21.0,-15.714285714285722,-2.6666666666666665,-0.7621140503891487,-0.6474427960827475,-6.0,test
2022-08-22,2022-08-21,181,181.0,-6.0,-27.0,-9.0,-13.0,-18.571428571428584,-2.5,-0.7731383255706026,-0.6342374393978054,0.0,test
2022-08-23,2022-08-22,180,181.0,0.0,-6.0,-27.0,-2.0,-16.428571428571416,-2.3333333333333335,-0.7839338166829201,-0.620844401650647,-1.0,test
2022-08-24,2022-08-23,181,180.0,-1.0,0.0,-6.0,-0.6666666666666572,-15.285714285714278,-3.5,-0.7944973291665992,-0.6072676460566135,1.0,test
2022-08-25,2022-08-24,185,181.0,1.0,-1.0,0.0,0.3333333333333428,-11.428571428571416,-7.0,-0.8048257371083452,-0.593511190196115,4.0,test
2022-08-26,2022-08-25,188,185.0,4.0,1.0,-1.0,3.0,-2.0,-4.833333333333333,-0.8149159841660791,-0.5795791048257612,3.0,test
2022-08-27,2022-08-26,187,188.0,3.0,4.0,1.0,3.333333333333343,4.714285714285722,0.16666666666666666,-0.8247650844733614,-0.5654755126737576,-1.0,test
2022-08-28,2022-08-27,188,187.0,-1.0,3.0,4.0,0.3333333333333428,3.7142857142857224,1.0,-0.8343701235229538,-0.5512045872199277,1.0,test
2022-08-29,2022-08-28,191,188.0,1.0,-1.0,3.0,0.3333333333333428,3.7142857142857224,1.1666666666666667,-0.8437282590292712,-0.5367705514607103,3.0,test
2022-08-30,2022-08-29,200,191.0,3.0,1.0,-1.0,2.333333333333343,5.285714285714278,1.8333333333333333,-0.8528367217694595,-0.522177676659508,9.0,test
2022-08-31,2022-08-30,204,200.0,9.0,3.0,1.0,7.0,11.428571428571416,3.1666666666666665,-0.8616928164028522,-0.5074302810827518,4.0,test
2022-09-01,2022-08-31,206,204.0,4.0,9.0,3.0,5.666666666666657,12.142857142857139,3.1666666666666665,-0.8702939222685674,-0.49253272872205434,2.0,test
2022-09-02,2022-09-01,219,206.0,2.0,4.0,9.0,2.666666666666657,11.142857142857139,3.0,-0.8786374941610001,-0.4774894280028391,13.0,test
2022-09-03,2022-09-02,211,219.0,13.0,2.0,4.0,9.333333333333343,19.714285714285722,5.333333333333333,-0.886721063082993,-0.46230483047981086,-8.0,test
2022-09-04,2022-09-03,199,211.0,-8.0,13.0,2.0,-1.0,8.285714285714278,3.8333333333333335,-0.8945422369764496,-0.4469834295196741,-12.0,test
2022-09-05,2022-09-04,201,199.0,-12.0,-8.0,13.0,-10.666666666666657,-5.285714285714278,1.3333333333333333,-0.9020987014301837,-0.43152975897147144,2.0,test
2022-09-06,2022-09-05,187,201.0,2.0,-12.0,-8.0,-2.666666666666657,-4.714285714285722,0.16666666666666666,-0.9093882203647925,-0.4159483918249421,-14.0,test
2022-09-07,2022-09-06,196,187.0,-14.0,2.0,-12.0,-8.666666666666657,-16.85714285714286,-2.8333333333333335,-0.9164086366943458,-0.4002439388573056,9.0,test
2022-09-08,2022-09-07,201,196.0,9.0,-14.0,2.0,1.3333333333333428,-6.714285714285722,-1.6666666666666667,-0.9231578729647039,-0.38442104726885545,5.0,test
2022-09-09,2022-09-08,206,201.0,5.0,9.0,-14.0,6.333333333333343,-1.0,-3.0,-0.9296339319682695,-0.3684843993077793,5.0,test
2022-09-10,2022-09-09,191,206.0,5.0,5.0,9.0,5.0,5.857142857142861,-0.8333333333333334,-0.9358348973349941,-0.35243871088460327,-15.0,test
2022-09-11,2022-09-10,178,191.0,-15.0,5.0,5.0,-8.333333333333343,-6.285714285714278,-1.3333333333333333,-0.9417589340994617,-0.33628873017668287,-13.0,test
2022-09-12,2022-09-11,186,178.0,-13.0,-15.0,5.0,-13.666666666666657,-16.285714285714278,-3.8333333333333335,-0.9474042892438845,-0.32003923622313857,8.0,test
2022-09-13,2022-09-12,194,186.0,8.0,-13.0,-15.0,1.0,-6.142857142857139,-0.16666666666666666,-0.9527692922168511,-0.30369503751065885,8.0,test
2022-09-14,2022-09-13,200,194.0,8.0,8.0,-13.0,8.0,0.8571428571428612,-0.3333333333333333,-0.9578523554276669,-0.28726097055059635,6.0,test
2022-09-15,2022-09-14,197,200.0,6.0,8.0,8.0,6.666666666666657,6.285714285714278,-0.16666666666666666,-0.9626519747161487,-0.2707418984477642,-3.0,test
2022-09-16,2022-09-15,207,197.0,-3.0,6.0,8.0,0.0,3.857142857142861,-1.5,-0.9671667297977312,-0.2541427094613622,10.0,test
2022-09-17,2022-09-16,207,207.0,10.0,-3.0,6.0,5.666666666666657,13.714285714285722,2.6666666666666665,-0.97139528468375,-0.23746831555846842,0.0,test
2022-09-18,2022-09-17,206,207.0,0.0,10.0,-3.0,3.333333333333343,11.428571428571416,4.833333333333333,-0.9753363880767837,-0.2207236509605022,-1.0,test
2022-09-19,2022-09-18,210,206.0,-1.0,0.0,10.0,-0.6666666666666572,6.428571428571416,3.3333333333333335,-0.9789888737409319,-0.20391367068311472,4.0,test
2022-09-20,2022-09-19,200,210.0,4.0,-1.0,0.0,2.333333333333343,7.0,2.6666666666666665,-0.9823516608469237,-0.18704334906991657,-10.0,test
2022-09-21,2022-09-20,193,200.0,-10.0,4.0,-1.0,-5.333333333333343,-3.857142857142861,0.0,-0.9854237542919524,-0.17011767832049052,-7.0,test
2022-09-22,2022-09-21,192,193.0,-7.0,-10.0,4.0,-8.0,-9.857142857142861,-0.6666666666666666,-0.9882042449941422,-0.15314166701312007,-1.0,test
2022-09-23,2022-09-22,198,192.0,-1.0,-7.0,-10.0,-3.0,-10.142857142857139,-2.5,-0.9906923101615609,-0.13612033862266704,6.0,test
2022-09-24,2022-09-23,190,198.0,6.0,-1.0,-7.0,3.666666666666657,-2.857142857142861,-1.5,-0.9928872135356962,-0.11905873003404988,-8.0,test
2022-09-25,2022-09-24,187,190.0,-8.0,6.0,-1.0,-3.333333333333343,-8.428571428571416,-2.6666666666666665,-0.994788305609327,-0.10196189005174576,-3.0,test
2022-09-26,2022-09-25,210,187.0,-3.0,-8.0,6.0,-4.666666666666657,-8.714285714285722,-3.8333333333333335,-0.9963950238187231,-0.08483487790576538,23.0,test
2022-09-27,2022-09-26,213,210.0,23.0,-3.0,-8.0,14.333333333333343,14.285714285714278,1.6666666666666667,-0.9977068927101168,-0.06768276175455162,3.0,test
2022-09-28,2022-09-27,202,213.0,3.0,23.0,-3.0,9.666666666666657,15.428571428571416,3.3333333333333335,-0.9987235240803972,-0.050510617185222886,-11.0,test
2022-09-29,2022-09-28,208,202.0,-11.0,3.0,23.0,-6.333333333333343,3.142857142857139,1.6666666666666667,-0.9994446170919858,-0.033323525711631344,6.0,test
2022-09-30,2022-09-29,192,208.0,6.0,-11.0,3.0,0.3333333333333428,6.857142857142861,1.6666666666666667,-0.9998699583618592,-0.016126573270657762,-16.0,test
2022-10-01,2022-09-30,188,192.0,-16.0,6.0,-11.0,-8.666666666666657,-8.285714285714278,0.3333333333333333,-0.9999994220246925,0.001075151282798226,-4.0,test
2022-10-02,2022-10-01,198,188.0,-4.0,-16.0,6.0,-8.0,-12.0,0.16666666666666666,-0.999832969770105,0.018276557681691223,10.0,test
2022-10-03,2022-10-02,218,198.0,10.0,-4.0,-16.0,5.333333333333343,-3.5714285714285836,-2.0,-0.9993706508539969,0.03547255575312556,20.0,test
2022-10-04,2022-10-03,205,218.0,20.0,10.0,-4.0,16.666666666666657,15.285714285714278,0.8333333333333334,-0.9986126020839734,0.052658056924614005,-13.0,test
2022-10-05,2022-10-04,203,205.0,-13.0,20.0,10.0,-2.0,3.4285714285714164,0.5,-0.9975590477788613,0.06982797572987089,-2.0,test
2022-10-06,2022-10-05,191,203.0,-2.0,-13.0,20.0,-5.666666666666657,1.2857142857142776,-0.8333333333333334,-0.9962102997023297,0.0869772313136861,-12.0,test
2022-10-07,2022-10-06,180,191.0,-12.0,-2.0,-13.0,-8.666666666666657,-8.285714285714278,-0.16666666666666666,-0.9945667569706337,0.1041007489354256,-11.0,test
2022-10-08,2022-10-07,184,180.0,-11.0,-12.0,-2.0,-11.333333333333343,-17.571428571428584,-1.3333333333333333,-0.9926289059345095,0.121193461470736,4.0,test
2022-10-09,2022-10-08,180,184.0,4.0,-11.0,-12.0,-1.0,-13.0,-2.3333333333333335,-0.9903973200352558,0.1382503109109819,-4.0,test
2022-10-10,2022-10-09,188,180.0,-4.0,4.0,-11.0,-1.3333333333333428,-14.428571428571416,-6.333333333333333,-0.9878726596350429,0.15526624985999563,8.0,test
2022-10-11,2022-10-10,185,188.0,8.0,-4.0,4.0,4.0,-2.142857142857139,-2.8333333333333335,-0.9850556718215013,0.172236243027682,-3.0,test
2022-10-12,2022-10-11,197,185.0,-3.0,8.0,-4.0,0.6666666666666572,-2.2857142857142776,-3.0,-0.981947190186646,0.18915526872004093,12.0,test
2022-10-13,2022-10-12,205,197.0,12.0,-3.0,8.0,7.0,10.571428571428584,1.0,-0.9785481345802031,0.20601832032517084,8.0,test
2022-10-14,2022-10-13,201,205.0,8.0,12.0,-3.0,9.333333333333343,16.571428571428584,4.166666666666667,-0.9748595108374125,0.22282040779479959,-4.0,test
2022-10-15,2022-10-14,193,201.0,-4.0,8.0,12.0,0.0,9.571428571428584,2.8333333333333335,-0.9708824104813836,0.23955655912092708,-8.0,test
2022-10-16,2022-10-15,173,193.0,-8.0,-4.0,8.0,-6.666666666666657,0.2857142857142776,2.1666666666666665,-0.9666180104000972,0.2562218218071163,-20.0,test
2022-10-17,2022-10-16,164,173.0,-20.0,-8.0,-4.0,-16.0,-18.714285714285722,-2.5,-0.9620675724981452,0.27281126433401914,-9.0,test
2022-10-18,2022-10-17,167,164.0,-9.0,-20.0,-8.0,-12.666666666666657,-24.285714285714278,-3.5,-0.957232443323312,0.28931997761869527,3.0,test
2022-10-19,2022-10-18,191,167.0,3.0,-9.0,-20.0,-1.0,-18.714285714285722,-5.0,-0.9521140536681102,0.3057430764672831,24.0,test
2022-10-20,2022-10-19,194,191.0,24.0,3.0,-9.0,17.0,6.142857142857139,-2.3333333333333335,-0.9467139181463862,0.3220757010206104,3.0,test
2022-10-21,2022-10-20,189,194.0,3.0,24.0,3.0,10.0,10.714285714285722,-1.1666666666666667,-0.9410336347451197,0.3383130181923076,-5.0,test
2022-10-22,2022-10-21,205,189.0,-5.0,3.0,24.0,-2.333333333333343,7.428571428571416,-0.6666666666666666,-0.9350748843515574,0.3544502230989869,16.0,test
2022-10-23,2022-10-22,192,205.0,16.0,-5.0,3.0,9.0,21.714285714285722,5.333333333333333,-0.9288394302558068,0.3704825404820963,-13.0,test
2022-10-24,2022-10-23,196,192.0,-13.0,16.0,-5.0,-3.333333333333343,6.0,4.666666666666667,-0.9223291176290545,0.3864052261209853,4.0,test
2022-10-25,2022-10-24,200,196.0,4.0,-13.0,16.0,-1.6666666666666572,5.428571428571416,4.833333333333333,-0.9155458729775467,0.40221356823680365,4.0,test
2022-10-26,2022-10-25,189,200.0,4.0,4.0,-13.0,4.0,4.714285714285722,1.5,-0.9084917035725082,0.41790288888678667,-11.0,test
2022-10-27,2022-10-26,187,189.0,-11.0,4.0,4.0,-6.0,-6.0,-0.8333333333333334,-0.9011686968561569,0.4334685453485363,-2.0,test
2022-10-28,2022-10-27,184,187.0,-2.0,-11.0,4.0,-5.0,-7.0,-0.3333333333333333,-0.8935790198239952,0.4489059314938798,-3.0,test
2022-10-29,2022-10-28,174,184.0,-3.0,-2.0,-11.0,-2.666666666666657,-9.285714285714278,-3.5,-0.8857249183835637,0.4642104791518923,-10.0,test
2022-10-30,2022-10-29,183,174.0,-10.0,-3.0,-2.0,-7.666666666666657,-14.857142857142861,-3.0,-0.8776087166898392,0.4793776594606945,9.0,test
2022-10-31,2022-10-30,224,183.0,9.0,-10.0,-3.0,2.666666666666657,-4.571428571428584,-2.1666666666666665,-0.8692328164574792,0.49440298420761813,41.0,test
2022-11-01,2022-10-31,228,224.0,41.0,9.0,-10.0,30.333333333333343,32.428571428571416,4.0,-0.8605996962501181,0.5092820071573356,4.0,test
2022-11-02,2022-11-01,219,228.0,4.0,41.0,9.0,16.333333333333343,32.428571428571416,6.5,-0.8517119107469189,0.5240103253675756,-9.0,test
2022-11-03,2022-11-02,219,219.0,-9.0,4.0,41.0,-4.666666666666657,19.14285714285714,5.333333333333333,-0.8425720899866032,0.5385835804920232,0.0,test
2022-11-04,2022-11-03,209,219.0,0.0,-9.0,4.0,-3.0,14.571428571428584,5.833333333333333,-0.8331829385891785,0.5529974600700271,-10.0,test
2022-11-05,2022-11-04,201,209.0,-10.0,0.0,-9.0,-6.666666666666657,1.0,5.833333333333333,-0.8235472349556007,0.5672476988027229,-8.0,test
2022-11-06,2022-11-05,185,201.0,-8.0,-10.0,0.0,-8.666666666666657,-10.857142857142861,3.0,-0.8136678304455991,0.5813300798152042,-16.0,test
2022-11-07,2022-11-06,173,185.0,-16.0,-8.0,-10.0,-13.333333333333343,-27.14285714285714,-6.5,-0.8035476485339116,0.5952404359043674,-12.0,test
2022-11-08,2022-11-07,179,173.0,-12.0,-16.0,-8.0,-13.333333333333343,-31.85714285714286,-9.166666666666666,-0.7931896839451843,0.6089746507720486,6.0,test
2022-11-09,2022-11-08,180,179.0,6.0,-12.0,-16.0,0.0,-18.85714285714286,-6.666666666666667,-0.7825970017677834,0.6225286602431057,1.0,test
2022-11-10,2022-11-09,178,180.0,1.0,6.0,-12.0,2.666666666666657,-12.285714285714278,-6.5,-0.7717727365467836,0.6358984534680745,-2.0,test
2022-11-11,2022-11-10,180,178.0,-2.0,1.0,6.0,-1.0,-8.428571428571416,-5.166666666666667,-0.7607200913564104,0.6490800741100398,2.0,test
2022-11-12,2022-11-11,185,180.0,2.0,-2.0,1.0,0.6666666666666572,-2.2857142857142776,-3.5,-0.7494423368521954,0.6620696215153815,5.0,test
2022-11-13,2022-11-12,224,185.0,5.0,2.0,-2.0,4.0,5.0,0.0,-0.7379428103031386,0.6748632518680403,39.0,test
2022-11-14,2022-11-13,221,224.0,39.0,5.0,2.0,27.666666666666657,38.428571428571416,8.5,-0.7262249146041543,0.6874571793269664,-3.0,test
2022-11-15,2022-11-14,200,221.0,-3.0,39.0,5.0,11.0,28.571428571428584,7.0,-0.7142921172691032,0.699847677146407,-21.0,test
2022-11-16,2022-11-15,199,200.0,-21.0,-3.0,39.0,-15.0,4.571428571428584,3.3333333333333335,-0.7021479494046978,0.7120310787787131,-1.0,test
2022-11-17,2022-11-16,204,199.0,-1.0,-21.0,-3.0,-7.666666666666657,0.8571428571428612,3.5,-0.6897960046655887,0.7240037789593305,5.0,test
2022-11-18,2022-11-17,192,204.0,5.0,-1.0,-21.0,3.0,2.142857142857139,4.0,-0.6772399381909491,0.7357622347736527,-12.0,test
2022-11-19,2022-11-18,188,192.0,-12.0,5.0,-1.0,-6.333333333333343,-11.571428571428584,1.1666666666666667,-0.6644834655228552,0.7473029667054296,-4.0,test
2022-11-20,2022-11-19,194,188.0,-4.0,-12.0,5.0,-6.666666666666657,-16.0,-6.0,-0.6515303615068021,0.75862255966641,6.0,test
2022-11-21,2022-11-20,195,194.0,6.0,-4.0,-12.0,2.666666666666657,-5.714285714285722,-4.5,-0.6383844591746642,0.7697176640069211,1.0,test
2022-11-22,2022-11-21,192,195.0,1.0,6.0,-4.0,2.666666666666657,-1.0,-0.8333333333333334,-0.6250496486104377,0.7805849965070866,-3.0,test
2022-11-23,2022-11-22,187,192.0,-3.0,1.0,6.0,-1.6666666666666572,-2.857142857142861,-1.1666666666666667,-0.6115298757991053,0.7912213413483807,-5.0,test
2022-11-24,2022-11-23,190,187.0,-5.0,-3.0,1.0,-4.333333333333343,-6.142857142857139,-2.8333333333333335,-0.5978291414589552,0.801623551065242,3.0,test
2022-11-25,2022-11-24,186,190.0,3.0,-5.0,-3.0,0.3333333333333428,-1.1428571428571388,-0.3333333333333333,-0.5839514998576998,0.8117885474764613,-4.0,test
2022-11-26,2022-11-25,172,186.0,-4.0,3.0,-5.0,-1.6666666666666572,-4.285714285714278,-0.3333333333333333,-0.5699010576127624,0.8217133225960589,-14.0,test
2022-11-27,2022-11-26,168,172.0,-14.0,-4.0,3.0,-10.666666666666657,-16.0,-3.6666666666666665,-0.5556819724760489,0.8313949395234058,-4.0,test
2022-11-28,2022-11-27,166,168.0,-4.0,-14.0,-4.0,-7.333333333333343,-16.285714285714278,-4.5,-0.5412984521036173,0.8408305333122887,-2.0,test
2022-11-29,2022-11-28,169,166.0,-2.0,-4.0,-14.0,-2.666666666666657,-14.142857142857139,-4.333333333333333,-0.5267547528105542,0.8500173118187018,3.0,test
2022-11-30,2022-11-29,172,169.0,3.0,-2.0,-4.0,1.3333333333333428,-7.857142857142861,-3.0,-0.5120551783114646,0.8589525565270845,3.0,test
2022-12-01,2022-11-30,172,172.0,3.0,3.0,-2.0,3.0,-2.7142857142857224,-3.0,-0.4972040784469378,0.8676336233547726,0.0,test
2022-12-02,2022-12-01,166,172.0,0.0,3.0,3.0,1.0,-0.1428571428571388,-2.3333333333333335,-0.4822058478963526,0.8760579434344281,-6.0,test
2022-12-03,2022-12-02,164,166.0,-6.0,0.0,3.0,-4.0,-3.2857142857142776,-1.0,-0.46706492487743034,0.8842230238742036,-2.0,test
2022-12-04,2022-12-03,163,164.0,-2.0,-6.0,0.0,-3.333333333333343,-4.142857142857139,-0.6666666666666666,-0.451785789832884,0.8921264484954345,-1.0,test
2022-12-05,2022-12-04,162,163.0,-1.0,-2.0,-6.0,-1.3333333333333428,-4.428571428571416,-0.5,-0.4363729641045924,0.8997658785476209,-1.0,test
2022-12-06,2022-12-05,161,162.0,-1.0,-1.0,-2.0,-1.0,-4.857142857142861,-1.1666666666666667,-0.42083100859565564,0.9071390534005044,-1.0,test
2022-12-07,2022-12-06,158,161.0,-1.0,-1.0,-1.0,-1.0,-4.714285714285722,-1.8333333333333333,-0.4051645224207563,0.9142437912130223,-3.0,test
2022-12-08,2022-12-07,159,158.0,-3.0,-1.0,-1.0,-2.333333333333343,-5.714285714285722,-2.3333333333333335,-0.3893781415452015,0.9210779895789526,1.0,test
2022-12-09,2022-12-08,160,159.0,1.0,-3.0,-1.0,-0.3333333333333428,-2.857142857142861,-1.1666666666666667,-0.37347653741307074,0.9276396261490467,1.0,test
2022-12-10,2022-12-09,162,160.0,1.0,1.0,-3.0,1.0,-1.0,-0.6666666666666666,-0.3574644155648614,0.9339267592294762,2.0,test
2022-12-11,2022-12-10,165,162.0,2.0,1.0,1.0,1.6666666666666572,1.2857142857142776,-0.16666666666666666,-0.34134651424503615,0.9399375283564133,3.0,test
2022-12-12,2022-12-11,167,165.0,3.0,2.0,1.0,2.666666666666657,4.0,0.5,-0.3251276029999093,0.9456701548465688,2.0,test
2022-12-13,2022-12-12,166,167.0,2.0,3.0,2.0,2.333333333333343,5.285714285714278,1.0,-0.30881248126625377,0.9511229423235357,-1.0,test
2022-12-14,2022-12-13,164,166.0,-1.0,2.0,3.0,0.0,3.5714285714285836,1.3333333333333333,-0.29240597695107734,0.9562942772197719,-2.0,test
2022-12-15,2022-12-14,164,164.0,-2.0,-1.0,2.0,-1.6666666666666572,0.7142857142857224,0.8333333333333334,-0.27591294500296043,0.9611826292540837,0.0,test
2022-12-16,2022-12-15,164,164.0,0.0,-2.0,-1.0,-0.6666666666666572,0.0,0.6666666666666666,-0.2593382659754056,0.9657865518844574,0.0,test
2022-12-17,2022-12-16,167,164.0,0.0,0.0,-2.0,0.0,-0.5714285714285836,0.3333333333333333,-0.2426868445825954,0.9701046827361175,3.0,test
2022-12-18,2022-12-17,168,167.0,3.0,0.0,0.0,2.0,1.7142857142857224,0.3333333333333333,-0.22596360824801906,0.974135744004672,1.0,test
2022-12-19,2022-12-18,174,168.0,1.0,3.0,0.0,1.6666666666666572,2.2857142857142776,0.16666666666666666,-0.20917350564635637,0.9778785428342386,6.0,test
2022-12-20,2022-12-19,174,174.0,6.0,1.0,3.0,4.333333333333343,7.285714285714278,1.3333333333333333,-0.19232150523909483,0.9813319716704275,0.0,test
2022-12-21,2022-12-20,176,174.0,0.0,6.0,1.0,2.0,6.142857142857139,1.6666666666666667,-0.17541259380427843,0.9844950085880858,2.0,test
2022-12-22,2022-12-21,182,176.0,2.0,0.0,6.0,1.3333333333333428,6.428571428571416,2.0,-0.15845177496083632,0.9873667175937016,6.0,test
2022-12-23,2022-12-22,180,182.0,6.0,2.0,0.0,4.666666666666657,9.857142857142861,3.0,-0.14144406768794202,0.9899462489023779,-2.0,test
2022-12-24,2022-12-23,182,180.0,-2.0,6.0,2.0,0.6666666666666572,5.571428571428584,2.1666666666666665,-0.12439450483979998,0.9922328391893008,2.0,test
2022-12-25,2022-12-24,183,182.0,2.0,-2.0,6.0,0.6666666666666572,5.428571428571416,2.3333333333333335,-0.10730813165636247,0.9942258118156161,1.0,test
2022-12-26,2022-12-25,180,183.0,1.0,2.0,-2.0,1.3333333333333428,4.285714285714278,1.5,-0.09019000427034513,0.9959245770286599,-3.0,test
2022-12-27,2022-12-26,178,180.0,-3.0,1.0,2.0,-1.6666666666666572,0.4285714285714164,1.0,-0.07304518821104743,0.9973286321364752,-2.0,test
2022-12-28,2022-12-27,177,178.0,-2.0,-3.0,1.0,-2.333333333333343,-2.142857142857139,0.3333333333333333,-0.05587875690537313,0.9984375616565666,-1.0,test
2022-12-29,2022-12-28,179,177.0,-1.0,-2.0,-3.0,-1.3333333333333428,-3.2857142857142776,-0.8333333333333334,-0.03869579017652689,0.9992510374388481,2.0,test
2022-12-30,2022-12-29,181,179.0,2.0,-1.0,-2.0,1.0,-0.8571428571428612,-0.16666666666666666,-0.021501372740813793,0.999768818762748,2.0,test
2022-12-31,2022-12-30,183,181.0,2.0,2.0,-1.0,2.0,1.0,-0.16666666666666666,-0.004300592702981974,0.9999907524084426,2.0,test
