relative_path,purpose,case,bytes,sha256
00_README.pdf,research artifact/data/evidence,shared,55207,54a3f417def2d9e9087440a6bb68d4dd95211d1355b436b31e3cb9c38e5f5f2f
01_Air_Pollution/build_content.py,code,01_Air_Pollution,83105,2ff0281f1304e0e71ec50ed32c721f8f333523a63db8f2346181a8a6adba377c
01_Air_Pollution/build_notebooks.py,code,01_Air_Pollution,7766,7cdce7b2149722c2ada886ff5faf9d536d859318182f4ca4b5b142cc0ad7d0f5
01_Air_Pollution/build_slides_v2.py,code,01_Air_Pollution,52943,e478df30b97a29c83b3011c7f3c3e9d624e50823cbad0e8c8161b774978402fe
01_Air_Pollution/DATA_CARD.md,research artifact/data/evidence,01_Air_Pollution,5745,12c98d3f872b101a1ff068c6f2735105997d05f7029990740164e40291128880
01_Air_Pollution/data_dictionary.csv,research artifact/data/evidence,01_Air_Pollution,855,455d3a50db0712e3cc1d16dcbaeccbcf508b92551342fbf63aed64b11070140c
01_Air_Pollution/DATA_FEASIBILITY.md,research artifact/data/evidence,01_Air_Pollution,1551,b6c92438811245f1bac06eef5a488113a66295dbc452061be4d51e203dde9bf8
01_Air_Pollution/data_lock.json,research artifact/data/evidence,01_Air_Pollution,821,c6aa829877347a109df13dc60776fba2f5706a763e6762783eebe47e11903fa5
01_Air_Pollution/dataset.csv,research artifact/data/evidence,01_Air_Pollution,3325786,a6237c43ec464ab669cc9701d00dbd85cec1aacd08e038963f227edc2083cd84
01_Air_Pollution/EXECUTION_LOG.md,research artifact/data/evidence,01_Air_Pollution,1228,5453fd5b29069d9c10607aa429489862f5c381d9d7743bd6282cfad612c92c75
01_Air_Pollution/figures/actual_predicted.png,research artifact/data/evidence,01_Air_Pollution,115418,9b8ad3de8ea20b8a8dee7551eecc462ecacefcb36f6f77143544ccd47992d13c
01_Air_Pollution/figures/city_comparison.png,research artifact/data/evidence,01_Air_Pollution,39582,ab7fd08f06d119e8e6528fe52ef8af3516446631b44cb9de42b9a3dfaeb071e3
01_Air_Pollution/figures/coverage.png,research artifact/data/evidence,01_Air_Pollution,50324,ce8a637aae6d1713fbb4908ce7aa579662dc33fb61bc252d24b62250c8cb9360
01_Air_Pollution/figures/feature_importance.png,research artifact/data/evidence,01_Air_Pollution,50276,897c65fb2b7ed4bfd0f59d88ce376933731855e1c4bf3b7232a4622bff99e26b
01_Air_Pollution/figures/model_comparison.png,research artifact/data/evidence,01_Air_Pollution,43807,fbd7ca40e8e6bdeac43250c65de4edd52f5f9e1e5bfdc419ac54f669d13d85c5
01_Air_Pollution/figures/monthly_means.png,research artifact/data/evidence,01_Air_Pollution,90877,b3b8c8520cd37b625803870fa868a0fb46997fb2df73f4756d4d3abf6b266a76
01_Air_Pollution/figures/pollutant_exceedance.png,research artifact/data/evidence,01_Air_Pollution,39032,c45796fc6aa2d25713beef3ad7da841f3cc0bfa662ffa59d79a6dca7800ac5e9
01_Air_Pollution/figures/residuals.png,research artifact/data/evidence,01_Air_Pollution,65823,5b50bd27b4b0c2d3c76a57fee3b846ae70b22fc13a41964bd99f5757a7bba2b5
01_Air_Pollution/figures/seasonal_heatmap.png,research artifact/data/evidence,01_Air_Pollution,37816,2f1b6319c34784c8e7333f1f6597d53b3301c80fd584058a189fcc4748a2ac7e
01_Air_Pollution/figures/timeseries_cities.png,research artifact/data/evidence,01_Air_Pollution,169299,e0294e30578ec08daf4c2898930190564e669035d2f8346cb47c404c53f4bf1d
01_Air_Pollution/figures/weather_associations.png,research artifact/data/evidence,01_Air_Pollution,232630,40340ea007c10e50927333e67fd587b0bd68efba0b1e49232502e875738eba80
01_Air_Pollution/models/baseline.json,trained model,01_Air_Pollution,174,375553cbaa3172155b6df701ac3761066fe7e49be3d53c2fc0233bcd01be3715
01_Air_Pollution/models/forest.joblib,trained model,01_Air_Pollution,2363594,22cb17705c9b32b9134f2a2427d4c88dc7411995c32469148108e4d0ed797938
01_Air_Pollution/models/metadata.json,trained model,01_Air_Pollution,4650,79ad90eea024618c241bf2fa5db127fdf27abd8609c210187467f83493618201
01_Air_Pollution/models/ridge.joblib,trained model,01_Air_Pollution,2225,240fe8d6b32c8c781f4173529a05e49d6d103a17f7c5630c47022550e08653bd
01_Air_Pollution/Notebook.html,research artifact/data/evidence,01_Air_Pollution,826163,225f7b627574a86cdff626211a8964ec9d3a7556529c35d5d8ab2fc9edd27a96
01_Air_Pollution/Notebook.ipynb,research artifact/data/evidence,01_Air_Pollution,543676,9fd6341c2114624edfd52ca1980f07d99d05cca71cf962c8cc8cba07e078e3b7
01_Air_Pollution/pipeline.py,code,01_Air_Pollution,30870,68b994b4c7dae1d4d8a37fc7ec1f299e788134f750f802a1a17dfeb30cc7add5
01_Air_Pollution/PREREGISTRATION.md,research artifact/data/evidence,01_Air_Pollution,2024,6c22ca4a5e3a11d5274f03b29a2f9fd2925cb66f3cbc508295deab36bc4c6baa
01_Air_Pollution/Presentation.pdf,research artifact/data/evidence,01_Air_Pollution,519676,388e58935408d691562e96c46b22a4ac5b814f39345b66ab021e7c95f5a1def1
01_Air_Pollution/Presentation.pptx,research artifact/data/evidence,01_Air_Pollution,442199,9c433e4ec062d979f4dda24622b943005eaf527f926f7b5d96231ccd2351bc72
01_Air_Pollution/provenance/DATASHEET.md,research artifact/data/evidence,01_Air_Pollution,8921,a62adc56667297cc7b42adedebb7e5f115e3b146f3e44398fd7609ff60d2d2fa
01_Air_Pollution/provenance/LICENSE,research artifact/data/evidence,01_Air_Pollution,1178,add949335582fa49239943f6c248344f13bbd6b33d2e505c91ab4a569481b4ea
01_Air_Pollution/QUALITY_CHECK.md,research artifact/data/evidence,01_Air_Pollution,2064,3e6b5593558de524a4f04f51724ab132bb1f1922a2c1e760702662fd075d595f
01_Air_Pollution/raw/atyrau_era5.json,research artifact/data/evidence,01_Air_Pollution,45454,e5676da1e57ba45170e3a0c9139f0851e4aa6fff870f295ffd693f336ee45672
01_Air_Pollution/raw/co.csv.gz,research artifact/data/evidence,01_Air_Pollution,56813767,785633acd311312272bc5e5adce5984aaddcf1c498d727d7faa156ee32a87f0b
01_Air_Pollution/raw/h2s.csv.gz,research artifact/data/evidence,01_Air_Pollution,29485146,0c78dfeb1fd54f603759ce776a20172e75aa7d53685bb09efc26ba1550139f08
01_Air_Pollution/raw/no2.csv.gz,research artifact/data/evidence,01_Air_Pollution,55958319,9b666a5be02bf023f1a17efdb66dbebdbe002e5c96e093910e7d3c401528bbf4
01_Air_Pollution/raw/o3.csv.gz,research artifact/data/evidence,01_Air_Pollution,744128,997e399b497f29e44c96c018bee9addd24a8140ed5d137c7c5a384f626b520e7
01_Air_Pollution/raw/pm10.csv.gz,research artifact/data/evidence,01_Air_Pollution,47466452,a20950d545bc40fa0d4fc38a835d99f3137c8a23d23c885fed8bed51b437d8e1
01_Air_Pollution/raw/pm2_5.csv.gz,research artifact/data/evidence,01_Air_Pollution,58627435,3595834cef57f5ef05aca91d87469fb7f213b86c0720fcb5d430a616e1fdd85c
01_Air_Pollution/raw/selected_co.csv.gz,research artifact/data/evidence,01_Air_Pollution,3271646,30bd765a4e5c40bd47d3ed3b0bce99c6bd5c0e533b210df8293c3722757cd740
01_Air_Pollution/raw/selected_h2s.csv.gz,research artifact/data/evidence,01_Air_Pollution,1846901,7028f71f0593d14d9c4fc5619c37d0dac2d21afac877dbfd2e9b95065f9b8f20
01_Air_Pollution/raw/selected_no2.csv.gz,research artifact/data/evidence,01_Air_Pollution,2361778,5f9bdb6d35b14950841db8432233b7efb18c7ea698acae3ee0ab7d62d521a540
01_Air_Pollution/raw/selected_o3.csv.gz,research artifact/data/evidence,01_Air_Pollution,11379,daa7d4b9994012b7de3a7e1c4068eff9b37436021b6fcfca5b28152b9df59eff
01_Air_Pollution/raw/selected_pm10.csv.gz,research artifact/data/evidence,01_Air_Pollution,1434264,392df0dc9e7fb170c0b5f7d0a18d433262431b3d23da5d9919da3ffbae08e9e2
01_Air_Pollution/raw/selected_pm2_5.csv.gz,research artifact/data/evidence,01_Air_Pollution,1386485,acc137fd9f3f08a3cd0e55238804323ac022342097d19c9ee8dac6fc8a92c399
01_Air_Pollution/raw/selected_so2.csv.gz,research artifact/data/evidence,01_Air_Pollution,1831854,4c3ed651fa8f1ce2439906af777a917fb1274c03a22d29b0032e4181f3859e07
01_Air_Pollution/raw/so2.csv.gz,research artifact/data/evidence,01_Air_Pollution,46536478,74e0e54db05b03603f3a591c3afd9db32fe1f929a33936a607d8d85484d03213
01_Air_Pollution/README.md,research artifact/data/evidence,01_Air_Pollution,2867,014801eda4ac7e4c2dba63d322f0155c3b003821181c5942c145ada04c68205c
01_Air_Pollution/References.md,research artifact/data/evidence,01_Air_Pollution,2961,36e3be389703a6efe52e42066d96389298caf28890b61b7e26497d3545bf3777
01_Air_Pollution/Report.docx,research artifact/data/evidence,01_Air_Pollution,547482,063a21253f5512c24903bcc924e4a5e154ed4e2517d4227e6781e73151cfe2da
01_Air_Pollution/Report.md,research artifact/data/evidence,01_Air_Pollution,38121,b3a81dc1c8d9b7958a8fdf70eebbd06591b2009f12bccab31e18b28c756c8826
01_Air_Pollution/Report.pdf,research artifact/data/evidence,01_Air_Pollution,782283,9a42aaf6044eab947ef8c6605112c5e42cf87b86e1ad682fcd3ebfc6f8fddbee
01_Air_Pollution/report_revision.py,code,01_Air_Pollution,21906,cb1019ebb4d60879dc17850aed7792e50720a39d2b1fedd85f0405543931da0d
01_Air_Pollution/requirements.txt,research artifact/data/evidence,01_Air_Pollution,24,21342236ba2705eba605b45801a96dd00089ee1d79a7cb7c60f02279f88f2d12
01_Air_Pollution/results/audit_content_hash_before.json,research artifact/data/evidence,01_Air_Pollution,433,0a12393a4620e7beda6252afd8fa9f01b98d451b0a81843c72cdbf3978dd07ec
01_Air_Pollution/results/city_comparison.csv,research artifact/data/evidence,01_Air_Pollution,369,08ae6b5f83b0df30d15d6e50dd532d711670d67f1d4303fd16f6e05920207699
01_Air_Pollution/results/cleaning_audit.csv,research artifact/data/evidence,01_Air_Pollution,468,7aad00d074c50d5e4809a6f563825014c9cbdaeb704da9c64496d3b83f9409ff
01_Air_Pollution/results/common_dates_pm25.csv,research artifact/data/evidence,01_Air_Pollution,74996,5117e2ea74c28cdfec855c765aa2d9f26c15c327bf6834597ea39aefe5e36476
01_Air_Pollution/results/completeness_sensitivity.csv,research artifact/data/evidence,01_Air_Pollution,363,27e1d5bd8f28449415a608e422b59edc83f8f119fe49f73c84e426ecec87a03e
01_Air_Pollution/results/coverage.csv,research artifact/data/evidence,01_Air_Pollution,3609,72f287d83e73ef138155804a370e338aaaa6ca72ab2781f2d0b1470034365bc8
01_Air_Pollution/results/cross_pollutant_quality.csv,research artifact/data/evidence,01_Air_Pollution,269,9d63e1e488c8eef8ead0608edb9cb4d57d64e239b21a049bf7f36ab9faf92975
01_Air_Pollution/results/download_manifest.csv,research artifact/data/evidence,01_Air_Pollution,2518,aa760c5cfe4d5b4608aaeb705af78aa3150e94085fc856c98fa4ebe99e2459c3
01_Air_Pollution/results/final_scientific_audit.md,research artifact/data/evidence,01_Air_Pollution,3011,c6d0684f4b7166d7604ab89d6a12d0cc591f8862f978db03ac786ae42e5b3eab
01_Air_Pollution/results/largest_errors.csv,research artifact/data/evidence,01_Air_Pollution,1883,edd83c6575ecc21380af309611e597223f31230f25c3a159d11c6cf9f28776ed
01_Air_Pollution/results/metrics.csv,research artifact/data/evidence,01_Air_Pollution,222,968d273c5e44d1fde37e21c5eeb572a029704ea357864ab58952763e26341628
01_Air_Pollution/results/metrics.json,research artifact/data/evidence,01_Air_Pollution,432,ce347a7fd8550c36c13b51fc64e9bee32bf66577d9932c5297d8a715ce40c4ee
01_Air_Pollution/results/model_dataset.csv,research artifact/data/evidence,01_Air_Pollution,228951,7ed6e0e3712817720ed47bc2ab00cae3047bf542492305e4b7b42ca065b432a5
01_Air_Pollution/results/national_threshold_comparison.csv,research artifact/data/evidence,01_Air_Pollution,1250,f251f59dd779ed508f303fdaa8daca49b4b2819f6150c4501c8d7439541062a4
01_Air_Pollution/results/notebook_execution.json,research artifact/data/evidence,01_Air_Pollution,219,78ec335c5e385057ec12b453c794b2b1553cec2891e0f980aadf3143b80fa343
01_Air_Pollution/results/paired_error_block_sensitivity.csv,research artifact/data/evidence,01_Air_Pollution,679,c9a306ea833003b6ab4a1d99a019f83a504a97739f3ce375686f436e7f7d7930
01_Air_Pollution/results/paired_hour_quality.csv,research artifact/data/evidence,01_Air_Pollution,279,cb90bfa04fd171c6d32fa551f9f7d5de05bfff4b72cf2f44dc1ea7a75d985585
01_Air_Pollution/results/peak_metrics.csv,research artifact/data/evidence,01_Air_Pollution,331,c59ec6e183407cb45dd9b3a5750433e0926d637ff1af8d8673ee7ea26ead3995
01_Air_Pollution/results/permutation_importance.csv,research artifact/data/evidence,01_Air_Pollution,495,43eee377f78ffa1634327d4b80462e87c28304f8c33e4a78848b61b4bebf5e5b
01_Air_Pollution/results/pollutant_summary.csv,research artifact/data/evidence,01_Air_Pollution,1619,d6a30c7b26d360dc464ed810e215a8e91f66434497239bd6154242df952c861c
01_Air_Pollution/results/predictions.csv,research artifact/data/evidence,01_Air_Pollution,25932,64798d817a709c16a8b65ddddfd7fc14c423905cb436ce3eddb0423a4aea00bf
01_Air_Pollution/results/presentation_structure.json,research artifact/data/evidence,01_Air_Pollution,213,36618ae5791a773d60893312c7383fdf6d9fe13746a206529a238bb8fd28e457
01_Air_Pollution/results/quality_checks.csv,research artifact/data/evidence,01_Air_Pollution,233,1d20a08dd2d9acf616a037fda6a8d11df14b05d4f9d2b6e6f9799b911883f654
01_Air_Pollution/results/revision_analysis_metadata.json,research artifact/data/evidence,01_Air_Pollution,1497,bf3ef9e8af3bca501d67687fcfd15923cb3a8d3e2c8564807997e271447d3504
01_Air_Pollution/results/REVISION_AUDIT_20260926.md,research artifact/data/evidence,01_Air_Pollution,12397,b4cd83859e30a5f400a9ebeb9a5a8e15b8a5d41aa41fd2192b068b9f218c21fa
01_Air_Pollution/results/seasonal_metrics.csv,research artifact/data/evidence,01_Air_Pollution,944,53d201edaf637335bb0cf859941d64d07470024264f1900dc186394561ebd597
01_Air_Pollution/results/seasonal_summary.csv,research artifact/data/evidence,01_Air_Pollution,897,379d0e061e3df6181bfb0fd33f88270e63f34f09536a3efb119658cadd1c9831
01_Air_Pollution/results/shared_hours_daily.csv,research artifact/data/evidence,01_Air_Pollution,395455,ae754a8d5ed77d9fe16e4f187c442c3aef5d6ae29b57c5752bcc298804b9979c
01_Air_Pollution/results/shared_hours_daily_quality.csv,research artifact/data/evidence,01_Air_Pollution,235,f4d70fa40a6b5e862ed8c190d2ee0d6fbf11773a06783ac21eb3d7fbdfb46aea
01_Air_Pollution/results/splits.json,research artifact/data/evidence,01_Air_Pollution,271,21ea04ef5c22203bfe123257638e0a67fc30d9eebf542894976316d650954eed
01_Air_Pollution/results/station_metadata.csv,research artifact/data/evidence,01_Air_Pollution,2252,bd77016125d22589809e2025bfff6efd28b4b09671dd73cba0f62a8bc2a5737a
01_Air_Pollution/results/summary.json,research artifact/data/evidence,01_Air_Pollution,1405,ebf7d6b88e31bc827562aa4a93e0d98b608fb7370a26fba6b2868416c820b123
01_Air_Pollution/results/threshold_comparison.csv,research artifact/data/evidence,01_Air_Pollution,1117,a846cccf8f2cd8e4c4a5ceb6495ff8c388de65ae595e486700573e0f8ae8802f
01_Air_Pollution/results/validation_metrics.csv,research artifact/data/evidence,01_Air_Pollution,441,4b99480892d74f556db8a50f4ac70336459b374646b8dd3bf9c76c4aaaf2f1c3
01_Air_Pollution/results/visual_qa.md,research artifact/data/evidence,01_Air_Pollution,3649,2bf13446e0e7be47bf88e9658501011955e3b09de863541c9ec1b9120140c80f
01_Air_Pollution/results/weather_daily.csv,research artifact/data/evidence,01_Air_Pollution,42006,da6618e65d8e9d98b4bc652feb9f7e2a5c42f2f59588a310b5e57e0e443671c2
01_Air_Pollution/results/weather_manifest.json,research artifact/data/evidence,01_Air_Pollution,675,42d4519ce1f223ad36a373fc9345a1fed863f92cd9e1c3b7b60bebde8a6eea70
01_Air_Pollution/results/weather_spearman.csv,research artifact/data/evidence,01_Air_Pollution,631,bf83e3fc3f4d030801e932bf57b399cd30fee238c9296d45ed207a3f5fff8f97
01_Air_Pollution/revision_analysis.py,code,01_Air_Pollution,6952,34aa1c59f3be145fedbdf6eb9b8e6a6d84638476a092565744d54288bcdecc29
01_Air_Pollution/slides.json,research artifact/data/evidence,01_Air_Pollution,6799,666778f10b7b882e56d78ea4498c00af32647e0e92d7f2c205eed870bb67e552
01_Air_Pollution/slides_v2.json,research artifact/data/evidence,01_Air_Pollution,26832,b730b780200d1e1c05afb51434e7567f36388fb9d8539c64c6ac6eec686c27ae
01_Air_Pollution/sources.csv,research artifact/data/evidence,01_Air_Pollution,7396,2fac3a9ff96a6179963901de781e7fd13a5a8f3436e95a269510e8536dd2a215
01_Air_Pollution/verify_revision.py,code,01_Air_Pollution,5624,579f50b436bded36a282415440fdfcfb77594a13f69a187daab2c003643f0f1f
02_Air_Quality_Prediction/build_slides_v2.py,code,02_Air_Quality_Prediction,256,d7034bca62f1e14b576d77ed890d5c4eefbc00596749feb580c0a332c9151e1d
02_Air_Quality_Prediction/DATA_CARD.md,research artifact/data/evidence,02_Air_Quality_Prediction,2207,bdd102dc836bfdb125de70cced9cab955f870b8546864ef1422566b9849e3197
02_Air_Quality_Prediction/data_dictionary.csv,research artifact/data/evidence,02_Air_Quality_Prediction,1641,cf44ef965799444d58a143ccfcce6c7816c3d5c83750cf11115a0b1673aab668
02_Air_Quality_Prediction/dataset.csv,research artifact/data/evidence,02_Air_Quality_Prediction,312501,94bfa1d46e3f3767816f7a0b673e5bc64f9bf724aacb90da952356092918b0ee
02_Air_Quality_Prediction/figures/actual_predicted.png,research artifact/data/evidence,02_Air_Quality_Prediction,163912,2a173774304d46b3941fa2baf48592e77734e7a1f3881062451e85d135e630ca
02_Air_Quality_Prediction/figures/error_difference_intervals.png,research artifact/data/evidence,02_Air_Quality_Prediction,65346,a921ccb5eb03d1c751b81d4bc5e498f96703574af11b75a484c486da95b730ae
02_Air_Quality_Prediction/figures/feature_importance.png,research artifact/data/evidence,02_Air_Quality_Prediction,47133,f231ece56c8d5979a77815cd41780937332167476a12c408d8a16ed1d893510c
02_Air_Quality_Prediction/figures/model_comparison.png,research artifact/data/evidence,02_Air_Quality_Prediction,43066,8b6c39cc90de94e738222ec5097e9315388a023c292cecec59e2113dfa4cc86a
02_Air_Quality_Prediction/figures/residuals.png,research artifact/data/evidence,02_Air_Quality_Prediction,83794,5b2ffbbfa1b5cb269706c074af984db19917aacde2f5d79f56ee667cc7706fe6
02_Air_Quality_Prediction/figures/split_counts.png,research artifact/data/evidence,02_Air_Quality_Prediction,30361,eaa5a847a53411d9d0f271c139d5509ecf85b2e7a0649f77a6db01b797d3ddb6
02_Air_Quality_Prediction/figures/temporal_split.png,research artifact/data/evidence,02_Air_Quality_Prediction,152472,f75eb12ec5d7ea052a69dbc0dd2cceae1f91b315a41cd79eab7c4683b353f030
02_Air_Quality_Prediction/models/baseline.json,trained model,02_Air_Quality_Prediction,174,062dada741b78c596ad6a304ee5626bc70b028fd10a39c776d69eeeb1a13beae
02_Air_Quality_Prediction/models/forest.joblib,trained model,02_Air_Quality_Prediction,1175690,20e71426a56abbb68a81da23877141d65003019ca47acb5387c2c34616e220d0
02_Air_Quality_Prediction/models/metadata.json,trained model,02_Air_Quality_Prediction,4710,7e1d0c31f7e7b39206ad60186d75496ff80f69df88b70ba48c3f05dd4cb79d7d
02_Air_Quality_Prediction/models/ridge.joblib,trained model,02_Air_Quality_Prediction,2665,64180eec634ef685817a54d60c3cad5caaeea743d3f6fcbdaee395a32a033e1e
02_Air_Quality_Prediction/models/sensitivity235/forest.joblib,trained model,02_Air_Quality_Prediction,1025642,e158034a7139dc19b85e6730c26488a557526c66a364f419f64d9998c4ef7760
02_Air_Quality_Prediction/models/sensitivity235/metadata.json,trained model,02_Air_Quality_Prediction,1287,7c8687ff97f685d6e0f9da1a0320709827872baf442fe20600e715182d8670cd
02_Air_Quality_Prediction/models/sensitivity235/ridge.joblib,trained model,02_Air_Quality_Prediction,2601,1ea94c13bbb38d0c5aa12371e89cdd369135553bf878e50c05f273380397d43c
02_Air_Quality_Prediction/Notebook.html,research artifact/data/evidence,02_Air_Quality_Prediction,991503,44e52a683b295a1569a5d36b25aa30f590eb5174c13668bbad120e7b186fafce
02_Air_Quality_Prediction/Notebook.ipynb,research artifact/data/evidence,02_Air_Quality_Prediction,705924,491c6a61d8f02796cdccf855ee83cd3787640ba34880d7c1d20c287a2831a881
02_Air_Quality_Prediction/pipeline.py,code,02_Air_Quality_Prediction,253,9a3ad120a17a83f368cf728b99d96dd14d74330dd9a65ab084f2ee2652d02af3
02_Air_Quality_Prediction/Presentation.pdf,research artifact/data/evidence,02_Air_Quality_Prediction,491552,c72536193e430fee71b8908979b70d58b9642e656c2cc12b2fea835e67676e43
02_Air_Quality_Prediction/Presentation.pptx,research artifact/data/evidence,02_Air_Quality_Prediction,429946,d676cb8919bbaba1e0c58f6dc88ff7c6f4b6ad14eaee9fe2244beea8707ba320
02_Air_Quality_Prediction/QUALITY_CHECK.md,research artifact/data/evidence,02_Air_Quality_Prediction,2025,3fd27ff79ee2d0a3e28e9d155078ad613a3cebbfd25539cccee907ed92eb23c1
02_Air_Quality_Prediction/README.md,research artifact/data/evidence,02_Air_Quality_Prediction,2823,c95dbdf84017c3b5d9f6d7eb3dee04a5dc0b4d54095944dd49ecb8fcd519611b
02_Air_Quality_Prediction/References.md,research artifact/data/evidence,02_Air_Quality_Prediction,2961,36e3be389703a6efe52e42066d96389298caf28890b61b7e26497d3545bf3777
02_Air_Quality_Prediction/Report.docx,research artifact/data/evidence,02_Air_Quality_Prediction,566059,b89d948dd31441a037d0ca9007f9636384f3a8365e6863a1c7d5279cec8c64a5
02_Air_Quality_Prediction/Report.md,research artifact/data/evidence,02_Air_Quality_Prediction,34777,f9718c9a696f4a309e5c4b8141d224dc681f1fa857c86902e1280a0a85807fcb
02_Air_Quality_Prediction/Report.pdf,research artifact/data/evidence,02_Air_Quality_Prediction,772415,4cc120ee2e29c42b8032da42148afbaa4f926e96c07b0db4e29f37b85a618f65
02_Air_Quality_Prediction/requirements.txt,research artifact/data/evidence,02_Air_Quality_Prediction,24,21342236ba2705eba605b45801a96dd00089ee1d79a7cb7c60f02279f88f2d12
02_Air_Quality_Prediction/results/largest_errors.csv,research artifact/data/evidence,02_Air_Quality_Prediction,2777,15a84cd0c894d4d44b5614aaa915299902fde56e3caa30589e00510360dfd91e
02_Air_Quality_Prediction/results/metrics.csv,research artifact/data/evidence,02_Air_Quality_Prediction,302,41f23abdebc7e6a398b16423172a42f719b60cc9a072b241feda635f0a8a1153
02_Air_Quality_Prediction/results/metrics.json,research artifact/data/evidence,02_Air_Quality_Prediction,588,aba3cb19ed261b143d1e44ffd0285bdb1fd4d797a1e9f8769ee98bd1e9cfd2be
02_Air_Quality_Prediction/results/model_dataset.csv,research artifact/data/evidence,02_Air_Quality_Prediction,312501,94bfa1d46e3f3767816f7a0b673e5bc64f9bf724aacb90da952356092918b0ee
02_Air_Quality_Prediction/results/notebook_execution.json,research artifact/data/evidence,02_Air_Quality_Prediction,218,8d102ea1de2fe4e6325bd58754e1654cf46f4944ce61c7c2f0b6d9a1bc17da73
02_Air_Quality_Prediction/results/paired_error_block_sensitivity.csv,research artifact/data/evidence,02_Air_Quality_Prediction,1979,36b1ef34e48e898a37111af1ed4af3cea788efa30b45db9a71263f025cb684a3
02_Air_Quality_Prediction/results/peak_metrics.csv,research artifact/data/evidence,02_Air_Quality_Prediction,442,c1c498c8dc9f4295203ea58cc8871c4b4052cd3e66e9ad24930221b3fdcc45bd
02_Air_Quality_Prediction/results/permutation_importance.csv,research artifact/data/evidence,02_Air_Quality_Prediction,719,55bde8962d528014030f66af4f3c271c6db5d0fae155e8106f5dfcaba6ef1cef
02_Air_Quality_Prediction/results/predictions.csv,research artifact/data/evidence,02_Air_Quality_Prediction,38151,2820aa81ea83b2ccb3448eebf4679b5fbbd6217ff1d6dd9085ee9f100f76a75a
02_Air_Quality_Prediction/results/presentation_structure.json,research artifact/data/evidence,02_Air_Quality_Prediction,220,8c0043b62d79a8c5e951a14c93146cb7dd45ab708c73a2fd56ee35291e517a72
02_Air_Quality_Prediction/results/quality_checks.csv,research artifact/data/evidence,02_Air_Quality_Prediction,287,55663670e3f301fdff8e2a7bf6876618cd1c8744a071d2c5bef9b55c7cdc093f
02_Air_Quality_Prediction/results/seasonal_metrics.csv,research artifact/data/evidence,02_Air_Quality_Prediction,1316,a31cc2bff542af6f73ef20f3cb96e16fc0b9c3f3d1968a43458d37ab6ef28f09
02_Air_Quality_Prediction/results/sensitivity235/dataset.csv,research artifact/data/evidence,02_Air_Quality_Prediction,317186,bfe34c18af44c8028052527d4c5738ed3f28fa948ae9cf96f1dc9b2184da8daf
02_Air_Quality_Prediction/results/sensitivity235/metadata.json,research artifact/data/evidence,02_Air_Quality_Prediction,1287,7c8687ff97f685d6e0f9da1a0320709827872baf442fe20600e715182d8670cd
02_Air_Quality_Prediction/results/sensitivity235/metrics.csv,research artifact/data/evidence,02_Air_Quality_Prediction,305,267d83c7dd697dde7b27a147f4a07d0f3d1a5f18b879e878ec8692c81d9dfb70
02_Air_Quality_Prediction/results/sensitivity235/predictions.csv,research artifact/data/evidence,02_Air_Quality_Prediction,50156,e7aa2a3fcbc696bd3628a5f53345136ef7da96f19918136a5fc79c66e5c18b11
02_Air_Quality_Prediction/results/splits.json,research artifact/data/evidence,02_Air_Quality_Prediction,271,a33e73efb45f83bcc6bf4b97bc074fe9d510ef9d8906bb54515ab156acc16d3a
02_Air_Quality_Prediction/results/summary.json,research artifact/data/evidence,02_Air_Quality_Prediction,534,2b4fe4780ce5a2c8dd84bbd0abda5a34607bb78528fc4cd26075c4282bad123f
02_Air_Quality_Prediction/results/validation_metrics.csv,research artifact/data/evidence,02_Air_Quality_Prediction,529,8930562e9c7d1b8767b9664eb3aaa1f88842bed79c858faa45093b82b68ff6b9
02_Air_Quality_Prediction/results/visual_qa.md,research artifact/data/evidence,02_Air_Quality_Prediction,4875,f8c31e05927a20be5cdebdc1b48ca52faab7048f6315263f8b22e19bc2f29b7d
02_Air_Quality_Prediction/slides.json,research artifact/data/evidence,02_Air_Quality_Prediction,6140,3894ea088ecd7065687d5bb257e8ccb8437245f81af81949832209f36e4cc3d2
02_Air_Quality_Prediction/slides_v2.json,research artifact/data/evidence,02_Air_Quality_Prediction,28393,8352007c8066981b6614c3cc6f8a8afbaec7d9897ce0f222f3ff8e3470d67b77
02_Air_Quality_Prediction/sources.csv,research artifact/data/evidence,02_Air_Quality_Prediction,7396,2fac3a9ff96a6179963901de781e7fd13a5a8f3436e95a269510e8536dd2a215
03_Water_Monitoring/code/audit_revision.py,code,03_Water_Monitoring,9083,f9a0110ee99869e81d136e73a7e2522dc5ddd0795792e2c0963f316776ad339b
03_Water_Monitoring/code/build_materials.py,code,03_Water_Monitoring,70856,443682488a81101662aca0aa9c42cb1d432fa9d0cfdcd729b3c232f59e3017da
03_Water_Monitoring/code/build_notebook.py,code,03_Water_Monitoring,8213,8f2c06048b0996ec92c1fc2790f5fa5f0a21b74048060c759580a95b2ed6303b
03_Water_Monitoring/code/build_slides_v2.py,code,03_Water_Monitoring,28226,1824920ae7bff0b4fd80b3b7ae76592a20a6826871f0c401afe2a61fa4b4d2c6
03_Water_Monitoring/code/pipeline.py,code,03_Water_Monitoring,16152,e2ae568fe08c4877359800ceb49f94fea43dbd4d0d1c0aa2f10aeeb7882c1937
03_Water_Monitoring/code/prepare_data.py,code,03_Water_Monitoring,6236,1b4154193b1566849f190a8f5939ef0c3f45ef40f43b948108d83ebbdd14b376
03_Water_Monitoring/code/replay.py,code,03_Water_Monitoring,4003,120baff3ae4df1b270d5d28736055e0bc4d4d081f5d75185469b84152d06f098
03_Water_Monitoring/data/raw/atyrau_level_observations.csv,research artifact/data/evidence,03_Water_Monitoring,41323,155f74f0043c12047402032fdeac1cc7eedc51dcb192ffb3c77f31d20a81f1d1
03_Water_Monitoring/data/source_download_manifest.json,research artifact/data/evidence,03_Water_Monitoring,1398,17a8bf90acde03221af749d4abb89223f9a045bdbb62c549dd79a31c06863b4b
03_Water_Monitoring/DATA_CARD.md,research artifact/data/evidence,03_Water_Monitoring,3139,3158fa4ee8f1d93c8390ad9310bed8e38e132b78a552760b62b63c447dd35c83
03_Water_Monitoring/data_dictionary.csv,research artifact/data/evidence,03_Water_Monitoring,3619,e67af5f4fd1b22782bcb75a1f0d3ab93d16e2d558bbc921d5cd8e6109b72f3d7
03_Water_Monitoring/DATA_FEASIBILITY.md,research artifact/data/evidence,03_Water_Monitoring,1879,e7ce7b2b5d897ae5f167c110156a614a6b14591495139652c764c08942c78712
03_Water_Monitoring/dataset.csv,research artifact/data/evidence,03_Water_Monitoring,41323,155f74f0043c12047402032fdeac1cc7eedc51dcb192ffb3c77f31d20a81f1d1
03_Water_Monitoring/EXECUTION_LOG.md,research artifact/data/evidence,03_Water_Monitoring,2067,f25ce299c89553c9c6300709deaab2e8dbb550989498634a5ff981bc02532953
03_Water_Monitoring/EXPERIMENT_PLAN.md,research artifact/data/evidence,03_Water_Monitoring,5743,32d79a0c21a0fdf040c2bd4b39872198e5f7d2cce8b88b47344288225f55f174
03_Water_Monitoring/EXTRACTION_QA.md,research artifact/data/evidence,03_Water_Monitoring,1535,26cf52f4325c6dbf1ccb30da2e652dce413c3592ffcafbc405cb55b2f9c5d00b
03_Water_Monitoring/figures/01_daily_levels.png,research artifact/data/evidence,03_Water_Monitoring,194950,949a620819eb1d90414d1fe4231c17f2e0aac78bd02a46f96f8c5f5023c4ccfb
03_Water_Monitoring/figures/02_monthly_levels.png,research artifact/data/evidence,03_Water_Monitoring,99418,c6342061c73257992407e175b79bbb65ede710cf730b599af52468d384f743ed
03_Water_Monitoring/figures/03_daily_changes.png,research artifact/data/evidence,03_Water_Monitoring,59974,4a8b86670adc266aec8ca2b296ae10506ff892610feb143ca2d7947857f01fcd
03_Water_Monitoring/figures/04_actual_vs_predicted.png,research artifact/data/evidence,03_Water_Monitoring,304642,371a1d0249856985de6d777bdbb63a2972c9a93e9a3120c9cc6195900a12e603
03_Water_Monitoring/figures/05_model_comparison.png,research artifact/data/evidence,03_Water_Monitoring,53199,c4a19d0dce8b116a4e5bdcc9655aee78a7386a665b8953aff99ad137ac7685d0
03_Water_Monitoring/figures/06_errors_seasons.png,research artifact/data/evidence,03_Water_Monitoring,107957,73809950c81a1767e87e43547a3ad213c99706ab2531b5521cba0f60c6186027
03_Water_Monitoring/models/forest.joblib,trained model,03_Water_Monitoring,971857,a714859bcd0ac5ae3037f699fc81a9b0717c9b79ae17be3e9a516972cff497e6
03_Water_Monitoring/models/metadata.json,trained model,03_Water_Monitoring,1581,aa964098d399c71613d6d8e327e265219c8f7ffa4070f3a5f1cd4fa3d55ac952
03_Water_Monitoring/models/ridge.joblib,trained model,03_Water_Monitoring,1641,d932a438b820b39deeb27796758bfcdb008d24fc6878a367c3991cf6f1357728
03_Water_Monitoring/Notebook.html,research artifact/data/evidence,03_Water_Monitoring,1432510,ba4b369798b45a95f233e271c36fa2141447c09857351e6c6ed9949fbbe4311a
03_Water_Monitoring/Notebook.ipynb,research artifact/data/evidence,03_Water_Monitoring,1170250,cebb5012237ac4ea71ad226aa36d0e9481733bf8a0b810f38be0a25d423aa302
03_Water_Monitoring/Presentation.pdf,research artifact/data/evidence,03_Water_Monitoring,479233,3b51bc569b973b4a83676f829c40c891f2ffb8be890fcd52250476006a847e3c
03_Water_Monitoring/Presentation.pptx,research artifact/data/evidence,03_Water_Monitoring,458823,afad9934e43520f75051f21fdb8ab86db2d34c29d61b7714cb190ee9d702bfbe
03_Water_Monitoring/QUALITY_CHECK.md,research artifact/data/evidence,03_Water_Monitoring,968,a42315c1c3c0ac46fb7a37a8755db8204dfd22831d4b18560e576c520c004128
03_Water_Monitoring/README.md,research artifact/data/evidence,03_Water_Monitoring,4412,dbeeab2f2893cfc61ec020901d1bb12b4619fe62c0ced648ece3c09655eb74b4
03_Water_Monitoring/References.md,research artifact/data/evidence,03_Water_Monitoring,3575,157c32ab33a738ad81fd0721a721bc43c624cfd8e9f87d1b59577c6084965849
03_Water_Monitoring/Report.docx,research artifact/data/evidence,03_Water_Monitoring,827464,aa76969aadcf90456cadd1e1f8c119045bd7975182c22ad0fe70356d34adf466
03_Water_Monitoring/Report.md,research artifact/data/evidence,03_Water_Monitoring,42871,5148c56bffa31c9da06fbb73b42e2420433537866e9377b3eb7310a5224c54b6
03_Water_Monitoring/Report.pdf,research artifact/data/evidence,03_Water_Monitoring,1010203,0d786067c9e2f7803d24401aefb5d50c3f6a5f76d4ac2722f4ea28120f275f8e
03_Water_Monitoring/report_content.json,research artifact/data/evidence,03_Water_Monitoring,1729,02dda6fab04c5d2fa38c83d87f70f8d25ba112ac952d8dd99f31abe8ded0d270
03_Water_Monitoring/requirements.txt,research artifact/data/evidence,03_Water_Monitoring,24,21342236ba2705eba605b45801a96dd00089ee1d79a7cb7c60f02279f88f2d12
03_Water_Monitoring/results/annual_summary.csv,research artifact/data/evidence,03_Water_Monitoring,209,8df62cce68c935154320427a9da47556fd7eb00c93fdb6b4867a7c6bfce29705
03_Water_Monitoring/results/backup_comparison_20260926.json,research artifact/data/evidence,03_Water_Monitoring,1462,09558fca396a40574b2610fc1f8ef3836026e39072247bd2a15f7e712bb0e7cb
03_Water_Monitoring/results/checks.json,research artifact/data/evidence,03_Water_Monitoring,572,4aff2f0a5c64718f50f41059c3801546b072b0abf9218656b30e05f2dd19c5ef
03_Water_Monitoring/results/content_revision_checks.json,research artifact/data/evidence,03_Water_Monitoring,371,552f7d4c3d7c10ae19d988bbed79281ba6c5aaec198fd7e1dc346cffb1be36a2
03_Water_Monitoring/results/data_quality.json,research artifact/data/evidence,03_Water_Monitoring,461,caa0805a906ad856e491cc3789dced00d8b23ad77fcf915d6d0754c5cceb0d16
03_Water_Monitoring/results/extraction_validation.csv,research artifact/data/evidence,03_Water_Monitoring,1967,1df81dc2baff91e67fba290e901022dd8aed3c21c1176a98d788d754251669cb
03_Water_Monitoring/results/features_and_split.csv,research artifact/data/evidence,03_Water_Monitoring,156728,4593b7399a04ca9d68dcaa18656ad0765793443ac1c22315c3d3b2295ff3d6fb
03_Water_Monitoring/results/forest_importance.csv,research artifact/data/evidence,03_Water_Monitoring,312,c72ad8fe49ecd7a3ffec6412041f6b89cf892b9d7c803b22930f5d7e8226d1f9
03_Water_Monitoring/results/frozen_selection.json,research artifact/data/evidence,03_Water_Monitoring,195,239eedc1c9bb928d799d53e532213af9ec852d30986e653a175464744cf0b276
03_Water_Monitoring/results/largest_errors.csv,research artifact/data/evidence,03_Water_Monitoring,1631,a845b036b328f0a6c52261e4c1fed6a5fdb1115f5de338a5792849ff926b2be4
03_Water_Monitoring/results/metrics.csv,research artifact/data/evidence,03_Water_Monitoring,642,a2e40bfb833a79b9dc3b8640c8fa442e1b5d0f17bb587d8a3b97e5e4fb29ccc8
03_Water_Monitoring/results/metrics.json,research artifact/data/evidence,03_Water_Monitoring,1404,72cd2910fc68aeca3de09183308c9b52b78595a91bd2fa13b2217193c76a5ff2
03_Water_Monitoring/results/monthly_means.csv,research artifact/data/evidence,03_Water_Monitoring,655,d6db2e366673905684fc84cd063250e85dfcc154d2f8e24b0c459e40eaf9729c
03_Water_Monitoring/results/notebook_execution.json,research artifact/data/evidence,03_Water_Monitoring,227,2466d57cccc35fd2ec68e1db1aa1289b20055025554438e19d5e806586a1d9a9
03_Water_Monitoring/results/predictions.csv,research artifact/data/evidence,03_Water_Monitoring,74393,c505211afd4e1fc444e6aa3e7d54cbab006c5ffd7d826504662cdbc000b3bd42
03_Water_Monitoring/results/presentation_structure.json,research artifact/data/evidence,03_Water_Monitoring,234,526d0036569b2668cf1d3b49dc182c5fc42c5a015f4b7ca654dc7f0e531adaf6
03_Water_Monitoring/results/replay_actions.csv,research artifact/data/evidence,03_Water_Monitoring,43345,2d766421cb97781ca5235c8ceab36f253b4e6cb029920d59a779031074f67235
03_Water_Monitoring/results/replay_summary.json,research artifact/data/evidence,03_Water_Monitoring,409,935a890568f3336caec2837df1be2d03db46829ed19854b55fbeac140b448019
03_Water_Monitoring/results/reproducibility_audit.md,research artifact/data/evidence,03_Water_Monitoring,3388,e8f4cc7a1a50b9823f81d9f19e44de95a830c0ad0ff4272535ccc1a77d0c1176
03_Water_Monitoring/results/REVISION_AUDIT_20260926.md,research artifact/data/evidence,03_Water_Monitoring,10698,f41f8c053937729b2d2fc6065975094087dd16b4572692e521203b34bd75cf20
03_Water_Monitoring/results/revision_checks_20260926.json,research artifact/data/evidence,03_Water_Monitoring,3564,6c4e7b0e2afb06d139e4775f2ccc682c6744d956f6a0051246a66a4fe5cbef18
03_Water_Monitoring/results/seasonal_metrics.csv,research artifact/data/evidence,03_Water_Monitoring,647,fa59a2289cfebc17c2d2f069896f10bfb3c854f6bf4fbe26975eacb5c43b4fd4
03_Water_Monitoring/results/slides_v2_content_checks.json,research artifact/data/evidence,03_Water_Monitoring,1892,fb2a5052a717f53b3adfc44912803fcf315d602f61a90ff40aa99dae41d42fbf
03_Water_Monitoring/results/source_integrity_checks.json,research artifact/data/evidence,03_Water_Monitoring,1420,0dad9d4a726a508960c24411ee20c926e2662727da9a46739382dde3f2e48190
03_Water_Monitoring/results/split_manifest.csv,research artifact/data/evidence,03_Water_Monitoring,32856,2d296d0065d2fa06090d0119655f0a4644756fa38447ac2e63a00ef2fbf2c0a1
03_Water_Monitoring/results/summary.json,research artifact/data/evidence,03_Water_Monitoring,1193,7cc59407b25ae7101b125fa0d9559fdaf69552368dea59c22336f1b91bd6c96c
03_Water_Monitoring/results/validation_search.csv,research artifact/data/evidence,03_Water_Monitoring,599,04bbb9f7253c39dac7008ecd47d0a82d1499f14e5f173b0e81abb839e2018f38
03_Water_Monitoring/results/visual_qa.md,research artifact/data/evidence,03_Water_Monitoring,7988,6ec1cac9dee408e15ca22c809b4979efb5ec61cdc230a1d3acf6f75dcd6b4275
03_Water_Monitoring/slides.json,research artifact/data/evidence,03_Water_Monitoring,7025,887457d988006cf465e164426cfeb2ac722d4bf5ad4e330523f0adbccdb38e00
03_Water_Monitoring/slides_v2.json,research artifact/data/evidence,03_Water_Monitoring,28156,2d61633f80905310439fd944038205c3e85a590eed33c6baa92d3f32ba408d88
03_Water_Monitoring/SOURCE_REGISTER.csv,research artifact/data/evidence,03_Water_Monitoring,5807,410b1732ac57ba080c563cf02cc7246e991d29b1805ecc7996d2f9191de9fc29
04_Vehicle_Classification/DATA_CARD.md,research artifact/data/evidence,04_Vehicle_Classification,5422,2f023a3cff776241e77f6f8f470a95044e2254392108c172e79cc2cca0b54950
04_Vehicle_Classification/data_dictionary.csv,research artifact/data/evidence,04_Vehicle_Classification,4969,8fba5cbbb082b34f61761b3c95224edc05121207f1dc9e8b2b4d8d51a1a0d2ef
04_Vehicle_Classification/DATA_FEASIBILITY.md,research artifact/data/evidence,04_Vehicle_Classification,3871,7fc21a0e1f45b650b529acdd0ed9bd36840a003328c0140faece9965357c36c8
04_Vehicle_Classification/dataset.csv,research artifact/data/evidence,04_Vehicle_Classification,535086,c6a99b919cba4493f90c99cfae042181180bef5cb7d150d629d6b70662abc638
04_Vehicle_Classification/demo.mp4,research artifact/data/evidence,04_Vehicle_Classification,5529729,7a6941ad2c4a65b4c398caa052e80e81f4b712fd4e2852fcd3e378838579a488
04_Vehicle_Classification/EXECUTION_LOG.md,research artifact/data/evidence,04_Vehicle_Classification,2989,b09040e91598bd5cd425dd58b95e9602f41c0bc096b3235370a5e74a45e11d69
04_Vehicle_Classification/figures/aspect_ratios.png,research artifact/data/evidence,04_Vehicle_Classification,38798,893ade9ccea5a0603df269d028982b594fcf139bc1e86db69f7b9c8315f2f0c6
04_Vehicle_Classification/figures/class_distribution.png,research artifact/data/evidence,04_Vehicle_Classification,39515,e3a77c0902a5d0a303d807f80bf00b8bde7296a3216c73b23426bd5e045c39ba
04_Vehicle_Classification/figures/confusion_matrix.png,research artifact/data/evidence,04_Vehicle_Classification,33435,877088589254afefaf72b8a89884b1a866646a598de13308d7a57c9c6c28b29f
04_Vehicle_Classification/figures/crop_examples.png,research artifact/data/evidence,04_Vehicle_Classification,212773,d19a9264a5e0ed2b13e1ef71d3a905eb07afd84b698db50dcb04922afa053436
04_Vehicle_Classification/figures/demo_contact_sheet.jpg,research artifact/data/evidence,04_Vehicle_Classification,73240,86ea25dc1df702296d5f8c5f162dc186622b302bba07b3bb80c35524cd8afa73
04_Vehicle_Classification/figures/demo_frame.png,research artifact/data/evidence,04_Vehicle_Classification,680423,ad9d6e081b7d92cc3e9c9470b61ac5004a8c68bba0a52a403d92858c189091c0
04_Vehicle_Classification/figures/demo_later_sheet.jpg,research artifact/data/evidence,04_Vehicle_Classification,126006,a1137f47ed4579e5289451a294573bb92c3c9d33eb4e67621e6c1d373dff1309
04_Vehicle_Classification/figures/error_examples.png,research artifact/data/evidence,04_Vehicle_Classification,160457,8efb0a81c651dddbeb721e692a7fcb5afb2ad6e37db2408d57a4f67068fb1a83
04_Vehicle_Classification/figures/model_comparison.png,research artifact/data/evidence,04_Vehicle_Classification,33048,cdee337d05c967976b7aeecc38810e2186eb7da651e841817a4bedc2cd3b22e3
04_Vehicle_Classification/models/logistic.joblib,trained model,04_Vehicle_Classification,66805,6d2080acfea0aa7cf6b2460b55d5f12630f4e4aca9aeb3d7dbb6863138b69557
04_Vehicle_Classification/models/majority.joblib,trained model,04_Vehicle_Classification,751,2b6ea4f3b4ff90b7fc11529be29798a106c86dd5552cad6973db3f038d3bb7cc
04_Vehicle_Classification/models/metadata.json,trained model,04_Vehicle_Classification,1105,2b740fe47af9c5557d957c43f50e0c6c5a62c7882fd9c418a22b99d3e87a397c
04_Vehicle_Classification/models/random_forest.joblib,trained model,04_Vehicle_Classification,2124465,e9a30fd4593841c0884a13d1d2a15e8e186c9bc9862729d00a3b3bb63eb8118c
04_Vehicle_Classification/Notebook.html,research artifact/data/evidence,04_Vehicle_Classification,1654831,cd9f751f4d5219df297f9fe710e0278ce96723bb05ff066c3ef3517a3c58faab
04_Vehicle_Classification/Notebook.ipynb,research artifact/data/evidence,04_Vehicle_Classification,1360741,fe9fdb5dc09da4b01ad777d8c7ee7a762e5576838bdc17145745e3fb3a7f835f
04_Vehicle_Classification/pipeline.py,code,04_Vehicle_Classification,15722,535d1630add186ca22e23462a9a13bd876277bfa50074c4c2157a99f5f0373ef
04_Vehicle_Classification/Presentation.pdf,research artifact/data/evidence,04_Vehicle_Classification,408772,8de93fa51998bf29eed56e6265a02637e86a6e0b634105de98599329b9f2c0b6
04_Vehicle_Classification/Presentation.pptx,research artifact/data/evidence,04_Vehicle_Classification,882837,752064e24a232504b54fceda7f29db918c1f5975140612b2c0c8aa144b63f41b
04_Vehicle_Classification/processed/crops/1191161.png,research artifact/data/evidence,04_Vehicle_Classification,7349,ee32aa12bca63b1e54cd7e1ed803e9569b2e02f5340880eff62de9a1e122348e
04_Vehicle_Classification/processed/crops/1191608.png,research artifact/data/evidence,04_Vehicle_Classification,19031,bf11c24eddf019a8b04f52e192b11cbce9f322d7666d5fa5bcb529d748d0a344
04_Vehicle_Classification/processed/crops/1191924.png,research artifact/data/evidence,04_Vehicle_Classification,17958,b91bddfe50a31271e47548d3301038bce6f92b92172242e35214adf345ad3096
04_Vehicle_Classification/processed/crops/1191953.png,research artifact/data/evidence,04_Vehicle_Classification,21443,6f453dbc6b56ff7aab854bf4934775aa7b58cc50f6927b05a67252bad460350f
04_Vehicle_Classification/processed/crops/1192053.png,research artifact/data/evidence,04_Vehicle_Classification,25597,68f20c8d475b8f6622bb01bd3c654917e1adb9a6b0ad3d9f1cbd28f0f8ad0f3c
04_Vehicle_Classification/processed/crops/1193519.png,research artifact/data/evidence,04_Vehicle_Classification,50703,a783ff798d60b65d58d3da0f32fc6726b07be2504301c2a282d98de252dbf78a
04_Vehicle_Classification/processed/crops/1193606.png,research artifact/data/evidence,04_Vehicle_Classification,17532,a595ea53cabd93cb26458fc6634e2d7bce0a4f7c26fdcbfc787a1040007baa2f
04_Vehicle_Classification/processed/crops/1193729.png,research artifact/data/evidence,04_Vehicle_Classification,7509,f6b5f60501e15e638ae7731d12ce245c9cc07e6aee3c8f02be40b88f389aa198
04_Vehicle_Classification/processed/crops/1193879.png,research artifact/data/evidence,04_Vehicle_Classification,17493,275bd661742b8c2e2e304b20024c5f43284b650e496ff6eae3557aa145271472
04_Vehicle_Classification/processed/crops/1195607.png,research artifact/data/evidence,04_Vehicle_Classification,16667,7d8a21883ea07bc3b3799037afd979e8ad7f9ca4fc4f0d982c0f19ccfe507bac
04_Vehicle_Classification/processed/crops/1196027.png,research artifact/data/evidence,04_Vehicle_Classification,9764,84bbbff6235338c4fc13836673c8914a666278187042d4601978558b5e01c61e
04_Vehicle_Classification/processed/crops/1196080.png,research artifact/data/evidence,04_Vehicle_Classification,18485,e382c5f6cdf1732cdb4f884f9f67a0e8b49b8f738638f605182897dc88615609
04_Vehicle_Classification/processed/crops/1196280.png,research artifact/data/evidence,04_Vehicle_Classification,33618,8529f7d19a4e7db378320291c32cc1d78a3789a09d9856f92dc23a610a3ac92d
04_Vehicle_Classification/processed/crops/1196296.png,research artifact/data/evidence,04_Vehicle_Classification,66931,ae8ddfa20e9afe5dc32a6883e5c42adddfe5440a40a19c2d00541a1b9e944ef6
04_Vehicle_Classification/processed/crops/1196576.png,research artifact/data/evidence,04_Vehicle_Classification,327978,afb6f35097db1fd531e8611303bdc3fbe5310e91b9df8bb4d117ec857ad20b1e
04_Vehicle_Classification/processed/crops/1197094.png,research artifact/data/evidence,04_Vehicle_Classification,22869,25cf70cc7d45743c6395d213c06b8c4039374e410a8f0db37f69a70bc4401af1
04_Vehicle_Classification/processed/crops/1197331.png,research artifact/data/evidence,04_Vehicle_Classification,57711,4ac8678697aed39833cb20b2fc864292de51e65726dbbe3f620f1a8c057c2b51
04_Vehicle_Classification/processed/crops/1197909.png,research artifact/data/evidence,04_Vehicle_Classification,27852,7efb6777da4f0eef8ceb4dd688264f2ca23d078a4fcdd08da3028129f7816a61
04_Vehicle_Classification/processed/crops/1197912.png,research artifact/data/evidence,04_Vehicle_Classification,11721,77ea6f0141c6ce3cdf7df7756063e10f56ca334f34b815d8556053a3bfc3cdf4
04_Vehicle_Classification/processed/crops/132002.png,research artifact/data/evidence,04_Vehicle_Classification,137175,d092f93d5073fdada2ec25d3ad79249a9d5fa39866454463fcda7d23f0dee6d6
04_Vehicle_Classification/processed/crops/132162.png,research artifact/data/evidence,04_Vehicle_Classification,42987,5360f7ba1bf6cd382b81e1bad5a9b515026527c86b21f80e5229856ee0af9322
04_Vehicle_Classification/processed/crops/132407.png,research artifact/data/evidence,04_Vehicle_Classification,33767,c38933c7f158b3fa569a1fca914a68c9e91658598678a5ab5eef8ea43ab6e57a
04_Vehicle_Classification/processed/crops/132423.png,research artifact/data/evidence,04_Vehicle_Classification,39405,4d341967e0724ca1890901a454b40a0b30837b1ec535d10e1dc7b60269307c37
04_Vehicle_Classification/processed/crops/132538.png,research artifact/data/evidence,04_Vehicle_Classification,44855,86049879c938873d54b08a01861accd30e67339737f350a0a655808dcd20db86
04_Vehicle_Classification/processed/crops/132558.png,research artifact/data/evidence,04_Vehicle_Classification,126901,84b8008031ea798ba112582e086c2e98b2923fd0eeb09e1074dbccc47a4821f0
04_Vehicle_Classification/processed/crops/132577.png,research artifact/data/evidence,04_Vehicle_Classification,34926,f3956fc5ac6ca9849bf50b600a771f57606bdd01f23965c466b9616069e083f5
04_Vehicle_Classification/processed/crops/132687.png,research artifact/data/evidence,04_Vehicle_Classification,32783,0f5f5b5c9deb8d0ba0b143399fa476bc6b3227ec7c823624d611dd064c9c348c
04_Vehicle_Classification/processed/crops/132867.png,research artifact/data/evidence,04_Vehicle_Classification,11367,e0f6773bec9ded310cf58e726764721b5867cdbbc844592b5fb217effd516dca
04_Vehicle_Classification/processed/crops/132909.png,research artifact/data/evidence,04_Vehicle_Classification,15773,495d817d23760b1396c4af9d5cb0a28aa8c9ab713ecc08c6e11ed8527960ccdc
04_Vehicle_Classification/processed/crops/133049.png,research artifact/data/evidence,04_Vehicle_Classification,34039,0ad832874eec6a5de6bbd41a5aefece1918dab996453601160b1764ccad97c45
04_Vehicle_Classification/processed/crops/133097.png,research artifact/data/evidence,04_Vehicle_Classification,312026,126a31dde136e4abb360e85735f33fbdbfb301cffaab7cef5770b0c1530afcb0
04_Vehicle_Classification/processed/crops/133150.png,research artifact/data/evidence,04_Vehicle_Classification,11624,d6ecbf3e3eadfbea3c9cf838845769e0b5d8a223cdb382a01dc2d00d40542575
04_Vehicle_Classification/processed/crops/133197.png,research artifact/data/evidence,04_Vehicle_Classification,91898,c5fa20890960814b12de8dd7237411ae25df5a9c652aae5f0d5f7d9324e4310f
04_Vehicle_Classification/processed/crops/133570.png,research artifact/data/evidence,04_Vehicle_Classification,11885,4ae1b1fba681a956d7797857b3c8d8a1d47ab158e17542c31b05a9d50040b952
04_Vehicle_Classification/processed/crops/133698.png,research artifact/data/evidence,04_Vehicle_Classification,62230,3b2f713f7289538f80619d403ff4d66458f6a3e66c4e1ea8a13a9706b09f0707
04_Vehicle_Classification/processed/crops/1337502.png,research artifact/data/evidence,04_Vehicle_Classification,12591,00ee7be0332d89fc1e0e2d80c26971ad063db95a9a0fab966640f09979c3e0c9
04_Vehicle_Classification/processed/crops/133800.png,research artifact/data/evidence,04_Vehicle_Classification,14836,637e1e8d238ffeb729a2144e3aa2c2df26c3f3ee484b60072cdfb55fb9a62076
04_Vehicle_Classification/processed/crops/133807.png,research artifact/data/evidence,04_Vehicle_Classification,395283,b3dd986ca49d595e8199093ee350748f7886ec8ab39db318556c82624e290a6e
04_Vehicle_Classification/processed/crops/1338190.png,research artifact/data/evidence,04_Vehicle_Classification,273722,084e6dd699ff5b2feca5f0c2275cc6842e7e42857ae52a1c00fb1c2e72f30de4
04_Vehicle_Classification/processed/crops/1338492.png,research artifact/data/evidence,04_Vehicle_Classification,7063,bd39789eb67b31e0a77d48e37046e655c84d068dbcde2516a4cc58d2e80e5d30
04_Vehicle_Classification/processed/crops/1338655.png,research artifact/data/evidence,04_Vehicle_Classification,16212,1a7fbffae1be62a9007cd17b5f417f612e7b3f3514c164120468c0a765b11cb3
04_Vehicle_Classification/processed/crops/1338741.png,research artifact/data/evidence,04_Vehicle_Classification,4714,e5e6a89585668b177c5634f6ce209e9201ed91ab23cf5cfc327d9618e3a2bacd
04_Vehicle_Classification/processed/crops/1339321.png,research artifact/data/evidence,04_Vehicle_Classification,5140,8e9fc8db8a0103cfad69bb4bf0aa660f7438480a8e594e32b03ab27bbf13deec
04_Vehicle_Classification/processed/crops/1339484.png,research artifact/data/evidence,04_Vehicle_Classification,92166,5ba5c1e979f1b99a3b5927dca7368996d73919e00b153644976f7ce683e5dc66
04_Vehicle_Classification/processed/crops/1339844.png,research artifact/data/evidence,04_Vehicle_Classification,22914,161984aedca965fc4177917c0e8c074a983d2368e37ff503f619516950a1465f
04_Vehicle_Classification/processed/crops/1341191.png,research artifact/data/evidence,04_Vehicle_Classification,5997,51f6aa3e6ddc24adbca06ef99fddc555459da2c83c21e2952f89450f3d303b48
04_Vehicle_Classification/processed/crops/134130.png,research artifact/data/evidence,04_Vehicle_Classification,100810,d2b56be7b23c1f8c7ad2184d421e001871349d6717da4f8f0cc9bd567212f055
04_Vehicle_Classification/processed/crops/1341427.png,research artifact/data/evidence,04_Vehicle_Classification,5300,46ad53fb0cec7321dfa923c9250413985e91d8181f77785bf2c9a0bb084c7e95
04_Vehicle_Classification/processed/crops/134179.png,research artifact/data/evidence,04_Vehicle_Classification,46619,ae6d23b55b27320ffd220552940e3a549f64d7d6d9248d4f4b80bf941191bed4
04_Vehicle_Classification/processed/crops/134237.png,research artifact/data/evidence,04_Vehicle_Classification,53594,bba5d3f94b249bff41d8522bb67997f4205535556c36b8f510be9251b8a7b50a
04_Vehicle_Classification/processed/crops/1342827.png,research artifact/data/evidence,04_Vehicle_Classification,5106,a8ed7f29cae2f057716897f13ff634f857ef1e960b7ab2464f376c3804d31690
04_Vehicle_Classification/processed/crops/1342904.png,research artifact/data/evidence,04_Vehicle_Classification,7090,fd115d0a36327a643ff0618dba8509f677aac0d775c01982663b963f118d3d18
04_Vehicle_Classification/processed/crops/1342990.png,research artifact/data/evidence,04_Vehicle_Classification,4465,2815f5c45bf464e203bd36ab7b7f1fdc711ada2966f6badcee1429338ce1c0a8
04_Vehicle_Classification/processed/crops/1343749.png,research artifact/data/evidence,04_Vehicle_Classification,23476,964a713343d6f5143532914cae82c75bf102e55f67184d53561fc358e9c66ef8
04_Vehicle_Classification/processed/crops/1344105.png,research artifact/data/evidence,04_Vehicle_Classification,23594,790d7c652c23549d17204680a5d4060523c5af18dbabde3923dd6498f4819780
04_Vehicle_Classification/processed/crops/134420.png,research artifact/data/evidence,04_Vehicle_Classification,343101,fd442c928fd83a16899693bd3f330b65e4f9c2b36b5531a62019d87d51576bab
04_Vehicle_Classification/processed/crops/1344285.png,research artifact/data/evidence,04_Vehicle_Classification,12729,66b3e263b3855dea448f39b6f47380e4977f46e97786a49de10f82e7aa3fcf37
04_Vehicle_Classification/processed/crops/1344872.png,research artifact/data/evidence,04_Vehicle_Classification,19177,a52bc9bba3f794ea62558d6d5d553422f9f3959ba6a9600fcd3801114cd76110
04_Vehicle_Classification/processed/crops/1345040.png,research artifact/data/evidence,04_Vehicle_Classification,4765,10cb13276311cca8274ee34b6681c0173b459b4fc0c8f2442dc6d39675fa8f38
04_Vehicle_Classification/processed/crops/134511.png,research artifact/data/evidence,04_Vehicle_Classification,12446,776a0ce1d4e26f93b063051fac1730717fb9e74281ec5f2e41de2a87473cc899
04_Vehicle_Classification/processed/crops/1345187.png,research artifact/data/evidence,04_Vehicle_Classification,46784,8e94d637b31654e655092d51139854b4b433bff27678e20df042383084cd2c5f
04_Vehicle_Classification/processed/crops/1345286.png,research artifact/data/evidence,04_Vehicle_Classification,10383,a6e971a515e109525b41558a7aafbfbe77aac06caabd2e594de7c4cfc7bde0d4
04_Vehicle_Classification/processed/crops/1346874.png,research artifact/data/evidence,04_Vehicle_Classification,8239,1ad6bcfec03db7ea7cc23e3e9481a2c2942acf0b70c596fd43231c3a119a618c
04_Vehicle_Classification/processed/crops/134706.png,research artifact/data/evidence,04_Vehicle_Classification,24521,88960acffa87b600833e0b6b2b30b2a44fabe8297f04085c05bd58931d3931b8
04_Vehicle_Classification/processed/crops/1347422.png,research artifact/data/evidence,04_Vehicle_Classification,3445,5559037b978168e22d6ea072a7ce6009de236e16a5c2c6a3343f3316d7d1ee54
04_Vehicle_Classification/processed/crops/134797.png,research artifact/data/evidence,04_Vehicle_Classification,13818,207dec940dbd76468fecf87eaea967ca477efb31bebea9220d060c00c8f0a5de
04_Vehicle_Classification/processed/crops/134802.png,research artifact/data/evidence,04_Vehicle_Classification,61598,90ed1790284ec0f29b612912cbad6d5b6a16746a68bd6e7424499547aad2bde0
04_Vehicle_Classification/processed/crops/1348462.png,research artifact/data/evidence,04_Vehicle_Classification,5631,2e85b0132a6c18e2bbcc124af0c785c7915478405faed509231a8c0ffcedfa3f
04_Vehicle_Classification/processed/crops/1348677.png,research artifact/data/evidence,04_Vehicle_Classification,15357,74a0b10075fd3ae9dff75405cfe5d3e988cb22b95c41df8f0253e0e61485d30b
04_Vehicle_Classification/processed/crops/1348963.png,research artifact/data/evidence,04_Vehicle_Classification,7162,7dd7a242ea91453bbaf8a6078e1fb0c14b66465a2c119fe737ad0a26b5348870
04_Vehicle_Classification/processed/crops/134902.png,research artifact/data/evidence,04_Vehicle_Classification,36597,079e624350570aa57dc455543655112b2906ee2c0dc3b143ae3024e5aeb7d160
04_Vehicle_Classification/processed/crops/1349195.png,research artifact/data/evidence,04_Vehicle_Classification,8783,1d5c5c51a346952785965fcf626b990b726d4b9ef9b3ea8b870aefc84ea1ff95
04_Vehicle_Classification/processed/crops/134933.png,research artifact/data/evidence,04_Vehicle_Classification,13393,36b2f77248c87b9a0832cb6a9f3b5c5911c32db856b8c3a110871c08bc638b70
04_Vehicle_Classification/processed/crops/1349440.png,research artifact/data/evidence,04_Vehicle_Classification,3025,f57a0eceafdd1498ed6e8a3b90ce453ceaceb0fbb5e89978afe004e353c85d8b
04_Vehicle_Classification/processed/crops/134980.png,research artifact/data/evidence,04_Vehicle_Classification,163044,d439ab3cca18608cd052f2aea204a4410d67406cf6794f389e78c0d64afff56f
04_Vehicle_Classification/processed/crops/1350275.png,research artifact/data/evidence,04_Vehicle_Classification,7601,6a84e0e01b40d474eafe095625b7cc26ca95de9bdf8721b6315c71fc5f042b65
04_Vehicle_Classification/processed/crops/1350457.png,research artifact/data/evidence,04_Vehicle_Classification,27813,17daf20eeceb9ef375b19f7072366e18ca5719baf93e3ecbbf82cb0daddc62c9
04_Vehicle_Classification/processed/crops/1350482.png,research artifact/data/evidence,04_Vehicle_Classification,15079,464afff57e8b1ba7e582cb4b37438d50cd47fa2958e87775a9dff43fe3b82d7e
04_Vehicle_Classification/processed/crops/1350557.png,research artifact/data/evidence,04_Vehicle_Classification,9118,69b070ce6d8ad31b7c948bc4c6632a30f718ba9c070b104f772e3c84e9ea00c1
04_Vehicle_Classification/processed/crops/135132.png,research artifact/data/evidence,04_Vehicle_Classification,15144,3b879ab53b24ecdd21d56cf8740fa18336febd2825b1d59ede2e7fa6a49b9132
04_Vehicle_Classification/processed/crops/135179.png,research artifact/data/evidence,04_Vehicle_Classification,43099,41783060628243d12537ffb0fd9562916db331dfbbc8cdc6fcd7ff5f74fc18b6
04_Vehicle_Classification/processed/crops/1351883.png,research artifact/data/evidence,04_Vehicle_Classification,7136,7d1a0742c68c446d4c4c333b102f0149297fd2abbff04d00bfa00b01ab0090f3
04_Vehicle_Classification/processed/crops/1352104.png,research artifact/data/evidence,04_Vehicle_Classification,25733,4f9cecde1c0cb68687188ef4927ffee7d4fbc65fd0b1b7bfe4096af99939941b
04_Vehicle_Classification/processed/crops/135222.png,research artifact/data/evidence,04_Vehicle_Classification,6736,366b2818b2060e5857250eaeb95cb9ba618bc1a75c7a5c8dd8aa083370070016
04_Vehicle_Classification/processed/crops/1352285.png,research artifact/data/evidence,04_Vehicle_Classification,4575,864e58e93875f4055d3526f2a2d3555b79560faece65e49f357cc89b833d1ecf
04_Vehicle_Classification/processed/crops/135232.png,research artifact/data/evidence,04_Vehicle_Classification,55356,95d66b69d5dcd803e0b9fe460a53a5a027649f1dd44953fa612b87f2788864a0
04_Vehicle_Classification/processed/crops/1352579.png,research artifact/data/evidence,04_Vehicle_Classification,39266,9d15d7c615255bfb4d0501a848317cb0802712b60c93741834b3f314342ed647
04_Vehicle_Classification/processed/crops/1352868.png,research artifact/data/evidence,04_Vehicle_Classification,55002,4e528878fba8d2b34cd7c206519d6412999d14aec4029148cd8566d70bd2cce5
04_Vehicle_Classification/processed/crops/1352895.png,research artifact/data/evidence,04_Vehicle_Classification,6440,7fa9c4505e82bc7be96355f3900440c0fee579cc4ebb7575dddbaaa55d46ef53
04_Vehicle_Classification/processed/crops/1352896.png,research artifact/data/evidence,04_Vehicle_Classification,13254,e14b30045fc9e1f5dd9d2bf6a9c404624ab2d2d3298544a1184e1486c54bf9f8
04_Vehicle_Classification/processed/crops/135321.png,research artifact/data/evidence,04_Vehicle_Classification,97138,4ff71cfa3fddf8adac9295296176ae4218afd0fb39b75418a0a421a22a41b89f
04_Vehicle_Classification/processed/crops/1354097.png,research artifact/data/evidence,04_Vehicle_Classification,6785,0ae03f18127baa01f38af86e7f22a9fcf0b341a36bfcae5c99766f3c1fce8dcd
04_Vehicle_Classification/processed/crops/1354884.png,research artifact/data/evidence,04_Vehicle_Classification,28026,2330308dbe7d07f549406c44aeea3483bf9bf97b9a80fa320d44b3a43e85b287
04_Vehicle_Classification/processed/crops/135585.png,research artifact/data/evidence,04_Vehicle_Classification,339717,76c5b40e9dbd73058acb282e7500a9c3849f921827af55969d333245c25860a3
04_Vehicle_Classification/processed/crops/1356938.png,research artifact/data/evidence,04_Vehicle_Classification,6084,ed4d18ca348f54838573d02e469ce4e4b9b4c832a0fa15763f9efc1dfba9b41d
04_Vehicle_Classification/processed/crops/1357195.png,research artifact/data/evidence,04_Vehicle_Classification,8986,524bfdf7433e87145c3c49b006f4503b3cf8bad705046e8b0c8fc0bd964e2a5b
04_Vehicle_Classification/processed/crops/135720.png,research artifact/data/evidence,04_Vehicle_Classification,11401,82480758b0764c8064cc33af252d33221c665253ce918c5b2b995a0e14e87c62
04_Vehicle_Classification/processed/crops/1357311.png,research artifact/data/evidence,04_Vehicle_Classification,13130,3a9ea3a324e13b2062b7e6ab70d253ed398af568cbefedc67cb4e1a761d923db
04_Vehicle_Classification/processed/crops/135748.png,research artifact/data/evidence,04_Vehicle_Classification,17456,9763f5d72bb56b45543249aa895de778e1ec0881e65c30c92eca17d09cc9fd1f
04_Vehicle_Classification/processed/crops/1357742.png,research artifact/data/evidence,04_Vehicle_Classification,12273,f07934cb4db1c132f4c2e8fa00138db663d23182ae9d54e75bca5499f77280c5
04_Vehicle_Classification/processed/crops/1357979.png,research artifact/data/evidence,04_Vehicle_Classification,176462,1adafde7ce695c3c41e28dedc698aa0247e72502720403c7e33ceb36503a0f4b
04_Vehicle_Classification/processed/crops/1358223.png,research artifact/data/evidence,04_Vehicle_Classification,8608,22170c86d4e0dee2b70580bf027b391922a101759408f4558d54f9f05d880d75
04_Vehicle_Classification/processed/crops/1358343.png,research artifact/data/evidence,04_Vehicle_Classification,35991,60432c36a5bd2474f7bd129c1d991323debddf5a6b60d19853270ec2d34c766d
04_Vehicle_Classification/processed/crops/1358421.png,research artifact/data/evidence,04_Vehicle_Classification,6807,a181a52212df546a7b53d861bccfc831f9ff4accac59dd4bad83cf3f534d96de
04_Vehicle_Classification/processed/crops/1358429.png,research artifact/data/evidence,04_Vehicle_Classification,44280,9575e7d68ac1db8efde864f905b49d54d576db8887d786ad3a4cea1dfa0c30fc
04_Vehicle_Classification/processed/crops/1358475.png,research artifact/data/evidence,04_Vehicle_Classification,17485,89c869f278ea627945291b614d01f35d9e70fd4f4c0e85438beb2507dae8aa24
04_Vehicle_Classification/processed/crops/1359105.png,research artifact/data/evidence,04_Vehicle_Classification,9915,46587d49082cd6342852cdb81f9015a44acb9c88d830557bba370088950a987e
04_Vehicle_Classification/processed/crops/136075.png,research artifact/data/evidence,04_Vehicle_Classification,5017,9ca4978dd564275ca695b07826c55ab0757894be6b92ef09ecd4b8b832e7fb2b
04_Vehicle_Classification/processed/crops/1364556.png,research artifact/data/evidence,04_Vehicle_Classification,25981,b4a5785d38f7b8cfd201b6b8ad5b6c86ce6017c7ed97c120b0929ed1da468fcf
04_Vehicle_Classification/processed/crops/1364599.png,research artifact/data/evidence,04_Vehicle_Classification,14033,7ac5173565affa8fa9d820d3e380de19e28e7c6b6a902b0c232b434d0632037f
04_Vehicle_Classification/processed/crops/1364630.png,research artifact/data/evidence,04_Vehicle_Classification,34263,687c90df2b26f10ae6e55c96c2d7350fda82e48aa716fa2bbbdcef4bbce5e3d7
04_Vehicle_Classification/processed/crops/1364776.png,research artifact/data/evidence,04_Vehicle_Classification,34568,550e47aa8a9536b26894b846173a064bd18aa9b8eba54b1f46281efb947598c3
04_Vehicle_Classification/processed/crops/1365241.png,research artifact/data/evidence,04_Vehicle_Classification,12497,1d8d70e1eda4f3bf1d10383db8768469efca6332ba0570b5cda8567906a97e41
04_Vehicle_Classification/processed/crops/1365432.png,research artifact/data/evidence,04_Vehicle_Classification,33881,11011f9916adc868880f351f472305eca4929adc88ae68f76ada334346c89ac1
04_Vehicle_Classification/processed/crops/1365665.png,research artifact/data/evidence,04_Vehicle_Classification,15091,3d3c0ca2e61a2e2c6baa77aec30e73c969a52240dd1aeb4d3ab1927009e31a7f
04_Vehicle_Classification/processed/crops/1366023.png,research artifact/data/evidence,04_Vehicle_Classification,17440,6746fccf6b2de8e98262e5add16c15fe712c5a50e4ae1202b6b2c09332567aab
04_Vehicle_Classification/processed/crops/1366087.png,research artifact/data/evidence,04_Vehicle_Classification,7347,4f509a5361b2e771f28c88abc56c6ac7d1bbe9b2c8029c6f1f664b597d6848ea
04_Vehicle_Classification/processed/crops/1367537.png,research artifact/data/evidence,04_Vehicle_Classification,4423,c0bd83a8fae2103f1d6f4f92216308a3e7a56cd5e05f5e9522ed620fc7903abd
04_Vehicle_Classification/processed/crops/136756.png,research artifact/data/evidence,04_Vehicle_Classification,17514,5e0572aa6e6b30e93c7e3173ce77d52a3c9357fd07dcd953ba1b20b89f84fab5
04_Vehicle_Classification/processed/crops/1367568.png,research artifact/data/evidence,04_Vehicle_Classification,125389,a049bdf618b9f15e6316e71c0ab6fb6a0751039248a020d440898d739df0e7e4
04_Vehicle_Classification/processed/crops/1368022.png,research artifact/data/evidence,04_Vehicle_Classification,181453,113f4e1ccc1423393c44e2a67a5a34234b8d078f42cc966e1521e499cee7e76f
04_Vehicle_Classification/processed/crops/1368047.png,research artifact/data/evidence,04_Vehicle_Classification,14237,2506979557449fbdbde5601117130a4897c07ef731dd3387dd70a0c895d314db
04_Vehicle_Classification/processed/crops/1368385.png,research artifact/data/evidence,04_Vehicle_Classification,20751,645371c9cbd457514fc34a146debae881c5582013bae89699ae1f1611356314d
04_Vehicle_Classification/processed/crops/136849.png,research artifact/data/evidence,04_Vehicle_Classification,22045,7933393911c5e0a24dc1b680a687399acc25ddb5eaa3b7da6d6bafaac1e2c48c
04_Vehicle_Classification/processed/crops/136867.png,research artifact/data/evidence,04_Vehicle_Classification,102602,ad4b7f0b18a821c31a96e5d001e5b853f6092d58619899a97c00baa1eb308d7f
04_Vehicle_Classification/processed/crops/1368841.png,research artifact/data/evidence,04_Vehicle_Classification,5149,5776d8029742732e8c07529c96fb72842ed66295011e2bfcc421461e9a0068dc
04_Vehicle_Classification/processed/crops/1368915.png,research artifact/data/evidence,04_Vehicle_Classification,49466,ad12c3523759940447c29f981ae1b21aa7b9c2ab53abbc537ab7950bc076ee0e
04_Vehicle_Classification/processed/crops/136901.png,research artifact/data/evidence,04_Vehicle_Classification,297617,849c46479151285290cf6af9fe292ba787e97b5085369bb648d9b42df17e26ee
04_Vehicle_Classification/processed/crops/136903.png,research artifact/data/evidence,04_Vehicle_Classification,9802,e35b9cfec99793a11292d1470bf5d68ac2b169c7929b69e4e97b579a1f05b35d
04_Vehicle_Classification/processed/crops/1369143.png,research artifact/data/evidence,04_Vehicle_Classification,36527,9747c853f83aeeb99aa5177bd1a905f330c65ec94384d50a0b1ea7dad572b421
04_Vehicle_Classification/processed/crops/1369213.png,research artifact/data/evidence,04_Vehicle_Classification,23594,c34b128066b3fc996183c2c8efd7add3ddfb9508f1744cc0b950d5db2bf91684
04_Vehicle_Classification/processed/crops/1369691.png,research artifact/data/evidence,04_Vehicle_Classification,33309,32fb16609a815ba4775c6a0fca3d60944954e861cb2395670ac2431fc96c0d31
04_Vehicle_Classification/processed/crops/1369775.png,research artifact/data/evidence,04_Vehicle_Classification,15572,073969dfe1a42cd90675844042853b7b8ef07c1b66d7bb9f0e0209268f550e2c
04_Vehicle_Classification/processed/crops/1369809.png,research artifact/data/evidence,04_Vehicle_Classification,26613,ddfcfa14474d197406c720cc9c421ac9c31cecb40af3fc8d0db344fc77e22e40
04_Vehicle_Classification/processed/crops/1369993.png,research artifact/data/evidence,04_Vehicle_Classification,34121,ab771465a6e58ccbb0f4e51e77bdb7c6f2ac6bccc772f5d49951ebdb080126b7
04_Vehicle_Classification/processed/crops/137016.png,research artifact/data/evidence,04_Vehicle_Classification,122305,5222553fe81aa4b237af899e7ebaa879dfb11a7025c6639c274c9622c5d0b9fe
04_Vehicle_Classification/processed/crops/1370654.png,research artifact/data/evidence,04_Vehicle_Classification,38219,655316ffa80bb23f8bd14ae8dc792eda8908f13676bb5f6019f0b31ba08ee7a4
04_Vehicle_Classification/processed/crops/1370704.png,research artifact/data/evidence,04_Vehicle_Classification,125853,db0e9b2ac0c326e831db09b891cd64374a045c44db7e8e1fda81eb9e76fa49cf
04_Vehicle_Classification/processed/crops/1370731.png,research artifact/data/evidence,04_Vehicle_Classification,88883,44aa558e40e9f44274ffd23a6f32e0cb43784b72b3131ec774865a13c7e81146
04_Vehicle_Classification/processed/crops/137078.png,research artifact/data/evidence,04_Vehicle_Classification,20938,51266ae0e35c27f3deb1687ed9ee38a9dffe282af599bf8e1805bc8e75ed67e3
04_Vehicle_Classification/processed/crops/1370810.png,research artifact/data/evidence,04_Vehicle_Classification,15432,d3dbfb4112ab36f18f9b5370432e09c3a2c30bf64ccd556ca70cbb4bb0b78547
04_Vehicle_Classification/processed/crops/1371014.png,research artifact/data/evidence,04_Vehicle_Classification,16921,0ccb9a90192602b4287656c08f8540322c98f2b960b070b497c09730b6e30314
04_Vehicle_Classification/processed/crops/137156.png,research artifact/data/evidence,04_Vehicle_Classification,27617,4c1b94a1cc4d4bbb2131804ffb8ef3408b84951f94632ee394493e2a48cdea25
04_Vehicle_Classification/processed/crops/137157.png,research artifact/data/evidence,04_Vehicle_Classification,10988,e293fdf7d326beb23d9fea42a7a61b4822bb6871e434487b9dea30b041e0295c
04_Vehicle_Classification/processed/crops/1372287.png,research artifact/data/evidence,04_Vehicle_Classification,21730,8f3a59f08f5ec7bc28c9a225838cea580183069b9f47bac1bf6d25e7e3b9a216
04_Vehicle_Classification/processed/crops/137242.png,research artifact/data/evidence,04_Vehicle_Classification,37597,2126c07b71ac10f9f0455a48a08ee75e4b5a49d3d071de9e1fc7cdb7b8f1a963
04_Vehicle_Classification/processed/crops/1372445.png,research artifact/data/evidence,04_Vehicle_Classification,51959,e1b7a7a117f7d630c2e48e1b54f59cb424f6fd39549a1562b90c39c7616b5c69
04_Vehicle_Classification/processed/crops/137287.png,research artifact/data/evidence,04_Vehicle_Classification,39647,a5e4cd8ab69e90a75dcd8497337da269cfb04479604beec12586683c1eb329da
04_Vehicle_Classification/processed/crops/1372900.png,research artifact/data/evidence,04_Vehicle_Classification,26484,f32778840304ee3e6f17e976f49d631c7ea44da968e31ba76eb59ce1fe0d6e5b
04_Vehicle_Classification/processed/crops/1372939.png,research artifact/data/evidence,04_Vehicle_Classification,4997,5a16ce3f5b0b4c236995889f0b4b7eb9279246879efa9541cb1ce23e02503f1f
04_Vehicle_Classification/processed/crops/1372955.png,research artifact/data/evidence,04_Vehicle_Classification,11595,b325dabf0faac9c6929b4b69fdd443c9a6f66ea945238f19da882a906d83d8ee
04_Vehicle_Classification/processed/crops/1373019.png,research artifact/data/evidence,04_Vehicle_Classification,9084,759cd8237bc06d2a6c2dd8ec0badf465d71bf1ecca53797d4dcd56dabbb706d1
04_Vehicle_Classification/processed/crops/1373381.png,research artifact/data/evidence,04_Vehicle_Classification,130460,d0f37ae461dbeca6d9e8290b429ce95b5bcd582e52a5da9f0eb844681534e467
04_Vehicle_Classification/processed/crops/137342.png,research artifact/data/evidence,04_Vehicle_Classification,103051,1e05fa5aa7a09661dae849a7ea7e7720bb949e98c0e6c2bbf80430a3947f4be0
04_Vehicle_Classification/processed/crops/1373630.png,research artifact/data/evidence,04_Vehicle_Classification,102123,e5712c33efbf34ad8504525ed273601d0541fcaaace36cb101379f6f90ae419e
04_Vehicle_Classification/processed/crops/1373770.png,research artifact/data/evidence,04_Vehicle_Classification,42254,120467c35d4d2c801c88f304a23bfe0b36041c4b0aaa5ab9a0eb15b25c0faada
04_Vehicle_Classification/processed/crops/1373834.png,research artifact/data/evidence,04_Vehicle_Classification,9312,3b6e260c51ae3f962685854244a667080df346b811d4cebf485413dbf1a9dfb9
04_Vehicle_Classification/processed/crops/1373917.png,research artifact/data/evidence,04_Vehicle_Classification,8233,e1ca13374c2171d625155c8efd14593d6a7770cc76fe4619da42c7fe903cdf1d
04_Vehicle_Classification/processed/crops/1373932.png,research artifact/data/evidence,04_Vehicle_Classification,8004,9428dbf11afd4c431d1308554e5c49a5e09360878fdf43feba476f85c6ea3d03
04_Vehicle_Classification/processed/crops/1373989.png,research artifact/data/evidence,04_Vehicle_Classification,38496,01337756394efd315d0ba5ec70680b519acad6d4c967ce580f819750215786b7
04_Vehicle_Classification/processed/crops/1374255.png,research artifact/data/evidence,04_Vehicle_Classification,5734,80b2720efa1b2dde1a17ad71883dbde70dba63206868caaa7db0497e7418757b
04_Vehicle_Classification/processed/crops/137446.png,research artifact/data/evidence,04_Vehicle_Classification,74352,22231e67fbd03b3ef7494a81b9af77642a60f64f5443af7dff57592465bda206
04_Vehicle_Classification/processed/crops/137559.png,research artifact/data/evidence,04_Vehicle_Classification,31291,23764f14b095f2d47d4cf4bd7fc6dd75cd6abeaf763298f58835b370f350f720
04_Vehicle_Classification/processed/crops/137842.png,research artifact/data/evidence,04_Vehicle_Classification,70712,ae35070c1253fc87b2520b2f18638ef5587338c2095dbf67dbc625e349139657
04_Vehicle_Classification/processed/crops/137923.png,research artifact/data/evidence,04_Vehicle_Classification,11836,6de7a9e7a74d4ef7ff62870acbe02c150f1fc423d026eb035fad4b5994041d78
04_Vehicle_Classification/processed/crops/138143.png,research artifact/data/evidence,04_Vehicle_Classification,5980,7963049690f6cca354c3ad73888ff317616de450cb2620af14ad6ecde76fc579
04_Vehicle_Classification/processed/crops/138180.png,research artifact/data/evidence,04_Vehicle_Classification,19686,15de62da6b42db5d359f23d76f2c351ef8d9c55f529904024710f28fb00598af
04_Vehicle_Classification/processed/crops/138210.png,research artifact/data/evidence,04_Vehicle_Classification,343840,f95a131d3a0ff6b5a495b6d86ab5fb6faf3643df8a3dc0f79ca39ffda6c53770
04_Vehicle_Classification/processed/crops/138362.png,research artifact/data/evidence,04_Vehicle_Classification,54813,f1012b48ad6ab6dc9192b77ef1aab989736c68b28043892fa40fdce0e18f8867
04_Vehicle_Classification/processed/crops/138667.png,research artifact/data/evidence,04_Vehicle_Classification,6558,59632695a5f7b26b40f3415b9e5830fe9e5b56932286644d1a4c7a6303aa2c76
04_Vehicle_Classification/processed/crops/138741.png,research artifact/data/evidence,04_Vehicle_Classification,17116,4f50103ba62d6fb6d8f2f977dd776d90565dd2bcd1acdca7088850d67c4942e2
04_Vehicle_Classification/processed/crops/138764.png,research artifact/data/evidence,04_Vehicle_Classification,203390,f297a76b0eccb2edf58a00ece18a3cb43a63d01e0249c1a9654c7fdbdd0e8025
04_Vehicle_Classification/processed/crops/138814.png,research artifact/data/evidence,04_Vehicle_Classification,27426,772a15dee6424352d1ec852278b8da0f16af1a7ceb6f154d19625d0212d44611
04_Vehicle_Classification/processed/crops/138819.png,research artifact/data/evidence,04_Vehicle_Classification,14359,ad4e5b2d6a6743d62eddcda3a58fe2b9b7ce83bff1d71262d2e8565196c63989
04_Vehicle_Classification/processed/crops/139161.png,research artifact/data/evidence,04_Vehicle_Classification,15420,948bafe934424c632539c0ecfd5b49e72ca008e32e513f424400bce8801aedc6
04_Vehicle_Classification/processed/crops/139204.png,research artifact/data/evidence,04_Vehicle_Classification,7294,f1595adedc664474b493eb28b24dc02d512b10090e2ce83f6e857a6a7285fb87
04_Vehicle_Classification/processed/crops/139223.png,research artifact/data/evidence,04_Vehicle_Classification,40719,c1b3d032361afe823802a416116ae4ab514d24f6a241100ed7b77a4b6b1b223b
04_Vehicle_Classification/processed/crops/139394.png,research artifact/data/evidence,04_Vehicle_Classification,18841,0c66bfcbecaaaaeb4aba9139282e81e4b4eb01e17ec47de228e8fee58ffb70ed
04_Vehicle_Classification/processed/crops/139476.png,research artifact/data/evidence,04_Vehicle_Classification,34613,dd4358617e4737946705b60a76508297ca8a69d61dde8304a5aae74292fdc280
04_Vehicle_Classification/processed/crops/139497.png,research artifact/data/evidence,04_Vehicle_Classification,94614,70762dedb7aa0443087f0bf054df146525b64bf2119ae6816c68fc432cbe08d5
04_Vehicle_Classification/processed/crops/139744.png,research artifact/data/evidence,04_Vehicle_Classification,23604,1fc3b596006f26f373aea3b939c856d37614da8fff6cb7faec7d9fa056abb36b
04_Vehicle_Classification/processed/crops/139755.png,research artifact/data/evidence,04_Vehicle_Classification,319933,647647fa86f36420aa907a9c3223c7e0df19d85e3dbada5cec62cc94ee63a471
04_Vehicle_Classification/processed/crops/139801.png,research artifact/data/evidence,04_Vehicle_Classification,43590,7e42ef568e8d52cd12fd406d148a5753478baecb06db1a32e4c8ddffa587d791
04_Vehicle_Classification/processed/crops/140294.png,research artifact/data/evidence,04_Vehicle_Classification,28104,7ea13ed1070d74824b240862376a3f09805cfdbc3c979f2fed743477afb0d934
04_Vehicle_Classification/processed/crops/140394.png,research artifact/data/evidence,04_Vehicle_Classification,13795,c48a90bd2ff0d929a61b8ee567f5bd0bdde6d6b7b40165b4c1cc8fb9b71b1157
04_Vehicle_Classification/processed/crops/140522.png,research artifact/data/evidence,04_Vehicle_Classification,134006,5277eccfa1c1b77ad922bfc0d97745dae4583dd6a83affc880c201734ba85573
04_Vehicle_Classification/processed/crops/140589.png,research artifact/data/evidence,04_Vehicle_Classification,14618,047f8fb584ff45fcb5a1cb183ac377b7002d97a0dead84c101dcea7aea47a6d1
04_Vehicle_Classification/processed/crops/140812.png,research artifact/data/evidence,04_Vehicle_Classification,8313,bfb28395398985771d9ae5874332e344ba2eb12fad16a42cc43496ae4a093de8
04_Vehicle_Classification/processed/crops/140876.png,research artifact/data/evidence,04_Vehicle_Classification,13427,5357f7ec05616be6ccedaaf0e9369cf271076937e1e4f1da4604269ed452749f
04_Vehicle_Classification/processed/crops/141299.png,research artifact/data/evidence,04_Vehicle_Classification,7497,b46c5b8a6b37b0ca82c98fb1561069d5cf7a049c1256e26615e99005b8bb633c
04_Vehicle_Classification/processed/crops/141360.png,research artifact/data/evidence,04_Vehicle_Classification,13602,0cc5646405720050b896f6847428fa40b1e9f7c87ea4f81ed530c1ba923ca0d4
04_Vehicle_Classification/processed/crops/141621.png,research artifact/data/evidence,04_Vehicle_Classification,12194,e26c3dca7e6992cd85eac0433be5489b1b0ace2bec20e457440343e883b04ea1
04_Vehicle_Classification/processed/crops/141756.png,research artifact/data/evidence,04_Vehicle_Classification,22067,ecad7d644f28bde351261d40d205bc84d3dec64adff7eaf0e853aebc817cb1b2
04_Vehicle_Classification/processed/crops/141859.png,research artifact/data/evidence,04_Vehicle_Classification,8774,d80ee71e2993869160c0e6a372af2e44f4990a3e354783a352eaad06fd6a720d
04_Vehicle_Classification/processed/crops/142693.png,research artifact/data/evidence,04_Vehicle_Classification,41568,aa8b8a08b8802a486c3f9c9333765ff3b70d38949f95a5279f6fadb3e4ced238
04_Vehicle_Classification/processed/crops/142937.png,research artifact/data/evidence,04_Vehicle_Classification,19605,7e7d4404055f75bfabdcc2031be1194ad58f8debfde7e26b651963a4747f99d4
04_Vehicle_Classification/processed/crops/143398.png,research artifact/data/evidence,04_Vehicle_Classification,17194,cf6da0027bad4da06ce1a715976afa21bbbbcfacfdafc9579858ac2db968c162
04_Vehicle_Classification/processed/crops/143672.png,research artifact/data/evidence,04_Vehicle_Classification,26851,4cdf6605e4db6e705d21fafb3643951f6b6b0140927afeecb97734167910fe97
04_Vehicle_Classification/processed/crops/143876.png,research artifact/data/evidence,04_Vehicle_Classification,10629,382bbe0e1d029e5b805902d98fc4c50bc69a4815aa1f5132dfb3b1de01a11fef
04_Vehicle_Classification/processed/crops/143886.png,research artifact/data/evidence,04_Vehicle_Classification,11410,19ca4ea57f084aef25f13b8e85ade52da166376a227b0e6822282298dd8c1f5c
04_Vehicle_Classification/processed/crops/144078.png,research artifact/data/evidence,04_Vehicle_Classification,15454,0a29e204c0d26a83e582f4b1910fd946c6e0d6c6fa73167e4728c1909d618857
04_Vehicle_Classification/processed/crops/144235.png,research artifact/data/evidence,04_Vehicle_Classification,51079,fac3e47badd68640d061a8956e049d56ebb524e87f5602d974fd6562db5438ae
04_Vehicle_Classification/processed/crops/144376.png,research artifact/data/evidence,04_Vehicle_Classification,8570,35ff3c34a96e645df3bb3789c479c102ebcd4c0ccfc6950718150b1872b574db
04_Vehicle_Classification/processed/crops/144531.png,research artifact/data/evidence,04_Vehicle_Classification,15332,a2d9184066711d4208154abe055b64ac1fca394cc975fedb19e90c4932a53366
04_Vehicle_Classification/processed/crops/144569.png,research artifact/data/evidence,04_Vehicle_Classification,19809,a5df44e691e9ada75681c8ac8353130addf50d740e3abd0b281a02bfa8fd62a5
04_Vehicle_Classification/processed/crops/144627.png,research artifact/data/evidence,04_Vehicle_Classification,11520,450dafacd5917d2c86ca6e246e168abaf56bbd8119f828c493d26b14b05698de
04_Vehicle_Classification/processed/crops/144786.png,research artifact/data/evidence,04_Vehicle_Classification,546942,b68edaa60909df2f9d10fbf54e9aaa68edb5f6ab611d98b2be984b7732257841
04_Vehicle_Classification/processed/crops/145084.png,research artifact/data/evidence,04_Vehicle_Classification,59557,58b39ca2b6db6e986253899cc0840035af74c0bc5ced45bceeb3b275cf253508
04_Vehicle_Classification/processed/crops/145173.png,research artifact/data/evidence,04_Vehicle_Classification,32012,eb8dc117e2dfbfd20b5c8e3d19c109872744e41d5adc5d9601c7c0d95799ce5f
04_Vehicle_Classification/processed/crops/145333.png,research artifact/data/evidence,04_Vehicle_Classification,344909,e3f34a26e535e917d6fe53ad3946be5bd392b563f16bcdc98a449f4b3d527d80
04_Vehicle_Classification/processed/crops/145351.png,research artifact/data/evidence,04_Vehicle_Classification,20297,c72ef569f7153944f6a2f3efa37d04727352fcfb0355017d55ee75d64dfe2435
04_Vehicle_Classification/processed/crops/145436.png,research artifact/data/evidence,04_Vehicle_Classification,8733,1c3ad7c42b1e6002f351969d1c1d26ed979940ed446f12b33ff4d8e1751c5984
04_Vehicle_Classification/processed/crops/145507.png,research artifact/data/evidence,04_Vehicle_Classification,10644,9d51dd7862a4abf67604c1b13144dbd70e15d7b7e76b89f02864577c69acbcf2
04_Vehicle_Classification/processed/crops/145718.png,research artifact/data/evidence,04_Vehicle_Classification,20650,7756003f6eedccb244c2c0efb6f677de129a9784982c7c12f175e67c88cdf982
04_Vehicle_Classification/processed/crops/145780.png,research artifact/data/evidence,04_Vehicle_Classification,13492,41dc49bbc39ed3610eb3bd1b74dc8b0493c6bf76dc0ad144cf7f6872a32dd390
04_Vehicle_Classification/processed/crops/146263.png,research artifact/data/evidence,04_Vehicle_Classification,108878,5e483382d6ed6536dfae4bbd5c9fa180bbadb2349318e69f4c2e2f3ac8074590
04_Vehicle_Classification/processed/crops/147483.png,research artifact/data/evidence,04_Vehicle_Classification,15761,afed2762e6690c1d19527bc39bf9d73b90309a62b449c1b441277799d40fd395
04_Vehicle_Classification/processed/crops/162814.png,research artifact/data/evidence,04_Vehicle_Classification,248415,cd2e3be6418c6cd45de34f2e8933f3928a5413ad6d7afbd78c1ce0959f5faed1
04_Vehicle_Classification/processed/crops/162827.png,research artifact/data/evidence,04_Vehicle_Classification,74436,9d265ef60b9eb1d30875658909a2fb4123259cae4d1cc5bde68ff8d32bdba233
04_Vehicle_Classification/processed/crops/162869.png,research artifact/data/evidence,04_Vehicle_Classification,73205,fee8c4f5f61100fca2e90a0824676dfffe7db43e81f82ec4456132781938f6f4
04_Vehicle_Classification/processed/crops/162917.png,research artifact/data/evidence,04_Vehicle_Classification,38257,a9a87d7224baf7816c59da826442b1b0eb1d35f7d664521e650da36325eff5f7
04_Vehicle_Classification/processed/crops/162961.png,research artifact/data/evidence,04_Vehicle_Classification,275841,dfe3ce8109101518183fc8a41173b35bad81635784f9b75aeadad5471b94c2e5
04_Vehicle_Classification/processed/crops/162975.png,research artifact/data/evidence,04_Vehicle_Classification,466312,093865685df1952fef715112feabe6f6d1b2726cae50c315172bf870be711310
04_Vehicle_Classification/processed/crops/162985.png,research artifact/data/evidence,04_Vehicle_Classification,232584,8aa8fe2c912e3b42b25976e15e3ac39a7252d6e7dc923947b1077c61d44e3255
04_Vehicle_Classification/processed/crops/162989.png,research artifact/data/evidence,04_Vehicle_Classification,421176,1c672dc591de0bb87d9cdff5aba775fd1aaf8309c766eff107fa7af55a381482
04_Vehicle_Classification/processed/crops/163021.png,research artifact/data/evidence,04_Vehicle_Classification,55628,4bd82067ac8fcb4ffdafdb501d138fe20c79b0d27d4de4fd4a7a5069b9cf23ab
04_Vehicle_Classification/processed/crops/163053.png,research artifact/data/evidence,04_Vehicle_Classification,338888,064efc1fd9c67c33c4c02736ac92a954a9c2ffb2732424d71ce7d93e4b5d2950
04_Vehicle_Classification/processed/crops/163111.png,research artifact/data/evidence,04_Vehicle_Classification,49202,4fc2d1c6a8aba7c3ad40eb52a21c19db10280251f8cbd0193d9eb7975834fa12
04_Vehicle_Classification/processed/crops/163170.png,research artifact/data/evidence,04_Vehicle_Classification,68816,7c6563378537d04c50460a8a9fd68dd3a7d02d5d4fe467d3afff2bcd893121b9
04_Vehicle_Classification/processed/crops/163434.png,research artifact/data/evidence,04_Vehicle_Classification,237115,321ce442deebde971f4464e618dd20579b47a9075464cf3fba7b59ef9f1cfbc5
04_Vehicle_Classification/processed/crops/163637.png,research artifact/data/evidence,04_Vehicle_Classification,322385,cda84789c76e46df6b9eb0da99517b243222097fd53ab471854ff30750aa923a
04_Vehicle_Classification/processed/crops/163642.png,research artifact/data/evidence,04_Vehicle_Classification,161725,7858c3686ae67e1a49d9d44321eba3a6a90308959916986c00a5e8948d04a88c
04_Vehicle_Classification/processed/crops/163692.png,research artifact/data/evidence,04_Vehicle_Classification,220473,b3ac320c5cab3f464fbb70b2ba65383bb0b48e4620f9e38fc21d9d71935e0462
04_Vehicle_Classification/processed/crops/163705.png,research artifact/data/evidence,04_Vehicle_Classification,127470,5ee1365ed46cbf0174d1ef29a29da856968240a32ff26620b39b80987886b6b9
04_Vehicle_Classification/processed/crops/163716.png,research artifact/data/evidence,04_Vehicle_Classification,227656,7ae55e7df53ecc7a27f0bd411032433792ddd1374647e865e635d4dbe1a2a07d
04_Vehicle_Classification/processed/crops/164102.png,research artifact/data/evidence,04_Vehicle_Classification,7292,53a1726c2ceaa8e1af1fd52d0bf0a408543467250f6367adc019c15b1b455780
04_Vehicle_Classification/processed/crops/164236.png,research artifact/data/evidence,04_Vehicle_Classification,20869,3845d71ef8baf5600136900f901c5f2bf4930899d32fdd9a356f92464d8fc00e
04_Vehicle_Classification/processed/crops/164381.png,research artifact/data/evidence,04_Vehicle_Classification,35416,b90441d7bc593dd3fcb1c5f70af6916108c89fa781d4d709e243f775a4a2a98e
04_Vehicle_Classification/processed/crops/164456.png,research artifact/data/evidence,04_Vehicle_Classification,189794,f49346278715b3645474d6e5e5feb23663d15eb09d726e0ffca997b2fc2ffaf2
04_Vehicle_Classification/processed/crops/164483.png,research artifact/data/evidence,04_Vehicle_Classification,174432,ce8314648622d2e86094ab057d726b0d22fb10bc06fb2b8d11e48a4fd7fc8e83
04_Vehicle_Classification/processed/crops/164596.png,research artifact/data/evidence,04_Vehicle_Classification,11084,9eba9f5fecbbaec651e165f451a860e068a3a9424dc95a2390f02e257fd6cc64
04_Vehicle_Classification/processed/crops/164623.png,research artifact/data/evidence,04_Vehicle_Classification,503356,a6af2b37de14ed122de423789b79b09e047ba8a71fddd3a0c26461c341bc4d90
04_Vehicle_Classification/processed/crops/164679.png,research artifact/data/evidence,04_Vehicle_Classification,57805,4cc5c8414cf6a2829a5ef0b967ce34aaacea66a20755302d6378e7725d512356
04_Vehicle_Classification/processed/crops/164847.png,research artifact/data/evidence,04_Vehicle_Classification,260491,51a5456ec9332d725ed4bc1e2003ed9dc78dd202ec219a5c4d987b8a4aea1be4
04_Vehicle_Classification/processed/crops/164994.png,research artifact/data/evidence,04_Vehicle_Classification,372778,0dac6ab7a4baa7595187e9e616475491e9bd6988a783aad2b504eecad524222c
04_Vehicle_Classification/processed/crops/165026.png,research artifact/data/evidence,04_Vehicle_Classification,426258,45fa7124aa10944f259bd7667238f71d10ae1f045a94e4855a2385ca65f70dd6
04_Vehicle_Classification/processed/crops/165041.png,research artifact/data/evidence,04_Vehicle_Classification,128393,08a6e98ea442100c44203c6fc5d934f3c49ee5778c7762a1bbb805b766e2ed0b
04_Vehicle_Classification/processed/crops/165069.png,research artifact/data/evidence,04_Vehicle_Classification,335598,2f9eafc654b5489526ebd0a389ef512703e0dda00087381203f2f3e2dc0c64ed
04_Vehicle_Classification/processed/crops/165070.png,research artifact/data/evidence,04_Vehicle_Classification,8644,b91f716e8acf3f132133cb0482493b905b90ce7323c6a2ba6009e2b50f19e0ed
04_Vehicle_Classification/processed/crops/165084.png,research artifact/data/evidence,04_Vehicle_Classification,29837,ff3259753ab9782208176c5df610c60dcd83922d1a1407b94e6e0ade849183dd
04_Vehicle_Classification/processed/crops/165101.png,research artifact/data/evidence,04_Vehicle_Classification,179465,7646628bf6639545816617b5318f7a1b1d4e690a002fd9dfabe941b792bcdc3b
04_Vehicle_Classification/processed/crops/165112.png,research artifact/data/evidence,04_Vehicle_Classification,26973,bbc1277c368c06a364ca079bcfd7b59ae0d2683da37e36180a01749884dc0dc4
04_Vehicle_Classification/processed/crops/165136.png,research artifact/data/evidence,04_Vehicle_Classification,96877,e951f0cccf99506a94a43ef20e6f1ed894416aa3c683e89a7401557781c8505d
04_Vehicle_Classification/processed/crops/165162.png,research artifact/data/evidence,04_Vehicle_Classification,139390,4724fb56f7dc87216e555175aa92c081d91213c4302fc4e3639e98041bb095b3
04_Vehicle_Classification/processed/crops/165194.png,research artifact/data/evidence,04_Vehicle_Classification,140955,5df5dfa0e25eee3effdf92f715e3b5a2931a29a9d001682a501161d97ed87d5c
04_Vehicle_Classification/processed/crops/165230.png,research artifact/data/evidence,04_Vehicle_Classification,158233,742931424c921708a51f8810202c092c100f66b699456a8d623a70882849edb8
04_Vehicle_Classification/processed/crops/165242.png,research artifact/data/evidence,04_Vehicle_Classification,179216,431a77cba840a241cc72c6cb7524f3b46826f51d1d607d793a9b8643b5f90bba
04_Vehicle_Classification/processed/crops/165289.png,research artifact/data/evidence,04_Vehicle_Classification,254579,a93f58aeb833f2ce592ca75d021e93f9ed24c94cb29a85cac799d117b6cdd3de
04_Vehicle_Classification/processed/crops/165382.png,research artifact/data/evidence,04_Vehicle_Classification,8856,7967e4ed45803804feec4901cf575b530e1c79291b58a0ec7ac43a04daf163d6
04_Vehicle_Classification/processed/crops/165411.png,research artifact/data/evidence,04_Vehicle_Classification,120990,e7335fb1e231fe033b0007db65f756ccff136ecc9abc17d28379b5a0100f4ef2
04_Vehicle_Classification/processed/crops/165543.png,research artifact/data/evidence,04_Vehicle_Classification,8375,6500039a9389c2984e30392e4037aa49a02c892d3059fdbf47e0d178b7405313
04_Vehicle_Classification/processed/crops/165567.png,research artifact/data/evidence,04_Vehicle_Classification,35527,73b0ab9b5cb7ce1bc7c59ee28af979ae689140d71408fac1f0c49237311660d3
04_Vehicle_Classification/processed/crops/165647.png,research artifact/data/evidence,04_Vehicle_Classification,144373,95cfeabfa05d5863f2757b1380af82eaaaf16d66d3c9c5b266f109f4181e6c76
04_Vehicle_Classification/processed/crops/165690.png,research artifact/data/evidence,04_Vehicle_Classification,172453,725449ddf8fa6e432eecdc36f695b4b0e54d5690a95e86de175f6d8d2a7c7653
04_Vehicle_Classification/processed/crops/165772.png,research artifact/data/evidence,04_Vehicle_Classification,190138,42230fe41531a5718b174177faad2afba3c1a10817d95047da6b1a1dccc500ca
04_Vehicle_Classification/processed/crops/165837.png,research artifact/data/evidence,04_Vehicle_Classification,161884,2c527c428c45019ee2bec7491b23488bd82e841ff14ff8f766a67b17a6eb1a20
04_Vehicle_Classification/processed/crops/165934.png,research artifact/data/evidence,04_Vehicle_Classification,119363,4959cdd045507728c6690e88748f02e443434f0fb7ade1331a197fb78fad68e0
04_Vehicle_Classification/processed/crops/165939.png,research artifact/data/evidence,04_Vehicle_Classification,39157,0b445d203e671b4d2c3324feafa155c15d94377760457ed9fea93661c2ac8f71
04_Vehicle_Classification/processed/crops/166137.png,research artifact/data/evidence,04_Vehicle_Classification,414092,8a187389de48e9978354394dcfb0d6e8841c1e4c50e37797d465dfa172ab22b9
04_Vehicle_Classification/processed/crops/166153.png,research artifact/data/evidence,04_Vehicle_Classification,30786,9bb272e4b181d5d5bd83532e403cf42d980c501d302e746f3d09f949498b7f05
04_Vehicle_Classification/processed/crops/166186.png,research artifact/data/evidence,04_Vehicle_Classification,239559,c621493711d879c903f9c489db9804b1b57878e26a5c1e99ff1de4ca39b25d10
04_Vehicle_Classification/processed/crops/166272.png,research artifact/data/evidence,04_Vehicle_Classification,20464,3c19079e6cb1bb19b64d3b6e7413a7a9f64daf48ae8ce59c4cb474249ceb3a33
04_Vehicle_Classification/processed/crops/166445.png,research artifact/data/evidence,04_Vehicle_Classification,493223,46ea27c7375d4944608a4b2aadc926889d1edc23e08fa83d12e0bde9165e4716
04_Vehicle_Classification/processed/crops/166466.png,research artifact/data/evidence,04_Vehicle_Classification,277584,1f253aef932abc8f209a2781906a292a3bd32f8e8dc558631ec6dce866068e4d
04_Vehicle_Classification/processed/crops/166497.png,research artifact/data/evidence,04_Vehicle_Classification,83740,e7312aa96ef59758750a7597b89bde66e1b0086aaf3c269ec33e2e0f244f2a80
04_Vehicle_Classification/processed/crops/166500.png,research artifact/data/evidence,04_Vehicle_Classification,228747,84c4cf57e4eda56533ba7873c627bfaf6028e105f44ee217836ecf90a5aa9133
04_Vehicle_Classification/processed/crops/166510.png,research artifact/data/evidence,04_Vehicle_Classification,34027,1693bf153676d77ed4953f0610b2696f1c54f8e9f092eb87fac3439100242ac5
04_Vehicle_Classification/processed/crops/166585.png,research artifact/data/evidence,04_Vehicle_Classification,119380,33d2e5f8a06ecd3786a8814378f94efa4f21b62a99cde2c2069c3a3538d6d0c3
04_Vehicle_Classification/processed/crops/166669.png,research artifact/data/evidence,04_Vehicle_Classification,14266,3cbeb6c3b1b76e4a90a2435b4c8cf75b31ef44f944be6030c3d6ad4a2eebd199
04_Vehicle_Classification/processed/crops/166857.png,research artifact/data/evidence,04_Vehicle_Classification,231787,32dbe97088562ba914cd3df65e746c25a16d18a7a0ad41fa7aa2483f178262e0
04_Vehicle_Classification/processed/crops/166867.png,research artifact/data/evidence,04_Vehicle_Classification,275136,9a560e99ee79c3434de792416cfde34fcb8db9b7aaed8c829c38c0555b2cae6d
04_Vehicle_Classification/processed/crops/167209.png,research artifact/data/evidence,04_Vehicle_Classification,330423,7655506a9b15aea7507407f46150f861dce43c656c0e96603774c2bda915342d
04_Vehicle_Classification/processed/crops/167358.png,research artifact/data/evidence,04_Vehicle_Classification,37009,be09285eda7842f5197a826e928f610b34dee81d62c5437b6201f44fab9f2587
04_Vehicle_Classification/processed/crops/167454.png,research artifact/data/evidence,04_Vehicle_Classification,206421,07603a04e488cfbf1f4971200becc1e13d45e22980350bc78f0a8e080a19c927
04_Vehicle_Classification/processed/crops/167495.png,research artifact/data/evidence,04_Vehicle_Classification,76880,bdc916101c990f7bfbfde7ad61679cd031395785fdf3ace97ec191a4e9ff131d
04_Vehicle_Classification/processed/crops/167514.png,research artifact/data/evidence,04_Vehicle_Classification,63751,55211698124cd6938e90fbb00ff005be5b59352256538c44477a739d39a76884
04_Vehicle_Classification/processed/crops/167538.png,research artifact/data/evidence,04_Vehicle_Classification,158141,c9002e198fe7595a0feb08e3dbc9754a03817b35d0efacea1fb94c7e9615752e
04_Vehicle_Classification/processed/crops/167614.png,research artifact/data/evidence,04_Vehicle_Classification,217882,48ab80af1ff12041abd6c25f3885f431eadf03b3243918bfb61de3bf1a597f0a
04_Vehicle_Classification/processed/crops/167628.png,research artifact/data/evidence,04_Vehicle_Classification,122045,aa31499f26e4ffc1f85cc1664586482a0a15fe88850559fa8586b5cdd3c0271d
04_Vehicle_Classification/processed/crops/167768.png,research artifact/data/evidence,04_Vehicle_Classification,11246,ddd92e421f2182dd14bb46dc393eda95a76a72f5530073e281099e3a05e803f8
04_Vehicle_Classification/processed/crops/167828.png,research artifact/data/evidence,04_Vehicle_Classification,13939,b9117cc65105bcfce40ac35579440eb8c055d65d690c9ade18d823db4d67095f
04_Vehicle_Classification/processed/crops/167841.png,research artifact/data/evidence,04_Vehicle_Classification,52908,25009a88ef31db8cc0c351255b725bada13a7a9816b44e2d5af450140ccacc3a
04_Vehicle_Classification/processed/crops/167880.png,research artifact/data/evidence,04_Vehicle_Classification,130851,0a6b0bb8f22eefba78364658dbf300b0be40aa321032e0a31ffff1aa263d9f4f
04_Vehicle_Classification/processed/crops/167974.png,research artifact/data/evidence,04_Vehicle_Classification,36323,eb70ca9eafde90fd8fc6912c3bdffe2f6eecae2be3906a476ce50f5ac9c2ea35
04_Vehicle_Classification/processed/crops/168151.png,research artifact/data/evidence,04_Vehicle_Classification,20369,9c88d45d999121658d90105e8dea5748187341e35fd5b8c9fe9589c76f526206
04_Vehicle_Classification/processed/crops/168219.png,research artifact/data/evidence,04_Vehicle_Classification,599721,54e3526bea54643889122123865975af47186a2d2adb0979669cfbfa194cf4d9
04_Vehicle_Classification/processed/crops/168224.png,research artifact/data/evidence,04_Vehicle_Classification,158858,c2b391c00f94de06b1f8e0330537ec68f4957df658adc2d7b60b77fa4b6e873f
04_Vehicle_Classification/processed/crops/168340.png,research artifact/data/evidence,04_Vehicle_Classification,91098,62a86da3c0b1329b1e6e6890ce3d7959930a3814eeefdbbb5fa1ed0972da4a90
04_Vehicle_Classification/processed/crops/168542.png,research artifact/data/evidence,04_Vehicle_Classification,106321,67bc58f1abc5b13152f346b2b36ce1c6156652a68e1cf44132a4e143c533d363
04_Vehicle_Classification/processed/crops/168737.png,research artifact/data/evidence,04_Vehicle_Classification,11581,fd5ebf0d7e01acb42e01666aab8fd0a9a91096550a78efcb91654016f19e37aa
04_Vehicle_Classification/processed/crops/168769.png,research artifact/data/evidence,04_Vehicle_Classification,198615,bdc44bf4c995ccebc65be40c3beafb14ebf7ba13b46cfe0520045409816a6ac5
04_Vehicle_Classification/processed/crops/168869.png,research artifact/data/evidence,04_Vehicle_Classification,131362,4db912fdd0033901c9595baec9a02a210c314a74b3fbca8e1c2e7ea41248de7f
04_Vehicle_Classification/processed/crops/168899.png,research artifact/data/evidence,04_Vehicle_Classification,24902,6e4622583c06d07aee3703d741cb897883159090eccf36792c87a25d79347020
04_Vehicle_Classification/processed/crops/168938.png,research artifact/data/evidence,04_Vehicle_Classification,40988,995f31e481c9d41c360b342c824ddf9701ed3651f1127bbd28fcd731ae5a3df3
04_Vehicle_Classification/processed/crops/168982.png,research artifact/data/evidence,04_Vehicle_Classification,237114,a673620ebb9ca0a14bba3908308d56969d7eb4435025e27ae74ab05274558b01
04_Vehicle_Classification/processed/crops/169148.png,research artifact/data/evidence,04_Vehicle_Classification,198977,36c6e457ff04011ea0b542592cbb4646e3b6ab2b19a7c7c9639ba742e9ca57e7
04_Vehicle_Classification/processed/crops/169222.png,research artifact/data/evidence,04_Vehicle_Classification,8547,482ce394159f90909992994dce614b287c97b25a53750cfe0109c6709be08fe1
04_Vehicle_Classification/processed/crops/1770350.png,research artifact/data/evidence,04_Vehicle_Classification,6578,ad0ffe4d3df05b8b8ad91dac524647ae8b2795fb809be020150e1d4093b23002
04_Vehicle_Classification/processed/crops/1770473.png,research artifact/data/evidence,04_Vehicle_Classification,16494,69b490b3da83c7bd8c9346dd5834a4fdfe7f9c94a5da66c2dd43c82b1a8a68b5
04_Vehicle_Classification/processed/crops/1770856.png,research artifact/data/evidence,04_Vehicle_Classification,8389,59c0b6c35a77af84b1ce70cfb6fe16603ea693fa2127bfe2be923d8bb3ec76f9
04_Vehicle_Classification/processed/crops/1770961.png,research artifact/data/evidence,04_Vehicle_Classification,69370,73365771085ede579d5e84043e28fe8865c82265141621b9437a5f87a469e8a8
04_Vehicle_Classification/processed/crops/1771130.png,research artifact/data/evidence,04_Vehicle_Classification,84226,e7bb6aa388b21977e626844bc98ab312c7db0a17838dc5d0e0ebadafebe8834c
04_Vehicle_Classification/processed/crops/1771862.png,research artifact/data/evidence,04_Vehicle_Classification,22825,5a832affa9c087715b908fd45e6ae491bd2c281f5782c1fd81aa7d8158ba4588
04_Vehicle_Classification/processed/crops/1771963.png,research artifact/data/evidence,04_Vehicle_Classification,111786,564a670a9c8a9d0ae4ce016b123373ff8cf602d100c946375d2970d424a82582
04_Vehicle_Classification/processed/crops/1772188.png,research artifact/data/evidence,04_Vehicle_Classification,10853,7938417cde2545b8a31ca0b37d0514505ababf3e7a2261cab57a90b0acfcca6d
04_Vehicle_Classification/processed/crops/1772242.png,research artifact/data/evidence,04_Vehicle_Classification,16905,8646b4ee9f2937b4ae95e4603541b8814706d11006ba958132b09d55e65abf22
04_Vehicle_Classification/processed/crops/1772442.png,research artifact/data/evidence,04_Vehicle_Classification,30164,66d1fe32a2a98e22aa2eb03162f0f905ba1270354337c2c3a9b15ffc47e31485
04_Vehicle_Classification/processed/crops/1772462.png,research artifact/data/evidence,04_Vehicle_Classification,12703,257c797b02cfd77d6eac81b731669d0c972f9d55191fd73d3e52eed0ff63c114
04_Vehicle_Classification/processed/crops/1772733.png,research artifact/data/evidence,04_Vehicle_Classification,38823,219a43aa742b5df738ac1fe3e04d7e0a83ed8fd22ee2462c6710477a72afa39c
04_Vehicle_Classification/processed/crops/1772825.png,research artifact/data/evidence,04_Vehicle_Classification,8566,3836a536f18fd7ace2e629706478a600ebeea0ba15263faa23d05b4bda147a23
04_Vehicle_Classification/processed/crops/1772957.png,research artifact/data/evidence,04_Vehicle_Classification,4604,4b59409176976d79449e4f5cade73154a6e1f9d8116f1e804033e6ad8b64b5fa
04_Vehicle_Classification/processed/crops/1773132.png,research artifact/data/evidence,04_Vehicle_Classification,9822,670b80ca548dd9898ad2c504d8ace05edf452b61c220c2f02087e4f9f62d0da3
04_Vehicle_Classification/processed/crops/1773139.png,research artifact/data/evidence,04_Vehicle_Classification,4730,a1c0f5d2a1149621e4b840d97a833765b814e41de10b259ca15b559570633722
04_Vehicle_Classification/processed/crops/1773524.png,research artifact/data/evidence,04_Vehicle_Classification,77452,11152a70f51c7e22862bf4b995dbcde8008e2d3649ea54cc52a20f10478f65e7
04_Vehicle_Classification/processed/crops/1773764.png,research artifact/data/evidence,04_Vehicle_Classification,16822,48abb39238dc777ba0d218c868d9f0ae024c42eb542922b7c1f1ad6047696e36
04_Vehicle_Classification/processed/crops/1773942.png,research artifact/data/evidence,04_Vehicle_Classification,127583,c155b9bdee3915515a806b6735057515d95e658ef58becf10fd1abc24205fd07
04_Vehicle_Classification/processed/crops/1774296.png,research artifact/data/evidence,04_Vehicle_Classification,41599,4c310609fc359db5e7342cda6d7ed3a18b68b8f187910a359e95f4d35ddffcaa
04_Vehicle_Classification/processed/crops/1774602.png,research artifact/data/evidence,04_Vehicle_Classification,6107,e424a4f7d4b50b719c9c7085517f4dc345149112fe40fab745e9df61b0a9101a
04_Vehicle_Classification/processed/crops/1774970.png,research artifact/data/evidence,04_Vehicle_Classification,22721,952e3a8002f95d5f084321881cccda4591cb35ab4e72b194004414da8c14baa4
04_Vehicle_Classification/processed/crops/1775151.png,research artifact/data/evidence,04_Vehicle_Classification,16050,20a2e296a4f367e73b40ec7b8e038d9666f9a8380f55319790bc9dd719530eca
04_Vehicle_Classification/processed/crops/1775442.png,research artifact/data/evidence,04_Vehicle_Classification,15418,64da5aa4a5fa36b82510facc8ad6f3a3f4bade1923c584e7225cfdb7526f1607
04_Vehicle_Classification/processed/crops/1775620.png,research artifact/data/evidence,04_Vehicle_Classification,19988,714b2a25a80d84d4be5429653a2322272c47144498465bd5aaf0dacca86f0f0d
04_Vehicle_Classification/processed/crops/1775733.png,research artifact/data/evidence,04_Vehicle_Classification,56008,ad740f9c273149302179fb72861ae937464baddfcdd1140fc1a1fd920c550744
04_Vehicle_Classification/processed/crops/1775739.png,research artifact/data/evidence,04_Vehicle_Classification,2954,1e3c7b72719b341ab4837face9c0b6786779fdbc47b55f2c2ce520b5766c50f7
04_Vehicle_Classification/processed/crops/1776087.png,research artifact/data/evidence,04_Vehicle_Classification,16512,83b6c4589248651011ab8aa844ef4d126e6f6189180e6e04c056effabf9221c5
04_Vehicle_Classification/processed/crops/1776382.png,research artifact/data/evidence,04_Vehicle_Classification,10417,e3fe97a2d6c81bacef51a132eba80ebb30c0ff5a451a86339e5496878aa584a5
04_Vehicle_Classification/processed/crops/1776660.png,research artifact/data/evidence,04_Vehicle_Classification,12566,7affd659f0010a4b1e8f923602d1bdb56bb4f9cd01117eaac40bb4715da9654b
04_Vehicle_Classification/processed/crops/1776832.png,research artifact/data/evidence,04_Vehicle_Classification,6232,9a39c60bb95a4642170cbd1b17bb5e19af33520741476db78bdae6fdf24ae91e
04_Vehicle_Classification/processed/crops/1776944.png,research artifact/data/evidence,04_Vehicle_Classification,52327,9b5ee8be9c567b02ffe80cd32ed477e0e658eb5edbbe6555260d880daaf9f1d4
04_Vehicle_Classification/processed/crops/1777111.png,research artifact/data/evidence,04_Vehicle_Classification,5823,43b17097198a93e2fc741904843d504ce7bee05da964c541383e05c483f05877
04_Vehicle_Classification/processed/crops/1777546.png,research artifact/data/evidence,04_Vehicle_Classification,10659,6d5373d6e7c29d3e3fda09b8a0465d5204852c38295cc519c1005f2e608fa95e
04_Vehicle_Classification/processed/crops/1777662.png,research artifact/data/evidence,04_Vehicle_Classification,13116,93c6fa19404c504e06ee2fbfa572b264224f22d001a2fe82162446f6d182ff66
04_Vehicle_Classification/processed/crops/1779023.png,research artifact/data/evidence,04_Vehicle_Classification,11082,0006e45387b3f96630bf6ee43903b419bb48e6aab295d7b2b6f321630da3af39
04_Vehicle_Classification/processed/crops/1779270.png,research artifact/data/evidence,04_Vehicle_Classification,26515,789ea6b4d6d31d046ec1fe9a2d9c1bef9c5d52472743e622607cf3da1a939332
04_Vehicle_Classification/processed/crops/1779505.png,research artifact/data/evidence,04_Vehicle_Classification,9274,f47ad7595e34e01925a7334393780d58ece1b31f231685f3a7d1c17abeea98cb
04_Vehicle_Classification/processed/crops/1780379.png,research artifact/data/evidence,04_Vehicle_Classification,13866,db975d56db72f61e25a0ce6543b9cd7a60add284df8363f5f519f0ec6d9ad6c3
04_Vehicle_Classification/processed/crops/1780752.png,research artifact/data/evidence,04_Vehicle_Classification,19761,526d8dff1ed0a81415b2b54840fbd2f8d146e68cb8eac5ab2810e813b500f21c
04_Vehicle_Classification/processed/crops/1781630.png,research artifact/data/evidence,04_Vehicle_Classification,12717,78f78977aa7c8c995d511a63ed76dab5852b9c2f4567b7b6aaf309491e640043
04_Vehicle_Classification/processed/crops/1781686.png,research artifact/data/evidence,04_Vehicle_Classification,18340,8adbcb86fb00640df1a9aa9ef5c41cc67c5fdcf8a44baa91ecfdb896c4ccdaee
04_Vehicle_Classification/processed/crops/1782852.png,research artifact/data/evidence,04_Vehicle_Classification,7541,41d7d483f70aa47c17b89c63f28048b07f135286aa149c8f04a85f56a262b2a4
04_Vehicle_Classification/processed/crops/1783302.png,research artifact/data/evidence,04_Vehicle_Classification,12994,355b07e06a0a995ce35eaebf20f86185ba1758195acc24a567bce4215ddffeb5
04_Vehicle_Classification/processed/crops/1783850.png,research artifact/data/evidence,04_Vehicle_Classification,24570,b6900cde76896e89bd970b8036827c3f7dc4602a81b75ea329d48c7d3712b2d0
04_Vehicle_Classification/processed/crops/1784835.png,research artifact/data/evidence,04_Vehicle_Classification,12597,e5b58f9f42bc6e64b9ade1f97d49befb1e31fa7334d2cad64b3855e1c37459db
04_Vehicle_Classification/processed/crops/1785100.png,research artifact/data/evidence,04_Vehicle_Classification,8986,779bd5a24e14d7937995df93c67ae3110f5efa463c25692f21dadc626204c5aa
04_Vehicle_Classification/processed/crops/1785347.png,research artifact/data/evidence,04_Vehicle_Classification,11078,79aabf4c70b4b51393239933b075c7f145b7d1d126540ace09be57b711394f82
04_Vehicle_Classification/processed/crops/1789041.png,research artifact/data/evidence,04_Vehicle_Classification,10196,f8d7380156a08c5737e0f6c0ad037609b43813c0de6f77968dc1121e6e5c3cbe
04_Vehicle_Classification/processed/crops/1789226.png,research artifact/data/evidence,04_Vehicle_Classification,12993,76d801d9a3876015102f2abc5da93ad5b1002064613ed5e5329dcc9992caf58f
04_Vehicle_Classification/processed/crops/1789465.png,research artifact/data/evidence,04_Vehicle_Classification,22529,aa9e8644aeba4fa8f8f0fce0ad6a6934a21539fd2ad8e7ceec3fa7aa8ea18f54
04_Vehicle_Classification/processed/crops/1789505.png,research artifact/data/evidence,04_Vehicle_Classification,7837,dd4b3a9f50ec7073911872f060e84929a1770fdb6c71811aab0c6f61c693b1e1
04_Vehicle_Classification/processed/crops/1794029.png,research artifact/data/evidence,04_Vehicle_Classification,18739,5e12790e1737ef46ef53aaa5bc1356b556692cf31f89d82dc22e54c9780e7923
04_Vehicle_Classification/processed/crops/1794201.png,research artifact/data/evidence,04_Vehicle_Classification,12191,7cf699e8df41c88ffc10fa745d2cca13321ed76745ef31e998c1583eef358254
04_Vehicle_Classification/processed/crops/1794273.png,research artifact/data/evidence,04_Vehicle_Classification,414959,1e7ecbc7c28dae586eaa0c86dd4eaa47ae6f21296d4ff5278475f4f537615607
04_Vehicle_Classification/processed/crops/1794633.png,research artifact/data/evidence,04_Vehicle_Classification,10235,6c9a5f00f34a0da7d4a53d91be25fc13f518994e1e72575244944d019698a1b2
04_Vehicle_Classification/processed/crops/1794932.png,research artifact/data/evidence,04_Vehicle_Classification,19991,8c70de13cf0b4cff8baf0c3ea29dbbcf2f9fedb529147442b82e6b9f8dfedb67
04_Vehicle_Classification/processed/crops/1795182.png,research artifact/data/evidence,04_Vehicle_Classification,132412,e9727a9f50053bc3b684663b49c544c7a5e53888dfdf300efd5f9baa79fb4963
04_Vehicle_Classification/processed/crops/1795205.png,research artifact/data/evidence,04_Vehicle_Classification,13772,6431d427b7eb424faedc800091f98818244bd99130587ab3645e1fca121b2794
04_Vehicle_Classification/processed/crops/1795279.png,research artifact/data/evidence,04_Vehicle_Classification,27815,3b95ebba0aac890032aa07b440631a76ec5393112e19047f9a4b9cdbf28f939b
04_Vehicle_Classification/processed/crops/1796027.png,research artifact/data/evidence,04_Vehicle_Classification,130706,4f493473ff52f2c1457d96d05a6fe2847840ace53ba42b7ab3fde31ce50110fc
04_Vehicle_Classification/processed/crops/1796599.png,research artifact/data/evidence,04_Vehicle_Classification,26202,bc91caaf9ad24efea3bf3130b20753529c07be5a685c57083d370565d61d982f
04_Vehicle_Classification/processed/crops/1796674.png,research artifact/data/evidence,04_Vehicle_Classification,302713,a337866e13e5c45a89b4024aa4e10668f0f097b201572b7b662f86529b9802e6
04_Vehicle_Classification/processed/crops/1796707.png,research artifact/data/evidence,04_Vehicle_Classification,21177,a1c18fab9f1a1b7d01af9d398b8110099e9d8bc70c44d88f7d78ea80c1eee2c3
04_Vehicle_Classification/processed/crops/1796715.png,research artifact/data/evidence,04_Vehicle_Classification,389654,14d02081bea78b63cf50e67efde9b4df078ecbf0b7185318e9d24a91f2a4d6bf
04_Vehicle_Classification/processed/crops/1797093.png,research artifact/data/evidence,04_Vehicle_Classification,19375,037ee9d14cde24c9ac65b7f5be368ccc0ec44df655b67c1ad206ed0299a6bf5c
04_Vehicle_Classification/processed/crops/1797133.png,research artifact/data/evidence,04_Vehicle_Classification,11783,565759a2f9ab9c5a0674e3115084ae6aca52972d184f323eeae3ca65711ec366
04_Vehicle_Classification/processed/crops/1797177.png,research artifact/data/evidence,04_Vehicle_Classification,16486,46af03f917f7a44528e4884a7604fd398feac65e390022593a998f37c93cf838
04_Vehicle_Classification/processed/crops/1797490.png,research artifact/data/evidence,04_Vehicle_Classification,111355,7d999a0413870210cb6267fa39e158c1319c660f5da90a9ce4db54df240557c4
04_Vehicle_Classification/processed/crops/1797641.png,research artifact/data/evidence,04_Vehicle_Classification,63612,a77b5e97569cb68d9a553f4d370591c0da086f858bd74f24b50cd83b000e400a
04_Vehicle_Classification/processed/crops/1797778.png,research artifact/data/evidence,04_Vehicle_Classification,10158,94d99a3b7aad115a6e11d72adf38ef1f7caebce9719d8f43ea3585d4e22e0251
04_Vehicle_Classification/processed/crops/1797893.png,research artifact/data/evidence,04_Vehicle_Classification,119318,38a14fa09b9e56a19aa19f754ceb8d56d73c89d0e9856a18398d8e432455e24a
04_Vehicle_Classification/processed/crops/1798190.png,research artifact/data/evidence,04_Vehicle_Classification,167678,e474656fb34f26dc2b991e4532c6f0b5c80b7b514078ea0be5ee6baca42c7516
04_Vehicle_Classification/processed/crops/1798566.png,research artifact/data/evidence,04_Vehicle_Classification,7132,64b33ee93e36ca648e1095445cefc61890aa4002c13843a4b8ac2b1b6cd0f816
04_Vehicle_Classification/processed/crops/1798647.png,research artifact/data/evidence,04_Vehicle_Classification,34020,6ea6a40dbe7e5749ad45418bc30834a7551256b0a3df6d5ebd5c7bcf3c1aa60a
04_Vehicle_Classification/processed/crops/1798863.png,research artifact/data/evidence,04_Vehicle_Classification,71861,f28fc3bc9fb7a12505962b65433bd01007a398d4f4c2ea32185b9a249aba32f6
04_Vehicle_Classification/processed/crops/1798918.png,research artifact/data/evidence,04_Vehicle_Classification,393148,a74ca00d6e2a5c49fbbfde11d4457f1e9e585cdb698987dd7b46794e12cf1973
04_Vehicle_Classification/processed/crops/1799038.png,research artifact/data/evidence,04_Vehicle_Classification,5798,d23ce1ace8583fbdf4e95ddf6024651dbe38c88e8939702a6fb5c440bbe40004
04_Vehicle_Classification/processed/crops/1799204.png,research artifact/data/evidence,04_Vehicle_Classification,16400,5da5615518d7ac68256461c3988941c4380113c06ce3cd1c5bed0db7106ed869
04_Vehicle_Classification/processed/crops/1799233.png,research artifact/data/evidence,04_Vehicle_Classification,11131,f8f5306b02984b6acdac28c901bd75ffac80ec7c37e1530e7f0b4083d7da690c
04_Vehicle_Classification/processed/crops/1799306.png,research artifact/data/evidence,04_Vehicle_Classification,9392,75d5ab0e4aacb399d2be81c53f81846581220baa502ef51b2313393f7ea17ab1
04_Vehicle_Classification/processed/crops/1799421.png,research artifact/data/evidence,04_Vehicle_Classification,11168,8481519b344cb355211ab20bd966b8b8525c5d735cc1b417f89b8127b65ba140
04_Vehicle_Classification/processed/crops/1799433.png,research artifact/data/evidence,04_Vehicle_Classification,5745,3d176449d2c10407b6bc09e8ec33ca89c868679f937b889000d5695369dd26e7
04_Vehicle_Classification/processed/crops/1799476.png,research artifact/data/evidence,04_Vehicle_Classification,8500,b4cdd6d5800affc64cfd53b56a73d3b74ef44fec4a73444543371894d2d22818
04_Vehicle_Classification/processed/crops/1799566.png,research artifact/data/evidence,04_Vehicle_Classification,186866,8c1b549d91b400edfa260d3eed627eb003e07a07b15868bf4ece80f82badf7fe
04_Vehicle_Classification/processed/crops/1799686.png,research artifact/data/evidence,04_Vehicle_Classification,12562,6e6ed1439cd1b01fb0677d9204de4b354697c74ab51e34cd4eb54c8f4cebbbb0
04_Vehicle_Classification/processed/crops/1799765.png,research artifact/data/evidence,04_Vehicle_Classification,28193,6095ed0093a2980999556d3abf5b5db957a982ad8c418588e08a740842cf8f5d
04_Vehicle_Classification/processed/crops/1799871.png,research artifact/data/evidence,04_Vehicle_Classification,21438,6787ac09e2d0942df18bfcd1e9cac15a70e93ec03655e5a72b2a4ae566d321ef
04_Vehicle_Classification/processed/crops/1799888.png,research artifact/data/evidence,04_Vehicle_Classification,66420,8ab8e1e3fa35db5c0c3f0574da9e1d1acb5453e8bab050333f08535e0475d68a
04_Vehicle_Classification/processed/crops/1800043.png,research artifact/data/evidence,04_Vehicle_Classification,6809,5fe0b92ff8fcb03f07bd23d5662a15be39b760c2be9cd84a325b561f165b5ed4
04_Vehicle_Classification/processed/crops/1800075.png,research artifact/data/evidence,04_Vehicle_Classification,10966,e7eb97775c3c44160bd106236f76813ac0fe139027d7309fec6e9196b6a2d2d6
04_Vehicle_Classification/processed/crops/1800078.png,research artifact/data/evidence,04_Vehicle_Classification,4592,76e26a447248f224b96e2169e7be65f514e07c59ae74558412b9a98a816cc122
04_Vehicle_Classification/processed/crops/1800409.png,research artifact/data/evidence,04_Vehicle_Classification,17361,70cd934d79ebb5b17c0701bb4ab0b19554ad86eff71ec397fb722f74347ba82a
04_Vehicle_Classification/processed/crops/2036121.png,research artifact/data/evidence,04_Vehicle_Classification,48798,97030a858c1c0eb55121b5adb24515552155c0d73b81cbb9f771ebda36d47149
04_Vehicle_Classification/processed/crops/2036911.png,research artifact/data/evidence,04_Vehicle_Classification,27636,2c644d7f9653dade349ad7910ddf5943a0b24427ca287b5403e72cec6ef77402
04_Vehicle_Classification/processed/crops/2038763.png,research artifact/data/evidence,04_Vehicle_Classification,11822,7f88732cb49fa631d8605b5fe068b3f45f0fe9600c52a96ce2eea7a335aa8fa5
04_Vehicle_Classification/processed/crops/2038999.png,research artifact/data/evidence,04_Vehicle_Classification,18382,0c7f5405a7178cd0e064deccf1ca28e2c1101423b5b0f278edb5107ef56b6098
04_Vehicle_Classification/processed/crops/2039017.png,research artifact/data/evidence,04_Vehicle_Classification,12409,80c121caa28678e72693c81328da5fd102cc78e8a7fce1311676731f436d6910
04_Vehicle_Classification/processed/crops/2042682.png,research artifact/data/evidence,04_Vehicle_Classification,10405,3485c378dafa61a05885341165ad7e7ad30f2d281cdc7ad8662989e70ec3a748
04_Vehicle_Classification/processed/crops/2043950.png,research artifact/data/evidence,04_Vehicle_Classification,11215,afa9c3f4652cd078339a5da9cee9747ae7836ad563ad82c6b02a27216419575c
04_Vehicle_Classification/processed/crops/2049606.png,research artifact/data/evidence,04_Vehicle_Classification,24638,6315f6c3066208e788ede59fef66fd798d68220e4ba78c490f02ebd8b133a6d5
04_Vehicle_Classification/processed/crops/2049615.png,research artifact/data/evidence,04_Vehicle_Classification,411548,b36965f5d68b0f665671f1d364cf483338c5c1296b2fc6a55bab2d8ee3e8bdf2
04_Vehicle_Classification/processed/crops/2049642.png,research artifact/data/evidence,04_Vehicle_Classification,40969,5593976ae59ad93256078e1da40a6b6e9fb5fb8cfc80deecc320cb928ec5b400
04_Vehicle_Classification/processed/crops/2049774.png,research artifact/data/evidence,04_Vehicle_Classification,83575,bc041340bbcab2988f1a0bbf6c641b59fa4d3c05b2ef27cd911125650d416635
04_Vehicle_Classification/processed/crops/2049935.png,research artifact/data/evidence,04_Vehicle_Classification,299888,eab1b070a40697ddb50faa3cf07f5bcd54858f5f56d778610eee5c026be4c9af
04_Vehicle_Classification/processed/crops/2050146.png,research artifact/data/evidence,04_Vehicle_Classification,67193,392ac8fd93ecfdfc4b762bdf24f0bf887720fb7c9300af539e094182fef8abfc
04_Vehicle_Classification/processed/crops/2050208.png,research artifact/data/evidence,04_Vehicle_Classification,15966,3b9d7d7ae07df61108f1e550f4ba4b0c933d74b70fc7f2be054fd3d734fbad84
04_Vehicle_Classification/processed/crops/2050520.png,research artifact/data/evidence,04_Vehicle_Classification,83846,1f3af894be4cff9543337933f225ed801ae3cdee78152d65d787d4de86255bbc
04_Vehicle_Classification/processed/crops/2051090.png,research artifact/data/evidence,04_Vehicle_Classification,332872,33a6ed8950583b020fd121e35964d6f0481cf9386d53198720de6793eb02c5dd
04_Vehicle_Classification/processed/crops/2051182.png,research artifact/data/evidence,04_Vehicle_Classification,14795,317a6145e5d2c291dfb40a8a27b324ebf37c95a3b9b119f94ab75d4feaa60b40
04_Vehicle_Classification/processed/crops/2051267.png,research artifact/data/evidence,04_Vehicle_Classification,6947,c5b552611db8c07666b332ab6e89cfd14f6239d4a98902c612c678a4c73e5e6b
04_Vehicle_Classification/processed/crops/2051323.png,research artifact/data/evidence,04_Vehicle_Classification,25888,8d16c2fec8b8629590a31eddba772f55c5cf30beb99c0b33a1cf8163813ee317
04_Vehicle_Classification/processed/crops/2051469.png,research artifact/data/evidence,04_Vehicle_Classification,30729,e7074680f538b87b5ad511c3ed8d647ceb12f47c4425b2ec844cff69757b7d85
04_Vehicle_Classification/processed/crops/2051513.png,research artifact/data/evidence,04_Vehicle_Classification,42408,eb14dcafc8c77299a2d1ec42fe90a6d7091d22061c61dc820df75e739254bf51
04_Vehicle_Classification/processed/crops/2051594.png,research artifact/data/evidence,04_Vehicle_Classification,18508,2fb6ab7a4ff57ae724d1aa8713b37f944298369497f287de5fddcb522c22dba0
04_Vehicle_Classification/processed/crops/2051709.png,research artifact/data/evidence,04_Vehicle_Classification,51485,06604712975c57a797ac7a15402b6120ad8de0dd06a140cecab24d1ddf98f5a6
04_Vehicle_Classification/processed/crops/2052063.png,research artifact/data/evidence,04_Vehicle_Classification,58339,7d29d13c8c3e2a79a6797df336f661d2bfe31913351ce2a4e2b25dad083159b8
04_Vehicle_Classification/processed/crops/2052213.png,research artifact/data/evidence,04_Vehicle_Classification,15684,97c56608dba22f4410f93267f7d843213b1c0f24545b640147f3a595048687f2
04_Vehicle_Classification/processed/crops/2052343.png,research artifact/data/evidence,04_Vehicle_Classification,330801,a1402a9fa9c7eeee067188437ba968ba4a192db819974db513eec3142700d6b6
04_Vehicle_Classification/processed/crops/2052449.png,research artifact/data/evidence,04_Vehicle_Classification,13339,96ed95d7798e4cbf5b7ed2b3b0379ee833d4b74a88eaa7f958b77897ea2ca431
04_Vehicle_Classification/processed/crops/2052505.png,research artifact/data/evidence,04_Vehicle_Classification,58428,ddca2ac071cf5da7ddcaf34615940ef30b151ecd61a66d0802e0a622b453c4fd
04_Vehicle_Classification/processed/crops/2052527.png,research artifact/data/evidence,04_Vehicle_Classification,176462,1adafde7ce695c3c41e28dedc698aa0247e72502720403c7e33ceb36503a0f4b
04_Vehicle_Classification/processed/crops/2052530.png,research artifact/data/evidence,04_Vehicle_Classification,8575,27c6bf035c82b653898f270fe637b8e13c418e2031ef67a5344d2ed40be5869b
04_Vehicle_Classification/processed/crops/2052646.png,research artifact/data/evidence,04_Vehicle_Classification,13934,b6aa61b83d26e1fba6c5b474df322e9fff15380171a872f6abd011f8475135d5
04_Vehicle_Classification/processed/crops/2052813.png,research artifact/data/evidence,04_Vehicle_Classification,15442,cdd9e536070cd23d71c568a408c1dde4fbbbd017e66d474b659adbaab72ea2e0
04_Vehicle_Classification/processed/crops/2052861.png,research artifact/data/evidence,04_Vehicle_Classification,101347,f6985c47ce89b1fffac499e19b85bed916966c8f13264791b667a0faa73d122b
04_Vehicle_Classification/processed/crops/2053091.png,research artifact/data/evidence,04_Vehicle_Classification,48490,80d4aca4d5a4989c5dfb63ccb89b8306f1f2d768441a5e1f80e965b5a514882d
04_Vehicle_Classification/processed/crops/2053484.png,research artifact/data/evidence,04_Vehicle_Classification,51312,b6a6063b4255e9b06e7e400011f90b7446c787b782eb3e59da6eed118996f245
04_Vehicle_Classification/processed/crops/2054063.png,research artifact/data/evidence,04_Vehicle_Classification,16669,08eb17dc9388a5f7259c95881b05376088fbe4fac4319e550b53db6a1f200968
04_Vehicle_Classification/processed/crops/2054177.png,research artifact/data/evidence,04_Vehicle_Classification,65370,b11d711e7c070d0c404003dd53952fd8aed065eb5d64ec7cf4689f11241d4346
04_Vehicle_Classification/processed/crops/2169137.png,research artifact/data/evidence,04_Vehicle_Classification,12023,58c09f0e930215c33c700b8e210a8e6161a4e254e1066ffdb44198af33dca56c
04_Vehicle_Classification/processed/crops/2169186.png,research artifact/data/evidence,04_Vehicle_Classification,8362,8d1d993ccd54b339866dee7f2784b946b2f25bb6197f8387cef1e5b5151bc783
04_Vehicle_Classification/processed/crops/2169327.png,research artifact/data/evidence,04_Vehicle_Classification,6466,a92613557d594f4be3d993fedb4b12544906b992a1a6c846b0a36040301e9bc7
04_Vehicle_Classification/processed/crops/2169621.png,research artifact/data/evidence,04_Vehicle_Classification,20626,b4d0f37b09e11a86b2d9de24de191035e49f1d36c0d45d83c837538d0abab89c
04_Vehicle_Classification/processed/crops/2169655.png,research artifact/data/evidence,04_Vehicle_Classification,15688,d236100c435452d4c7f2a553621144cd2fdf7118b3336a843289c9add036d11d
04_Vehicle_Classification/processed/crops/2169694.png,research artifact/data/evidence,04_Vehicle_Classification,154133,a4d9e21e3334a075f7a05f5441bdf8f642b3a5ca300dd13205136cd728f66090
04_Vehicle_Classification/processed/crops/2170182.png,research artifact/data/evidence,04_Vehicle_Classification,5476,1b94205bdcc4c46106d38a5dda8cd3bcab36c63c08cae79720239be2801cf28f
04_Vehicle_Classification/processed/crops/2170286.png,research artifact/data/evidence,04_Vehicle_Classification,52028,30daade2d9ff8359a9fc7b82e5ada0aa6bfc954273190209da5180284e49970a
04_Vehicle_Classification/processed/crops/2171563.png,research artifact/data/evidence,04_Vehicle_Classification,35337,edcf2ded61f71f32f6a799b7ef32ddccb64a586e3f7bcc76521bc566bfc9416f
04_Vehicle_Classification/processed/crops/2171879.png,research artifact/data/evidence,04_Vehicle_Classification,9010,1e719a4ee4b87c8bcd47ae17374b09bc33050878999c42eba296db4aea4d9283
04_Vehicle_Classification/processed/crops/2172005.png,research artifact/data/evidence,04_Vehicle_Classification,521646,9df784e33bbda7c7868390288b05caff7598f2c9fc04d60e454c252ec43f9991
04_Vehicle_Classification/processed/crops/2198738.png,research artifact/data/evidence,04_Vehicle_Classification,12696,9c0003ff2f8cf004fbb4fb5403a108cac77759e02710bf1d3546ee5f694bd4a2
04_Vehicle_Classification/processed/crops/2209309.png,research artifact/data/evidence,04_Vehicle_Classification,162804,957018d74eb2ae5614a8a6a95533d7ea7359041f9f4a1ba87d5172e9e8d6e790
04_Vehicle_Classification/processed/crops/2209341.png,research artifact/data/evidence,04_Vehicle_Classification,161655,24e17b63d4256fef2fcd30cbca872087d2c02246a5b30d04852cd26cae408e59
04_Vehicle_Classification/processed/crops/2209342.png,research artifact/data/evidence,04_Vehicle_Classification,78407,042e3690905a55b57554f315af463af1fe6f00ae174a8082a5bdea25269a8a7a
04_Vehicle_Classification/processed/crops/243017.png,research artifact/data/evidence,04_Vehicle_Classification,15730,b3dbd91f8679cc3a5f45ec71d9507e4c3001d22a97a90d2ba8fd60ecf6f0782a
04_Vehicle_Classification/processed/crops/243841.png,research artifact/data/evidence,04_Vehicle_Classification,5605,65464eb378e443bc21eaee99e032617dbe7276a4ba903ba855d9c33fb864435d
04_Vehicle_Classification/processed/crops/244022.png,research artifact/data/evidence,04_Vehicle_Classification,6374,d21c52d0da61f1f1da269c512d77f2bd22572f112b241ea5717134a79c02d244
04_Vehicle_Classification/processed/crops/244989.png,research artifact/data/evidence,04_Vehicle_Classification,36411,451309f84e2490eed6e2c9247a1eb954a129118bedbc3214a28b420e1dbb5dde
04_Vehicle_Classification/processed/crops/245050.png,research artifact/data/evidence,04_Vehicle_Classification,8801,c64efaf269592464f2997f432dacd399595f2143fcc4dfd04b539f00ec65b7cc
04_Vehicle_Classification/processed/crops/247738.png,research artifact/data/evidence,04_Vehicle_Classification,103337,2c750b8c21bc3feec0f007df1b77825a4bf966762effe2ac94b333b30b35f373
04_Vehicle_Classification/processed/crops/247936.png,research artifact/data/evidence,04_Vehicle_Classification,14028,82fb877f563dc8edcb3732f8608792e175c921a39a0d671ab6746f34e5353851
04_Vehicle_Classification/processed/crops/247983.png,research artifact/data/evidence,04_Vehicle_Classification,269184,ebc4257fb387b1faf2772ba2672c65e9529743fed51dd899028c78901bebe486
04_Vehicle_Classification/processed/crops/248017.png,research artifact/data/evidence,04_Vehicle_Classification,26633,016cf706f93a466039511e9c0ac797dea8a5829a86267d960d70d091e2aeb606
04_Vehicle_Classification/processed/crops/248156.png,research artifact/data/evidence,04_Vehicle_Classification,95802,da01691a615321133a4e0ec479244ae67f982d702dfd743e246f06ac014f8658
04_Vehicle_Classification/processed/crops/248173.png,research artifact/data/evidence,04_Vehicle_Classification,30174,84d6119a8b17d82aca22b1d9d2d4b298c4ec8c0f48eba4cd144039a9591fd764
04_Vehicle_Classification/processed/crops/248552.png,research artifact/data/evidence,04_Vehicle_Classification,16334,ec04c1e96cbeb6fb684813d280ce9b690913434e156749c9399f7dc356fe970d
04_Vehicle_Classification/processed/crops/344336.png,research artifact/data/evidence,04_Vehicle_Classification,52737,b7bbfa0c045fd5c5dcd0a31737f716e0d52f03b7cb7d45ac9feba2937cee27ab
04_Vehicle_Classification/processed/crops/344442.png,research artifact/data/evidence,04_Vehicle_Classification,36579,d13a29ab2a836263e02b8812eb52fffe6f2fec9b076a5197e1e321e39413e42a
04_Vehicle_Classification/processed/crops/344685.png,research artifact/data/evidence,04_Vehicle_Classification,68541,31ca7ff8861d391bd3e8d43785e0fec0d575446751c9dd051c7cd78993312150
04_Vehicle_Classification/processed/crops/344755.png,research artifact/data/evidence,04_Vehicle_Classification,16503,71a93e823615ab7d6f79f31d4b1b8762304feddcc1977e4af070d47c3a19aadf
04_Vehicle_Classification/processed/crops/344759.png,research artifact/data/evidence,04_Vehicle_Classification,46507,43b80bafc9ca47a674c159732a238d2a36f01f699619a523977c1e9e1bcf1e55
04_Vehicle_Classification/processed/crops/344800.png,research artifact/data/evidence,04_Vehicle_Classification,40713,0208561efcec609b7c7b5225c57766a8284e8e4115b8de4a7e310651822d3f2f
04_Vehicle_Classification/processed/crops/344967.png,research artifact/data/evidence,04_Vehicle_Classification,30235,dc88cbb1d56fac5d04228e9ad04a1937641ce237f15f122b682ccd277bfb823c
04_Vehicle_Classification/processed/crops/345187.png,research artifact/data/evidence,04_Vehicle_Classification,8698,a87852fef2da265a07cf93839ab1d1009cd0f55c18868a243632dfd51e18c01b
04_Vehicle_Classification/processed/crops/345550.png,research artifact/data/evidence,04_Vehicle_Classification,11613,6c237695a0a3a04c8a0ed01bef4a2ba388a03b04e54050dd6b5852ab3569d68a
04_Vehicle_Classification/processed/crops/345791.png,research artifact/data/evidence,04_Vehicle_Classification,7228,a0f84a27f5e2f4f0fa044a63c7ae5bab9efaf0679bfec4d93daf45c9bbba9177
04_Vehicle_Classification/processed/crops/345852.png,research artifact/data/evidence,04_Vehicle_Classification,17977,3e32a94a054cd52536f8e433290e43fb5c8c44e74ad5ea80d2c8c4d0540f5911
04_Vehicle_Classification/processed/crops/346013.png,research artifact/data/evidence,04_Vehicle_Classification,20541,3cdd23e7d72d9abf891ed6e7206b000e95e02b380211fee3aa0f4227f1f237df
04_Vehicle_Classification/processed/crops/346032.png,research artifact/data/evidence,04_Vehicle_Classification,14378,b776b43385492381ae1f484ec2089d190025539a803d3ea9ae2f04ac089f3093
04_Vehicle_Classification/processed/crops/346188.png,research artifact/data/evidence,04_Vehicle_Classification,47249,e801e1e1f2aa598a1d83d36a8513c7a6d4808054ae62a7dab762afe75ee6388b
04_Vehicle_Classification/processed/crops/346193.png,research artifact/data/evidence,04_Vehicle_Classification,19136,94a31097f625ec86921c84e7aa22499a4f5d49d9b87e9b603ef6805fa1cba428
04_Vehicle_Classification/processed/crops/346281.png,research artifact/data/evidence,04_Vehicle_Classification,28738,bfd27539dd95908fbeaed0b85ae0bd06af0f490b065985b7982483956b2176d7
04_Vehicle_Classification/processed/crops/346467.png,research artifact/data/evidence,04_Vehicle_Classification,24629,8e422d3381d5e6450ed591bd9060ad6ebf37c6582dd7f068dd374f479ca365f0
04_Vehicle_Classification/processed/crops/346834.png,research artifact/data/evidence,04_Vehicle_Classification,6582,b3c30b1d365442d30828ad336bce601ac6912356e76c3de84b35f8f964e1d8d4
04_Vehicle_Classification/processed/crops/346895.png,research artifact/data/evidence,04_Vehicle_Classification,13159,d30458cb9dd3941ef773f330c61e2185e41bb61c57576c99cc16de8b8cf06648
04_Vehicle_Classification/processed/crops/346929.png,research artifact/data/evidence,04_Vehicle_Classification,12312,28c9f0aeec4bb6f64723b0abd044c9ede9afc16669f38cf43bc44aa816d78510
04_Vehicle_Classification/processed/crops/346962.png,research artifact/data/evidence,04_Vehicle_Classification,47528,3faa5be0779381bb29365abe6e98199ac488e25cc608f444f8b06652a33e5cff
04_Vehicle_Classification/processed/crops/347045.png,research artifact/data/evidence,04_Vehicle_Classification,79492,1066110540899c75786a91a6c70d5c909489a34629cc58bcd94ce0407c4c2790
04_Vehicle_Classification/processed/crops/347138.png,research artifact/data/evidence,04_Vehicle_Classification,13253,f007f51cd1b47ea4968caea7b50dae87585e023c47c1d5b2844eb6f6ee2538a0
04_Vehicle_Classification/processed/crops/347459.png,research artifact/data/evidence,04_Vehicle_Classification,29675,927d66aaa31890996de95b32def204f917f49ad984ff3815ed1ffc6cdb29bf98
04_Vehicle_Classification/processed/crops/347629.png,research artifact/data/evidence,04_Vehicle_Classification,32486,4c2c54bdb2b3ecf7ed6f7407000e0b0934b636b9a78d59a8c81b56f34fb1fde9
04_Vehicle_Classification/processed/crops/347788.png,research artifact/data/evidence,04_Vehicle_Classification,330252,52b6d03e5d4da20a3db8dd64f846fc48f12eddb9a2e8b3f07c926f3a34a27245
04_Vehicle_Classification/processed/crops/347918.png,research artifact/data/evidence,04_Vehicle_Classification,33865,03e31d371a19b818db792171f10550fcd3047ddf9f51f18ba7b8fde0e0f951a3
04_Vehicle_Classification/processed/crops/347982.png,research artifact/data/evidence,04_Vehicle_Classification,109771,a6e222d964313446d53c0ef022c594d6385392bd66bb673514f3172fe7c44e72
04_Vehicle_Classification/processed/crops/348077.png,research artifact/data/evidence,04_Vehicle_Classification,67047,62008f15ea46ba048901c5127ef02d9ce1bbffdb9e3f0bf8d3ef0a18958e1836
04_Vehicle_Classification/processed/crops/348329.png,research artifact/data/evidence,04_Vehicle_Classification,16956,8674b1482313c5779a0a32ac975198cbd799f7997f2bb027c47bfa563596063d
04_Vehicle_Classification/processed/crops/348515.png,research artifact/data/evidence,04_Vehicle_Classification,8645,5b981722ee6d1f27ef5f3cf39518f9701bf326bd52bda9d32bfaf168201ce78e
04_Vehicle_Classification/processed/crops/348568.png,research artifact/data/evidence,04_Vehicle_Classification,7424,b0a35b9927f199da988edbe4410ebfb7f7b34b65c1ffc2616cc8380505b6dd6e
04_Vehicle_Classification/processed/crops/348703.png,research artifact/data/evidence,04_Vehicle_Classification,63145,175fb8059c74351f171b1a4fb4d5bdfeb78bdc855c5979a3e3995df9193644ed
04_Vehicle_Classification/processed/crops/348803.png,research artifact/data/evidence,04_Vehicle_Classification,13153,4571317f5b0131171b8a1e1aedb27e688281e08b8060ee4117784b292e7b2cdf
04_Vehicle_Classification/processed/crops/349037.png,research artifact/data/evidence,04_Vehicle_Classification,10534,286646275afda836e6941945da329b35b331a1e8c3934bd85935d9cde580ab0d
04_Vehicle_Classification/processed/crops/349084.png,research artifact/data/evidence,04_Vehicle_Classification,8842,18202a411ec8e63c74b0eb89bd9d09f04c8a8ca6230bdb58186b3fe7e41e3c45
04_Vehicle_Classification/processed/crops/349129.png,research artifact/data/evidence,04_Vehicle_Classification,10034,3f332d0ea11a018952ba922e2b018a95b8c6ff15b80ed02afc7d28b01f882c31
04_Vehicle_Classification/processed/crops/349173.png,research artifact/data/evidence,04_Vehicle_Classification,101909,c7463f5afb62507568b19db4eae082948420593c9113123d0678d1b192440610
04_Vehicle_Classification/processed/crops/349189.png,research artifact/data/evidence,04_Vehicle_Classification,15390,6d5cfaaf444a374dba9d5b22c214aa728073da7d21cc23a61a3463c802a7d968
04_Vehicle_Classification/processed/crops/349275.png,research artifact/data/evidence,04_Vehicle_Classification,155926,592a71ceca884121208b5faed0b9f6fcde8a99b74f449ebf3036423147740984
04_Vehicle_Classification/processed/crops/349280.png,research artifact/data/evidence,04_Vehicle_Classification,23002,021099f622f04968e36878a52ca3cd2d0f38160f3084f28c0f552b28aa182ee6
04_Vehicle_Classification/processed/crops/349372.png,research artifact/data/evidence,04_Vehicle_Classification,8769,62f3408883c6e01b8d1aec65f5d2676f010623f79fd13b5a5ca869c45399b9e9
04_Vehicle_Classification/processed/crops/349470.png,research artifact/data/evidence,04_Vehicle_Classification,12715,554cfe4848b6b4077ae46974390db7c377fce33c8d73b53d9ca7b24f9ed3be89
04_Vehicle_Classification/processed/crops/349474.png,research artifact/data/evidence,04_Vehicle_Classification,13246,a14d845f6a0b256b2db495b8e0fc012591124d940ecc36e49830cc732e7b320e
04_Vehicle_Classification/processed/crops/349593.png,research artifact/data/evidence,04_Vehicle_Classification,13668,5e95bfd8528cc2a77bfaa512d3ebdd1230b8e73b1a8d8f6406877f352389c8bd
04_Vehicle_Classification/processed/crops/349746.png,research artifact/data/evidence,04_Vehicle_Classification,17052,20aa67167c38fdd2e2787fb205ddc336490353c11ef1177e3ac4a1a7d2b0ee01
04_Vehicle_Classification/processed/crops/350088.png,research artifact/data/evidence,04_Vehicle_Classification,32878,4e49c2f14d1e7b988ee329e366532debd6716b4add8f46aa1d8ee7fe5fadcc76
04_Vehicle_Classification/processed/crops/350281.png,research artifact/data/evidence,04_Vehicle_Classification,6608,c3442a073a3deaa871f2717d6f3831a90d55130e1267e226356eaffbf1ca0f19
04_Vehicle_Classification/processed/crops/350385.png,research artifact/data/evidence,04_Vehicle_Classification,5641,762e9f6c227f0a67858142f1f39d5f8f11d69c73148a6543bb0f6e30a102c278
04_Vehicle_Classification/processed/crops/350419.png,research artifact/data/evidence,04_Vehicle_Classification,14700,ebef70381d59c45646fc91253b5e3358e1e10ffcf8c6a65d42e6bd2af80b796c
04_Vehicle_Classification/processed/crops/350605.png,research artifact/data/evidence,04_Vehicle_Classification,22713,fa8bb0efbc6efe744c6ebe912fd1eae6a9dcd2feeacec52cbd907b0494719580
04_Vehicle_Classification/processed/crops/350741.png,research artifact/data/evidence,04_Vehicle_Classification,6611,6667d28e6be3871b51530c6da450fb7989065d4e22cf0081921538bb2ac5d195
04_Vehicle_Classification/processed/crops/350762.png,research artifact/data/evidence,04_Vehicle_Classification,27904,ddf126df471747b88ccc4034e9030d684974f20fda1775c1d2117a17e6f1a066
04_Vehicle_Classification/processed/crops/350898.png,research artifact/data/evidence,04_Vehicle_Classification,85783,2ee261b74b59262214e8b0eaa7019e382ef96176827732efaad8be793ab82e67
04_Vehicle_Classification/processed/crops/351566.png,research artifact/data/evidence,04_Vehicle_Classification,8149,ac12e0824a953f0bf965f4ce1191b3a54bb57d9c5ea88e5a132d7e68b0e4b48b
04_Vehicle_Classification/processed/crops/351654.png,research artifact/data/evidence,04_Vehicle_Classification,31902,055af2aedb67213377d2dfaffc86d30a813e0cff86ed72232aea0f52308f49e7
04_Vehicle_Classification/processed/crops/351695.png,research artifact/data/evidence,04_Vehicle_Classification,13997,dbd8f7b100b9d8fb2a6590ed0e94417a17e0482005f387bad9a1724ba2f70f3b
04_Vehicle_Classification/processed/crops/352064.png,research artifact/data/evidence,04_Vehicle_Classification,19597,b06013fb0172315a681e7bdd204a203c1bd1d11c9d8462b8524fd8d1f9649f50
04_Vehicle_Classification/processed/crops/352196.png,research artifact/data/evidence,04_Vehicle_Classification,85575,003de1d23e9bcb84f0f77933679f1e17ffb0aa1a9f7bb773b3f4d375509c3229
04_Vehicle_Classification/processed/crops/352637.png,research artifact/data/evidence,04_Vehicle_Classification,13137,876e5c58c8aa13f73266a3f96188ef46f8dc7797b22a117d8fd502dd29adac1e
04_Vehicle_Classification/processed/crops/353130.png,research artifact/data/evidence,04_Vehicle_Classification,27613,cf4ead762364221d99c510485a9c47cfd836c767c97ee3b2c2444b94c172043e
04_Vehicle_Classification/processed/crops/353394.png,research artifact/data/evidence,04_Vehicle_Classification,20370,f9aeb4ade537d9a4e0c766971e1444de583fa6c6759ece23d040855a7976456a
04_Vehicle_Classification/processed/crops/353538.png,research artifact/data/evidence,04_Vehicle_Classification,206199,326f93d1fdddd30d15f940d83d0ddd2f0752fbfe2cf78bad452c18e86e75cb29
04_Vehicle_Classification/processed/crops/353685.png,research artifact/data/evidence,04_Vehicle_Classification,35689,e0e9764d7ed30d2e190c282d2ef579c07bc3f753f542c1dd47019c2c05f50e15
04_Vehicle_Classification/processed/crops/353720.png,research artifact/data/evidence,04_Vehicle_Classification,459428,9619d40a51dbe1a44e61ed75bac48c359d844917b97314af0779857346fd9db4
04_Vehicle_Classification/processed/crops/354105.png,research artifact/data/evidence,04_Vehicle_Classification,24836,ec995833e674c22248f2bf323f5cca8f3b51f0f17d389cbe5bb302f3881c8ea5
04_Vehicle_Classification/processed/crops/354160.png,research artifact/data/evidence,04_Vehicle_Classification,13502,48303095cbc295026d89fe4cfdf51dedf9e28378fd8e70c284207870b04c3b02
04_Vehicle_Classification/processed/crops/354183.png,research artifact/data/evidence,04_Vehicle_Classification,13010,d85f58d861801e7ee1fdf71897423a84f3fad7133b79fdb6443abeeb8251d8ea
04_Vehicle_Classification/processed/crops/354293.png,research artifact/data/evidence,04_Vehicle_Classification,16501,c9ac27a3a201de5a241f4784642b9230848dc841b90eae958f1b26d9f8f4e2b2
04_Vehicle_Classification/processed/crops/354320.png,research artifact/data/evidence,04_Vehicle_Classification,17029,d565e637da99a85b5afc596bc7d9d8d824a2212862b82192883cf9cb16bfb767
04_Vehicle_Classification/processed/crops/354441.png,research artifact/data/evidence,04_Vehicle_Classification,129095,1685d8358cc3fc2f23bd79066642a95f435a74fc39f4beded16f57cc17bddf2a
04_Vehicle_Classification/processed/crops/354561.png,research artifact/data/evidence,04_Vehicle_Classification,7667,cb2d937684beabdadff77d2bf609897ec5f3beb74817d5ce2ac94d5d4bb0aa73
04_Vehicle_Classification/processed/crops/354583.png,research artifact/data/evidence,04_Vehicle_Classification,8759,9a7375c19b322170f4c415a54bb098e1a6861a6348123fd9b6cda8e0f0f5abce
04_Vehicle_Classification/processed/crops/354628.png,research artifact/data/evidence,04_Vehicle_Classification,7184,551fa7683e4cc1cfe90f3b231dafbba582ff6a3b0f8c67c22a09069252beb751
04_Vehicle_Classification/processed/crops/354740.png,research artifact/data/evidence,04_Vehicle_Classification,12456,9f488d1faf5e033ef8032c8dea7c434d5605e84d3c9d64176ceb478d7fa5afa2
04_Vehicle_Classification/processed/crops/354898.png,research artifact/data/evidence,04_Vehicle_Classification,8101,05bf49966d90b19972ad6251130af8d4c70dcf4b9b1b10c42a2a1bc89a663f3e
04_Vehicle_Classification/processed/crops/355123.png,research artifact/data/evidence,04_Vehicle_Classification,37670,dc8fc9340199ac7f0e9fd7de1f4d8d18b5c392353bf417feb27d3fa53dd5396f
04_Vehicle_Classification/processed/crops/355211.png,research artifact/data/evidence,04_Vehicle_Classification,6625,90458f8c576362f8b885df0222d2a2a8812dcd5e0fe3a9c3b8ccc62150c91873
04_Vehicle_Classification/processed/crops/355225.png,research artifact/data/evidence,04_Vehicle_Classification,7241,bc998903bff32fb96ec8797102882df2375ccea986b9a34f92bf6f89a744ac42
04_Vehicle_Classification/processed/crops/355515.png,research artifact/data/evidence,04_Vehicle_Classification,6864,20074278a3537233f464de3acef26aa42e73dde66fc125df79a0e8a777b5ac5e
04_Vehicle_Classification/processed/crops/355725.png,research artifact/data/evidence,04_Vehicle_Classification,29867,05a701caa4c108f3326f3e640a878ec18c356005d2fcc5b0a990d3e2ae24f5bb
04_Vehicle_Classification/processed/crops/355891.png,research artifact/data/evidence,04_Vehicle_Classification,11413,74bef18758808a2f806703277d8b5f79352229686fb76c69c1d9844e8e1b7539
04_Vehicle_Classification/processed/crops/356276.png,research artifact/data/evidence,04_Vehicle_Classification,73477,c331d99d66315e4783543fdeecd13bfab6cec1909e92cfad7f2a9a68a54d9ff2
04_Vehicle_Classification/processed/crops/356306.png,research artifact/data/evidence,04_Vehicle_Classification,141794,d845c8c9c613394d494dba10df33091f9da52e4d129825b1a32f451f56c05a06
04_Vehicle_Classification/processed/crops/356603.png,research artifact/data/evidence,04_Vehicle_Classification,31267,60322b6ffad13e2b8c6cba3e8b9c5f1428018c6b985e9eae6be4d48c773d4fb5
04_Vehicle_Classification/processed/crops/357070.png,research artifact/data/evidence,04_Vehicle_Classification,12756,17b8a562e0efc43954a74fa9f904653a9e0567373d6e67e753d96ec20d887abf
04_Vehicle_Classification/processed/crops/357099.png,research artifact/data/evidence,04_Vehicle_Classification,33696,f3e37b7eacd24d9e5a30a488457c106f69ee4dd22bda8a9a5df78f8db55ca41d
04_Vehicle_Classification/processed/crops/357114.png,research artifact/data/evidence,04_Vehicle_Classification,20023,2deed31b9efa68e8d41bcdf85351989c116cb666d5db3f19d92438571f0f795b
04_Vehicle_Classification/processed/crops/357159.png,research artifact/data/evidence,04_Vehicle_Classification,32051,ac3a55269504bef9c42d06e0b0547f72506433dffbc7fd753c3a5641f9b15a7b
04_Vehicle_Classification/processed/crops/357256.png,research artifact/data/evidence,04_Vehicle_Classification,19030,59e04e7fb0a49f483ffc27399016ea7e64039db186f12c4ab0139e06598fcb5c
04_Vehicle_Classification/processed/crops/357584.png,research artifact/data/evidence,04_Vehicle_Classification,37781,285e3bd8b56176d4526b18c0788945cd996462bd5943aa20b0936073e6c3e8fa
04_Vehicle_Classification/processed/crops/357720.png,research artifact/data/evidence,04_Vehicle_Classification,12465,a36755ffc78b8b3fe18ca1283064680939898af59ad775de4bee8ab8030193d7
04_Vehicle_Classification/processed/crops/357839.png,research artifact/data/evidence,04_Vehicle_Classification,11069,225eee70bce90553e71e15b8e8899d4eb595242d8ed85518001a0d847debb511
04_Vehicle_Classification/processed/crops/358258.png,research artifact/data/evidence,04_Vehicle_Classification,20370,8422069f95e8238309c4843ed64d4899b2f12d73df87bd58ecd8cfc99a8f0404
04_Vehicle_Classification/processed/crops/358273.png,research artifact/data/evidence,04_Vehicle_Classification,43087,494ca039d37ab0be47eb64130a3b18d9d7c329fe1e76abc2ce6a99b83099e693
04_Vehicle_Classification/processed/crops/358334.png,research artifact/data/evidence,04_Vehicle_Classification,90613,371a8d7776bef5c25b62f5390eb256f1b9bc6faac4a308b0248615ec84788657
04_Vehicle_Classification/processed/crops/358450.png,research artifact/data/evidence,04_Vehicle_Classification,46791,2065e1265ef4bb4a1c9d5e9a8612d383680a39e2bc766d362043567f975bdc5a
04_Vehicle_Classification/processed/crops/358607.png,research artifact/data/evidence,04_Vehicle_Classification,5356,4e2f7519ea71d4a1f1607bbbe4179e00ce2e3c99717c4a25b46200542c238046
04_Vehicle_Classification/processed/crops/358898.png,research artifact/data/evidence,04_Vehicle_Classification,8722,73c095eb07466479991fb2382959bbf77eac886e9daf8943a5c349139d5c4e05
04_Vehicle_Classification/processed/crops/359124.png,research artifact/data/evidence,04_Vehicle_Classification,10902,eceba5b14e859ae407df0f7a373efdf79ab371385a8672e2a931835d492eef56
04_Vehicle_Classification/processed/crops/359167.png,research artifact/data/evidence,04_Vehicle_Classification,17637,15bbef3833e10fbd10cce389e29efb0173972fef9e5d4f9c541c262c36756b71
04_Vehicle_Classification/processed/crops/359260.png,research artifact/data/evidence,04_Vehicle_Classification,168340,c351e0d75dc02fa91171c6384f873584f2f4fa07521d5b35a83c82ee6da98eb9
04_Vehicle_Classification/processed/crops/359280.png,research artifact/data/evidence,04_Vehicle_Classification,37072,3f2199253c3d52c362b59fe4f34bf720f9636281537b421a622ce9e7b67e571d
04_Vehicle_Classification/processed/crops/359483.png,research artifact/data/evidence,04_Vehicle_Classification,7870,c6fb65875cfc3c7d860985ad410622aa39ff02892c831c8c7bf4f13a719d038b
04_Vehicle_Classification/processed/crops/359582.png,research artifact/data/evidence,04_Vehicle_Classification,15125,f2b58139cdfed577ef9224204228a9859168b51a65a3007fa520b7de291153a3
04_Vehicle_Classification/processed/crops/359634.png,research artifact/data/evidence,04_Vehicle_Classification,4002,dc631f299124598455008ef7b7553d68209f84a3967740ec28a931c1e46f1cde
04_Vehicle_Classification/processed/crops/359663.png,research artifact/data/evidence,04_Vehicle_Classification,158080,759623dd1bf67f5e2b660f8e53e55b28d78a3ad9246dabbed91e8eaebcce1884
04_Vehicle_Classification/processed/crops/360000.png,research artifact/data/evidence,04_Vehicle_Classification,30461,4a5efd0680bd40bc82d3a208af4aa2d8172b47afed293f7e9e5f9215da020567
04_Vehicle_Classification/processed/crops/360213.png,research artifact/data/evidence,04_Vehicle_Classification,6771,7e9d865bc9d12dcd1468c9908b2ad459bf631d9365d072cc1d1fde8061f30453
04_Vehicle_Classification/processed/crops/360363.png,research artifact/data/evidence,04_Vehicle_Classification,31368,c32e6251b3324ce64fd3849e403c51235ad5fc931fa972f50202a8fcf8f3fca8
04_Vehicle_Classification/processed/crops/360449.png,research artifact/data/evidence,04_Vehicle_Classification,7299,9918e38fd2247008c59cebf604aeee87a28638c9ff3046495fa610f65bfa76d4
04_Vehicle_Classification/processed/crops/360568.png,research artifact/data/evidence,04_Vehicle_Classification,9853,897b681d1108f2d2b54ef808e233862c1c330c7cfa5cee76f0d1cdd9f88dc0f6
04_Vehicle_Classification/processed/crops/360873.png,research artifact/data/evidence,04_Vehicle_Classification,15127,ea4d2249312b7254c022634aed94460a1dfe5e3cf3abd1da296ad5f72fbfff8d
04_Vehicle_Classification/processed/crops/360889.png,research artifact/data/evidence,04_Vehicle_Classification,13608,2cca836b13c287f3813d60f52123846f7a39ef1c659d5fbd061d2d4b59b8e361
04_Vehicle_Classification/processed/crops/361217.png,research artifact/data/evidence,04_Vehicle_Classification,7939,86fcf0ab3b3f0af6b7955d014b350891a88c35a8e994def1d8e6879478dd703d
04_Vehicle_Classification/processed/crops/361366.png,research artifact/data/evidence,04_Vehicle_Classification,31373,98ee786a52b32604b543dc50acc4a6792fdc4e13be32b103dced8fc77951fb83
04_Vehicle_Classification/processed/crops/362010.png,research artifact/data/evidence,04_Vehicle_Classification,102394,f99128ed3e21f412ece55418dd9f95bdc0ef86d2b2ebf13a3d7f3a1162ab113d
04_Vehicle_Classification/processed/crops/362248.png,research artifact/data/evidence,04_Vehicle_Classification,42373,3292e7e67d229c2ec9f97b760339663f510b0d821ec39cc157c07d5f41d14514
04_Vehicle_Classification/processed/crops/362341.png,research artifact/data/evidence,04_Vehicle_Classification,18165,79ec40444b60e8a11710518bb12f03d01c21650b267a623218a8a2376d5dbfa6
04_Vehicle_Classification/processed/crops/362348.png,research artifact/data/evidence,04_Vehicle_Classification,13578,560c67f5e369aaf685497014ae9bbf9c6f0313b0cf2c003d26f30dbdcb985adc
04_Vehicle_Classification/processed/crops/362739.png,research artifact/data/evidence,04_Vehicle_Classification,12676,52043b3f803de061f2b2805dafb7ca721270fa19989a06eaf47d16e754e0644b
04_Vehicle_Classification/processed/crops/363236.png,research artifact/data/evidence,04_Vehicle_Classification,10340,33e94e97c41eecde87f8c71dfed6e78b56da39f0f1205fd69a106a0890c290c3
04_Vehicle_Classification/processed/crops/363512.png,research artifact/data/evidence,04_Vehicle_Classification,10620,44c767dbd4177ebaf572689e236bb6278f2535552a8a2ea8311c2ec5a8e0265e
04_Vehicle_Classification/processed/crops/364000.png,research artifact/data/evidence,04_Vehicle_Classification,12661,d3e51b4a13ebab810729f443630671802a9a7d2503ca7700284e69a2ff63ac4f
04_Vehicle_Classification/processed/crops/364952.png,research artifact/data/evidence,04_Vehicle_Classification,13196,b77be075223d1e4343f02af21bd7dd1e2ba9549d628e6e8a8e8f6af5c9b0e520
04_Vehicle_Classification/processed/crops/365584.png,research artifact/data/evidence,04_Vehicle_Classification,348178,871bff9d8057bfa5bfd549a7104db326d3cb79c617ae0ad6a67794fd15274558
04_Vehicle_Classification/processed/crops/365599.png,research artifact/data/evidence,04_Vehicle_Classification,65432,cf2f0a90c8a29ba10ab86855de066f018ae5a4cf3869e4459534115fe5fe2dd0
04_Vehicle_Classification/processed/crops/365627.png,research artifact/data/evidence,04_Vehicle_Classification,36707,62260dce57043caf3dfeac95ab589f125512ac0f004359c19289615cc852d89c
04_Vehicle_Classification/processed/crops/365644.png,research artifact/data/evidence,04_Vehicle_Classification,87213,6dbd6a22afab6b06037531724fcdf75e4b6744e317f976051a34fd42799b39e7
04_Vehicle_Classification/processed/crops/365710.png,research artifact/data/evidence,04_Vehicle_Classification,24248,681d7d8cd520f4c2a9da67c7d5ebfa6a9e9e95e821d3553ef2604b8ef8b23249
04_Vehicle_Classification/processed/crops/365762.png,research artifact/data/evidence,04_Vehicle_Classification,72577,e3fa0d5a371b2fc2198ec9d9ddf9422019ef136bd5b096738e8db44f1da22ba6
04_Vehicle_Classification/processed/crops/365809.png,research artifact/data/evidence,04_Vehicle_Classification,336168,609d420b4729574bd0be25e4d01d2931c41050a4ce83148a3066f4b37b097a0e
04_Vehicle_Classification/processed/crops/365831.png,research artifact/data/evidence,04_Vehicle_Classification,217669,8d7fb4a79fdf94b5ae6f6634a49ca1f87c46857f3a2f6e81f29e93e2a91e688c
04_Vehicle_Classification/processed/crops/365940.png,research artifact/data/evidence,04_Vehicle_Classification,248272,8d7879c88c3616a788639f44ded905300097e71b7562f1be18bb445e96441ee7
04_Vehicle_Classification/processed/crops/365995.png,research artifact/data/evidence,04_Vehicle_Classification,84235,417c881bb9798bb91ad806e280322ea6c804c06f764cb7f856ed6eac0cc080f1
04_Vehicle_Classification/processed/crops/366097.png,research artifact/data/evidence,04_Vehicle_Classification,186635,ded08b88f45430f6cca49e07a9a64e1e541456183b2aa1d187f29411d440a89c
04_Vehicle_Classification/processed/crops/366139.png,research artifact/data/evidence,04_Vehicle_Classification,120888,3c049797bddc72004300e4b4e41b27a84c4f61793caca16128d43edfffbed3be
04_Vehicle_Classification/processed/crops/366175.png,research artifact/data/evidence,04_Vehicle_Classification,108996,05bd030364fb831a18176dbb1dea0a438ee7fbb4f633dd6d7c172cc6baf0c45a
04_Vehicle_Classification/processed/crops/366342.png,research artifact/data/evidence,04_Vehicle_Classification,46689,458765b47b831712b30c11293ae8649fb164552e17e94dbc6ce5b6e62c485113
04_Vehicle_Classification/processed/crops/366345.png,research artifact/data/evidence,04_Vehicle_Classification,60761,8a19b9f0410adf4b73df9bf36729722dfed5a7d71f64a3a707544b60c0881048
04_Vehicle_Classification/processed/crops/366516.png,research artifact/data/evidence,04_Vehicle_Classification,189332,a6a28c5b2584a4a53dfe531cc5d9db705d35130f71d26fd978c8d7553f6e26d6
04_Vehicle_Classification/processed/crops/366581.png,research artifact/data/evidence,04_Vehicle_Classification,51733,6e22da7468b8f89e04b8891e240e62d6944d4d8ce245709f9b67372e5b0a8149
04_Vehicle_Classification/processed/crops/394068.png,research artifact/data/evidence,04_Vehicle_Classification,77952,4a6ac47ff55d3547e3fb66ea8b91a8fd16a8249475303c49a1859c8c2e4ae56d
04_Vehicle_Classification/processed/crops/394221.png,research artifact/data/evidence,04_Vehicle_Classification,108156,5c24d8ccb69176a41b6935a20c1aa1447ccb4d24ab53a71f355e4ecb6892bbcd
04_Vehicle_Classification/processed/crops/394297.png,research artifact/data/evidence,04_Vehicle_Classification,87493,699cb6499c8804be3ce0af20c025d6b79797ff2e9dd2681f471baa7d7b4f84fa
04_Vehicle_Classification/processed/crops/394319.png,research artifact/data/evidence,04_Vehicle_Classification,125744,b1e151998c9bf94e39723425279f0b1b673348e2d50a733ca1aeed544924fa3e
04_Vehicle_Classification/processed/crops/394571.png,research artifact/data/evidence,04_Vehicle_Classification,12280,a039c4aa4396913f82cd047fb5be426487c0c21e02df117645d3ea8de34a43b8
04_Vehicle_Classification/processed/crops/394593.png,research artifact/data/evidence,04_Vehicle_Classification,276422,68e27bf85552306484300997023fc30bdd21de1c50e49c6aab61b4ce2ba2538c
04_Vehicle_Classification/processed/crops/394633.png,research artifact/data/evidence,04_Vehicle_Classification,100934,fec235b13ce5c8159d3e9495d780f99c660f49691bc8e811d4a9261087205a20
04_Vehicle_Classification/processed/crops/394674.png,research artifact/data/evidence,04_Vehicle_Classification,347012,15c39fffd8c388e7d66e778734920f2ddf3afb8f9628e3f8e11164d1a8467cab
04_Vehicle_Classification/processed/crops/394809.png,research artifact/data/evidence,04_Vehicle_Classification,8259,c996edab5ba17cff835b4af6c290ae39f36cf854a36035d01f78a5e20dbb7118
04_Vehicle_Classification/processed/crops/394811.png,research artifact/data/evidence,04_Vehicle_Classification,130583,193da0e23e2a77c6227f935a6c58518fe2af6cfc928ddf19b89f7e362978ece1
04_Vehicle_Classification/processed/crops/394823.png,research artifact/data/evidence,04_Vehicle_Classification,33411,f0c18298489cdb4d59e7876eb371633fbc9a3335751bdc8be69d72d411187af3
04_Vehicle_Classification/processed/crops/395266.png,research artifact/data/evidence,04_Vehicle_Classification,218413,fb60b987c338dc71ddff6fa57c48d28e203d62a4ffdb3f5b42fad7238f4dadd0
04_Vehicle_Classification/processed/crops/395283.png,research artifact/data/evidence,04_Vehicle_Classification,22935,62f7ef64463ae05d5a2d2d1ba5b88141b40448f54cc5642f2265d62cd474dab6
04_Vehicle_Classification/processed/crops/395487.png,research artifact/data/evidence,04_Vehicle_Classification,165776,a6e6f444db2631d48696866b54531697ddddd9f528de6ea41991c71a9004f667
04_Vehicle_Classification/processed/crops/395518.png,research artifact/data/evidence,04_Vehicle_Classification,16589,58a2746f0e33551d9ec475d1344097962768468e11a93a67244932690172f205
04_Vehicle_Classification/processed/crops/395534.png,research artifact/data/evidence,04_Vehicle_Classification,108479,4bd54d61805f98210af37843c96b6e9754a2274082c33895e208873379506db4
04_Vehicle_Classification/processed/crops/395596.png,research artifact/data/evidence,04_Vehicle_Classification,199544,d8a2411f0cf900f81322672891953b3dbfcb00f07e035776f466dc7138603ea9
04_Vehicle_Classification/processed/crops/395730.png,research artifact/data/evidence,04_Vehicle_Classification,67207,c6bb8ecca0e7a27d915715535049695b52c24a755ea70ede27b40b8373166e49
04_Vehicle_Classification/processed/crops/395759.png,research artifact/data/evidence,04_Vehicle_Classification,46070,d7b9d0c7c3c607f6c031baf4a9a0d3ffaeb33a525e6ddf4ffd244283d0656875
04_Vehicle_Classification/processed/crops/395806.png,research artifact/data/evidence,04_Vehicle_Classification,308041,150a13a7ca9acaf26414e1fcd2b718479e6abbcb29b941c2aa7b4ce4351fffdc
04_Vehicle_Classification/processed/crops/395892.png,research artifact/data/evidence,04_Vehicle_Classification,84834,3b6b81cc1e44c9d27b7ab32f9f82cc1f9923111b832d4a9008ea08b48002cdbb
04_Vehicle_Classification/processed/crops/396181.png,research artifact/data/evidence,04_Vehicle_Classification,222836,cee4437d8f1ea59cfc81598b84b91ebd73ceda2d3cf2ee3f0806856745bc7464
04_Vehicle_Classification/processed/crops/396314.png,research artifact/data/evidence,04_Vehicle_Classification,226785,66d84a125bbfbaecdd32ea2572b1b32084e371370c9175af92ca077cbbdc643b
04_Vehicle_Classification/processed/crops/396316.png,research artifact/data/evidence,04_Vehicle_Classification,181925,a7fe7ba705bf33c24262e77e018d12ca5c3459ed780339d60730a68f7994f8fa
04_Vehicle_Classification/processed/crops/396381.png,research artifact/data/evidence,04_Vehicle_Classification,618739,d921fded7080b384416e6d192dc3188cdd5d78d20e71b8ee4aebeb9e9c9dc76b
04_Vehicle_Classification/processed/crops/396402.png,research artifact/data/evidence,04_Vehicle_Classification,132865,b8883ee68278e6a4bc9f3e06d425bbfc3acbcb24a66e0983da67171561f3a34b
04_Vehicle_Classification/processed/crops/396642.png,research artifact/data/evidence,04_Vehicle_Classification,8323,502663cc8918fffbf0cb9dbd0e0e1a37c1f4fdc9d2cfc03acb8abdf0c0e58b78
04_Vehicle_Classification/processed/crops/396661.png,research artifact/data/evidence,04_Vehicle_Classification,89834,ede5c23010d5c39949311d9607b34389cd7b3bd79409fe08e8e5e0d4095d6d04
04_Vehicle_Classification/processed/crops/396714.png,research artifact/data/evidence,04_Vehicle_Classification,110346,a6ac76c4ec7380785e6d3902e30ffd783dd920b8b98f9c0aa83c13134c4025be
04_Vehicle_Classification/processed/crops/396778.png,research artifact/data/evidence,04_Vehicle_Classification,52499,c53c253b406967544fe06919b953813145c761350a2bf7098d6e8030896cabf3
04_Vehicle_Classification/processed/crops/396804.png,research artifact/data/evidence,04_Vehicle_Classification,454176,dcc3eabb04ec8677ec95ae879b55f4a3158d99088e4074a77d8a44dadf78d87c
04_Vehicle_Classification/processed/crops/397076.png,research artifact/data/evidence,04_Vehicle_Classification,360695,8a8e746fa8419fb0acfc9ccec5774139b1d7bf9a860e2ce754ce2deed0e82be4
04_Vehicle_Classification/processed/crops/397308.png,research artifact/data/evidence,04_Vehicle_Classification,13802,e12575001c9187658e42dac9a2190d7b4aa2f5af7ad25e52077d967b4e4fc2bc
04_Vehicle_Classification/processed/crops/397357.png,research artifact/data/evidence,04_Vehicle_Classification,8744,999418f7558deccb8ca1adeeebb97ac5dae15aa0bde894edafd8606e58955c6d
04_Vehicle_Classification/processed/crops/397553.png,research artifact/data/evidence,04_Vehicle_Classification,48361,2c4b3c6ca746deacf974f71f5d1caf0cdeeaf6214f2ce72fac433c2ffad3191b
04_Vehicle_Classification/processed/crops/397599.png,research artifact/data/evidence,04_Vehicle_Classification,249275,04ff3ff62821d14d0d3106e6fdef8e24d58f9d1f5bba9197e78ca087b5f91cdb
04_Vehicle_Classification/processed/crops/397680.png,research artifact/data/evidence,04_Vehicle_Classification,23707,a98e5ff9250cd60c1a975c00b193d59edb52bcfe28f606c30d73a7c601e6a47c
04_Vehicle_Classification/processed/crops/397682.png,research artifact/data/evidence,04_Vehicle_Classification,38350,f13f24f3cbc75134de7eb9cda709331225a10eb9fa70721e49612f54b43f42d3
04_Vehicle_Classification/processed/crops/397798.png,research artifact/data/evidence,04_Vehicle_Classification,29671,c88ebda5c076c0d0a94d3c0ac9464192bef2619c2befdaf91f07d77f91136caf
04_Vehicle_Classification/processed/crops/397971.png,research artifact/data/evidence,04_Vehicle_Classification,37173,03f73410dbc9e9d3d18bd545866fead67682e0b942997190a323893c62677916
04_Vehicle_Classification/processed/crops/398193.png,research artifact/data/evidence,04_Vehicle_Classification,53916,fc3eeccbde5c38b011c4ccb5912138d58f417e9d8dee6e3fbba22956a9427b14
04_Vehicle_Classification/processed/crops/398237.png,research artifact/data/evidence,04_Vehicle_Classification,13352,1c0ba5ede2df0b1907c1c3f16cebcec136d182d2cb3f05e3181d33fba87ec614
04_Vehicle_Classification/processed/crops/398534.png,research artifact/data/evidence,04_Vehicle_Classification,248105,41f0e3009f08d054b9d0ea2307464c43c734ba9f87d74a9a2a3562018556e118
04_Vehicle_Classification/processed/crops/398584.png,research artifact/data/evidence,04_Vehicle_Classification,71269,bae8b9311ad0a7724d96aa14dd5077e33ed0a491b51dffb2043036ab56fec9de
04_Vehicle_Classification/processed/crops/398786.png,research artifact/data/evidence,04_Vehicle_Classification,28345,64a09ecb57c9fdad7917d4fe9d8f12bf553e6133c5148a350375a6f0a7007c98
04_Vehicle_Classification/processed/crops/398874.png,research artifact/data/evidence,04_Vehicle_Classification,75566,6656c473109e08909f99eb2128b2784b00757a60ce1d3151483ed5c8ef363cfd
04_Vehicle_Classification/processed/crops/398974.png,research artifact/data/evidence,04_Vehicle_Classification,227301,0cc982e54a4d9313347c0dd361e2f7d65630251b8ee4a74aca2f74ac869da196
04_Vehicle_Classification/processed/crops/399108.png,research artifact/data/evidence,04_Vehicle_Classification,108969,ed5067096f7d783e6a66c48c396b17964ca8f9ddfa395f8e457bd1a19467f10f
04_Vehicle_Classification/processed/crops/399212.png,research artifact/data/evidence,04_Vehicle_Classification,135231,5d85a2ec748a782549683a4ef78bd0739275914519894ddfcf412edcd1db6e41
04_Vehicle_Classification/processed/crops/399267.png,research artifact/data/evidence,04_Vehicle_Classification,118050,43b1c29ef52bae78a9344660d523f03f57a20cb6123962804e6216637bf9f22f
04_Vehicle_Classification/processed/crops/399477.png,research artifact/data/evidence,04_Vehicle_Classification,124538,e1624c098b4a7fe43fde0c249fa91be4bcaac229dd705f7b86f679f160a8c38a
04_Vehicle_Classification/processed/crops/399512.png,research artifact/data/evidence,04_Vehicle_Classification,316628,48de75c44744c2fe8dd33864820bc11ef3efe3c3ab0c6151b1be3d8acccfcd15
04_Vehicle_Classification/processed/crops/399572.png,research artifact/data/evidence,04_Vehicle_Classification,103430,b837b3f38977ae2a77e6852d35eca1bd30a7f41474b70ea8fb25ed7827d00d8f
04_Vehicle_Classification/processed/crops/399695.png,research artifact/data/evidence,04_Vehicle_Classification,16153,04c791986712a80bb4b3ccdc13ff4792c63fc07fd2e4f6e1ca7af23fec55f2f6
04_Vehicle_Classification/processed/crops/399932.png,research artifact/data/evidence,04_Vehicle_Classification,33347,67402fac20f3a3d4d08689e28f2edce1eb8faf379e468bd33e3f09c059fc531d
04_Vehicle_Classification/processed/crops/400314.png,research artifact/data/evidence,04_Vehicle_Classification,43944,1d9224d0541831dd77de1db11cc3cb60917d502e8fc83764c2feba54902c6e3d
04_Vehicle_Classification/processed/crops/400372.png,research artifact/data/evidence,04_Vehicle_Classification,11031,6c034132adb7e4c3b8c32fc7eb4ccac91a8e2558fd18f264092b859ce5e65519
04_Vehicle_Classification/processed/crops/400424.png,research artifact/data/evidence,04_Vehicle_Classification,13542,ca3a26b676d80080f04269702ec45c55e9a43b9bc1a1fa823504009eae3ecff7
04_Vehicle_Classification/processed/crops/400508.png,research artifact/data/evidence,04_Vehicle_Classification,21997,7d5e35cc3977bd2847b2c19f2ba9b987bbf11a0f5adb9567e451aa6324cb143e
04_Vehicle_Classification/processed/crops/400632.png,research artifact/data/evidence,04_Vehicle_Classification,30644,fb62514c1971fb9491d35678094d2e24cf79cbbf195429e06a4fdf01763164b9
04_Vehicle_Classification/processed/crops/400673.png,research artifact/data/evidence,04_Vehicle_Classification,25177,84c016fa7f441747a74b97921d220bfd38ca15873115c4b663eb575207d38e55
04_Vehicle_Classification/processed/crops/400753.png,research artifact/data/evidence,04_Vehicle_Classification,81206,70bffe90592346dcea0488cdec12e184644644d5ff802845398754101428a5e7
04_Vehicle_Classification/processed/crops/401670.png,research artifact/data/evidence,04_Vehicle_Classification,26715,6db5836cfc95956935a2ad238f4e492f94d7b5688a35fc3535213635739a783c
04_Vehicle_Classification/processed/features.npz,research artifact/data/evidence,04_Vehicle_Classification,3895943,0dcb2cf4027f5f58a8796b734fa69eba541bc895b29d022280299a823f42659d
04_Vehicle_Classification/QUALITY_CHECK.md,research artifact/data/evidence,04_Vehicle_Classification,1886,5f9568e01bba415eb0ef89e58237ee390a86172f722424f26321699a39e8cac6
04_Vehicle_Classification/raw/dashcam_urban_480p.webm,research artifact/data/evidence,04_Vehicle_Classification,20556621,fa90043b949a468a4669cf68294c313db40ad1403ebd785ddfc4e7bd5206af7f
04_Vehicle_Classification/raw/images/000000002006.jpg,research artifact/data/evidence,04_Vehicle_Classification,202589,eda4af13818b566f8fa4f479e76286ad90cd5da2e8dfd530be0ab3637e1482ed
04_Vehicle_Classification/raw/images/000000006040.jpg,research artifact/data/evidence,04_Vehicle_Classification,161100,ac74264bbc3356e0cb87cdc2edac2e2f7e519ae2c16b0a4e2b943a695163ebf6
04_Vehicle_Classification/raw/images/000000009769.jpg,research artifact/data/evidence,04_Vehicle_Classification,327350,f5e6d63081ba8fbb2a59770144d7c2350de6a1a8288e15565df7dd1bd87d85bf
04_Vehicle_Classification/raw/images/000000009891.jpg,research artifact/data/evidence,04_Vehicle_Classification,131797,dc8292c102663e64a5fcf7477e8ab5f5289660099817e7d52f40e3918784dc0e
04_Vehicle_Classification/raw/images/000000010363.jpg,research artifact/data/evidence,04_Vehicle_Classification,96128,2fd23c4c491520182a703d0df9c604f6b7ee8a592ad8743897870cf0260f47b2
04_Vehicle_Classification/raw/images/000000015338.jpg,research artifact/data/evidence,04_Vehicle_Classification,213912,b9e7f3f58e1568b0af83d0494d21614a38bb212da2d4b14bc36bd002c0b6f0ad
04_Vehicle_Classification/raw/images/000000015440.jpg,research artifact/data/evidence,04_Vehicle_Classification,129400,477f0dd9751336fc5e5ef0f7c406506998049de4edae936311a4400c934c8419
04_Vehicle_Classification/raw/images/000000015517.jpg,research artifact/data/evidence,04_Vehicle_Classification,194615,db13a24631806ad53b865d8edb4926d455cf54ae60e72b45778e5e58fb164369
04_Vehicle_Classification/raw/images/000000017029.jpg,research artifact/data/evidence,04_Vehicle_Classification,349935,d619327903c6b05520f0d6768807c067cce2d6d908d2d83da018a1da3b1792cf
04_Vehicle_Classification/raw/images/000000017178.jpg,research artifact/data/evidence,04_Vehicle_Classification,166597,89dd925868177ba4f2e4f82eb5f530bb8b839079bb58f872d78d8ab322c5a305
04_Vehicle_Classification/raw/images/000000017207.jpg,research artifact/data/evidence,04_Vehicle_Classification,134840,fd477a26cf3682083ae6633c3778fcce9e53fdfbb0670232d608865ddb606884
04_Vehicle_Classification/raw/images/000000017627.jpg,research artifact/data/evidence,04_Vehicle_Classification,186973,bad16bff668a52e7df757c6382244c86b416315b86a52749dd7bc6ec68e7092f
04_Vehicle_Classification/raw/images/000000018837.jpg,research artifact/data/evidence,04_Vehicle_Classification,224384,70f986167a5f1ea723ee2a25273f39ee1d1d7a3bf8b2fa3a37eca946111f1d93
04_Vehicle_Classification/raw/images/000000022755.jpg,research artifact/data/evidence,04_Vehicle_Classification,157237,e419f292592075e18a264216c6ef3f8a597f027d9407e278d15811a9fc9c8952
04_Vehicle_Classification/raw/images/000000023272.jpg,research artifact/data/evidence,04_Vehicle_Classification,151477,3a20a6c0f0c7d33b9c4d9a4fe9023446ce3f92e90b37792cb791c8e3d3ac4cb4
04_Vehicle_Classification/raw/images/000000025393.jpg,research artifact/data/evidence,04_Vehicle_Classification,142045,677e993476aed8ceca9bd9b8edbeb3c8874ed19488c9050cb8b55057a5f1547a
04_Vehicle_Classification/raw/images/000000026926.jpg,research artifact/data/evidence,04_Vehicle_Classification,126106,7126855b6fe8548a6b9da18d8424f803c0eeb37deb3f5764f95f4d60d1915b37
04_Vehicle_Classification/raw/images/000000027768.jpg,research artifact/data/evidence,04_Vehicle_Classification,191259,f9d68320358d980c1ef077c986316729fc3bd42b7e18e4433bf29b157f1f20f6
04_Vehicle_Classification/raw/images/000000033109.jpg,research artifact/data/evidence,04_Vehicle_Classification,213586,d4c1905fc9f846478feaf8cd048d39a2d50829d1dae1ef954d9b0e015c081b4d
04_Vehicle_Classification/raw/images/000000033759.jpg,research artifact/data/evidence,04_Vehicle_Classification,378591,1752e2ea7125cfc42c0b5e73390e647f98d0e32d7df9c528f6e839b108d672b7
04_Vehicle_Classification/raw/images/000000039484.jpg,research artifact/data/evidence,04_Vehicle_Classification,121285,dd5ee58026d819fb399dff4339efd842c936746c404abda74ad42cc2a499bc5b
04_Vehicle_Classification/raw/images/000000042070.jpg,research artifact/data/evidence,04_Vehicle_Classification,207577,818c02b337b36d985a332535bd5526fa8f958823b1c910e86579fe4294dcbcb1
04_Vehicle_Classification/raw/images/000000044590.jpg,research artifact/data/evidence,04_Vehicle_Classification,139441,5ef55da25c21159d1aeaf61eee0c81b2127dc626eac012c68d2e9a81d2bd7789
04_Vehicle_Classification/raw/images/000000046872.jpg,research artifact/data/evidence,04_Vehicle_Classification,218257,fd991bcccf8342f3ab5c5228dce3873765964a545365ac3f31d69b32c8a9258d
04_Vehicle_Classification/raw/images/000000050679.jpg,research artifact/data/evidence,04_Vehicle_Classification,85380,a4531c707b2f6e12203915a08d60210fe666cda426dfcd7cb5623d33e9c147da
04_Vehicle_Classification/raw/images/000000054967.jpg,research artifact/data/evidence,04_Vehicle_Classification,114373,d40210c4e2241a0ac4de79f4cdc7a6c859dafb1b2b18469146f992c714fe9b2d
04_Vehicle_Classification/raw/images/000000057149.jpg,research artifact/data/evidence,04_Vehicle_Classification,154837,4e57fdaa7e50f2f384087931a026ad14252f976289b636213d24b2f61f64f544
04_Vehicle_Classification/raw/images/000000057597.jpg,research artifact/data/evidence,04_Vehicle_Classification,197750,003280b50c99124750084f25939f305f3fefbd9e3caf5002a456249242b154c0
04_Vehicle_Classification/raw/images/000000065350.jpg,research artifact/data/evidence,04_Vehicle_Classification,191231,963a129714e3675b99b6a405a2cb46eca5678241358bb6b6bbefc3c3f1943ae0
04_Vehicle_Classification/raw/images/000000067213.jpg,research artifact/data/evidence,04_Vehicle_Classification,221340,7c456c6e20d11fa40248d67b7d816d0aaf8106b1635243bdd1ba044245f05f8e
04_Vehicle_Classification/raw/images/000000067616.jpg,research artifact/data/evidence,04_Vehicle_Classification,246355,824b722f5251918066fa4e2689167145918aa77cb8094a9fb2f2d70fd85d1ca1
04_Vehicle_Classification/raw/images/000000068093.jpg,research artifact/data/evidence,04_Vehicle_Classification,284989,c5f288d7a94cace0aa18389b07caaf48af32fc3a49a99a17794456a116016244
04_Vehicle_Classification/raw/images/000000074058.jpg,research artifact/data/evidence,04_Vehicle_Classification,101325,a619c4064a1a9af3f0d3c20abee5dc8bb05edda1ec0b240e28fb823b4fd9d204
04_Vehicle_Classification/raw/images/000000074256.jpg,research artifact/data/evidence,04_Vehicle_Classification,147618,c1a04e7a9714d78380912be1652b14a7dc8a37966f56862e4f8a633ebeda7201
04_Vehicle_Classification/raw/images/000000076416.jpg,research artifact/data/evidence,04_Vehicle_Classification,241984,f21eb87831efba38ef9ccea8a5699b222b614fddf716e1486653ce79ffaef463
04_Vehicle_Classification/raw/images/000000076417.jpg,research artifact/data/evidence,04_Vehicle_Classification,230802,740a8f0e6c980ad0587bb352a909308782f8c3a7fa3853cc6b06aa2ed1ff4675
04_Vehicle_Classification/raw/images/000000078823.jpg,research artifact/data/evidence,04_Vehicle_Classification,157930,d9fe245622dc52d9c977eb501aa70d23a9e0fb61e2873879db6c0a89b1bc6b88
04_Vehicle_Classification/raw/images/000000084170.jpg,research artifact/data/evidence,04_Vehicle_Classification,215702,74de1d85ded730e719dbf35407dc4160976d9da86f2b310f8df6bb388586afa3
04_Vehicle_Classification/raw/images/000000085376.jpg,research artifact/data/evidence,04_Vehicle_Classification,176665,0c61f0ddf5a17a348a194e16232f78d62391008b3e0aa4a204ce77c4ef6182c8
04_Vehicle_Classification/raw/images/000000088432.jpg,research artifact/data/evidence,04_Vehicle_Classification,177110,8e0a6e5eb383a0550ee70fca079826a0e9c4468c4b17e8a60c4372043780253c
04_Vehicle_Classification/raw/images/000000089556.jpg,research artifact/data/evidence,04_Vehicle_Classification,209329,b78eb0eb1250b86210658687ff5063428e0cbff2858d4e07d8dee107ae1964f8
04_Vehicle_Classification/raw/images/000000095843.jpg,research artifact/data/evidence,04_Vehicle_Classification,156478,acdda826fba82c8fefee046272d00f9b5a644d9478160c5d17b1bbbc1d051f0c
04_Vehicle_Classification/raw/images/000000097679.jpg,research artifact/data/evidence,04_Vehicle_Classification,105361,7d636d406352e1643cab6f85925dd2fccd7ac11c471f1c58bd627a9512154efc
04_Vehicle_Classification/raw/images/000000097924.jpg,research artifact/data/evidence,04_Vehicle_Classification,114215,015ca73dcfa846a1d24d87f7676fbb4e095fb044f378ebe9dfe3bf2ebab5a798
04_Vehicle_Classification/raw/images/000000098392.jpg,research artifact/data/evidence,04_Vehicle_Classification,92708,c976adf7599725c1bab7fbae692611501e7a33fb5e182c3e301f985205340ecf
04_Vehicle_Classification/raw/images/000000100624.jpg,research artifact/data/evidence,04_Vehicle_Classification,82206,853ddfac5c8827aa25601a84670c8b162830421f9759ef0e21f9be980aa1ae98
04_Vehicle_Classification/raw/images/000000102805.jpg,research artifact/data/evidence,04_Vehicle_Classification,176132,66e6c4530c4a84e97b77bf32227f5f7dfebb1c22accb0e7fa5dbd009308a8c0a
04_Vehicle_Classification/raw/images/000000105912.jpg,research artifact/data/evidence,04_Vehicle_Classification,129106,371f4f6ea696a0b01e6f2b1a5a3bf27d420dc3e8c8276091dd8f29f8aa21baa2
04_Vehicle_Classification/raw/images/000000105923.jpg,research artifact/data/evidence,04_Vehicle_Classification,196472,d118f309dc5e3a8b2d5702b927fce9222d6edd86425730c818902e496bc8a80c
04_Vehicle_Classification/raw/images/000000109900.jpg,research artifact/data/evidence,04_Vehicle_Classification,279626,72ea2b53ec449ad79e309dadae27b80e58fa25d64579799e90a3d2a790b3421b
04_Vehicle_Classification/raw/images/000000111036.jpg,research artifact/data/evidence,04_Vehicle_Classification,98623,24635e2814536e1c2727643e34ef1793791c99bbfb598a1b6d36cec47fd0235f
04_Vehicle_Classification/raw/images/000000114884.jpg,research artifact/data/evidence,04_Vehicle_Classification,205959,f4b8351984bceef7b96b22f66f12d0bc463b0118be5b9d8493ae1e432908e044
04_Vehicle_Classification/raw/images/000000114907.jpg,research artifact/data/evidence,04_Vehicle_Classification,209467,1ef6feb0a8d8886de8dc4db6e6c379cdd8fad15111a8edc570eeda66bcc17dba
04_Vehicle_Classification/raw/images/000000115946.jpg,research artifact/data/evidence,04_Vehicle_Classification,111574,710c302c6a617ffbd271ebad8a4b1a15a6737f51e3cdaa35b4b009aee4046264
04_Vehicle_Classification/raw/images/000000121506.jpg,research artifact/data/evidence,04_Vehicle_Classification,144700,c343589eeba3701c2e6bc2b7f7f6c65eaaf9b2d998fd0402b90d82bdc69a0325
04_Vehicle_Classification/raw/images/000000122166.jpg,research artifact/data/evidence,04_Vehicle_Classification,230903,914e39f9c79ced1a519f1003c410b3ed7bfbc8315df4e0e0c35ac421079e9c6d
04_Vehicle_Classification/raw/images/000000122606.jpg,research artifact/data/evidence,04_Vehicle_Classification,225697,0a52f0b754a2d186b8c4a46e7f1105ebe61f18f1494d500ee6f39c75f6ce7c3a
04_Vehicle_Classification/raw/images/000000123131.jpg,research artifact/data/evidence,04_Vehicle_Classification,159669,564acb1745af3c7202cac2af758bc15ea37ac4c8deb11961792e7c90f0190c80
04_Vehicle_Classification/raw/images/000000124798.jpg,research artifact/data/evidence,04_Vehicle_Classification,231060,945dffc0d0e390d50539049ebbe2a80691f9f0c5bee67bc10a6ecc57a08ae536
04_Vehicle_Classification/raw/images/000000125778.jpg,research artifact/data/evidence,04_Vehicle_Classification,142728,1b93c291b14ba4d8a559fcb08240d8d204e69f1b2e4c41ee41f13935646340dd
04_Vehicle_Classification/raw/images/000000126110.jpg,research artifact/data/evidence,04_Vehicle_Classification,19981,68f6289ad123cea10bf3111a6776409bf571d0b57a1453475debe54e1a36e961
04_Vehicle_Classification/raw/images/000000126592.jpg,research artifact/data/evidence,04_Vehicle_Classification,132416,69e4bfc82b8c7c258b1eec413754609583c42488e47af994ba561c77ba5f6a0c
04_Vehicle_Classification/raw/images/000000127092.jpg,research artifact/data/evidence,04_Vehicle_Classification,180013,9cbae776d4643672174a2b799df2f404e254f078ce0204e39e287de0e60751c0
04_Vehicle_Classification/raw/images/000000128051.jpg,research artifact/data/evidence,04_Vehicle_Classification,147927,2497ae695583057b6adda26f862de2287d2052933c14b7f0a6027ecbb09a079c
04_Vehicle_Classification/raw/images/000000128372.jpg,research artifact/data/evidence,04_Vehicle_Classification,171887,6076863986b65a05fc9fd1edd1558cacee52db9b1e0c263ae3a02b1047f2617f
04_Vehicle_Classification/raw/images/000000134886.jpg,research artifact/data/evidence,04_Vehicle_Classification,112044,a3eb8a72558bd091480d96592617432c273da3842462cc2bf04d65f0bd721f71
04_Vehicle_Classification/raw/images/000000135410.jpg,research artifact/data/evidence,04_Vehicle_Classification,141815,603013773e6bca16d1e4af56e76b38b3f7510c62d41e6089072905419ef4373f
04_Vehicle_Classification/raw/images/000000138979.jpg,research artifact/data/evidence,04_Vehicle_Classification,161541,1422f5ad941613d3a62795c276abda2ed3b45972d0fc84d9df5a1a715338131e
04_Vehicle_Classification/raw/images/000000140203.jpg,research artifact/data/evidence,04_Vehicle_Classification,108471,5c3a04dada4c36aba47e5c65a25da677451e66c4a7344ebb602bb4fe4cda55d1
04_Vehicle_Classification/raw/images/000000141597.jpg,research artifact/data/evidence,04_Vehicle_Classification,107300,25c14df824e33813379628baba9adad6a93ebc5003667a88ef3c113d74689c05
04_Vehicle_Classification/raw/images/000000142472.jpg,research artifact/data/evidence,04_Vehicle_Classification,191947,db7173813c230d969afa81c1012904f95a680a4b6b756eb07e17e6727c88c0dd
04_Vehicle_Classification/raw/images/000000142585.jpg,research artifact/data/evidence,04_Vehicle_Classification,116377,41277a4ea32031b3486e839d18ca61506931002fca4ff9214686c63e9c6bb983
04_Vehicle_Classification/raw/images/000000143931.jpg,research artifact/data/evidence,04_Vehicle_Classification,248870,45cf81830e1b95dc25a9be1ebdf2798238b9bda4dc3e34e589442c5c9ad98aad
04_Vehicle_Classification/raw/images/000000144300.jpg,research artifact/data/evidence,04_Vehicle_Classification,190839,859ad40927fb62779a65eb109b52881641ddf6bbc435aaed2bcac4d4ecc9a9c8
04_Vehicle_Classification/raw/images/000000144333.jpg,research artifact/data/evidence,04_Vehicle_Classification,203462,7acabef5186a84189013c5fc859fe9e76f9507a00b20dc758d3e916d16a0f96c
04_Vehicle_Classification/raw/images/000000147338.jpg,research artifact/data/evidence,04_Vehicle_Classification,168134,1340659ee42c04143b39b031f8c7345d08b7f54753d9b75638bc6c81b084b2d1
04_Vehicle_Classification/raw/images/000000147740.jpg,research artifact/data/evidence,04_Vehicle_Classification,180965,0384b4bff79f53a0f2bcc54c99c0f7dc24660dd33f37c9b6dfa6adaa1e4a88ce
04_Vehicle_Classification/raw/images/000000147745.jpg,research artifact/data/evidence,04_Vehicle_Classification,183114,2297abddf7dbbcbf4be69b6e950b7bb3ff5cdc31834820c427a1599ed656ef16
04_Vehicle_Classification/raw/images/000000148719.jpg,research artifact/data/evidence,04_Vehicle_Classification,283112,dc5224344a70a6bb7bda0d21dddeac70f599aeaa35b2ce1fa3620821c6de4bf0
04_Vehicle_Classification/raw/images/000000153011.jpg,research artifact/data/evidence,04_Vehicle_Classification,209804,e051d5c7180bec8cb38caae0cbeca57f4d09879d097065c581bb9f9c0d474a09
04_Vehicle_Classification/raw/images/000000154000.jpg,research artifact/data/evidence,04_Vehicle_Classification,161617,4224e841b58048d5568088cd5e7a67b6882a4f8fd3dda928ac7ea97a864bfe76
04_Vehicle_Classification/raw/images/000000156071.jpg,research artifact/data/evidence,04_Vehicle_Classification,264051,f097478ac969638fae642da941b78820fc2939b30e72eb9152c31205401fa357
04_Vehicle_Classification/raw/images/000000157365.jpg,research artifact/data/evidence,04_Vehicle_Classification,120948,5cbfd4a00bec8586b5528c968a62d109e028a7ce99cd843b4862313e52934b43
04_Vehicle_Classification/raw/images/000000157756.jpg,research artifact/data/evidence,04_Vehicle_Classification,153248,d46a285172f857e1bbce63263da95a0e0d632f8f118c158ecbf233f83012f913
04_Vehicle_Classification/raw/images/000000157928.jpg,research artifact/data/evidence,04_Vehicle_Classification,207152,9f3b22d40647c37afbd9f45e010a139b77d0cbe6ccb000d3d718227bac5e42ef
04_Vehicle_Classification/raw/images/000000160012.jpg,research artifact/data/evidence,04_Vehicle_Classification,157339,b660ce7ce72dcfa459181967524c53f9360318652c0014790da9fa096ccf1ae2
04_Vehicle_Classification/raw/images/000000161128.jpg,research artifact/data/evidence,04_Vehicle_Classification,111429,4698f1cd6364d17702a85bb16dc91c0059429baf5f37bf7fcb848138f1c7035b
04_Vehicle_Classification/raw/images/000000165039.jpg,research artifact/data/evidence,04_Vehicle_Classification,201280,e33ff0c52506ec5f5eea55ca9a3306f3bdc2ba6596ceedefcadf3b59541c1458
04_Vehicle_Classification/raw/images/000000166391.jpg,research artifact/data/evidence,04_Vehicle_Classification,121273,4ee9bb8a8ac31522bd24dc3068760d4cf7a9255257ba38572ba5b4c750360c35
04_Vehicle_Classification/raw/images/000000166664.jpg,research artifact/data/evidence,04_Vehicle_Classification,158847,36f607358c9e9dcd1a9c50a0cef18356d6b04d6d4924a22114b8ca1613219bdd
04_Vehicle_Classification/raw/images/000000166747.jpg,research artifact/data/evidence,04_Vehicle_Classification,117566,a49b8ab0191de258ca77c4be4cd50a91321a2fd95f451e343eefbe8e21f44d82
04_Vehicle_Classification/raw/images/000000167122.jpg,research artifact/data/evidence,04_Vehicle_Classification,150706,9a86c4231709eb0432dadfa7e3c1ff3bea7bb310da1023343ec53525c9f37c89
04_Vehicle_Classification/raw/images/000000168330.jpg,research artifact/data/evidence,04_Vehicle_Classification,85011,704ded862e1cdf5132739e4564d433bf7cfd55a2c044fb9da2afcfec39aa64a8
04_Vehicle_Classification/raw/images/000000169169.jpg,research artifact/data/evidence,04_Vehicle_Classification,192805,d267375dc1802876eeafb14a9da413bf1f2f9bd802a1645ebbf3c58a41520cf5
04_Vehicle_Classification/raw/images/000000171382.jpg,research artifact/data/evidence,04_Vehicle_Classification,222294,f96faf8870853b0f11e2746eb86cb0dbc7e34c1b4903e3d912aa857002ef9bf3
04_Vehicle_Classification/raw/images/000000172330.jpg,research artifact/data/evidence,04_Vehicle_Classification,276623,ef1b61b35ac3aa2af9d9cdb01f52ac79703a5ad0f0fbe036d6aecb94c07c212f
04_Vehicle_Classification/raw/images/000000174004.jpg,research artifact/data/evidence,04_Vehicle_Classification,330071,f1fbca2e0593f2741a89a36f8e11e71f9bc9ad79f03b351ed83bd89b2e6c38db
04_Vehicle_Classification/raw/images/000000175438.jpg,research artifact/data/evidence,04_Vehicle_Classification,274985,caebcf4ace0859fe109f89e8d9ec8a474a48ef303a6d20325c562403a0b8a648
04_Vehicle_Classification/raw/images/000000176037.jpg,research artifact/data/evidence,04_Vehicle_Classification,245411,64001499037f4314e4deb5cf0f85e9f0b06331370f1e8901bd1057b47c5ddf42
04_Vehicle_Classification/raw/images/000000176606.jpg,research artifact/data/evidence,04_Vehicle_Classification,308127,f04bdd313c6a9d75b3cc70d37191a99ac0bd1097eec19cee5094990bef49ea82
04_Vehicle_Classification/raw/images/000000177934.jpg,research artifact/data/evidence,04_Vehicle_Classification,312839,81c836a2c877b44c79b0dbab615b3d07f6c7b2a98455e78554d57a6c9ed7e6ff
04_Vehicle_Classification/raw/images/000000179265.jpg,research artifact/data/evidence,04_Vehicle_Classification,226633,1fc867afe91c5a84b66bd6eaada8d8bcca2ce65b15433be23ba0e70c3af34410
04_Vehicle_Classification/raw/images/000000181816.jpg,research artifact/data/evidence,04_Vehicle_Classification,209768,fd7fe9e831b97c31d2996209d4eb152558e46d752089d3a2b1b5e0cb21f343fe
04_Vehicle_Classification/raw/images/000000183246.jpg,research artifact/data/evidence,04_Vehicle_Classification,129172,25d6c62b5ee245a99b98de1f078ab5d827c6737dfe11c60815955146604b6e7b
04_Vehicle_Classification/raw/images/000000183709.jpg,research artifact/data/evidence,04_Vehicle_Classification,107845,89dabb8b6940b9c08d005d03f0a22573eea72896f8314fbb0d4c128a99c261a1
04_Vehicle_Classification/raw/images/000000187144.jpg,research artifact/data/evidence,04_Vehicle_Classification,176173,ecda88adbae1ca905ecf37007ef2ce11013109523964dca9bf1ed856f26cbcfb
04_Vehicle_Classification/raw/images/000000188296.jpg,research artifact/data/evidence,04_Vehicle_Classification,248122,fcb23cbab168a4ce784173658a630910ed1110b418ef492dfaf2f61febfcb351
04_Vehicle_Classification/raw/images/000000188439.jpg,research artifact/data/evidence,04_Vehicle_Classification,281335,0d0f70784139740ad6616d02d462d9a0e1610a8c7d83b825fea6ff21ce408506
04_Vehicle_Classification/raw/images/000000189698.jpg,research artifact/data/evidence,04_Vehicle_Classification,164700,ce9c60ba26d620a0ee11723bc7e39dc4d09b17d9ac4906048704c8f3d8b2919f
04_Vehicle_Classification/raw/images/000000190923.jpg,research artifact/data/evidence,04_Vehicle_Classification,138770,3407447c4e8ca2ceb0db4ba1cb97dee1547e63fb3499cb67d6813ac5d4275d3c
04_Vehicle_Classification/raw/images/000000191013.jpg,research artifact/data/evidence,04_Vehicle_Classification,205929,c630ba727a128d2e4d42c4498bd9b7e50d7564c23905925865186bbb529c37b3
04_Vehicle_Classification/raw/images/000000192607.jpg,research artifact/data/evidence,04_Vehicle_Classification,266559,df1cfbabe293d62e1ad29ebf0e79699de8c1cef2a09177c5192255846a756974
04_Vehicle_Classification/raw/images/000000192670.jpg,research artifact/data/evidence,04_Vehicle_Classification,344177,78166d1775deaa41e93780921bccec43c99a293626f44eb19c41fe56bd12925e
04_Vehicle_Classification/raw/images/000000192716.jpg,research artifact/data/evidence,04_Vehicle_Classification,234619,9a3223f94d7aaf079d3831b10c07ee5a84f36071c55c633394dd5c93a67c9c07
04_Vehicle_Classification/raw/images/000000196141.jpg,research artifact/data/evidence,04_Vehicle_Classification,135345,8e66c7dd60fe81fb0eae99314eb5e6c191e53f739760fa36ae7ba56f10115814
04_Vehicle_Classification/raw/images/000000196759.jpg,research artifact/data/evidence,04_Vehicle_Classification,158633,91e7ce017c2bb00c5fb22919f12749823d371b1c4664cdaccc0a2854bc992710
04_Vehicle_Classification/raw/images/000000196843.jpg,research artifact/data/evidence,04_Vehicle_Classification,266322,7bafbbaa286e2fcb78d30b5192d09a82a05d231778a5d1b84929c1de64b566ae
04_Vehicle_Classification/raw/images/000000198489.jpg,research artifact/data/evidence,04_Vehicle_Classification,224890,d199d17ae41effbdd7b190888b03331e18905084d55c98bf6f7b6d9eb688c02a
04_Vehicle_Classification/raw/images/000000200839.jpg,research artifact/data/evidence,04_Vehicle_Classification,203018,154ccc80280800738f0c67dd2c1aeb1622079408d311327d18314b96cbadd67c
04_Vehicle_Classification/raw/images/000000201934.jpg,research artifact/data/evidence,04_Vehicle_Classification,60219,a5702ac025e235ee3de6205238323c50ef6792142b53e8b379a41e57f037a2cf
04_Vehicle_Classification/raw/images/000000202339.jpg,research artifact/data/evidence,04_Vehicle_Classification,195767,9b1d63dff953ffb99953a9c7073ba01772810928f3b22a205b267f9ae0fa7ed5
04_Vehicle_Classification/raw/images/000000203294.jpg,research artifact/data/evidence,04_Vehicle_Classification,241482,c5d43fb94e11fae1e3bf97b08bebb4a96d7735bb92a6bab8bf8618000208ef9c
04_Vehicle_Classification/raw/images/000000204871.jpg,research artifact/data/evidence,04_Vehicle_Classification,152642,f471e48c808ea689a1e3a4a1214bc03e81a95195146b0c42601dbd6eaa006c89
04_Vehicle_Classification/raw/images/000000205289.jpg,research artifact/data/evidence,04_Vehicle_Classification,164786,c9a58eeace3113acbac814cdd972ac4319bc67a5957f0132371288e605607b89
04_Vehicle_Classification/raw/images/000000205647.jpg,research artifact/data/evidence,04_Vehicle_Classification,165340,7b57ce0fe44c455fc400a75c4aae17d107442a3578006fc0313578e5c0e5371f
04_Vehicle_Classification/raw/images/000000206487.jpg,research artifact/data/evidence,04_Vehicle_Classification,253864,3df6eaf2b80be894a9909549b5177958ab932776d4e8a5843c51464710284b5f
04_Vehicle_Classification/raw/images/000000210273.jpg,research artifact/data/evidence,04_Vehicle_Classification,146443,3ec23de63592c1eef86740fd46fed2cb66170fca02b695d37e6ae379dcee4355
04_Vehicle_Classification/raw/images/000000210789.jpg,research artifact/data/evidence,04_Vehicle_Classification,128406,86d17cae625d00c9e8dfd08f5bf04e1fd66120bd6cde931ebd1e0ef6962affc7
04_Vehicle_Classification/raw/images/000000211674.jpg,research artifact/data/evidence,04_Vehicle_Classification,163756,35668e0f1e026343b862ec9e0663558c92aa60883ecffde2a98f5c3832b4aa7f
04_Vehicle_Classification/raw/images/000000212226.jpg,research artifact/data/evidence,04_Vehicle_Classification,98901,261ba1b81c768f47b8452cd8fc7866a354a69c336a927032486d129b8684eb44
04_Vehicle_Classification/raw/images/000000213255.jpg,research artifact/data/evidence,04_Vehicle_Classification,112582,536b78fa08534eb0778e58838065ba773fe8751dd87c13bf070f726affaab6e0
04_Vehicle_Classification/raw/images/000000213605.jpg,research artifact/data/evidence,04_Vehicle_Classification,229712,fa2219d8ac3130ba9ca1e1c9c7ed2b19949a99850854cae14734b9abbd477583
04_Vehicle_Classification/raw/images/000000214200.jpg,research artifact/data/evidence,04_Vehicle_Classification,140330,9e93bc93c96357bb1c7d5f6f784531aa1235933e2f844efae10860c024c601c3
04_Vehicle_Classification/raw/images/000000215723.jpg,research artifact/data/evidence,04_Vehicle_Classification,91890,20e15853e22f5d69312b821e846671af204a12dc24631bc46f4ef8e72da19be7
04_Vehicle_Classification/raw/images/000000219271.jpg,research artifact/data/evidence,04_Vehicle_Classification,44857,404ee96388af2dbbe54de91cc6da0f1ec3803c9d027fd2c89c7fac930ab2088d
04_Vehicle_Classification/raw/images/000000220732.jpg,research artifact/data/evidence,04_Vehicle_Classification,199382,81b9254c750f52ebc8fcc5fa421ab8a3ac430db19f541bfb7541adada76a6a30
04_Vehicle_Classification/raw/images/000000222094.jpg,research artifact/data/evidence,04_Vehicle_Classification,125915,1d9bcba769c81d9703d4d5cf3502e8997916347c91648104f888866634b2de8b
04_Vehicle_Classification/raw/images/000000224051.jpg,research artifact/data/evidence,04_Vehicle_Classification,137812,ad01e4704883ecaaa25321efcc24d2ada74a725fe70cc0578890dca7a4745c60
04_Vehicle_Classification/raw/images/000000224724.jpg,research artifact/data/evidence,04_Vehicle_Classification,150851,78effdbaecaa4db9353c72b69b27969ef20359cf144ad47b244ffd0ab3265bf0
04_Vehicle_Classification/raw/images/000000225532.jpg,research artifact/data/evidence,04_Vehicle_Classification,90179,5a07bffd50042e13421fbdb48eb2e89badb941fa1c27ba20a2f9c9f69b5f35db
04_Vehicle_Classification/raw/images/000000226154.jpg,research artifact/data/evidence,04_Vehicle_Classification,138132,c1c4315fd2043e9a2ae44d5e9176a1b844b3dd5d50c2b0b74fdd3084dc0d216e
04_Vehicle_Classification/raw/images/000000226802.jpg,research artifact/data/evidence,04_Vehicle_Classification,146236,1be10574bd4a77358d6d778a5f1badf4ea2f081ebe59ce07db7e9105d07c4e0c
04_Vehicle_Classification/raw/images/000000227511.jpg,research artifact/data/evidence,04_Vehicle_Classification,160712,9fc4da31a5388bb29c1348ba37e139af14e63eba2d39bfd07d48756df87912cb
04_Vehicle_Classification/raw/images/000000229948.jpg,research artifact/data/evidence,04_Vehicle_Classification,153579,0b7d8fbfc3966e04899ceb96a391aacf7805749aee405cfb20226cb189f34009
04_Vehicle_Classification/raw/images/000000230008.jpg,research artifact/data/evidence,04_Vehicle_Classification,221091,71685782cd06160eb22c6b1bf4da9149374e41f878767c7bb1f5e41183c2d120
04_Vehicle_Classification/raw/images/000000231508.jpg,research artifact/data/evidence,04_Vehicle_Classification,150098,e0af7f51a9a89f1c5d80a1d53a8196dc2e7bfdcde170947f4830822d533f9bb6
04_Vehicle_Classification/raw/images/000000233727.jpg,research artifact/data/evidence,04_Vehicle_Classification,168109,51af6bee62011f2031b93e7039c81bf8ad65d484146ac8f2541a530d410644a0
04_Vehicle_Classification/raw/images/000000233771.jpg,research artifact/data/evidence,04_Vehicle_Classification,195232,74a1c2c7bab09dd89ecda08fe54e44d2478fa1e90ac4dc8fd172226f9fdd9119
04_Vehicle_Classification/raw/images/000000236845.jpg,research artifact/data/evidence,04_Vehicle_Classification,179036,fac9633f1a2667d635c668fe7481db95032a4838df255844cfec143c11ddb3a8
04_Vehicle_Classification/raw/images/000000242411.jpg,research artifact/data/evidence,04_Vehicle_Classification,157498,758c1fb8f4dd4add47472a751b81fd01de2f0b0ff3f9c4e7bb6b749e45eacf62
04_Vehicle_Classification/raw/images/000000245320.jpg,research artifact/data/evidence,04_Vehicle_Classification,106043,944c7222b6da847bba576d9999bc80c163da56cd08d4c77374c1169ee04e810d
04_Vehicle_Classification/raw/images/000000249219.jpg,research artifact/data/evidence,04_Vehicle_Classification,288896,141d3cf96e4324705add1db8eba08c16be30aed16e927f4dae0bfc60d9a265d0
04_Vehicle_Classification/raw/images/000000255749.jpg,research artifact/data/evidence,04_Vehicle_Classification,89307,6b7e93b3bddf3c69af9f2411c46d7b3321ca0eebb18009c8476eb8f620ebd1a6
04_Vehicle_Classification/raw/images/000000260925.jpg,research artifact/data/evidence,04_Vehicle_Classification,148677,772da4e47a7ec53f1ca83ca29f92fccc426e03be39641aa5fafb6db5fc913240
04_Vehicle_Classification/raw/images/000000261982.jpg,research artifact/data/evidence,04_Vehicle_Classification,115752,a89dbf1e93c72e44335247a7f31a93e274c8d065e0b78210068f99feb216299a
04_Vehicle_Classification/raw/images/000000269632.jpg,research artifact/data/evidence,04_Vehicle_Classification,150524,eacd77dd985fd0c0ea4a761c6087956a885394240033649296cb015e4469485e
04_Vehicle_Classification/raw/images/000000269942.jpg,research artifact/data/evidence,04_Vehicle_Classification,99317,b0185e227082a1aa4406912643dcd320ae48e6713ab2bdeae35566f1597a9e31
04_Vehicle_Classification/raw/images/000000272049.jpg,research artifact/data/evidence,04_Vehicle_Classification,207736,edcce591803494f25d75b861d799a3df9b664069773fcab5bbfbd7937058d417
04_Vehicle_Classification/raw/images/000000274272.jpg,research artifact/data/evidence,04_Vehicle_Classification,224913,e87ab7fa2006444ffb6f71b65a5743d33365313b30c96c8b559de7dc7891a404
04_Vehicle_Classification/raw/images/000000274411.jpg,research artifact/data/evidence,04_Vehicle_Classification,139860,35d973039e8d5c69e56c5ae70484a41026c473796b5bbaddbff5ab969079bd2b
04_Vehicle_Classification/raw/images/000000277005.jpg,research artifact/data/evidence,04_Vehicle_Classification,247722,3cfea124dbcca946c927f9fefe4314b1a41ff8374adb316bdd969aca100b3d85
04_Vehicle_Classification/raw/images/000000278705.jpg,research artifact/data/evidence,04_Vehicle_Classification,151666,d01c906a85c3f77702bdbf9dc7cedf11310e9aa47c6730927f51d9651dece310
04_Vehicle_Classification/raw/images/000000278848.jpg,research artifact/data/evidence,04_Vehicle_Classification,120681,a306321447aa9c6ade4dc28a173f2cba38e1decee4941c89f0749b17fe24fed0
04_Vehicle_Classification/raw/images/000000280710.jpg,research artifact/data/evidence,04_Vehicle_Classification,224262,1a76947fe2c8d39ae21d346118c413bfe06817dda5424e3451ef870db487fe49
04_Vehicle_Classification/raw/images/000000283037.jpg,research artifact/data/evidence,04_Vehicle_Classification,111016,468c710d83cdc6db7be6b4a2c0902d2e02aeba6dc364f214a7dcb8bc85c441d4
04_Vehicle_Classification/raw/images/000000283038.jpg,research artifact/data/evidence,04_Vehicle_Classification,137026,d2bd4dd1e335f37cb7765906adf646e8eb24b1fee3a61e1868e17e7bb2746a84
04_Vehicle_Classification/raw/images/000000283318.jpg,research artifact/data/evidence,04_Vehicle_Classification,164102,4b94d49605715fe88957ac8838ba58746a9082d5beee2928429f4bda101477ee
04_Vehicle_Classification/raw/images/000000284725.jpg,research artifact/data/evidence,04_Vehicle_Classification,244448,10ab8075df3cd9e3344d12fbb764a3c977e809bd06726649b686dd68abcbdf07
04_Vehicle_Classification/raw/images/000000287291.jpg,research artifact/data/evidence,04_Vehicle_Classification,109298,e6dfa7707e0369473b6ac5d90377963b4d92042f0fe68b238cb01ee3d93c8118
04_Vehicle_Classification/raw/images/000000289222.jpg,research artifact/data/evidence,04_Vehicle_Classification,89712,3a184bfd08f6a64fbaeeae674ecdd25ca524604f48640586d8831a33d6db3210
04_Vehicle_Classification/raw/images/000000289938.jpg,research artifact/data/evidence,04_Vehicle_Classification,236234,f6c60eada61cc6c2358599ba213e8c196eb37ce4a3bd12fdfb10932e524233cb
04_Vehicle_Classification/raw/images/000000290248.jpg,research artifact/data/evidence,04_Vehicle_Classification,171095,41f023e930039ac0be9173952f0942cf96be532cc5500f53a8bec2e9ef86bcd8
04_Vehicle_Classification/raw/images/000000293071.jpg,research artifact/data/evidence,04_Vehicle_Classification,119801,20f701233b0235e3f6e31e11c8b4364c1aedd954a5fc7d2d5610aaa8318d0528
04_Vehicle_Classification/raw/images/000000295420.jpg,research artifact/data/evidence,04_Vehicle_Classification,178767,fc0601e452807c790823559ddfc7fcfadfb61c59c6af8389ccff3444c604761a
04_Vehicle_Classification/raw/images/000000296224.jpg,research artifact/data/evidence,04_Vehicle_Classification,214937,bfdfaa35d64439d19781ad60ff92fa5b3d7b90a7293f1603574951871d2238b9
04_Vehicle_Classification/raw/images/000000297022.jpg,research artifact/data/evidence,04_Vehicle_Classification,196810,301882dc7008eed384bf6229ce1d21f1b70edcd1d9a75f9cf74439623f34c8ff
04_Vehicle_Classification/raw/images/000000297681.jpg,research artifact/data/evidence,04_Vehicle_Classification,204474,854a1a8c19dd9a428efd4fb35900b48f2606cf784238883cf0ae9ca1a0eaf0e4
04_Vehicle_Classification/raw/images/000000301135.jpg,research artifact/data/evidence,04_Vehicle_Classification,267834,cb645e1fd3db446a1edca77892935a2d3c4140fa9eb813630dfb1179c16440ba
04_Vehicle_Classification/raw/images/000000301376.jpg,research artifact/data/evidence,04_Vehicle_Classification,92115,57ead4a94a6df986a161c014c0719b6c37b52ea2aa2246c297ec44db06eb7a2e
04_Vehicle_Classification/raw/images/000000301421.jpg,research artifact/data/evidence,04_Vehicle_Classification,82481,a68205cde5ae859ac50c6cb563a0a3e5f7d780f28625afddeb8db153c7dcbb71
04_Vehicle_Classification/raw/images/000000303305.jpg,research artifact/data/evidence,04_Vehicle_Classification,216376,3a68aba42359945b3490eb9c643d279107d41cb15370a0e327cbd0adbbef0356
04_Vehicle_Classification/raw/images/000000303818.jpg,research artifact/data/evidence,04_Vehicle_Classification,240751,7e8916d1f7c98799b8ea70c9b5f20486167dde4c70f6d35d36d2cc384a4c2624
04_Vehicle_Classification/raw/images/000000306136.jpg,research artifact/data/evidence,04_Vehicle_Classification,85618,4409dddd7ba4c58cd3c8f37f170075677db1284d34e75bd312b9cb84f528268d
04_Vehicle_Classification/raw/images/000000308328.jpg,research artifact/data/evidence,04_Vehicle_Classification,203651,58a5b249b1f0f9b33ac2a3fc00fb7217e359a6430d300f637397dcef9c91e2b7
04_Vehicle_Classification/raw/images/000000308531.jpg,research artifact/data/evidence,04_Vehicle_Classification,204598,fa6aa7ce0a999e5e045c425122407e56867ff342e86ee17f65d1f2d62dcbb90e
04_Vehicle_Classification/raw/images/000000309391.jpg,research artifact/data/evidence,04_Vehicle_Classification,245344,8ed212a0ffcf1b3d5f1fb307839030fb41aed1ff7488845a3bed02e386474082
04_Vehicle_Classification/raw/images/000000309964.jpg,research artifact/data/evidence,04_Vehicle_Classification,232877,6c6ab701603a55d002e37b62a757da1f9be3f94346dd74344b7dd7f589b48793
04_Vehicle_Classification/raw/images/000000310072.jpg,research artifact/data/evidence,04_Vehicle_Classification,210572,0404d2aa95236840dcc75a43f8cad1f4b03d382c72e86aaff751cb142f18a8e7
04_Vehicle_Classification/raw/images/000000311909.jpg,research artifact/data/evidence,04_Vehicle_Classification,216051,f79fdaca57226b29458020701e10a441fb21e6180e5bebd059c4b01f86bd0cd7
04_Vehicle_Classification/raw/images/000000313182.jpg,research artifact/data/evidence,04_Vehicle_Classification,165380,eb866ca692e9cbffe64807c519b6b2ce6fec169734658331c3399613cd8ec20f
04_Vehicle_Classification/raw/images/000000313588.jpg,research artifact/data/evidence,04_Vehicle_Classification,233858,4635596b77228a330bebea2dba69c6c96f33febfeb4047f5e74f34a85692387b
04_Vehicle_Classification/raw/images/000000314914.jpg,research artifact/data/evidence,04_Vehicle_Classification,227351,a73311750c13e8c8ca8284470cc0bcf3a6d64244594d5153d712b1be0446e182
04_Vehicle_Classification/raw/images/000000315187.jpg,research artifact/data/evidence,04_Vehicle_Classification,202430,29fcdb959434fddb1f1d11716cf3fd57d3d73310567b9be43046533a00fbd235
04_Vehicle_Classification/raw/images/000000332318.jpg,research artifact/data/evidence,04_Vehicle_Classification,190977,8fbcd5c30eac0658d04867d13cdaf1edfd366d73cad2aae79bc40df3923dfb07
04_Vehicle_Classification/raw/images/000000333745.jpg,research artifact/data/evidence,04_Vehicle_Classification,95356,db3e2af085b3eafd7b00ebf44f43eebf839838a68493dcaaa3529fff953835c9
04_Vehicle_Classification/raw/images/000000334006.jpg,research artifact/data/evidence,04_Vehicle_Classification,193556,de98604a9ca39b461312d8073cb94eabc516bcbab21231404c96d4dea1419f68
04_Vehicle_Classification/raw/images/000000334371.jpg,research artifact/data/evidence,04_Vehicle_Classification,138782,92974746d650d1562788bde333d087df29ca666662b5b35855cac1f9e62f21b8
04_Vehicle_Classification/raw/images/000000334555.jpg,research artifact/data/evidence,04_Vehicle_Classification,205279,4a388fd316719eb740ad6b6c710dc5b8cf13be8abdff0030597ae15fd71b63aa
04_Vehicle_Classification/raw/images/000000336658.jpg,research artifact/data/evidence,04_Vehicle_Classification,207576,df6714f025c3c3020d592110ef0742d4b75b1d9383817cb2e4713678338de4ba
04_Vehicle_Classification/raw/images/000000338625.jpg,research artifact/data/evidence,04_Vehicle_Classification,199054,7b4da0464933e5669fab644bb183beb3e8f45a99a27c4d25667213e5efc83b79
04_Vehicle_Classification/raw/images/000000338986.jpg,research artifact/data/evidence,04_Vehicle_Classification,180508,62fee3f216c3cb2af25eac42d4b1b48acf30652ea1e8dd154aa4dcca480b852f
04_Vehicle_Classification/raw/images/000000343218.jpg,research artifact/data/evidence,04_Vehicle_Classification,78134,ff45d2490e8dfa3d775ddf5ea378d835cdec56eed9c33190c9a00cfd584e7871
04_Vehicle_Classification/raw/images/000000344909.jpg,research artifact/data/evidence,04_Vehicle_Classification,123073,963758fe1359544f537414afa68230ac2a6043ceb37347f157d95416beef18d4
04_Vehicle_Classification/raw/images/000000345027.jpg,research artifact/data/evidence,04_Vehicle_Classification,166168,0c6655788cf20761d9c650c631d254cea96be405cc5f8ab06a6f1446844ad5d5
04_Vehicle_Classification/raw/images/000000347544.jpg,research artifact/data/evidence,04_Vehicle_Classification,123975,9d9cbb07a6f3b727e1f45c0208cad1ec6f83f41814752bc4c9bcec1ddfe2909d
04_Vehicle_Classification/raw/images/000000350003.jpg,research artifact/data/evidence,04_Vehicle_Classification,217811,4278c4c673a2e75b1f63780d026b3c05dd9955eeae50cd017a8e1844b736ce58
04_Vehicle_Classification/raw/images/000000350023.jpg,research artifact/data/evidence,04_Vehicle_Classification,78487,93ae8ddf49d3289ccb6262bd74f9cab4b625283cc57d3013c95ff9651cea7c48
04_Vehicle_Classification/raw/images/000000350148.jpg,research artifact/data/evidence,04_Vehicle_Classification,147236,887b3caf92b74588d54005ebdf8dfbf925af064c64fb0c6ca64549b121684b46
04_Vehicle_Classification/raw/images/000000353180.jpg,research artifact/data/evidence,04_Vehicle_Classification,109535,8e26e9fb14e54e7f2ccb2a2188e548bdf136e2878df5b68a2d8078499a056380
04_Vehicle_Classification/raw/images/000000354829.jpg,research artifact/data/evidence,04_Vehicle_Classification,44187,f8aec0d916d028160154b1cbcad21339322d355ba37c6b588f6110778465923a
04_Vehicle_Classification/raw/images/000000355817.jpg,research artifact/data/evidence,04_Vehicle_Classification,224283,836a61cf14d0e291a5a86d4a6f2a14a075b04a7dae9e51c9fb284c5b43a2d1d0
04_Vehicle_Classification/raw/images/000000356612.jpg,research artifact/data/evidence,04_Vehicle_Classification,134094,92d4db8b8ea208bddba73c0c89331960e194cf87eb5841e3050f62796131a60e
04_Vehicle_Classification/raw/images/000000357737.jpg,research artifact/data/evidence,04_Vehicle_Classification,194049,2807fcb8cc5b8787e149247b2dc01f9dff1c56cc66cf9759ae1f58f39fd9879c
04_Vehicle_Classification/raw/images/000000357748.jpg,research artifact/data/evidence,04_Vehicle_Classification,203580,1dd50c5845ec4c97b94d799626e324fc2f1a8f66f93039c65189863593c524b9
04_Vehicle_Classification/raw/images/000000357816.jpg,research artifact/data/evidence,04_Vehicle_Classification,177408,af948afbb88b7cf9c4067a019e86a338bff9b98c8bf4c370686f15165ac5316a
04_Vehicle_Classification/raw/images/000000361142.jpg,research artifact/data/evidence,04_Vehicle_Classification,93097,cad7edbaebad81e4a799a39d8be9720c76c79ea2a675cbfd1b16612a837bf28f
04_Vehicle_Classification/raw/images/000000362682.jpg,research artifact/data/evidence,04_Vehicle_Classification,218501,840ceaeff4c9d12ebbf3820ef38426091e6a28782ec6cceea9f265cf8cfb2651
04_Vehicle_Classification/raw/images/000000363188.jpg,research artifact/data/evidence,04_Vehicle_Classification,255569,59190452476d225d4848c3f874074340a2743456dfb95bc6e749e6b135ce862e
04_Vehicle_Classification/raw/images/000000363875.jpg,research artifact/data/evidence,04_Vehicle_Classification,261174,2fa0ce12df50ef1149d6c56830276384dfa5e79a248d20087365856a079b9758
04_Vehicle_Classification/raw/images/000000365642.jpg,research artifact/data/evidence,04_Vehicle_Classification,97937,74a8403ed7515330bca8c58cd1ad16d703507b8d3161fc7dc0d12272152d99fc
04_Vehicle_Classification/raw/images/000000365655.jpg,research artifact/data/evidence,04_Vehicle_Classification,169671,66762bdbb86e5f1aa51134a1ea4e02c9c70f0e9c3bcb6beae6d25c97e2adb4c9
04_Vehicle_Classification/raw/images/000000367680.jpg,research artifact/data/evidence,04_Vehicle_Classification,40267,15a0aa08ef2c7dc21f247375f72459b6ee3f99b57a98482e5251294fc324b231
04_Vehicle_Classification/raw/images/000000369751.jpg,research artifact/data/evidence,04_Vehicle_Classification,243072,57d5d8701f72bcd01989b9252ed1f2d92a54bda330be182e838071c70f7f06ba
04_Vehicle_Classification/raw/images/000000369812.jpg,research artifact/data/evidence,04_Vehicle_Classification,428992,36900b1e1c06b097382afab38134ff4d655634f23287c47d7b6aaaee016cca4e
04_Vehicle_Classification/raw/images/000000372260.jpg,research artifact/data/evidence,04_Vehicle_Classification,254015,48ae887c9520533893d3f7afa853f20db4bc3376def97692b0bd410e715f674c
04_Vehicle_Classification/raw/images/000000373353.jpg,research artifact/data/evidence,04_Vehicle_Classification,287304,bc8f393230d375ddce63522d13740ccac6419e646560c97695a12ea3cee0e6fa
04_Vehicle_Classification/raw/images/000000376284.jpg,research artifact/data/evidence,04_Vehicle_Classification,129809,eb6f932ea8c4865107c802e4a9d23730d0991f6c869b63f8f314471c42f83eb2
04_Vehicle_Classification/raw/images/000000377723.jpg,research artifact/data/evidence,04_Vehicle_Classification,213772,47a58184ee83f6c0c483a2ca1f2ce4550b08170a9576c8e78bda16693a591786
04_Vehicle_Classification/raw/images/000000378873.jpg,research artifact/data/evidence,04_Vehicle_Classification,207146,1f529f83c9ceec1086b1fb67bb5d807e5e6992cb641e8b5fd33bb46b01d180c2
04_Vehicle_Classification/raw/images/000000379800.jpg,research artifact/data/evidence,04_Vehicle_Classification,291234,3f4a4f14981c3bca97393ced16eadf72f295d9e05c3253e7da7e3a6f8dc8f3fc
04_Vehicle_Classification/raw/images/000000382111.jpg,research artifact/data/evidence,04_Vehicle_Classification,239802,8f6fe40126d22774f86651a7d98b707290fb6e3fb894f2324ee40ffd6085ecba
04_Vehicle_Classification/raw/images/000000383289.jpg,research artifact/data/evidence,04_Vehicle_Classification,160041,9c7f2b70986170f34a0ebb5cef888628b93bc044391578553205041cb81b042f
04_Vehicle_Classification/raw/images/000000384468.jpg,research artifact/data/evidence,04_Vehicle_Classification,290539,48bd9dc34673e87bc289a035bd0cd2fcf91c02b3db5ce349445af0ad09f4596b
04_Vehicle_Classification/raw/images/000000386210.jpg,research artifact/data/evidence,04_Vehicle_Classification,123214,e2d8f9e5d52d39e703a16b4804fbb64702e1c796c05f8e0e8f5aa0807ff552df
04_Vehicle_Classification/raw/images/000000392722.jpg,research artifact/data/evidence,04_Vehicle_Classification,200702,137bbeb12ff0d4152279be001c8c5e59b03e2aac88a939db1a3667fd4aac72c6
04_Vehicle_Classification/raw/images/000000393093.jpg,research artifact/data/evidence,04_Vehicle_Classification,211345,624c5f297bf60acc8e87553772a60cdd580b108560d8e0a02eaba8cdc8bdbb33
04_Vehicle_Classification/raw/images/000000393226.jpg,research artifact/data/evidence,04_Vehicle_Classification,204532,7cfb2fecb604d1f7e5429ab118ecda7fe84c296067ce8038a89e7ea8af836a0f
04_Vehicle_Classification/raw/images/000000394275.jpg,research artifact/data/evidence,04_Vehicle_Classification,126021,bc9abed26b6569469bf53d051250140b913ca331c185087e640ae0cf9c934b88
04_Vehicle_Classification/raw/images/000000394510.jpg,research artifact/data/evidence,04_Vehicle_Classification,106275,6ea16e5b77365fccc9a12ce7e5f9eb3182c580cefc7ee0a5cb29238d24106349
04_Vehicle_Classification/raw/images/000000396338.jpg,research artifact/data/evidence,04_Vehicle_Classification,189751,d316e263395e5724b7627cec7df7045df058c746e7180bf93b87d10976c662c6
04_Vehicle_Classification/raw/images/000000398742.jpg,research artifact/data/evidence,04_Vehicle_Classification,166677,6af6678e8c5b9454647a9c1d206acf82b146bebc56463db796efd18037d30c3e
04_Vehicle_Classification/raw/images/000000400815.jpg,research artifact/data/evidence,04_Vehicle_Classification,197624,2b12954b33d24104b1c77ed71d924c579f6a2b7d9d00de617b7ca8ce17ff340d
04_Vehicle_Classification/raw/images/000000401862.jpg,research artifact/data/evidence,04_Vehicle_Classification,244329,82e64d65eb79042a20684d83a09c4aa90b98dd4616eab25c8bb1d40d45fa4cef
04_Vehicle_Classification/raw/images/000000405205.jpg,research artifact/data/evidence,04_Vehicle_Classification,104285,5d9f74f68734488691cd1eef896f89cd5eb1bc942457cf8f79d6a6d8674a0764
04_Vehicle_Classification/raw/images/000000414133.jpg,research artifact/data/evidence,04_Vehicle_Classification,195346,e0f6ceccdafeb5578deb7876cbfaa0a19f44a19f580b7123c865a941b6e9dcee
04_Vehicle_Classification/raw/images/000000414510.jpg,research artifact/data/evidence,04_Vehicle_Classification,248413,f6f2620707df79c606e0c1cfab462860ece49bee7768f0fb2dbdfac7bdf8346e
04_Vehicle_Classification/raw/images/000000415536.jpg,research artifact/data/evidence,04_Vehicle_Classification,281463,a02be69d9dbaf2ebb1e21950d1a0c54238ea6b479b8200c46fd3330de5863236
04_Vehicle_Classification/raw/images/000000416885.jpg,research artifact/data/evidence,04_Vehicle_Classification,139799,f9d0c193c7049951383bef4d39cf979223080e871e257d44e261c24899855ec1
04_Vehicle_Classification/raw/images/000000417779.jpg,research artifact/data/evidence,04_Vehicle_Classification,138500,a7b3cb4fedaf10a1b16043a9ab11d562538dec26ef555cb3525ac763fda9b22b
04_Vehicle_Classification/raw/images/000000421455.jpg,research artifact/data/evidence,04_Vehicle_Classification,112521,c9262daf96f9a989413d418a565e62acf670f51ac5984c69159451b067ba5c50
04_Vehicle_Classification/raw/images/000000423519.jpg,research artifact/data/evidence,04_Vehicle_Classification,210434,a6a6d1615bf3fcab74358eb32672f579939c11d1513ad291a89669462c8b43a8
04_Vehicle_Classification/raw/images/000000423617.jpg,research artifact/data/evidence,04_Vehicle_Classification,219982,ce5546bb400da57646e0de544763fc44c925fc5495e764083f2bcfebba5c76f0
04_Vehicle_Classification/raw/images/000000426372.jpg,research artifact/data/evidence,04_Vehicle_Classification,201318,2008ffc31ea397b00e132ab370a273a61ac65d00d7ad76789fb43ef404f88ca5
04_Vehicle_Classification/raw/images/000000427655.jpg,research artifact/data/evidence,04_Vehicle_Classification,264535,142fea68a2648d6497cf9d7cfb0b58ce487eb08587bd484e34984199528efbb7
04_Vehicle_Classification/raw/images/000000429011.jpg,research artifact/data/evidence,04_Vehicle_Classification,166114,ddec5080b0ed27883477153278effb807ee3f81b170690b5fa5e7c88a95e0880
04_Vehicle_Classification/raw/images/000000429109.jpg,research artifact/data/evidence,04_Vehicle_Classification,282980,1a1a5f1df7d5cf7f3146b333755f402889be7e7dacdd2e0728650f6f99c25ffb
04_Vehicle_Classification/raw/images/000000430048.jpg,research artifact/data/evidence,04_Vehicle_Classification,102766,3c1eb021eba3d6790a4affb38dc17030e21d020acfbfe4520a03389be1920f67
04_Vehicle_Classification/raw/images/000000436883.jpg,research artifact/data/evidence,04_Vehicle_Classification,218716,65cb98085b86ed663a6812a9368364178d845b3458694f1d8d23783f3b848477
04_Vehicle_Classification/raw/images/000000438017.jpg,research artifact/data/evidence,04_Vehicle_Classification,84812,fdc7f44727b7ebd7a606b0483544ef7e70c8804c36bd57a720814c43a633025c
04_Vehicle_Classification/raw/images/000000439180.jpg,research artifact/data/evidence,04_Vehicle_Classification,198209,0aac0cbbf7b80b6b568f24ff43f3a46c1728887b88be6b9a07aa5e32e44ef0e7
04_Vehicle_Classification/raw/images/000000439623.jpg,research artifact/data/evidence,04_Vehicle_Classification,221937,5e1c869e6d688c942b73cb143b181f0a616435024dd3be44641d549527dea2be
04_Vehicle_Classification/raw/images/000000442456.jpg,research artifact/data/evidence,04_Vehicle_Classification,170682,edc04913d2e51d0146a5a2a3dd6a30945ad51df77d2cd16d70a91ece69ea4f6d
04_Vehicle_Classification/raw/images/000000442480.jpg,research artifact/data/evidence,04_Vehicle_Classification,215300,2a67ce62480e4a1b1612ec18521433e00d92d1400cc13c94ef791853a21f2459
04_Vehicle_Classification/raw/images/000000445834.jpg,research artifact/data/evidence,04_Vehicle_Classification,195464,b054ec7280c2da3a51643e2aceb32fe81cb9d78535ad5d8e01b0caa8a3110007
04_Vehicle_Classification/raw/images/000000446206.jpg,research artifact/data/evidence,04_Vehicle_Classification,218048,37f631d7cf9ff3f54abb80600fa15651061c228fb1265b95888847de72e06bae
04_Vehicle_Classification/raw/images/000000446651.jpg,research artifact/data/evidence,04_Vehicle_Classification,148611,68c8ba3c72603ed69835bf0f7be7f943daeadb12778a5fb0ab3606a3b0b79124
04_Vehicle_Classification/raw/images/000000447342.jpg,research artifact/data/evidence,04_Vehicle_Classification,296961,199402bfe3e935cf8c52e59271a9d5a0e2a20a7aa264472d7bcd0936b7c15d97
04_Vehicle_Classification/raw/images/000000448256.jpg,research artifact/data/evidence,04_Vehicle_Classification,160993,e83e088fdda566a8403f37b1e66f4610b2fa6ce26457e64c9b0775f3e6105bd7
04_Vehicle_Classification/raw/images/000000449432.jpg,research artifact/data/evidence,04_Vehicle_Classification,165567,8f9aded677bac57da1d4b55e370dbc97456b332ccfb5620d4cd20917843aa830
04_Vehicle_Classification/raw/images/000000452321.jpg,research artifact/data/evidence,04_Vehicle_Classification,182165,52e7facbcbf94731d50ff073c5a403aa4582a0ed068a48cab75018dda6a044cb
04_Vehicle_Classification/raw/images/000000455085.jpg,research artifact/data/evidence,04_Vehicle_Classification,140912,022d2068d525b03a753287c333c09026fe22b9ae6d8071d4e8c757cbed32bdc4
04_Vehicle_Classification/raw/images/000000458325.jpg,research artifact/data/evidence,04_Vehicle_Classification,290741,cc9d8a2d6fdd06220bb2e63d0e41b13cddd7a83758c74b2aa0161e56c8aa18a9
04_Vehicle_Classification/raw/images/000000458702.jpg,research artifact/data/evidence,04_Vehicle_Classification,242917,6eca6864fa023dd4e7ed265d90f8b3bdc7a7d876e0e45baab7018f81dd02424b
04_Vehicle_Classification/raw/images/000000460147.jpg,research artifact/data/evidence,04_Vehicle_Classification,224888,b041d8c01473b72e2ea2f909174a4d2e5cdefae9a3d5abd06a9db91755392ad3
04_Vehicle_Classification/raw/images/000000460229.jpg,research artifact/data/evidence,04_Vehicle_Classification,208965,af84abd8715c5acb599da83f03174ca57bd0974ce00b6aa581c45bf7f92b6c8c
04_Vehicle_Classification/raw/images/000000461751.jpg,research artifact/data/evidence,04_Vehicle_Classification,195540,7dcf0c5f5135b3e8eedbda7794d0eb4a03e129a742468620a6e3918a14f79fca
04_Vehicle_Classification/raw/images/000000463199.jpg,research artifact/data/evidence,04_Vehicle_Classification,128069,eabc38a2ae22262952cc2c406be88cbc61e7d62b33d613ed040778d60064330f
04_Vehicle_Classification/raw/images/000000464824.jpg,research artifact/data/evidence,04_Vehicle_Classification,245095,6e88bef9ae20e5146c0537e39b0195f62681b5d4248df7c48d5635495fdac7aa
04_Vehicle_Classification/raw/images/000000465675.jpg,research artifact/data/evidence,04_Vehicle_Classification,125404,5ce1574df63983dcb03c6ac6c6c115f2ba148ed6d24f1aefc8701c28264ee8ad
04_Vehicle_Classification/raw/images/000000466156.jpg,research artifact/data/evidence,04_Vehicle_Classification,142553,e43e0f3812afca36cf093b4d3373eb11cbe4bbc8bfbc4e5a57cb5a04b3580e9b
04_Vehicle_Classification/raw/images/000000467848.jpg,research artifact/data/evidence,04_Vehicle_Classification,266176,8043630d9033bd8c58b57cf4faad1b2459c5341bfa487112479128f3ac80e4cd
04_Vehicle_Classification/raw/images/000000468124.jpg,research artifact/data/evidence,04_Vehicle_Classification,135870,741146235c81e978c8dae22c59159c0762a9d75fad9dbbe3511d3ec62196adca
04_Vehicle_Classification/raw/images/000000469192.jpg,research artifact/data/evidence,04_Vehicle_Classification,182050,9f495ad3d8a4c1cf7ee9406c9d05b6337a58b45fd99a4b4fbace131f222182b0
04_Vehicle_Classification/raw/images/000000470924.jpg,research artifact/data/evidence,04_Vehicle_Classification,190878,47ba4dc69534e8710521807833e8ef4cada28af46ee4d985455ba20483d93650
04_Vehicle_Classification/raw/images/000000474164.jpg,research artifact/data/evidence,04_Vehicle_Classification,252530,c1ac8270b67fc383f20fd7ca99786dac0267445f78d3f3e72f980b5e33e4a638
04_Vehicle_Classification/raw/images/000000475484.jpg,research artifact/data/evidence,04_Vehicle_Classification,171622,e1f307ba2c5905702d019ae7aeea4a18fa24e6fb412f33acffe906ea7e03d838
04_Vehicle_Classification/raw/images/000000476119.jpg,research artifact/data/evidence,04_Vehicle_Classification,204732,b1e77b03b318546e0725250efdfb28a1ce24414750ae8e8c3b5097c5ffddf415
04_Vehicle_Classification/raw/images/000000479912.jpg,research artifact/data/evidence,04_Vehicle_Classification,190008,8a7876a0b0369040842be51c1fcab027deaeec0183add371d752760232cd2300
04_Vehicle_Classification/raw/images/000000480944.jpg,research artifact/data/evidence,04_Vehicle_Classification,241992,d93e279fe681bff9f79cda02129731ce9abf2596a573aed2dbb3f2c237d9c7e2
04_Vehicle_Classification/raw/images/000000484404.jpg,research artifact/data/evidence,04_Vehicle_Classification,136975,c61e17a3b972aaa3f9525eeaf181538f544263b1f44e840f05eb892eee2e898e
04_Vehicle_Classification/raw/images/000000490936.jpg,research artifact/data/evidence,04_Vehicle_Classification,213294,ab2e6b0fcc639f29dabdb581a3cd311b9c5490b9abb894d66132abea7070829e
04_Vehicle_Classification/raw/images/000000491213.jpg,research artifact/data/evidence,04_Vehicle_Classification,195079,b9f186905d79293541967dae1b13c0b45f01a7eec0904226cfde2fa358689548
04_Vehicle_Classification/raw/images/000000493286.jpg,research artifact/data/evidence,04_Vehicle_Classification,175659,7610385fe1a4819702e3f027396998018f681b1b845351c3c345c80d8ca50d45
04_Vehicle_Classification/raw/images/000000495054.jpg,research artifact/data/evidence,04_Vehicle_Classification,100027,5864a5039d151cdf03efc9dfcde0a52227f9ffdbf3a26cd09c1add8e401058f5
04_Vehicle_Classification/raw/images/000000495146.jpg,research artifact/data/evidence,04_Vehicle_Classification,129584,cc4814681163a70e29c6aa2bb463b4d6a3c52a3c23f77b38357498c5ffee2d38
04_Vehicle_Classification/raw/images/000000498286.jpg,research artifact/data/evidence,04_Vehicle_Classification,190519,3253772566d47969b4ca29bdd608d84b9876a09ec6b25435ff00c27bf9c1b207
04_Vehicle_Classification/raw/images/000000499181.jpg,research artifact/data/evidence,04_Vehicle_Classification,175596,2b4d8a5404d27eca2b0e3a3d79e2a7129485ba5af33b0f209dcfac06458dfb26
04_Vehicle_Classification/raw/images/000000499768.jpg,research artifact/data/evidence,04_Vehicle_Classification,169253,8570324bcf64969f77f938941778a8fc69ec5a8943f0945511ce4ab09bce5a3a
04_Vehicle_Classification/raw/images/000000504415.jpg,research artifact/data/evidence,04_Vehicle_Classification,139237,74411e93658f68edd930e9e665a8cfabb542425dd63016303e7e23f4f895aaca
04_Vehicle_Classification/raw/images/000000505942.jpg,research artifact/data/evidence,04_Vehicle_Classification,110290,2d4a220296d966f7a37cfbcf97f4693fe52787fc66d1a5a7817caa5f3b4355aa
04_Vehicle_Classification/raw/images/000000506707.jpg,research artifact/data/evidence,04_Vehicle_Classification,229760,7d41021f6690f97184495abbe2e70d45eba3816eff5f2a41e813011976254d3b
04_Vehicle_Classification/raw/images/000000507797.jpg,research artifact/data/evidence,04_Vehicle_Classification,153779,c44a9df9185a2d9b8fb78cf8c15d2a890f166b936e93f4bd0181df6861d1379e
04_Vehicle_Classification/raw/images/000000512564.jpg,research artifact/data/evidence,04_Vehicle_Classification,223032,9286b499e47f7e38a13413a09c0738e59f62d0ef16397006350bfef1bc2fed5d
04_Vehicle_Classification/raw/images/000000514376.jpg,research artifact/data/evidence,04_Vehicle_Classification,398683,951d0f6e435a5cafbdc7fa40f8e5f42467c0ecb2259576c7ffc2eb784e3193a7
04_Vehicle_Classification/raw/images/000000515025.jpg,research artifact/data/evidence,04_Vehicle_Classification,151883,842bf70b9f111af1b4ad64b8451d74a2032737e6a68d224665e441413dcd7b02
04_Vehicle_Classification/raw/images/000000515266.jpg,research artifact/data/evidence,04_Vehicle_Classification,281922,467c8c1837eb1f76f4d2457b6116a45b8cffb778eb3ab217e2bdaefa15951100
04_Vehicle_Classification/raw/images/000000516143.jpg,research artifact/data/evidence,04_Vehicle_Classification,174814,dfb9978fb742680c4d5eabda1c8966cca24687eb084a017830764fc37dc51726
04_Vehicle_Classification/raw/images/000000520009.jpg,research artifact/data/evidence,04_Vehicle_Classification,155170,54617d5196a0d66e47f083ce2ecc67c990b5415eca52302dafdc0591597d4e02
04_Vehicle_Classification/raw/images/000000521052.jpg,research artifact/data/evidence,04_Vehicle_Classification,175077,3aa389e1258ce12da6b3aab20489a1c2fd6e9da8495badaaef394a09730691cb
04_Vehicle_Classification/raw/images/000000521259.jpg,research artifact/data/evidence,04_Vehicle_Classification,239856,95040dd15929de9ee3e0bdb17dc8455197cee814a2293a42c5cccd537565c0ac
04_Vehicle_Classification/raw/images/000000523241.jpg,research artifact/data/evidence,04_Vehicle_Classification,79208,f0056cc384a0a2bb0a44c8d7cacb989917ea1397de562b970b6fb60159cb36ea
04_Vehicle_Classification/raw/images/000000523782.jpg,research artifact/data/evidence,04_Vehicle_Classification,82191,6aa743aa40225ed2d72c71215cb142fd1f19961175e81b856cd0c9d87ad24560
04_Vehicle_Classification/raw/images/000000526392.jpg,research artifact/data/evidence,04_Vehicle_Classification,85079,e5d5df3b0b7203eb60aa9c605a658cb026d1f6825edebda3dc6c86665724bdc2
04_Vehicle_Classification/raw/images/000000527220.jpg,research artifact/data/evidence,04_Vehicle_Classification,63874,4924216bbf86e812d729c8c9cde904d4a9827020c7cfc22787af0fa67dd6c6c7
04_Vehicle_Classification/raw/images/000000530099.jpg,research artifact/data/evidence,04_Vehicle_Classification,64735,ff6dbb424b63a078204e3a6705dd73c985470692b23ce29628cd3d4964817d07
04_Vehicle_Classification/raw/images/000000531036.jpg,research artifact/data/evidence,04_Vehicle_Classification,307853,79be9c405b3ce4d2eea61fc29b0e1e633504fbeebee6483d64dfb38b1dd844a5
04_Vehicle_Classification/raw/images/000000534673.jpg,research artifact/data/evidence,04_Vehicle_Classification,190869,e3596c112886930b23b8e698ad5f637a1fe7522f45acc7f7a927b4a7e294757a
04_Vehicle_Classification/raw/images/000000538364.jpg,research artifact/data/evidence,04_Vehicle_Classification,213567,1b05f4958120b8ab11c5a3b00449320455e16c1a9795871e8e42913c1a04be69
04_Vehicle_Classification/raw/images/000000542625.jpg,research artifact/data/evidence,04_Vehicle_Classification,212725,96bcf0e82d56c029bbb5f440727dbd0daf156a14327a5a83d6fd68ba67f62712
04_Vehicle_Classification/raw/images/000000542856.jpg,research artifact/data/evidence,04_Vehicle_Classification,201669,9bd2d9be44355c59e3599f1f5ddcfc06bf8209a0f24b655538e891ae6a4b3fcf
04_Vehicle_Classification/raw/images/000000545219.jpg,research artifact/data/evidence,04_Vehicle_Classification,158022,4a419d23d2d2137bf145b3affe935b85e8fbe93855a121ac6bd8ec81195703f0
04_Vehicle_Classification/raw/images/000000550084.jpg,research artifact/data/evidence,04_Vehicle_Classification,149879,896499a202c96cc0f32250a0a8cc70cdbfc85ba43288672e7a7aebf4d40409e4
04_Vehicle_Classification/raw/images/000000550691.jpg,research artifact/data/evidence,04_Vehicle_Classification,164686,168105cac7f4cc2c85faa655e68dc817c2178ea23f7fd1edb9d50843efdf1aab
04_Vehicle_Classification/raw/images/000000553511.jpg,research artifact/data/evidence,04_Vehicle_Classification,140083,0f71120e00e049ac2e39e5dd3b6f27bf695e9a62309baad12b90b27b964c00c2
04_Vehicle_Classification/raw/images/000000553669.jpg,research artifact/data/evidence,04_Vehicle_Classification,189901,aa69a44b016d4a7f1b765f9af8af6bff98595da70d73bd83eeaae083c54a096f
04_Vehicle_Classification/raw/images/000000555597.jpg,research artifact/data/evidence,04_Vehicle_Classification,107912,6965bf5b54dbee29ac11ac1b7ea7c2741514ea7e0bc9ad118c32b6a533f94c3e
04_Vehicle_Classification/raw/images/000000560474.jpg,research artifact/data/evidence,04_Vehicle_Classification,252952,6c04067b47b2bb2cd73f043f845d08d923e42ad8c08c6917ed5602f880b6d1d2
04_Vehicle_Classification/raw/images/000000563604.jpg,research artifact/data/evidence,04_Vehicle_Classification,187971,9a333426b8df560bf5c208d9382ea900de5c2abcdc3bf2b27d5f6bcfb05e4202
04_Vehicle_Classification/raw/images/000000564336.jpg,research artifact/data/evidence,04_Vehicle_Classification,140903,259fb73d152522fb39114a5f861e97a8bebae0c0c4811f37efa233dd276b4d4f
04_Vehicle_Classification/raw/images/000000565563.jpg,research artifact/data/evidence,04_Vehicle_Classification,153284,1e6f1e3b345e1a35be647b982ed722cfbcc84683ea463967a7b977b25d177b37
04_Vehicle_Classification/raw/images/000000566758.jpg,research artifact/data/evidence,04_Vehicle_Classification,225800,c2548168a658da18c7f19980f8ca53d2564b6378e33d010f3697b808b09e96e3
04_Vehicle_Classification/raw/images/000000568290.jpg,research artifact/data/evidence,04_Vehicle_Classification,243134,116519cb932504866058215a0cca5e5d03b4af04a71e540db38c5caefb8d4725
04_Vehicle_Classification/raw/images/000000569565.jpg,research artifact/data/evidence,04_Vehicle_Classification,255697,4a41348021140c4a9d58ce601e3c4f8ae1116c71aac77531c336e6d2d549de48
04_Vehicle_Classification/raw/images/000000573943.jpg,research artifact/data/evidence,04_Vehicle_Classification,186230,927f0d87b928f0eafda8b437a3ddbe7c79f30eb4a61d76f75f512bbb0c35aa55
04_Vehicle_Classification/raw/images/000000577932.jpg,research artifact/data/evidence,04_Vehicle_Classification,316061,593d4d8a69f21f4821e0bdd1d9f90e77084b31fb951090b549915a986b0633fe
04_Vehicle_Classification/raw/images/000000577976.jpg,research artifact/data/evidence,04_Vehicle_Classification,154787,f4a69620b9c578112bdac7b7007aaa75d79e4b77e6b96318aa8b1a7defb3d4e5
04_Vehicle_Classification/raw/images/000000580418.jpg,research artifact/data/evidence,04_Vehicle_Classification,149633,2387868faabda108661e76843ac40a74a72f9d4e370a7e52dd31430647e41c7a
04_Vehicle_Classification/raw/instances_val2017.json,research artifact/data/evidence,04_Vehicle_Classification,19987840,e8c7f7908f1d7278341fae127d0da654f102f11bd7b21d8aeefa635b8c810b6f
04_Vehicle_Classification/raw/source_integrity.json,research artifact/data/evidence,04_Vehicle_Classification,35491,bdb697de0f3eac4a94862a8aea2a640998bc1568b41825b36102f9c7104270d2
04_Vehicle_Classification/README.md,research artifact/data/evidence,04_Vehicle_Classification,3939,dcefaba1022ed1de7df07a361b05052c6d8dc614e3b00b7f81ca4553a446d48b
04_Vehicle_Classification/References.md,research artifact/data/evidence,04_Vehicle_Classification,2453,cd2870940bd5359263a5efe8c04dd819c532e3cb22b556cc9e553a11a5bbed9d
04_Vehicle_Classification/Report.docx,research artifact/data/evidence,04_Vehicle_Classification,1163433,e46d3a006b9929f0e68181c4deb3efcc4dc69ab7dd64dee2281ffbb12f7454b0
04_Vehicle_Classification/Report.md,research artifact/data/evidence,04_Vehicle_Classification,41148,11fa6098e47a252de8a028fb6b9fbeee902cbd9d02618fb5e800e5124db7966e
04_Vehicle_Classification/Report.pdf,research artifact/data/evidence,04_Vehicle_Classification,816515,d84858aa4f6f052a2ed7ce15294dc6c753112a6601b5b0e51a0f876bbaf97370
04_Vehicle_Classification/requirements.txt,research artifact/data/evidence,04_Vehicle_Classification,245,8aee47cf93b1a74fbbee47a7014585e69cf32f017446ae1cedca102cc4e02cb4
04_Vehicle_Classification/results/annotation_download.json,research artifact/data/evidence,04_Vehicle_Classification,645,6c8aedb7d6f6dacd4290bcc1e20680e842b4db07ea40be32d131f8e027db675f
04_Vehicle_Classification/results/bootstrap.json,research artifact/data/evidence,04_Vehicle_Classification,269,016518f1ea7e82887104b51088840219812770e9625f3909783f064ab13b566d
04_Vehicle_Classification/results/class_counts.csv,research artifact/data/evidence,04_Vehicle_Classification,74,d4a0fca8881ae44624262f9ce8bbe1feb70beec73de91a32b828de419077ee09
04_Vehicle_Classification/results/classification_report.csv,research artifact/data/evidence,04_Vehicle_Classification,442,8ff732aaf87a7cc9013041b3f284ed17c7308cc52f5cde9b7f8cb3653ec55adb
04_Vehicle_Classification/results/cold_replay_20260926.json,research artifact/data/evidence,04_Vehicle_Classification,1008,d8f42c33ea2a70b370b7ef6713f0b23dc523f687c9293c2ff200eec36d6e2ccb
04_Vehicle_Classification/results/cold_replay_20260926.log,research artifact/data/evidence,04_Vehicle_Classification,1911,38ab2d143541701710a64fdfae29c5db65560ea50774bf556e9ad4577053fbe1
04_Vehicle_Classification/results/confusion_matrix.csv,research artifact/data/evidence,04_Vehicle_Classification,63,0996eba058afcae286d7636d59249d1b0423eefd1d054d88786644ff293b90cb
04_Vehicle_Classification/results/demo_metadata.json,research artifact/data/evidence,04_Vehicle_Classification,1991,aadbece5fd48a51c63cea55cbcca75d5fb4f272066f6f313a4c63daa4ce6ef00
04_Vehicle_Classification/results/download_manifest.json,research artifact/data/evidence,04_Vehicle_Classification,116188,13508db2fa6468d3adac3ee8c7b61f0e4d18f8a3ec11378c1ae006542cbbd460
04_Vehicle_Classification/results/eda_box_sizes.csv,research artifact/data/evidence,04_Vehicle_Classification,309,3cbf9dad7146ca953413896b4a47145c3603f1b0e909fbeb6c043e4ff39460b5
04_Vehicle_Classification/results/encoding_idempotence_20260926.json,research artifact/data/evidence,04_Vehicle_Classification,1050,a2cc1426d279d0dfaff8aa75b7f789bc6c67d6f61482f403e5f975e879dbd74b
04_Vehicle_Classification/results/error_accounting.csv,research artifact/data/evidence,04_Vehicle_Classification,444,88d67fb6860cbcf089db93640d92ec3a50c844ec8c57ae6a0f23b05a822558e5
04_Vehicle_Classification/results/error_pairs.csv,research artifact/data/evidence,04_Vehicle_Classification,101,709eecc94c74a26426c356f70bdba9519182540204d72e3445cd828a8d703761
04_Vehicle_Classification/results/errors.csv,research artifact/data/evidence,04_Vehicle_Classification,5199,b2fab479ba4e9a35208fbe822e2e8586ca758bbb2c4534e5bbe48db20d817255
04_Vehicle_Classification/results/execution.json,research artifact/data/evidence,04_Vehicle_Classification,167,b89944534787694df42f32f83951acbbb2d90bb2f75a2152de58f2e338c30007
04_Vehicle_Classification/results/image_attribution.csv,research artifact/data/evidence,04_Vehicle_Classification,514548,6264d483abf9da48003192a00da6579e2d356869763fe06960504b6f01de760e
04_Vehicle_Classification/results/license_counts.csv,research artifact/data/evidence,04_Vehicle_Classification,213,d0cde7470685a563716524cfaf9db5cd791ad4c78dd274073f958e6c244f7fd1
04_Vehicle_Classification/results/metrics.csv,research artifact/data/evidence,04_Vehicle_Classification,407,4011677208e23ef5a8a8af077219d8f27423afbe0c895be2872b51bad5807a3c
04_Vehicle_Classification/results/metrics.json,research artifact/data/evidence,04_Vehicle_Classification,1479,d7ca407e4f310836f82363bd213ae5f24f32ab93115838ce57c7b38633fddae7
04_Vehicle_Classification/results/near_duplicate_groups.csv,research artifact/data/evidence,04_Vehicle_Classification,31,d8d3fdf8cec07fb9ba8cad0def6c88a9c0d1639bdf054973d948dfb6a2958053
04_Vehicle_Classification/results/notebook_execution.json,research artifact/data/evidence,04_Vehicle_Classification,214,0d278d3403734867825de76c7c2e05179c946c84b488b0ebfd4e644f9557486e
04_Vehicle_Classification/results/notebook_visual_review.json,research artifact/data/evidence,04_Vehicle_Classification,1116,2cbfb1723bf701ab31b09c8209a36c9e49b7f9d518cf918619463bc76c52c5bf
04_Vehicle_Classification/results/preparation.json,research artifact/data/evidence,04_Vehicle_Classification,422,6c37030d7d7d29b193221588c921f2917ec764484d0cd1456052f47d720369f6
04_Vehicle_Classification/results/presentation_structure.json,research artifact/data/evidence,04_Vehicle_Classification,219,eb1d710eb07f24c290a1495ba170c6f611583bfc909d4b420b9d225767b32e1e
04_Vehicle_Classification/results/quality_checks.json,research artifact/data/evidence,04_Vehicle_Classification,885,b3296069ee46c0a0940f7b57d5816a90620098b35d81f503f54bd4eaee53117b
04_Vehicle_Classification/results/REVISION_AUDIT_20260926.md,research artifact/data/evidence,04_Vehicle_Classification,19442,ce100915f376d37d74f1c78c37f72bd00208dc58aa85dfc68ffd7a3fa34f2707
04_Vehicle_Classification/results/revision_checks.json,research artifact/data/evidence,04_Vehicle_Classification,1183,a228accbe4cd8fecb562f077124e843d3f4c3e8ad6b2f4efba0e9e6d0dbc98f6
04_Vehicle_Classification/results/selection_funnel.csv,research artifact/data/evidence,04_Vehicle_Classification,281,50447af095cf2355cd077ebcd3269d153ad36d4d23004bd624b0868fb19b4f17
04_Vehicle_Classification/results/slides_v2_checks.json,research artifact/data/evidence,04_Vehicle_Classification,695,afabd67e048c0b0968ec4fa0b6b2ff799162ed3e39779aeacf48f689edbd82bc
04_Vehicle_Classification/results/split_manifest.csv,research artifact/data/evidence,04_Vehicle_Classification,95589,9424653fa3b11b1559c5794d0fbdc92b2ef87137b16bea419c5b8391f101f1fe
04_Vehicle_Classification/results/split_protocol.json,research artifact/data/evidence,04_Vehicle_Classification,455,df41b79ce40eca48e8419fad3647b88af97b2b4f88c7696c13ce774a86f583bc
04_Vehicle_Classification/results/test_predictions.csv,research artifact/data/evidence,04_Vehicle_Classification,10690,ee2b449783602891220947ec85cb64826fae02f925c1f3f1534b44214d56f927
04_Vehicle_Classification/results/training_history.csv,research artifact/data/evidence,04_Vehicle_Classification,673,ef68b1c1e54d1cfd605e47949127b8a36de4d3dc8d1cb0ea3552d10fb7bf07d8
04_Vehicle_Classification/results/validation_predictions.csv,research artifact/data/evidence,04_Vehicle_Classification,10629,d11b6ed0e41c3f8f27cbd9f85ddb5caeb53cfdf250d02cc9265ac959e93caf01
04_Vehicle_Classification/results/visual_qa.md,research artifact/data/evidence,04_Vehicle_Classification,13630,c4c24b721072c2e4b15a5d4ba618649e0d9879cde6a0e4938de25a852715f0a7
04_Vehicle_Classification/sample_images/video100.png,research artifact/data/evidence,04_Vehicle_Classification,434198,355c59b17d305d017dd0cdb4fef63205ed2ad41d11a3fec774f010dca9dae958
04_Vehicle_Classification/sample_images/video30.png,research artifact/data/evidence,04_Vehicle_Classification,529256,532bca969edda324dde8ad68ccdf13818c83535703e2499fe47b9ac9d5c72c47
04_Vehicle_Classification/sample_images/video60.png,research artifact/data/evidence,04_Vehicle_Classification,519778,b7db0d9e652b07e23c081944827026fd512a3f8caf584e434e75d8e00c35de05
04_Vehicle_Classification/sample_images/video80.png,research artifact/data/evidence,04_Vehicle_Classification,381162,4712dee45ddfcff7405b1d3f9c20f597f0394c7fe0437349c49a866d3c661323
04_Vehicle_Classification/scripts/acquire_annotations.py,code,04_Vehicle_Classification,2677,b28092345b5d5947f9b941ea4a271a559b077ded1ca64fedf58808276e40e7e5
04_Vehicle_Classification/scripts/audit_revision.py,code,04_Vehicle_Classification,7144,cc0995dacba322b88b435c4dba65f6ef392f6f4cbddeb033cf21a585dc25a27a
04_Vehicle_Classification/scripts/build_slides_v2.py,code,04_Vehicle_Classification,26501,9ce332df4486bf46f0f757b0a62bd43e699809def485dd30dd43c58592ae7f55
04_Vehicle_Classification/scripts/cold_replay_check.py,code,04_Vehicle_Classification,4507,aeabfa9cd205a504aaf82e35750870f53afc338c9786a496519faadf3500bdb0
04_Vehicle_Classification/scripts/make_artifacts.py,code,04_Vehicle_Classification,75193,80f13bde577a871befae8ab60c1a2f49fb19ba5e4de998bcbed94ac2bafcb972
04_Vehicle_Classification/scripts/make_demo.py,code,04_Vehicle_Classification,5822,5e0c6a5162506ca592f7865ca5f88b638d76a9c01711a8447236956ca486159f
04_Vehicle_Classification/scripts/make_notebook.py,code,04_Vehicle_Classification,8071,223961d174ac8139c554b1a4a9ac7925ea70340b75cf5bf81e0cddb850581485
04_Vehicle_Classification/scripts/prepare_data.py,code,04_Vehicle_Classification,5425,b8628b0fe88fd3ffa9d6deb61e5c1cd90c2d173323b71b7f586d3ea4fe471dc1
04_Vehicle_Classification/slides.json,research artifact/data/evidence,04_Vehicle_Classification,6685,c607de5c15802aa64a2e1a8c381d6e60861937d0d0a26aba7f268ceba6b1c4cb
04_Vehicle_Classification/slides_v2.json,research artifact/data/evidence,04_Vehicle_Classification,25764,04bc3719666d96f73a8d3c6c9e998e044c608d1a427755876e26bd6713c57d4c
04_Vehicle_Classification/SOURCES.csv,research artifact/data/evidence,04_Vehicle_Classification,3334,8b98cb7b76647563db0cefa4aa265f4dbce4cd662932b33635b5d4d0abbc118b
04_Vehicle_Classification/summary.json,research artifact/data/evidence,04_Vehicle_Classification,738,449250a848c718d838ef9dfe5ce01d5c6ac1c2e6756a5de927a80be1b517234e
AI_USAGE_DISCLOSURE.md,research artifact/data/evidence,shared,4282,18573f8c291868dd1c3753ec6caba7f0235a1e5ca00d21e3b6a4f525a15fc24f
ASSUMPTIONS_AND_LIMITATIONS.md,research artifact/data/evidence,shared,7253,882aed0687aa531a2c78324953e02297beca2e63f4fb7201961599ce73269100
DATA_FEASIBILITY.md,research artifact/data/evidence,shared,10114,006417b1c8b13cfca733737df98032b1aa067bba0ff101321cf1d7e71493a84a
DEFENSE_GUIDE_RU.md,research artifact/data/evidence,shared,22167,96e6b586d8f6120fb5e6767493d9881d2c6627845caa467c08c341e01667f2f6
environment.json,research artifact/data/evidence,shared,841,9c900780371e72f91d5e7277df84bb85819a76ff65bd3656236467b3de349682
ENVIRONMENT.md,research artifact/data/evidence,shared,6012,63d1e62bf67b276edddc80d793acddb13d61e2416bb0cc64931cefbd26e4bc6a
EXECUTION_LOG.md,research artifact/data/evidence,shared,11021,04e83a820f352e32c32850491e943b589c7a7d2cf59d2d86206e0d6dcdf0533f
INDEPENDENT_REPRODUCTION.json,research artifact/data/evidence,shared,1057,92ca8f0e3809ed681bc90bbc6af10361038f2a7b99d78028baae99fcd4796112
OVERVIEW_VISUAL_QA.json,research artifact/data/evidence,shared,336,312dbdc4c9f1a1a1c0463c18f659e4c1a88576d31fd6d3b5bba656befd0698cd
QUALITY_CHECK.md,research artifact/data/evidence,shared,10132,4690b7eeb83e6241a197e80d2639a341c98fe4b63b5b962d55512390306d73e0
README.md,research artifact/data/evidence,shared,8136,ac4c43369aed7b6d49ca7a18369b11fa600117ee77acd710aceea33548fc03f8
reproduce.sh,code,shared,257,79cdb3ec4c6cb730e33a4832caa73c216fea38bcf508b451c6e0d502b99b424b
reproduction_failed_initial.json,research artifact/data/evidence,shared,905,ae8cff16432928d503b69a8b2bcabd640080206c2fa43debd27e78a06c6ba3a8
reproduction_failed_legacy_shell.json,research artifact/data/evidence,shared,2246,c27b46c59655703202a39f6bb5591182732e39d624c4e45a78329ba8f95a4f15
reproduction_failed_office.json,research artifact/data/evidence,shared,2246,433116bef36daee7c452ac860203165be285822d6033151ed52bddd797881d1e
reproduction_history/full_20260926_first.json,research artifact/data/evidence,shared,1507,ecb4bc94191187d694554dcc2a827ac49368000866da51dda3de98e96a441bd3
reproduction_run.json,research artifact/data/evidence,shared,2669,fd824a7ad1e61b803c1c7862d1bd215b153fb8e885069cc3793129441f354f64
reproduction_verify_run.json,research artifact/data/evidence,shared,134,d939f8b325ad41b15cf69da519010fe312abe96d9594dc5d34a6ac2b2c233b6d
requirements.txt,research artifact/data/evidence,shared,425,d029d0b03412fca19c73cf341f0200d37b65e80416d37019af7460a78cad613e
REQUIREMENTS_TRACEABILITY.md,research artifact/data/evidence,shared,8506,fae38ea15c2193d262feb1015a281ef626a925b35f66f8a7a2a9db428d67768d
REVISION_LOG_20260926.md,research artifact/data/evidence,shared,7133,990247ed3e803ccab8208c58d9a543e94add142b7bb88c84ec9f1224c9b1eac1
scripts/assemble_overview.py,code,shared,15684,e295bdb199840152716aed010920d04c5915a65f4c0a2e529e86fd764b044279
scripts/build_defense.py,code,shared,23223,01d1191e0444d2509921b838971668225f8c8d20be9c4bd6041a1fc7a249fd8d
scripts/build_documents.py,code,shared,8520,e05ebdb59b2c9e4ad1821df0270459918411b80e6773c2082dffa9a7458ead1e
scripts/build_presentations.mjs,code,shared,10576,60415d5c9c646e82cf03b629f892139245426ff6145bf377eb2dfe7c6b585036
scripts/build_registry.py,code,shared,2674,82f66d80017335a3c96c560b4a7efd8f722063021163c75b8ea7e87db81dac9b
scripts/export_office.ps1,code,shared,2206,591f617493ea9a92cdcafda2e8b4a97d8662e0295061f00a4dd4b7e60f37da71
scripts/finish_quality.py,code,shared,11788,45d5b2acfe6d11724d064729347a6ed27721316c6d2bb8301e991103c0f5890a
scripts/package_submission.py,code,shared,6425,689fd54c35d918baa497fa67ff2b246b11a13bc22ec3dd0721dee0a8a365e238
scripts/render_previews.py,code,shared,890,136a208c2b19b2b58009a254c1cb199e43cf67ac15a51e641f7009bd474d9a83
scripts/reproduce.py,code,shared,5204,16efe819812fdf83ad783f8753e1e67c1cd3dc39d6b87238f15afde0576817d8
scripts/verify_package.py,code,shared,11265,89bd201f25a48940e5851b76f867ba874ff11556538dfa7086e95f3ae22215b7
SOURCE_REGISTER.csv,research artifact/data/evidence,shared,19565,a4413758a173185dbed5b6a9458ecf4cd46ec40037f32928c83284b91d3d03c9
SUBMISSION_STATUS.md,research artifact/data/evidence,shared,2554,06524923a0b3a3516b7dfb999036bf63d54ee5b8fefd9c6cdaefb1ac7d129df7
UNPACKED_REPRODUCTION_STEPS.json,research artifact/data/evidence,shared,1878,2cfa532946b98d6655bf41af0fdeace6a0130d6634e75428821558b4beae5f4f
verification_before_directory_fix.json,research artifact/data/evidence,shared,27675,4573514293b35071dfe4a870fc78b0338379e0e19a5aac41003ae07f5ee351e2
verification_results.json,research artifact/data/evidence,shared,37580,a199177332b545b5251f87938cdbd96e716f70c4d83c959bd843e6c1871e9ef5
